CASE_ID,ACCIDENT_YEAR,PROC_DATE,JURIS,COLLISION_DATE,COLLISION_TIME,OFFICER_ID,REPORTING_DISTRICT,DAY_OF_WEEK,CHP_SHIFT,POPULATION,CNTY_CITY_LOC,SPECIAL_COND,BEAT_TYPE,CHP_BEAT_TYPE,CITY_DIVISION_LAPD,CHP_BEAT_CLASS,BEAT_NUMBER,PRIMARY_RD,SECONDARY_RD,DISTANCE,DIRECTION,INTERSECTION,WEATHER_1,WEATHER_2,STATE_HWY_IND,CALTRANS_COUNTY,CALTRANS_DISTRICT,STATE_ROUTE,ROUTE_SUFFIX,POSTMILE_PREFIX,POSTMILE,LOCATION_TYPE,RAMP_INTERSECTION,SIDE_OF_HWY,TOW_AWAY,COLLISION_SEVERITY,NUMBER_KILLED,NUMBER_INJURED,PARTY_COUNT,PRIMARY_COLL_FACTOR,PCF_CODE_OF_VIOL,PCF_VIOL_CATEGORY,PCF_VIOLATION,PCF_VIOL_SUBSECTION,HIT_AND_RUN,TYPE_OF_COLLISION,MVIW,PED_ACTION,ROAD_SURFACE,ROAD_COND_1,ROAD_COND_2,LIGHTING,CONTROL_DEVICE,CHP_ROAD_TYPE,PEDESTRIAN_ACCIDENT,BICYCLE_ACCIDENT,MOTORCYCLE_ACCIDENT,TRUCK_ACCIDENT,NOT_PRIVATE_PROPERTY,ALCOHOL_INVOLVED,STWD_VEHTYPE_AT_FAULT,CHP_VEHTYPE_AT_FAULT,COUNT_SEVERE_INJ,COUNT_VISIBLE_INJ,COUNT_COMPLAINT_PAIN,COUNT_PED_KILLED,COUNT_PED_INJURED,COUNT_BICYCLIST_KILLED,COUNT_BICYCLIST_INJURED,COUNT_MC_KILLED,COUNT_MC_INJURED,PRIMARY_RAMP,SECONDARY_RAMP,LATITUDE,LONGITUDE,COUNTY,CITY,POINT_X,POINT_Y
91471648,2021,2021-05-12,9530,2021-05-03,1315,022586,NA,1,1,9,1900,0,3,5,NA,2,006,CARSON ST. (700 BLOCK),MENLO AVE.,100,W,N,A,-,N,NA,NA,NA,NA,NA,NA,NA,NA,NA,N,4,0,1,2,A,-,09,21804,A,N,D,C,A,A,H,-,A,D,0,NA,NA,NA,NA,Y,NA,A,01,0,0,1,0,0,0,0,0,0,-,-,33.831581115722656,-118.28838348388672,LOS ANGELES,UNINCORPORATED,-118.28849792480467,33.831600189208984
91471660,2021,2021-05-12,9530,2021-05-03,1620,022586,NA,1,2,5,1943,0,1,1,NA,2,210,I-105 W/B (GLENN ANDERSON FWY),ATLANTIC AVE.,500,W,N,A,-,Y,NA,NA,105,NA,NA,NA,NA,NA,W,N,4,0,1,2,A,-,07,21658,A,F,B,C,A,A,H,-,A,D,0,NA,NA,Y,NA,Y,NA,-,99,0,0,1,0,0,0,0,0,1,-,-,33.917171478271484,-118.19193267822266,LOS ANGELES,LYNWOOD,-118.19193267822266,33.91716766357422
91471669,2021,2021-05-12,9580,2021-05-11,1050,019319,NA,2,1,7,1942,0,1,1,NA,2,407,I-405 S/B (SAN DIEGO FWY),LASSEN AVE,1056,S,N,A,-,Y,NA,NA,405,NA,NA,NA,NA,NA,S,Y,4,0,1,2,A,-,07,21658,A,N,C,C,A,A,H,-,A,D,0,NA,NA,NA,NA,Y,NA,A,07,0,0,1,0,0,0,0,0,0,-,-,34.24639892578125,-118.47293090820313,LOS ANGELES,LOS ANGELES,-118.47295379638672,34.246402740478516
91471671,2021,2021-05-12,9590,2021-05-02,1945,022304,NA,7,2,7,1942,0,1,1,NA,2,050,I-110 N/B (HARBOR FREEWAY),39TH STREET,650,N,N,A,-,Y,NA,NA,110,NA,NA,NA,NA,NA,N,Y,2,0,1,1,A,-,08,22107,NA,N,E,I,A,A,H,-,B,D,0,NA,NA,Y,NA,Y,NA,C,02,1,0,0,0,0,0,0,0,1,-,-,34.01594161987305,-118.28054809570313,LOS ANGELES,LOS ANGELES,-118.28063201904295,34.015960693359375
91471676,2021,2021-05-12,9580,2021-05-11,1455,021291,NA,2,2,7,1942,0,1,1,NA,2,406,I-405 N/B (SAN DIEGO FWY),SATICOY ST,500,N,N,A,-,Y,NA,NA,405,NA,NA,NA,NA,NA,N,N,4,0,1,2,A,-,03,22350,NA,N,C,C,A,A,H,-,A,D,0,NA,NA,NA,NA,Y,NA,A,01,0,0,1,0,0,0,0,0,0,-,-,34.2099494934082,-118.47324371337892,LOS ANGELES,LOS ANGELES,-118.47319793701172,34.2099494934082
91471683,2021,2021-05-12,9580,2021-05-11,1750,021291,NA,2,2,7,1942,0,1,1,NA,2,404,I-405 N/B (SAN DIEGO FWY),SEPULVEDA BLVD,1320,S,N,A,-,Y,NA,NA,405,NA,NA,NA,NA,NA,N,N,4,0,1,2,A,-,03,22350,NA,N,C,C,A,A,H,-,A,D,0,NA,NA,NA,NA,Y,NA,A,01,0,0,1,0,0,0,0,0,0,-,-,34.14496994018555,-118.47078704833984,LOS ANGELES,LOS ANGELES,-118.4709014892578,34.1450080871582
91471687,2021,2021-05-12,9550,2021-05-07,1340,022391,NA,5,1,9,1900,0,1,3,NA,2,601,STATE ROUTE 60 WESTBOUND,AZUSA AVENUE,2640,E,N,A,-,Y,NA,NA,NA,NA,NA,NA,NA,NA,NA,N,4,0,1,3,A,-,03,22350,NA,N,C,C,A,A,H,-,A,D,0,NA,NA,NA,NA,Y,NA,A,01,0,0,1,0,0,0,0,0,0,-,-,33.99589920043945,-117.92195129394533,LOS ANGELES,UNINCORPORATED,-117.9228057861328,33.99597930908203
91471700,2021,2021-05-12,9530,2021-05-03,0720,018270,NA,1,1,6,1972,0,1,1,NA,2,400,I-405 N/B (SAN DIEGO FREEWAY),NORMANDIE AVE.,500,N,N,A,-,Y,NA,NA,NA,NA,NA,NA,NA,NA,NA,Y,3,0,1,3,A,-,03,22350,NA,N,C,C,A,A,H,-,A,D,0,NA,NA,NA,NA,Y,NA,A,01,0,1,0,0,0,0,0,0,0,-,-,33.85987091064453,-118.30113983154295,LOS ANGELES,TORRANCE,-118.29891967773438,33.85990905761719
91471706,2021,2021-05-12,9540,2021-05-09,1530,020708,NA,7,2,9,1900,0,2,4,NA,1,104,SAN FRANCISQUITO CANYON RD,FOREST ROUTE 5N27,1600,N,N,A,-,N,NA,NA,NA,NA,NA,NA,NA,NA,NA,Y,2,0,1,1,A,-,03,22350,NA,N,F,A,A,A,H,-,A,D,0,NA,NA,Y,NA,Y,NA,C,02,1,0,0,0,0,0,0,0,1,-,-,34.56180953979492,-118.48842620849608,LOS ANGELES,UNINCORPORATED,-118.52743530273438,34.538536071777344
91471718,2021,2021-05-12,9590,2021-05-02,2130,022417,NA,7,2,7,1942,0,1,1,NA,2,053,I-110 S/B (HARBOR FREEWAY),OLYMPIC BLVD,200,N,N,A,-,Y,NA,NA,110,NA,NA,NA,NA,NA,S,Y,4,0,3,3,A,-,08,22107,NA,N,B,C,A,A,H,-,C,D,0,NA,NA,NA,NA,Y,NA,A,01,0,0,3,0,0,0,0,0,0,-,-,34.04821014404297,-118.26625061035156,LOS ANGELES,LOS ANGELES,-118.26626586914064,34.0482292175293
91471735,2021,2021-05-28,9580,2021-05-04,1050,018718,NA,2,1,7,1942,0,1,2,NA,2,103,US-101 S/B (VENTURA FREEWAY),HASKELL AVE,800,S,N,A,-,Y,NA,NA,101,NA,NA,NA,NA,NA,S,Y,3,0,2,3,A,-,07,21658,A,N,D,C,A,A,H,-,A,D,0,NA,NA,NA,NA,Y,NA,A,01,0,2,0,0,0,0,0,0,0,-,-,34.162960052490234,-118.47226715087892,LOS ANGELES,LOS ANGELES,-118.47216033935548,34.16303253173828
91471742,2021,2021-05-12,9580,2021-04-30,1735,022591,NA,5,2,7,1942,0,1,2,NA,2,101,US-101 S/B (VENTURA FREEWAY),VINELAND AVE,1000,S,N,A,-,Y,NA,NA,101,NA,NA,NA,NA,NA,S,Y,3,0,2,2,A,-,01,23152,A,N,E,I,A,A,H,-,A,D,0,NA,NA,NA,NA,Y,Y,D,22,0,1,1,0,0,0,0,0,0,-,-,34.14550018310547,-118.36879730224608,LOS ANGELES,LOS ANGELES,-118.36878967285156,34.145511627197266
91471768,2021,2021-05-12,9525,2021-05-03,1340,022546,NA,1,1,6,1955,0,1,1,NA,2,107,I-10 W/B FROM FAIRPLEX DR.,FAIRPLEX DR.,240,W,N,A,-,Y,NA,NA,10,NA,NA,NA,R,NA,W,Y,4,0,2,1,A,-,08,22107,NA,N,B,I,A,A,H,-,A,D,0,NA,NA,NA,NA,Y,NA,A,01,0,0,2,0,0,0,0,0,0,-,-,34.073211669921875,-117.78807067871094,LOS ANGELES,POMONA,-117.78807067871094,34.073211669921875
91471773,2021,2021-05-12,9525,2021-05-11,1650,020843,NA,2,2,6,1955,0,1,1,NA,2,108,I-10 E/B (SAN BERNARDINO FWY),SR-71 N/B,200,E,N,A,-,Y,NA,NA,10,NA,NA,NA,NA,NA,E,Y,4,0,1,3,A,-,03,22350,NA,N,C,C,A,A,H,-,A,D,0,NA,NA,NA,NA,Y,NA,D,22,0,0,1,0,0,0,0,0,0,-,-,34.06747055053711,-117.80152893066406,LOS ANGELES,POMONA,-117.80150604248048,34.067413330078125
91471791,2021,2021-05-12,9525,2021-05-08,2350,022509,NA,6,3,6,1975,0,1,1,NA,2,105,I-10 W/B (SAN BERNARDINO FWY),GRAND AVE,300,W,N,A,-,Y,NA,NA,10,NA,NA,NA,NA,NA,W,Y,4,0,1,3,A,-,03,22350,NA,N,C,C,A,A,D,-,D,D,0,NA,NA,NA,NA,Y,NA,A,07,0,0,1,0,0,0,0,0,0,-,-,34.07197189331055,-117.87416839599608,LOS ANGELES,WEST COVINA,-117.87416839599608,34.0719108581543
91471814,2021,2021-05-12,9590,2021-05-01,2115,022497,NA,6,2,7,1942,0,1,1,NA,2,061,I-10 W/B (SANTA MONICA FREEWAY),10TH AVENUE,530,W,N,A,-,Y,NA,NA,10,NA,NA,NA,NA,NA,W,N,4,0,1,3,A,-,03,22350,NA,F,C,C,A,A,H,-,C,D,0,NA,NA,NA,NA,Y,NA,-,99,0,0,1,0,0,0,0,0,0,-,-,34.03586959838867,-118.32420349121094,LOS ANGELES,LOS ANGELES,-118.32420349121094,34.0358772277832
91471823,2021,2021-05-12,9575,2021-05-02,1545,022558,NA,7,2,9,1900,0,1,3,NA,2,301,SR-2 (ANGELES CREST HIGHWAY),LADYBUG CANYON RD.,2006,E,N,A,-,Y,NA,NA,2,NA,NA,NA,NA,NA,NA,Y,3,0,1,1,A,-,03,22350,NA,N,F,A,A,A,H,-,A,D,0,NA,NA,Y,NA,Y,NA,C,02,0,1,0,0,0,0,0,0,1,-,-,34.268009185791016,-118.11830902099608,LOS ANGELES,UNINCORPORATED,-118.11829376220705,34.26799011230469
91471848,2021,2021-05-12,9535,2021-04-30,1910,022339,NA,5,2,5,1947,0,1,3,NA,2,600,SR-60 (POMONA FREEWAY) E/B,MARKLAND DR.,1113,E,N,A,-,Y,NA,NA,60,NA,NA,NA,NA,NA,E,Y,3,0,3,3,A,-,01,23152,A,N,B,C,A,A,D,-,A,D,0,NA,NA,NA,NA,Y,Y,A,01,0,1,2,0,0,0,0,0,0,-,-,34.033321380615234,-118.11427307128906,LOS ANGELES,MONTEBELLO,-118.11426544189452,34.033203125
91471891,2021,2021-05-12,9535,2021-05-01,1239,022100,NA,6,1,6,1922,0,1,1,NA,2,401,I-10 (SAN BERNARDINO FREEWAY) W/B,RIO HONDO RIVER,300,E,N,A,-,Y,NA,NA,10,NA,NA,NA,NA,NA,W,N,3,0,7,4,A,-,03,22350,NA,N,C,C,A,A,H,-,A,D,0,NA,NA,NA,NA,Y,NA,D,22,0,1,6,0,0,0,0,0,0,-,-,34.070701599121094,-118.04810333251952,LOS ANGELES,EL MONTE,-118.04808044433594,34.07073974609375
91471892,2021,2021-05-12,9530,2021-05-03,0300,022083,NA,1,3,9,1900,0,3,5,NA,2,002,COMPTON BLVD. (200 BLOCK),STAFF CT.,20,E,N,A,-,N,NA,NA,NA,NA,NA,NA,NA,NA,NA,Y,3,0,1,3,A,-,01,23152,F,N,E,E,A,A,H,-,C,D,0,NA,NA,NA,NA,Y,NA,A,01,0,1,0,0,0,0,0,0,0,-,-,33.8949089050293,-118.27471160888672,LOS ANGELES,UNINCORPORATED,-118.27482604980467,33.89491271972656
91471909,2021,2021-05-12,9530,2021-05-02,1917,021310,NA,7,2,9,1900,0,3,5,NA,2,005,MARINE AVE (3300 BLOCK),LEMOLI AVE.,295,E,N,A,-,N,NA,NA,NA,NA,NA,NA,NA,NA,NA,Y,4,0,1,4,A,-,02,22400,A,F,C,A,A,A,H,-,A,D,0,NA,NA,NA,NA,Y,NA,-,99,0,0,1,0,0,0,0,0,0,-,-,33.89459991455078,-118.32996368408205,LOS ANGELES,UNINCORPORATED,-118.32990264892578,33.89466857910156
91471911,2021,2021-05-12,9535,2021-05-02,1958,022336,NA,7,2,5,1906,0,1,1,NA,2,650,I-605 N/B TO I-10 E/B,WALNUT CREEK BRIDGE,1600,N,N,A,-,Y,NA,NA,605,NA,NA,NA,R,NA,N,Y,3,0,1,2,A,-,07,21658,A,N,B,C,A,A,H,-,D,D,0,NA,NA,Y,NA,Y,NA,C,02,0,1,0,0,0,0,0,0,1,-,-,34.065181732177734,-117.9975814819336,LOS ANGELES,BALDWIN PARK,-117.9975814819336,34.065181732177734
91471934,2021,2021-05-12,9535,2021-05-03,0155,022418,NA,1,3,5,1901,0,1,1,NA,2,421,I-10 W/B (SAN BERNARDINO FREEWAY),I-170 (LONG BEACH FREEWAY),1915,E,N,B,-,Y,NA,NA,10,NA,NA,NA,NA,NA,W,Y,2,0,1,2,A,-,01,23152,A,N,E,I,A,A,H,-,D,D,0,NA,NA,NA,NA,Y,Y,A,01,1,0,0,0,0,0,0,0,0,-,-,34.06420135498047,-118.15939331054688,LOS ANGELES,ALHAMBRA,-118.15940856933594,34.064247131347656
91471942,2021,2021-05-12,9535,2021-05-03,1315,021538,NA,1,1,3,1914,0,1,1,NA,2,501,I-5 (SANTA ANA FREEWAY) S/B,WASHINGTON BLVD,200,S,N,A,-,Y,NA,NA,5,NA,NA,NA,NA,NA,S,Y,4,0,1,2,A,-,01,23152,F,N,B,C,A,A,H,-,A,D,0,NA,NA,NA,NA,Y,NA,A,07,0,0,1,0,0,0,0,0,0,-,-,33.994808197021484,-118.14472198486328,LOS ANGELES,COMMERCE,-118.14466857910156,33.99485778808594
91471976,2021,2021-05-12,9535,2021-03-30,1215,016642,NA,2,1,5,1947,0,1,3,NA,2,600,SR-60 E/B (POMONA FREEWAY),POMONA AVENUE,150,E,N,A,-,Y,NA,NA,60,NA,NA,NA,NA,NA,E,Y,4,0,1,2,A,-,03,22350,NA,N,C,C,A,A,H,-,A,D,0,NA,NA,NA,NA,Y,NA,A,01,0,0,1,0,0,0,0,0,0,-,-,34.032920837402344,-118.14453887939452,LOS ANGELES,MONTEBELLO,-118.14452362060548,34.033023834228516
91472013,2021,2021-05-13,9565,2021-04-30,2038,022442,NA,5,2,4,1918,0,1,1,NA,2,061,I-405 N/B,PORT ROAD,55,N,N,A,-,Y,NA,NA,405,NA,NA,NA,NA,NA,N,Y,3,0,1,2,A,-,03,22350,NA,N,B,C,A,A,H,-,D,D,0,NA,NA,Y,NA,Y,NA,C,02,0,1,0,0,0,0,0,0,1,-,-,33.99232864379883,-118.4023666381836,LOS ANGELES,CULVER CITY,-118.40251159667967,33.992218017578125
91472014,2021,2021-05-13,9565,2021-04-30,1456,020209,NA,5,2,7,1942,0,1,1,NA,2,062,I-405 S/B (SAN DIEGO FREEWAY),I-10,100,S,N,A,-,Y,NA,NA,405,NA,NA,NA,NA,NA,S,N,4,0,2,2,A,-,03,22350,NA,N,C,C,A,A,H,-,A,D,0,NA,NA,NA,NA,Y,NA,D,22,0,0,2,0,0,0,0,0,0,-,-,34.03099060058594,-118.43338012695313,LOS ANGELES,LOS ANGELES,-118.43344116210938,34.030941009521484
91472015,2021,2021-05-13,9565,2021-05-01,2235,022437,NA,6,3,9,1900,0,3,5,NA,2,002,92ND ST,NORMANDIE AVE,528,E,N,A,-,N,NA,NA,NA,NA,NA,NA,NA,NA,NA,Y,4,0,1,1,A,-,01,23152,G,N,E,I,A,A,H,-,C,D,0,NA,NA,NA,NA,Y,Y,A,01,0,0,1,0,0,0,0,0,0,-,-,33.95320129394531,-118.2977294921875,LOS ANGELES,UNINCORPORATED,-118.3002700805664,33.952728271484375
91472212,2021,2021-05-13,9525,2021-05-08,2233,021967,NA,6,3,9,1900,0,3,5,NA,2,002,ELLEN DR (4400 BLOCK),QUEENSIDE DR,55,S,N,A,-,N,NA,NA,NA,NA,NA,NA,NA,NA,NA,Y,3,0,2,1,A,-,01,23152,F,N,E,I,A,A,H,-,C,A,0,NA,NA,NA,NA,Y,NA,A,07,0,1,1,0,0,0,0,0,0,-,-,34.09341049194336,-117.92932891845705,LOS ANGELES,UNINCORPORATED,-117.92937469482422,34.093379974365234
91472216,2021,2021-05-13,9590,2021-04-29,0040,022552,NA,4,3,7,1942,0,1,1,NA,2,052,I-110 N/B (HAF) TO US-101 N/B (HOF),1ST STREET,600,N,N,A,-,Y,NA,NA,110,NA,NA,NA,R,NA,N,N,3,0,1,2,A,-,03,22350,NA,N,B,C,A,A,H,-,C,D,0,NA,NA,NA,NA,Y,Y,A,01,0,1,0,0,0,0,0,0,0,-,-,34.059959411621094,-118.2517318725586,LOS ANGELES,LOS ANGELES,-118.2517318725586,34.059959411621094
91472245,2021,2021-05-13,9575,2021-05-06,1650,020711,NA,4,2,6,1912,0,1,1,NA,2,051,I-5 N/B (GOLDEN STATE FREEWAY),VERDUGO AVE,750,S,N,A,-,Y,NA,NA,5,NA,NA,NA,NA,NA,N,Y,4,0,2,4,A,-,03,22350,NA,N,C,C,A,A,H,-,A,D,0,NA,NA,NA,NA,Y,NA,D,22,0,0,2,0,0,0,0,0,0,-,-,34.17478942871094,-118.30671691894533,LOS ANGELES,BURBANK,-118.30669403076172,34.17479705810547
91472268,2021,2021-05-13,9530,2021-05-01,2320,021490,NA,6,3,9,1900,0,3,5,NA,2,001,COMPTON AVE. (5800 BLOCK),SLAUSON AVE.,145,S,N,A,-,N,NA,NA,NA,NA,NA,NA,NA,NA,NA,N,4,0,1,2,A,-,09,21801,B,F,D,C,A,A,H,-,C,D,0,NA,NA,Y,NA,Y,NA,C,02,0,0,1,0,0,0,0,0,1,-,-,33.988868713378906,-118.24768829345705,LOS ANGELES,UNINCORPORATED,-118.2477569580078,33.98894119262695
91472285,2021,2021-05-13,9550,2021-05-07,1105,020531,NA,5,1,9,1900,0,1,3,NA,2,601,STATE ROUTE 60 EB FROM AZUSA AVENUE SB,AZUSA AVENUE,120,W,N,A,-,Y,NA,NA,60,NA,NA,NA,R,NA,E,Y,3,0,1,1,A,-,03,22350,NA,N,F,A,A,A,H,-,A,D,0,NA,NA,NA,Y,Y,NA,G,25,0,1,0,0,0,0,0,0,0,-,-,33.99686813354492,-117.93173980712892,LOS ANGELES,UNINCORPORATED,-117.93173980712892,33.99686813354492
91472286,2021,2021-05-13,9545,2021-05-02,1935,021173,NA,7,2,9,1900,0,3,5,NA,2,001,AVENUE A,80TH ST  W,305,E,N,A,G,N,NA,NA,NA,NA,NA,NA,NA,NA,NA,Y,2,0,2,1,A,-,01,23152,A,N,F,A,A,A,H,-,A,D,0,NA,NA,NA,Y,Y,Y,F,26,1,0,1,0,0,0,0,0,0,-,-,34.820098876953125,-118.2718505859375,LOS ANGELES,UNINCORPORATED,-118.27186584472656,34.82010269165039
91472291,2021,2021-05-13,9575,2021-05-05,1450,019976,NA,3,2,7,1942,0,1,3,NA,2,044,SR-134 W/B (VENTURA FREEWAY),LANKERSHIM BLVD,100,E,N,A,-,Y,NA,NA,134,NA,NA,NA,NA,NA,W,N,4,0,2,2,A,-,03,22350,NA,N,C,C,A,A,H,-,A,D,0,NA,NA,NA,NA,Y,NA,A,07,0,0,2,0,0,0,0,0,0,-,-,34.15325164794922,-118.3672332763672,LOS ANGELES,LOS ANGELES,-118.3672332763672,34.15324401855469
91472295,2021,2021-05-13,9565,2021-05-03,1955,020796,NA,1,2,7,1942,0,1,1,NA,2,062,I-405 S/B,PALMS BLVD,750,N,N,A,-,Y,NA,NA,405,NA,NA,NA,NA,NA,S,Y,4,0,1,1,A,-,08,22107,NA,N,E,I,A,A,H,-,C,D,0,NA,NA,NA,NA,Y,NA,A,01,0,0,1,0,0,0,0,0,0,-,-,34.02064895629883,-118.42527770996094,LOS ANGELES,LOS ANGELES,-118.42528533935548,34.02064514160156
91472306,2021,2021-05-13,9550,2021-05-02,0130,021533,NA,7,3,9,1900,0,3,5,NA,2,002,COLIMA ROAD,CORNISHCREST ROAD,35,S,N,B,-,N,NA,NA,NA,NA,NA,NA,NA,NA,NA,Y,3,0,1,3,A,-,08,22107,NA,M,B,E,A,A,H,-,C,D,0,NA,NA,NA,NA,Y,NA,A,01,0,1,0,0,0,0,0,0,0,-,-,33.92837142944336,-118.02207183837892,LOS ANGELES,UNINCORPORATED,-118.02207183837892,33.92824935913086
91472307,2021,2021-05-13,9550,2021-05-05,1425,022048,NA,3,2,6,1920,0,1,1,NA,2,150,I-105 E/B,BELLFLOWER BOULEVARD,1320,W,N,A,-,Y,NA,NA,105,NA,NA,NA,NA,NA,E,Y,4,0,1,3,A,-,03,22350,NA,N,C,C,A,A,H,-,A,D,0,NA,NA,NA,NA,Y,NA,A,01,0,0,1,0,0,0,0,0,0,-,-,33.91291046142578,-118.13197326660156,LOS ANGELES,DOWNEY,-118.13197326660156,33.91297149658203
91472320,2021,2021-05-13,9550,2021-05-03,1016,013935,NA,1,1,9,1900,0,3,5,NA,2,002,VALLEY VIEW AVENUE,LEFFINGWELL ROAD,0,NA,Y,A,-,N,NA,NA,NA,NA,NA,NA,NA,NA,NA,Y,3,0,2,2,A,-,12,21453,A,N,D,C,A,A,H,-,A,A,0,NA,NA,NA,NA,Y,NA,D,22,0,1,1,0,0,0,0,0,0,-,-,33.92290115356445,-118.0290985107422,LOS ANGELES,UNINCORPORATED,-118.02922058105467,33.92277145385742
91472384,2021,2021-05-13,9530,2021-05-04,2330,021871,NA,2,3,9,1900,0,3,5,NA,2,001,MAIE AVE.,85TH ST.,0,NA,Y,A,-,N,NA,NA,NA,NA,NA,NA,NA,NA,NA,Y,4,0,2,2,A,-,09,21802,A,N,D,C,A,A,H,-,C,A,0,NA,NA,NA,NA,Y,NA,A,01,0,0,2,0,0,0,0,0,0,-,-,33.96120834350586,-118.24442291259766,LOS ANGELES,UNINCORPORATED,-118.24444580078124,33.9611930847168
91472387,2021,2021-05-13,9545,2021-05-03,1708,021173,NA,1,2,6,1950,0,1,3,NA,2,021,SR-14 N/B,TECHNOLOGY DR,488,S,N,A,-,Y,NA,NA,14,NA,NA,NA,NA,NA,N,Y,2,0,1,1,A,-,08,22107,NA,N,E,I,A,A,H,-,A,D,0,NA,NA,NA,NA,Y,NA,A,01,1,0,0,0,0,0,0,0,0,-,-,34.593780517578125,-118.13417053222656,LOS ANGELES,PALMDALE,-118.1342315673828,34.5937614440918
91472390,2021,2021-05-13,9550,2021-05-10,0925,013729,NA,1,1,5,1919,0,1,3,NA,2,091,SR-91 (W/B),GRIDLEY RD.,120,W,N,B,-,Y,NA,NA,NA,NA,NA,NA,NA,NA,NA,Y,3,0,1,3,A,-,03,22350,NA,N,C,C,A,A,H,-,A,D,0,NA,NA,NA,NA,Y,NA,A,01,0,1,0,0,0,0,0,0,0,-,-,33.38808822631836,-118.09261322021484,LOS ANGELES,CERRITOS,-118.09192657470705,33.87630844116211
91472401,2021,2021-05-13,9550,2021-05-05,1737,020688,NA,3,2,1,1932,0,1,3,NA,2,600,STATE ROUTE-60 W/B,CROSSROADS PARKWAY,0,NA,Y,A,-,Y,NA,NA,60,NA,NA,NA,NA,NA,W,Y,4,0,1,3,A,-,03,22350,NA,N,C,C,A,A,H,-,A,D,0,NA,NA,NA,NA,Y,NA,A,01,0,0,1,0,0,0,0,0,0,-,-,34.02922058105469,-118.01223754882813,LOS ANGELES,INDUSTRY,-118.01223754882813,34.02919387817383
91472402,2021,2021-05-13,9545,2021-05-03,1103,019414,NA,1,1,6,1950,0,1,3,NA,2,021,SR-14 N/B,RANCHO VISTA BLVD,1145,S,N,A,-,Y,NA,NA,14,NA,NA,NA,NA,NA,N,Y,3,0,1,1,A,-,07,21658,A,N,E,I,A,A,H,-,A,D,0,NA,NA,NA,NA,Y,NA,A,01,0,1,0,0,0,0,0,0,0,-,-,34.59946823120117,-118.13954925537108,LOS ANGELES,PALMDALE,-118.13946533203124,34.59958267211914
91472462,2021,2021-05-13,9580,2021-05-02,1901,022572,NA,7,2,7,1942,0,1,1,NA,2,405,I-405 S/B (SAN DIEGO FWY),VALLEY VISTA BLVD,500,N,N,A,-,Y,NA,NA,405,NA,NA,NA,NA,NA,S,Y,4,0,8,3,A,-,03,22350,NA,M,C,C,A,A,H,-,A,D,0,NA,NA,NA,NA,Y,NA,-,99,0,0,8,0,0,0,0,0,0,-,-,34.15134048461914,-118.46839904785156,LOS ANGELES,LOS ANGELES,-118.46832275390624,34.15132141113281
91472465,2021,2021-05-13,9530,2021-05-05,1329,017755,NA,3,1,4,1939,0,1,1,NA,2,400,I-405 N/B (SAN DIEGO FREEWAY),MANHATTAN BEACH BLVD.,154,N,N,A,-,Y,NA,NA,405,NA,NA,NA,NA,NA,N,Y,3,0,2,3,A,-,03,22350,NA,N,C,C,A,A,H,-,A,D,0,NA,NA,NA,NA,Y,NA,A,01,0,1,1,0,0,0,0,0,0,-,-,33.88835906982422,-118.35758972167967,LOS ANGELES,LAWNDALE,-118.35757446289064,33.88838577270508
91472471,2021,2021-05-13,9535,2021-05-03,2003,022243,NA,1,2,5,1969,0,1,1,NA,2,075,I-710 (LONG BEACH FREEWAY) S/B,LOS ANGELES RIVER,490,N,N,A,-,Y,NA,NA,710,NA,NA,NA,NA,NA,S,Y,3,0,1,1,A,-,03,22350,NA,N,F,A,A,A,H,-,D,D,0,NA,NA,Y,NA,Y,NA,C,02,0,1,0,0,0,0,0,0,1,-,-,33.937870025634766,-118.17275238037108,LOS ANGELES,SOUTH GATE,-118.17276763916016,33.93788146972656
91472474,2021,2021-05-13,9590,2021-05-03,1710,021040,NA,1,2,7,1942,0,1,1,NA,2,085,I-5 S/B (GOLDEN STATE FREEWAY),LOS FELIZ BOULEVARD,400,N,N,A,-,Y,NA,NA,5,NA,NA,NA,NA,NA,S,Y,3,0,1,4,A,-,07,21658,A,N,B,C,A,A,H,-,A,D,0,NA,NA,Y,NA,Y,NA,A,01,0,1,0,0,0,0,0,0,1,-,-,34.12173843383789,-118.27188873291016,LOS ANGELES,LOS ANGELES,-118.27190399169922,34.121734619140625
91472477,2021,2021-05-13,9545,2021-05-04,0545,016523,NA,2,3,9,1900,0,3,5,NA,2,001,AVENUE E,30TH STREET EAST,2640,E,N,A,-,N,NA,NA,NA,NA,NA,NA,NA,NA,NA,Y,3,0,1,1,A,-,08,22107,NA,N,C,C,A,A,H,-,B,D,0,NA,NA,NA,NA,Y,NA,A,07,0,1,0,0,0,0,0,0,0,-,-,34.762760162353516,-118.06829833984376,LOS ANGELES,UNINCORPORATED,-118.06854248046876,34.76292419433594
91472482,2021,2021-05-13,9575,2021-05-05,1540,020711,NA,3,2,6,1925,0,1,1,NA,2,050,I-5 S/B (GOLDEN STATE FREEWAY),SONORA AVE,200,S,N,A,-,Y,NA,NA,5,NA,NA,NA,NA,NA,S,Y,4,0,2,4,A,-,03,22350,NA,N,C,C,A,A,H,-,A,D,0,NA,NA,NA,NA,Y,NA,A,08,0,0,2,0,0,0,0,0,0,-,-,34.1605110168457,-118.29302978515624,LOS ANGELES,GLENDALE,-118.29296875,34.160545349121094