CASE_ID,ACCIDENT_YEAR,PROC_DATE,JURIS,COLLISION_DATE,COLLISION_TIME,OFFICER_ID,REPORTING_DISTRICT,DAY_OF_WEEK,CHP_SHIFT,POPULATION,CNTY_CITY_LOC,SPECIAL_COND,BEAT_TYPE,CHP_BEAT_TYPE,CITY_DIVISION_LAPD,CHP_BEAT_CLASS,BEAT_NUMBER,PRIMARY_RD,SECONDARY_RD,DISTANCE,DIRECTION,INTERSECTION,WEATHER_1,WEATHER_2,STATE_HWY_IND,CALTRANS_COUNTY,CALTRANS_DISTRICT,STATE_ROUTE,ROUTE_SUFFIX,POSTMILE_PREFIX,POSTMILE,LOCATION_TYPE,RAMP_INTERSECTION,SIDE_OF_HWY,TOW_AWAY,COLLISION_SEVERITY,NUMBER_KILLED,NUMBER_INJURED,PARTY_COUNT,PRIMARY_COLL_FACTOR,PCF_CODE_OF_VIOL,PCF_VIOL_CATEGORY,PCF_VIOLATION,PCF_VIOL_SUBSECTION,HIT_AND_RUN,TYPE_OF_COLLISION,MVIW,PED_ACTION,ROAD_SURFACE,ROAD_COND_1,ROAD_COND_2,LIGHTING,CONTROL_DEVICE,CHP_ROAD_TYPE,PEDESTRIAN_ACCIDENT,BICYCLE_ACCIDENT,MOTORCYCLE_ACCIDENT,TRUCK_ACCIDENT,NOT_PRIVATE_PROPERTY,ALCOHOL_INVOLVED,STWD_VEHTYPE_AT_FAULT,CHP_VEHTYPE_AT_FAULT,COUNT_SEVERE_INJ,COUNT_VISIBLE_INJ,COUNT_COMPLAINT_PAIN,COUNT_PED_KILLED,COUNT_PED_INJURED,COUNT_BICYCLIST_KILLED,COUNT_BICYCLIST_INJURED,COUNT_MC_KILLED,COUNT_MC_INJURED,PRIMARY_RAMP,SECONDARY_RAMP,LATITUDE,LONGITUDE,COUNTY,CITY,POINT_X,POINT_Y
91472516,2021,2021-05-13,9565,2021-05-03,0255,022126,NA,1,3,7,1942,0,1,1,NA,2,062,I-405 S/B,NATIONAL BLVD,1300,S,N,A,-,Y,NA,NA,405,NA,NA,NA,NA,NA,S,Y,4,0,1,1,A,-,03,22350,NA,N,E,I,A,A,H,-,C,D,0,NA,NA,NA,NA,Y,NA,A,01,0,0,1,0,0,0,0,0,0,-,-,34.023590087890625,-118.42788696289064,LOS ANGELES,LOS ANGELES,-118.42771911621094,34.02372360229492
91472545,2021,2021-05-13,9545,2021-05-04,1005,016523,NA,2,1,9,1900,0,3,5,NA,1,006,20TH STREET W,AVENUE M,0,NA,Y,A,-,N,NA,NA,NA,NA,NA,NA,NA,NA,NA,Y,2,0,3,2,A,-,12,21453,A,N,D,C,A,A,H,-,A,A,0,NA,NA,NA,NA,Y,NA,D,22,3,0,0,0,0,0,0,0,0,-,-,34.631099700927734,-118.16519927978516,LOS ANGELES,UNINCORPORATED,-118.1655731201172,34.64575958251953
91472564,2021,2021-05-13,9545,2021-05-05,1155,016523,NA,3,1,9,1900,0,3,5,NA,2,001,AVENUE  E,50TH STREET EAST,0,NA,Y,A,-,N,NA,NA,NA,NA,NA,NA,NA,NA,NA,Y,4,0,2,2,A,-,09,21802,A,N,D,C,A,A,H,-,A,D,0,NA,NA,NA,NA,Y,NA,A,07,0,0,2,0,0,0,0,0,0,-,-,34.76292037963867,-118.0412826538086,LOS ANGELES,UNINCORPORATED,-118.04126739501952,34.76295852661133
91472572,2021,2021-05-13,9530,2021-05-05,1240,018745,NA,3,1,9,1900,0,3,5,NA,2,002,EL SEGUNDO BLVD. (2200 BLOCK),WILLOWBROOK AVE.,60,W,N,A,-,N,NA,NA,NA,NA,NA,NA,NA,NA,NA,N,4,0,1,2,A,-,03,22350,NA,N,C,C,A,A,H,-,A,D,0,NA,NA,NA,NA,Y,NA,A,01,0,0,1,0,0,0,0,0,0,-,-,33.916141510009766,-118.23194885253906,LOS ANGELES,UNINCORPORATED,-118.23191833496094,33.916263580322266
91472573,2021,2021-05-13,9530,2021-05-04,0500,018270,NA,2,3,5,1977,0,1,1,NA,2,410,I-405 S/B (SAN DIEGO FREEWAY),FIGUEROA ST.,170,S,N,A,-,Y,NA,NA,405,NA,NA,NA,NA,NA,S,Y,4,0,1,2,A,-,07,21658,A,N,B,C,A,A,H,-,C,D,0,NA,NA,NA,NA,Y,NA,-,-,0,0,1,0,0,0,0,0,0,-,-,33.85416030883789,-118.2815170288086,LOS ANGELES,CARSON,-118.28154754638672,33.854129791259766
91472576,2021,2021-05-13,9575,2021-04-14,2005,021006,NA,3,2,6,1953,0,1,1,NA,2,065,I-210 E/B (FOOTHILL FREEWAY),WEST EDGE OF SIERRA MADRE VILLA AVE. U/C,24,E,N,B,-,Y,NA,NA,210,NA,NA,NA,NA,NA,E,Y,4,0,1,2,A,-,08,22107,NA,M,E,I,A,A,H,-,C,D,0,NA,NA,NA,NA,Y,NA,A,07,0,0,1,0,0,0,0,0,0,-,-,34.14762878417969,-118.08377075195313,LOS ANGELES,PASADENA,-118.08377075195313,34.14765167236328
91472582,2021,2021-05-13,9545,2021-05-05,1742,019816,NA,3,2,9,1900,0,3,5,NA,2,002,AVENUE N,15TH STREET WEST,0,NA,Y,A,-,N,NA,NA,NA,NA,NA,NA,NA,NA,NA,Y,4,0,3,3,A,-,21,22106,NA,N,D,C,A,A,H,-,A,D,0,NA,NA,NA,NA,Y,NA,A,01,0,0,3,0,0,0,0,0,0,-,-,34.631160736083984,-118.15647888183594,LOS ANGELES,UNINCORPORATED,-118.1564712524414,34.63117218017578
91472592,2021,2021-06-07,9590,2021-05-03,0210,022360,NA,1,3,7,1942,0,1,1,NA,2,050,I-110 N/B (HARBOR FREEWAY),92ND STREET,447,N,N,A,-,Y,NA,NA,110,NA,NA,NA,NA,NA,N,Y,3,0,5,2,A,-,01,23152,A,N,B,C,A,A,H,-,C,D,0,NA,NA,NA,NA,Y,Y,A,01,0,3,2,0,0,0,0,0,0,-,-,33.954078674316406,-118.28053283691406,LOS ANGELES,LOS ANGELES,-118.28057098388672,33.954071044921875
91472606,2021,2021-05-13,9545,2021-05-06,1245,016523,NA,4,1,6,1950,0,1,3,NA,2,021,SR-14 S/B,MOUNTAIN SPRINGS RD,4752,N,N,A,-,Y,NA,NA,NA,NA,NA,NA,NA,NA,NA,N,4,0,1,3,A,-,03,22350,NA,N,C,C,A,A,H,-,A,D,0,NA,NA,NA,NA,Y,NA,D,22,0,0,1,0,0,0,0,0,0,-,-,34.51337814331055,-118.11045837402344,LOS ANGELES,PALMDALE,-118.1105728149414,34.513092041015625
91472612,2021,2021-05-27,9550,2021-05-09,1027,022588,NA,7,1,6,1920,0,1,1,NA,2,651,I-605 SB,I-5,20,S,N,B,-,Y,NA,NA,605,NA,NA,NA,NA,NA,S,N,4,0,1,1,A,-,08,22107,NA,N,E,I,A,A,H,-,A,D,0,NA,NA,NA,NA,Y,NA,D,22,0,0,1,0,0,0,0,0,0,-,-,33.93824005126953,-118.09754180908205,LOS ANGELES,DOWNEY,-118.09810638427734,33.93855285644531
91472634,2021,2022-03-28,9540,2021-05-04,2130,021882,NA,2,2,7,1942,0,1,1,NA,2,500,I-5 N/B,SAN FERNANDO MISSION BLVD,1056,N,N,A,-,Y,NA,NA,5,NA,NA,NA,NA,NA,N,Y,3,0,1,4,A,-,01,23152,A,N,C,E,A,A,H,-,D,D,0,NA,NA,NA,NA,Y,Y,D,22,0,1,0,0,0,0,0,0,0,-,-,34.27798843383789,-118.45384979248048,LOS ANGELES,LOS ANGELES,-118.4539794921875,34.277854919433594
91472640,2021,2021-05-13,9540,2021-05-06,2357,021151,NA,4,3,6,1985,0,1,3,NA,2,146,SR-14 N/B,SOLEDAD CANYON ROAD,5280,S,N,A,-,Y,NA,NA,14,NA,NA,NA,NA,NA,N,N,4,0,1,2,A,-,08,22107,NA,N,B,C,A,A,H,-,D,D,0,NA,NA,NA,NA,Y,NA,A,01,0,0,1,0,0,0,0,0,0,-,-,34.42919158935547,-118.4018325805664,LOS ANGELES,SANTA CLARITA,-118.4018325805664,34.429203033447266
91472648,2021,2021-05-13,9565,2021-05-03,0630,021021,NA,1,1,9,1900,0,2,4,NA,2,024,IMPERIAL HWY,BUDLONG AVE,0,NA,Y,A,-,N,NA,NA,NA,NA,NA,NA,NA,NA,NA,Y,3,0,2,2,A,-,12,21453,A,N,D,C,A,A,H,-,A,A,0,NA,NA,NA,NA,Y,NA,-,-,0,2,0,0,0,0,0,0,0,-,-,33.93075942993164,-118.29591369628906,LOS ANGELES,UNINCORPORATED,-118.29589080810548,33.93098068237305
91472649,2021,2021-05-13,9540,2021-04-29,1720,021370,NA,4,2,6,1985,0,1,3,NA,2,146,SR-14 N/B (ANTELOPE VALLEY FREEWAY),SPRING CANYON RD,315,N,N,A,-,Y,NA,NA,14,NA,NA,NA,NA,NA,N,Y,3,0,1,2,A,-,03,22350,NA,F,C,C,A,A,H,-,A,D,0,NA,NA,NA,NA,Y,NA,A,01,0,1,0,0,0,0,0,0,0,-,-,34.4276008605957,-118.41407775878906,LOS ANGELES,SANTA CLARITA,-118.41407775878906,34.42759704589844
91472653,2021,2021-05-13,9525,2021-01-01,2139,019890,NA,5,2,5,1990,0,1,3,NA,2,602,STATE ROUTE 60 E/B (POMONA FREEWAY),GRAND AVENUE,1324,W,N,A,-,Y,NA,NA,60,NA,NA,NA,NA,NA,E,Y,1,1,1,3,A,-,01,23152,A,N,C,C,A,A,H,-,C,D,0,NA,NA,Y,NA,Y,Y,C,02,0,0,1,0,0,0,0,1,0,-,-,34.007110595703125,-117.82627868652344,LOS ANGELES,DIAMOND BAR,-117.8262939453125,34.00712585449219
91472669,2021,2021-05-13,9565,2021-04-26,1450,016545,NA,1,2,7,1942,0,1,1,NA,2,083,I-10 W/B(SANTA MONICA FWY),WESTWOOD BL.,200,W,N,A,-,Y,NA,NA,10,NA,NA,NA,NA,NA,W,N,4,0,2,3,A,-,03,22350,NA,N,C,C,A,A,H,-,A,D,0,NA,NA,NA,NA,Y,NA,A,07,0,0,2,0,0,0,0,0,0,-,-,34.03181076049805,-118.43173217773438,LOS ANGELES,LOS ANGELES,-118.43170928955078,34.0316047668457
91472673,2021,2021-05-13,9545,2021-05-06,1223,018058,NA,4,1,9,1900,0,3,5,NA,2,002,AVENUE N,20TH STREET WEST,280,W,N,A,-,N,NA,NA,NA,NA,NA,NA,NA,NA,NA,Y,4,0,2,4,A,-,03,22350,NA,N,C,C,A,A,H,-,A,A,0,NA,NA,NA,NA,Y,NA,D,22,0,0,2,0,0,0,0,0,0,-,-,34.63111877441406,-118.166259765625,LOS ANGELES,UNINCORPORATED,-118.16616821289064,34.631141662597656
91472679,2021,2021-05-13,9535,2021-05-04,0450,021381,NA,2,3,9,1900,0,1,1,NA,2,501,I-5 (SANTA ANA FREEWAY) S/B,INDIANA ST.,65,S,N,A,-,Y,NA,NA,5,NA,NA,NA,NA,NA,S,Y,4,0,1,1,A,-,08,22107,NA,N,E,I,A,A,H,-,C,D,0,NA,NA,NA,NA,Y,NA,D,22,0,0,1,0,0,0,0,0,0,-,-,34.02003860473633,-118.19200134277344,LOS ANGELES,UNINCORPORATED,-118.19199371337892,34.020111083984375
91472684,2021,2021-05-13,9540,2021-05-03,0725,018037,NA,1,1,6,1985,0,1,3,NA,2,149,SR-14 S/B (ANTELOPE VALLEY FREEWAY),PLACERITA CANYON RD.U/C,2667,N,N,A,-,Y,NA,NA,14,NA,NA,NA,NA,NA,S,Y,2,0,1,3,A,-,08,22107,NA,N,B,C,A,A,H,-,A,D,0,NA,NA,Y,NA,Y,NA,A,01,1,0,0,0,0,0,0,0,1,-,-,34.38335037231445,-118.48715209960938,LOS ANGELES,SANTA CLARITA,-118.48716735839844,34.38337326049805
91472691,2021,2021-05-13,9580,2021-05-11,1848,021807,NA,2,2,7,1942,0,1,2,NA,2,103,US-101 S/B (VENTURA FREEWAY),KESTER AVE,857,S,N,A,-,Y,NA,NA,101,NA,NA,NA,NA,NA,S,N,4,0,1,2,A,-,03,22350,NA,N,C,C,A,A,H,-,A,D,0,NA,NA,NA,NA,Y,NA,A,07,0,0,1,0,0,0,0,0,0,-,-,34.15769958496094,-118.45459747314452,LOS ANGELES,LOS ANGELES,-118.45459747314452,34.1577033996582
91472692,2021,2021-05-13,9565,2021-04-30,1300,022251,NA,5,1,9,1900,0,3,5,NA,2,002,CENTURY BLVD.,VERMONT AVE.,6,W,N,A,-,N,NA,NA,NA,NA,NA,NA,NA,NA,NA,N,4,0,1,2,A,-,09,21800,A,N,H,G,A,A,H,-,A,A,0,NA,Y,NA,NA,Y,NA,L,04,0,0,1,0,0,0,1,0,0,-,-,33.945499420166016,-118.29190826416016,LOS ANGELES,UNINCORPORATED,-118.29193878173828,33.945491790771484
91472699,2021,2021-05-13,9540,2021-05-07,1720,021124,NA,5,2,9,1900,0,1,3,NA,2,147,SR-14 S/B (ANTELOPE VALLEY FREEWAY),AGUA DULCE CANYON ROAD,215,S,N,B,-,Y,NA,NA,14,NA,NA,NA,NA,NA,S,Y,3,0,1,3,A,-,07,21658,A,N,B,C,A,A,H,-,A,D,0,NA,NA,NA,NA,Y,NA,-,-,0,1,0,0,0,0,0,0,0,-,-,34.466590881347656,-118.33067321777344,LOS ANGELES,UNINCORPORATED,-118.33067321777344,34.46665954589844
91472705,2021,2021-05-13,9575,2021-04-05,0200,021932,NA,1,3,7,1942,0,1,1,NA,2,050,I-5 S/B TO COLORADO STREET FWY EXT,COLORADO ST FWY EXT,741,N,N,A,-,Y,NA,NA,5,NA,NA,NA,R,NA,S,Y,1,1,0,1,A,-,03,22350,NA,N,E,I,A,A,H,-,C,D,0,NA,NA,NA,NA,Y,NA,A,01,0,0,0,0,0,0,0,0,0,-,-,34.14292907714844,-118.27870178222656,LOS ANGELES,LOS ANGELES,-118.27870178222656,34.14292907714844
91472711,2021,2022-03-07,9565,2021-05-01,2025,022251,NA,6,2,9,1900,0,2,4,NA,2,022,NORMANDIE AVE.,91ST ST.,8,N,N,A,-,N,NA,NA,NA,NA,NA,NA,NA,NA,NA,Y,2,0,1,2,A,-,10,21950,A,F,G,B,B,A,H,-,C,D,0,Y,NA,NA,NA,Y,NA,A,01,1,0,0,0,1,0,0,0,0,-,-,33.95418930053711,-118.30021667480467,LOS ANGELES,UNINCORPORATED,-118.30026245117188,33.9541015625
91472717,2021,2021-05-13,9590,2021-05-03,1632,022087,NA,1,2,7,1942,0,1,2,NA,2,072,US-101 N/B (HOLLYWOOD FREEWAY),MULHOLLAND DR.,300,S,N,A,-,Y,NA,NA,NA,NA,NA,NA,NA,NA,NA,N,4,0,1,2,A,-,07,21658,A,F,B,C,A,A,H,-,A,D,0,NA,NA,NA,NA,Y,NA,-,99,0,0,1,0,0,0,0,0,0,-,-,34.0718994140625,-118.20240020751952,LOS ANGELES,LOS ANGELES,-118.34163665771484,34.12324905395508
91472725,2021,2021-05-27,9550,2021-05-12,1600,020037,NA,3,2,5,1919,0,1,3,NA,2,092,STATE ROUTE 91 WESTBOUND (ARTESIA FWY),NORWALK BOULEVARD,1000,E,N,A,-,Y,NA,NA,91,NA,NA,NA,NA,NA,W,N,4,0,1,2,A,-,03,22350,NA,N,C,C,A,A,H,-,A,D,0,NA,NA,NA,NA,Y,NA,A,07,0,0,1,0,0,0,0,0,0,-,-,33.876609802246094,-118.06890106201172,LOS ANGELES,CERRITOS,-118.06890106201172,33.87649917602539
91472734,2021,2021-05-13,9565,2021-05-03,0920,016943,NA,1,1,7,1942,0,1,1,NA,2,061,I-405 N/B(SAN DIEGO FWY),SEPULVEDA BLVD,50,S,N,A,-,Y,NA,NA,405,NA,NA,NA,NA,NA,N,N,4,0,1,2,A,-,03,22350,NA,N,C,C,A,A,H,-,A,D,0,NA,NA,NA,Y,Y,NA,G,25,0,0,1,0,0,0,0,0,0,-,-,33.97425079345703,-118.38215637207033,LOS ANGELES,LOS ANGELES,-118.38214111328124,33.97429275512695
91472736,2021,2021-05-27,9545,2021-05-12,2228,021360,NA,3,3,6,1992,0,1,3,NA,2,011,SR-14 S/B,AVENUE H,1430,N,N,A,-,Y,NA,NA,14,NA,NA,NA,NA,NA,S,N,4,0,1,1,C,-,18,NA,NA,N,E,J,A,A,C,-,C,D,0,NA,NA,NA,NA,Y,NA,-,-,0,0,1,0,0,0,0,0,0,-,-,34.7227783203125,-118.17041778564452,LOS ANGELES,LANCASTER,-118.17042541503906,34.7227783203125
91472737,2021,2021-05-13,9590,2021-04-28,1655,018538,NA,3,2,7,1942,0,1,1,NA,2,051,I-110 S/B (HARBOR FWY.),GAGE AVE.,500,S,N,A,-,Y,NA,NA,110,NA,NA,NA,NA,NA,S,Y,4,0,1,3,A,-,08,22107,NA,F,B,C,A,A,H,-,A,D,0,NA,NA,NA,NA,Y,NA,-,99,0,0,1,0,0,0,0,0,0,-,-,33.9817008972168,-118.28090667724608,LOS ANGELES,LOS ANGELES,-118.28082275390624,33.981689453125
91472746,2021,2021-05-13,9565,2021-05-03,2205,022231,NA,1,3,7,1942,0,1,1,NA,2,062,I-405 S/B TO I-10 FWY,PICO BLVD,100,N,N,A,-,Y,NA,NA,405,NA,NA,NA,R,NA,S,Y,4,0,1,2,D,-,00,NA,NA,N,B,C,A,A,H,-,C,D,0,NA,NA,NA,NA,Y,NA,-,-,0,0,1,0,0,0,0,0,0,-,-,34.03572082519531,-118.43842315673828,LOS ANGELES,LOS ANGELES,-118.43842315673828,34.03572082519531
91472756,2021,2021-05-13,9525,2021-05-05,1350,020216,NA,3,1,1,1934,0,1,1,NA,2,652,I-605 N/B TO I-210 E/B,I-210,30,S,N,A,-,Y,NA,NA,NA,NA,NA,NA,NA,NA,NA,Y,4,0,1,3,A,-,03,22350,NA,N,C,C,A,A,H,-,A,D,0,NA,NA,NA,NA,Y,NA,A,01,0,0,1,0,0,0,0,0,0,-,-,34.13307189941406,-117.95368194580078,LOS ANGELES,IRWINDALE,-117.9599380493164,34.135013580322266
91472780,2021,2021-05-13,9530,2021-05-04,0634,017275,NA,2,1,9,1900,0,1,1,NA,2,120,I-110 S/B TO CARSON ST.,CARSON ST.,60,N,N,B,-,Y,NA,NA,110,NA,NA,NA,R,NA,S,Y,3,0,2,5,C,-,18,NA,NA,N,C,C,A,A,H,-,B,A,0,NA,NA,NA,NA,Y,NA,-,-,0,1,1,0,0,0,0,0,0,-,-,33.83190155029297,-118.287841796875,LOS ANGELES,UNINCORPORATED,-118.287841796875,33.83190155029297
91472830,2021,2021-05-13,9565,2021-05-05,2315,022231,NA,3,3,5,1965,0,1,1,NA,2,081,I-10 E/B (SANTA MONICA FREEWAY),20TH STREET,500,E,N,A,-,Y,NA,NA,10,NA,NA,NA,NA,NA,E,Y,4,0,1,2,A,-,03,22350,NA,N,C,C,A,A,H,-,D,D,0,NA,NA,NA,NA,Y,NA,A,01,0,0,1,0,0,0,0,0,0,-,-,34.02381134033203,-118.47174072265624,LOS ANGELES,SANTA MONICA,-118.47173309326172,34.023780822753906
91472908,2021,2021-05-13,9525,2021-05-07,1155,018761,NA,5,1,3,1921,0,1,1,NA,2,212,I-210 E/B (FOOTHILL FWY),BUENA VISTA ST.,1500,E,N,A,-,Y,NA,NA,210,NA,NA,NA,NA,NA,E,N,4,0,1,3,A,-,03,22350,NA,N,C,C,A,A,H,-,A,D,0,NA,NA,NA,NA,Y,NA,D,22,0,0,1,0,0,0,0,0,0,-,-,34.135379791259766,-117.97012329101564,LOS ANGELES,DUARTE,-117.97012329101564,34.135398864746094
91472928,2021,2021-05-13,9535,2021-05-04,2203,022261,NA,2,3,6,1922,0,1,1,NA,2,401,I-10 (SAN BERNARDINO FREEWAY) W/B,TEMPLE CITY BLVD,500,W,N,A,-,Y,NA,NA,10,NA,NA,NA,NA,NA,W,N,3,0,1,1,A,-,03,22350,NA,N,E,J,A,A,H,-,C,D,0,NA,NA,Y,NA,Y,NA,C,02,0,1,0,0,0,0,0,0,1,-,-,34.07268142700195,-118.06036376953124,LOS ANGELES,EL MONTE,-118.06035614013672,34.07257080078125
91473285,2021,2021-05-14,9575,2021-05-06,0930,021789,NA,4,1,6,1912,0,1,1,NA,2,051,I-5 S/B (GOLDEN STATE FREEWAY),BUENA VISTA STREET,2000,S,N,A,-,Y,NA,NA,5,NA,NA,NA,NA,NA,S,Y,4,0,2,3,A,-,03,22350,NA,N,C,C,A,A,H,-,A,D,0,NA,NA,NA,NA,Y,NA,A,07,0,0,2,0,0,0,0,0,0,-,-,34.19485092163086,-118.33213043212892,LOS ANGELES,BURBANK,-118.33210754394533,34.19489288330078
91473288,2021,2021-05-14,9575,2021-05-09,0335,021712,NA,7,3,9,1900,0,3,5,NA,2,002,ALTADENA DR W/B,SANTA ANITA AVE,0,NA,Y,A,-,Y,NA,NA,NA,NA,NA,NA,NA,NA,NA,Y,3,0,1,2,A,-,12,22450,A,N,D,C,A,A,H,-,C,A,0,NA,NA,NA,NA,Y,NA,A,07,0,1,0,0,0,0,0,0,0,-,-,34.191688537597656,-118.13832092285156,LOS ANGELES,UNINCORPORATED,-118.13831329345705,34.19165802001953
91473289,2021,2021-05-14,9590,2021-05-04,2029,021757,NA,2,2,7,1942,0,1,2,NA,2,071,US-101 S/B (HOLLYWOOD FREEWAY),GLENDALE BLVD,100,S,N,A,-,Y,NA,NA,101,NA,NA,NA,NA,NA,S,N,4,0,1,2,A,-,03,22350,NA,F,C,C,A,A,H,-,D,D,0,NA,NA,NA,NA,Y,NA,-,99,0,0,1,0,0,0,0,0,0,-,-,34.06945037841797,-118.26077270507813,LOS ANGELES,LOS ANGELES,-118.2607650756836,34.069461822509766
91473293,2021,2021-05-14,9590,2021-05-02,1830,022304,NA,7,2,7,1942,0,1,1,NA,2,050,I-110 N/B (HARBOR FREEWAY),92ND STREET,150,S,N,A,-,Y,NA,NA,110,NA,NA,NA,NA,NA,N,Y,4,0,1,2,A,-,01,23152,A,N,C,C,A,A,H,-,A,D,0,NA,NA,NA,NA,Y,Y,A,01,0,0,1,0,0,0,0,0,0,-,-,33.952308654785156,-118.28012847900392,LOS ANGELES,LOS ANGELES,-118.28021240234376,33.952293395996094
91473304,2021,2021-05-14,9575,2021-04-28,1100,020521,NA,3,1,7,1942,0,1,3,NA,2,044,SR-134 W/B (VENTURA FREEWAY),VINELAND AVENUE,285,E,N,A,-,Y,NA,NA,134,NA,NA,NA,NA,NA,W,Y,4,0,1,2,A,-,03,22350,NA,N,C,C,A,A,H,-,A,D,0,NA,NA,NA,NA,Y,NA,-,99,0,0,1,0,0,0,0,0,0,-,-,34.15304946899414,-118.36923980712892,LOS ANGELES,LOS ANGELES,-118.36924743652344,34.15312576293945
91473308,2021,2021-05-14,9575,2021-05-07,0250,021712,NA,5,3,7,1942,0,1,3,NA,2,041,SR-134 E/B (VENTURA FREEWAY),PATRICIAN WAY,197,W,N,A,-,Y,NA,NA,134,NA,NA,NA,NA,NA,E,Y,3,0,1,2,A,-,07,21658,A,N,C,C,A,A,H,-,C,D,0,NA,NA,NA,Y,Y,NA,A,01,0,1,0,0,0,0,0,0,0,-,-,34.14152145385742,-118.18254089355467,LOS ANGELES,LOS ANGELES,-118.18252563476564,34.14157485961914
91473313,2021,2021-05-27,9550,2021-05-07,1700,021742,NA,5,2,3,1964,0,1,1,NA,2,501,I-5 N/B JSO CARMENITA ROAD,THE ALONDRA BLVD. OVERCROSSING,630,N,N,A,-,Y,NA,NA,5,NA,NA,NA,NA,NA,N,Y,4,0,1,1,C,-,18,NA,NA,N,B,I,A,A,H,-,A,D,0,NA,NA,NA,NA,Y,NA,-,-,0,0,1,0,0,0,0,0,0,-,-,33.889060974121094,-118.03743743896484,LOS ANGELES,SANTA FE SPRINGS,-118.03755950927734,33.88884353637695
91473315,2021,2021-05-14,9540,2021-05-09,0100,021349,NA,7,3,9,1900,0,1,1,NA,2,510,I-5 N/B FROM VISTA DEL LAGO RD,VISTA DEL LAGO RD,60,N,N,A,G,Y,NA,NA,5,NA,NA,NA,R,NA,N,Y,3,0,1,2,A,-,03,22350,NA,N,C,C,A,A,H,-,D,D,0,NA,NA,NA,Y,Y,NA,A,01,0,1,0,0,0,0,0,0,0,-,-,34.66740036010742,-118.76300048828124,LOS ANGELES,UNINCORPORATED,-118.76300048828124,34.66740036010742
91473316,2021,2021-05-14,9575,2021-05-04,1738,021784,NA,2,2,7,1942,0,1,1,NA,2,060,I-210 W/B (FOOTHILL FREEWAY),PAXTON ST.,130,W,N,A,-,Y,NA,NA,210,NA,NA,NA,NA,NA,W,Y,4,0,1,2,A,-,03,22350,NA,N,C,E,A,A,H,-,A,D,0,NA,NA,NA,Y,Y,NA,G,25,0,0,1,0,0,0,0,0,0,-,-,34.28797149658203,-118.40734100341795,LOS ANGELES,LOS ANGELES,-118.40731048583984,34.288002014160156
91473325,2021,2021-05-14,9540,2021-05-09,2330,021395,NA,7,3,9,1900,0,2,4,NA,1,104,SAN FRANCISQUITO CYN ROAD,PIUTE CT,50,N,N,A,-,Y,NA,NA,NA,NA,NA,NA,NA,NA,NA,Y,3,0,1,1,A,-,08,22107,NA,N,E,I,A,A,H,-,D,D,0,NA,NA,NA,NA,Y,NA,A,08,0,1,0,0,0,0,0,0,0,-,-,34.47816848754883,-118.54329681396484,LOS ANGELES,UNINCORPORATED,-118.54307556152344,34.4779167175293
91473327,2021,2021-05-14,9550,2021-04-21,1725,020037,NA,3,2,5,1919,0,1,1,NA,2,652,INTERSTATE 605 NORTHBOUND,STUDEBAKER ROAD,200,N,N,B,-,Y,NA,NA,605,NA,NA,NA,NA,NA,N,N,4,0,3,2,A,-,03,22350,NA,F,C,C,A,A,H,-,A,D,0,NA,NA,NA,NA,Y,NA,-,99,0,0,3,0,0,0,0,0,0,-,-,33.86865997314453,-118.09957122802734,LOS ANGELES,CERRITOS,-118.09953308105467,33.86867141723633
91473328,2021,2021-05-14,9575,2021-05-05,1535,022533,NA,3,2,7,1942,0,1,1,NA,2,061,I-210 W/B FROM WHEATLAND AVE.,WHEATLAND AVE.,500,W,N,A,-,Y,NA,NA,210,NA,NA,NA,R,NA,W,Y,4,0,1,2,A,-,03,22350,NA,N,C,C,A,A,H,-,A,A,0,NA,NA,NA,NA,Y,NA,D,22,0,0,1,0,0,0,0,0,0,-,-,34.27272033691406,-118.3545379638672,LOS ANGELES,LOS ANGELES,-118.3545379638672,34.27272033691406
91473331,2021,2021-05-14,9575,2021-05-06,1425,020711,NA,4,2,7,1942,0,1,1,NA,2,050,I-5 S/B (GOLDEN STATE FREEWAY),SR-134 W/B U/C,300,S,N,A,-,Y,NA,NA,5,NA,NA,NA,NA,NA,S,N,4,0,1,3,A,-,07,21658,A,M,C,C,A,A,H,-,A,D,0,NA,NA,NA,Y,Y,NA,-,99,0,0,1,0,0,0,0,0,0,-,-,34.15476989746094,-118.28874969482422,LOS ANGELES,LOS ANGELES,-118.28871154785156,34.15481948852539
91473360,2021,2021-05-14,9525,2021-05-07,0225,020891,NA,5,3,6,1975,0,1,1,NA,2,105,I-10 W/B (SAN BERNARDINO FWY),VIA VERDE AVE,1584,W,N,B,-,Y,NA,NA,NA,NA,NA,NA,NA,NA,NA,Y,4,0,1,3,A,-,03,22350,NA,N,C,C,A,A,D,E,C,D,0,NA,NA,NA,NA,Y,NA,A,01,0,0,1,0,0,0,0,0,0,-,-,34.0684700012207,-117.85057067871094,LOS ANGELES,WEST COVINA,-117.85630798339844,34.06848907470703
91473372,2021,2021-05-27,9580,2021-05-13,1438,018583,NA,4,2,3,1989,0,1,2,NA,2,107,US-101 SOUTHBOUND (VENTURA FREEWAY),MUREAU ROAD,1056,N,N,A,-,Y,NA,NA,101,NA,NA,NA,NA,NA,S,Y,4,0,1,3,A,-,03,22350,NA,N,-,C,A,A,H,-,A,D,0,NA,NA,NA,NA,Y,NA,A,07,0,0,1,0,0,0,0,0,0,-,-,34.14923858642578,-118.66976165771484,LOS ANGELES,CALABASAS,-118.66976165771484,34.14920425415039