CASE_ID,ACCIDENT_YEAR,PROC_DATE,JURIS,COLLISION_DATE,COLLISION_TIME,OFFICER_ID,REPORTING_DISTRICT,DAY_OF_WEEK,CHP_SHIFT,POPULATION,CNTY_CITY_LOC,SPECIAL_COND,BEAT_TYPE,CHP_BEAT_TYPE,CITY_DIVISION_LAPD,CHP_BEAT_CLASS,BEAT_NUMBER,PRIMARY_RD,SECONDARY_RD,DISTANCE,DIRECTION,INTERSECTION,WEATHER_1,WEATHER_2,STATE_HWY_IND,CALTRANS_COUNTY,CALTRANS_DISTRICT,STATE_ROUTE,ROUTE_SUFFIX,POSTMILE_PREFIX,POSTMILE,LOCATION_TYPE,RAMP_INTERSECTION,SIDE_OF_HWY,TOW_AWAY,COLLISION_SEVERITY,NUMBER_KILLED,NUMBER_INJURED,PARTY_COUNT,PRIMARY_COLL_FACTOR,PCF_CODE_OF_VIOL,PCF_VIOL_CATEGORY,PCF_VIOLATION,PCF_VIOL_SUBSECTION,HIT_AND_RUN,TYPE_OF_COLLISION,MVIW,PED_ACTION,ROAD_SURFACE,ROAD_COND_1,ROAD_COND_2,LIGHTING,CONTROL_DEVICE,CHP_ROAD_TYPE,PEDESTRIAN_ACCIDENT,BICYCLE_ACCIDENT,MOTORCYCLE_ACCIDENT,TRUCK_ACCIDENT,NOT_PRIVATE_PROPERTY,ALCOHOL_INVOLVED,STWD_VEHTYPE_AT_FAULT,CHP_VEHTYPE_AT_FAULT,COUNT_SEVERE_INJ,COUNT_VISIBLE_INJ,COUNT_COMPLAINT_PAIN,COUNT_PED_KILLED,COUNT_PED_INJURED,COUNT_BICYCLIST_KILLED,COUNT_BICYCLIST_INJURED,COUNT_MC_KILLED,COUNT_MC_INJURED,PRIMARY_RAMP,SECONDARY_RAMP,LATITUDE,LONGITUDE,COUNTY,CITY,POINT_X,POINT_Y
91476297,2021,2021-05-19,9530,2021-05-08,1740,022453,NA,6,2,7,1941,0,1,3,NA,2,320,SR-91 W/B TO I-710 N/B,SR-91,710,N,N,A,-,Y,NA,NA,91,NA,NA,NA,R,NA,W,Y,2,0,1,2,A,-,03,22350,NA,N,C,C,A,A,H,-,A,D,0,NA,NA,NA,NA,Y,NA,A,07,1,0,0,0,0,0,0,0,0,-,-,33.87825012207031,-118.19158172607422,LOS ANGELES,LONG BEACH,-118.19158172607422,33.87825012207031
91476298,2021,2021-05-19,9530,2021-05-08,2150,022302,NA,6,2,7,1941,0,1,3,NA,2,320,SR-91 E/B (ARTESIA FREEWAY),BUTLER AVE.,340,E,N,A,-,Y,NA,NA,91,NA,NA,NA,NA,NA,E,N,4,0,3,3,A,-,03,22350,NA,N,C,C,A,A,H,-,D,D,0,NA,NA,NA,NA,Y,NA,A,01,0,0,3,0,0,0,0,0,0,-,-,33.87416076660156,-118.19580841064452,LOS ANGELES,LONG BEACH,-118.19587707519533,33.87430953979492
91476315,2021,2021-05-19,9550,2021-04-06,1955,020974,NA,2,2,9,1900,0,2,4,NA,1,023,MULBERRY DRIVE EASTBOUND,PAINTER AVENUE,445,W,N,A,-,N,NA,NA,NA,NA,NA,NA,NA,NA,NA,Y,1,1,0,2,A,-,11,21954,A,N,G,B,D,A,H,-,C,D,0,Y,NA,NA,NA,Y,NA,N,60,0,0,0,1,0,0,0,0,0,-,-,33.95425033569336,-118.0440673828125,LOS ANGELES,UNINCORPORATED,-118.04395294189452,33.95417022705078
91476325,2021,2021-05-19,9565,2021-05-05,1348,022251,NA,3,1,7,1942,0,1,1,NA,2,010,I-105 W/B (CENTURY FREEWAY),SEPULVEDA BLVD,200,W,N,A,-,Y,NA,NA,105,NA,NA,NA,NA,NA,W,N,4,0,1,2,A,-,03,22350,NA,N,C,C,A,A,D,-,A,D,0,NA,NA,Y,NA,Y,NA,C,02,0,0,1,0,0,0,0,0,1,-,-,33.93128967285156,-118.3983917236328,LOS ANGELES,LOS ANGELES,-118.39839935302734,33.931602478027344
91476330,2021,2021-05-19,9565,2021-05-06,2325,021899,NA,4,3,5,1928,0,1,1,NA,2,012,I-105 E/B (CENTURY FWY),CRENSHAW BLVD,500,W,N,A,-,Y,NA,NA,105,NA,NA,NA,NA,NA,E,Y,4,0,1,1,A,-,08,22107,NA,N,E,I,A,A,H,-,C,D,0,NA,NA,NA,NA,Y,NA,A,01,0,0,1,0,0,0,0,0,0,-,-,33.927040100097656,-118.34023284912108,LOS ANGELES,HAWTHORNE,-118.34016418457033,33.9271354675293
91476348,2021,2021-05-19,9530,2021-05-08,1805,022421,NA,6,2,4,1939,0,1,1,NA,2,400,I-405 N/B (SAN DIEGO FREEWAY),REDONDO BEACH BLVD.,395,N,N,A,-,Y,NA,NA,405,NA,NA,NA,NA,NA,N,Y,3,0,1,3,A,-,08,22107,NA,N,E,I,A,A,H,-,A,D,0,NA,NA,Y,NA,Y,NA,A,01,0,1,0,0,0,0,0,0,1,-,-,33.877960205078125,-118.34583282470705,LOS ANGELES,LAWNDALE,-118.3457489013672,33.878021240234375
91476373,2021,2021-05-19,9535,2021-05-07,1820,022336,NA,5,2,6,1922,0,1,1,NA,2,401,I-10 (SAN BERNARDINO FREEWAY) W/B,RIO HONDO RIVER,150,E,N,A,-,Y,NA,NA,10,NA,NA,NA,NA,NA,W,N,4,0,2,2,A,-,04,21703,NA,N,C,C,A,A,H,-,A,D,0,NA,NA,NA,NA,Y,NA,A,07,0,0,2,0,0,0,0,0,0,-,-,34.07088088989258,-118.04849243164064,LOS ANGELES,EL MONTE,-118.04847717285156,34.07090759277344
91476376,2021,2021-05-19,9565,2021-05-07,1015,020239,NA,5,1,6,1933,0,1,1,NA,2,060,I-405 NORTHBOUND (SAN DIEGO FREEWAY),FLORENCE AVE,200,N,N,B,-,Y,NA,NA,405,NA,NA,NA,NA,NA,N,N,4,0,2,3,A,-,03,22350,NA,N,C,C,A,A,H,-,A,D,0,NA,NA,NA,NA,Y,NA,A,07,0,0,2,0,0,0,0,0,0,-,-,33.96430969238281,-118.3700714111328,LOS ANGELES,INGLEWOOD,-118.37002563476564,33.964324951171875
91476403,2021,2021-05-19,9545,2021-05-09,2240,021642,NA,7,3,6,1950,0,1,3,NA,2,021,SR-14 N/B TO AVE S,AVENUE S,340,S,N,A,-,Y,NA,NA,14,NA,NA,NA,R,NA,N,Y,4,0,1,1,A,-,03,22350,NA,N,E,I,A,A,H,-,D,D,0,NA,NA,NA,NA,Y,NA,A,07,0,0,1,0,0,0,0,0,0,-,-,34.556880950927734,-118.13197326660156,LOS ANGELES,PALMDALE,-118.13197326660156,34.556880950927734
91476430,2021,2021-05-19,9590,2021-05-08,1520,022493,NA,6,2,7,1942,0,1,2,NA,2,071,US-101 S/B (SANTA ANA FREEWAY),ALAMEDA ST,100,N,N,A,-,Y,NA,NA,101,NA,NA,NA,NA,NA,S,N,4,0,1,2,A,-,03,22350,NA,N,C,C,A,A,H,-,A,D,0,NA,NA,NA,NA,Y,NA,A,07,0,0,1,0,0,0,0,0,0,-,-,34.0543098449707,-118.23838043212892,LOS ANGELES,LOS ANGELES,-118.23834991455078,34.054359436035156
91476445,2021,2021-05-19,9530,2021-05-08,1618,022380,NA,6,2,7,1942,0,1,1,NA,2,120,I-110 N/B TO PACIFIC COAST HIGHWAY,PACIFIC COAST HWY.,350,S,N,A,-,Y,NA,NA,110,NA,NA,NA,R,NA,N,Y,3,0,1,1,A,-,01,23152,A,M,E,I,A,A,H,-,A,D,0,NA,NA,NA,NA,Y,Y,A,01,0,1,0,0,0,0,0,0,0,-,-,33.789520263671875,-118.2811279296875,LOS ANGELES,LOS ANGELES,-118.2811279296875,33.789520263671875
91476458,2021,2021-05-19,9530,2021-05-06,0220,021709,NA,4,3,5,1915,0,1,1,NA,2,210,I-105 E/B (GLENN ANDERSON FWY),LONG BEACH BLVD.,750,W,N,A,-,Y,NA,NA,NA,NA,NA,NA,NA,NA,NA,Y,4,0,1,1,A,-,08,22107,NA,N,E,I,A,A,H,-,C,D,0,NA,NA,NA,NA,Y,NA,A,01,0,0,1,0,0,0,0,0,0,-,-,33.925941467285156,-118.21279907226564,LOS ANGELES,COMPTON,-118.21051788330078,33.9249382019043
91476468,2021,2021-05-19,9525,2021-05-08,1545,021505,NA,6,2,9,1900,0,3,5,NA,2,002,GLADSTONE ST.,BARRANCA AVE,0,NA,Y,A,-,N,NA,NA,NA,NA,NA,NA,NA,NA,NA,Y,3,0,4,3,A,-,12,21453,A,N,D,C,A,A,H,-,A,A,0,NA,NA,NA,NA,Y,NA,A,07,0,4,0,0,0,0,0,0,0,-,-,34.11402893066406,-117.88137817382813,LOS ANGELES,UNINCORPORATED,-117.88146209716795,34.11406707763672
91476481,2021,2021-05-19,9530,2021-05-09,0135,021842,NA,7,3,7,1942,0,1,1,NA,2,110,I-110 S/B (HARBOR FREEWAY),117TH ST.,250,N,N,A,-,Y,NA,NA,110,NA,NA,NA,NA,NA,S,Y,3,0,1,1,A,-,01,23152,A,N,E,I,A,A,H,-,D,D,0,NA,NA,NA,NA,Y,Y,A,01,0,1,0,0,0,0,0,0,0,-,-,33.928131103515625,-118.28066253662108,LOS ANGELES,LOS ANGELES,-118.28118133544922,33.92816162109375
91476484,2021,2021-05-19,9530,2021-05-09,0717,018887,NA,7,1,9,1900,0,3,5,NA,2,006,SEPULVEDA BLVD. (800 BLOCK),VERMONT AVE.,200,E,N,A,-,N,NA,NA,NA,NA,NA,NA,NA,NA,NA,Y,3,0,1,2,A,-,07,21658,A,N,F,C,A,A,H,-,A,D,0,NA,NA,Y,NA,Y,NA,A,07,0,1,0,0,0,0,0,0,1,-,-,33.80982971191406,-118.28932189941406,LOS ANGELES,UNINCORPORATED,-118.2898178100586,33.80985641479492
91476494,2021,2021-05-19,9565,2021-05-09,2120,022423,NA,7,2,9,1900,0,3,5,NA,2,002,124TH ST,HALLDALE AVE,152,E,N,A,-,N,NA,NA,NA,NA,NA,NA,NA,NA,NA,Y,4,0,1,2,A,-,08,22107,NA,N,E,I,A,A,H,-,C,D,0,NA,NA,NA,NA,Y,NA,A,01,0,0,1,0,0,0,0,0,0,-,-,33.920310974121094,-118.30174255371094,LOS ANGELES,UNINCORPORATED,-118.30184936523438,33.920223236083984
91476545,2021,2021-05-19,9590,2021-05-08,2225,021823,NA,6,3,7,1942,0,1,1,NA,2,064,I-10 E/B (SANTA MONICA FREEWAY),SANTA FE AVE,100,W,N,A,-,Y,NA,NA,10,NA,NA,NA,NA,NA,E,N,4,0,1,2,A,-,03,22350,NA,N,C,C,A,A,H,-,C,D,0,NA,NA,NA,NA,Y,NA,A,01,0,0,1,0,0,0,0,0,0,-,-,34.028160095214844,-118.23043060302734,LOS ANGELES,LOS ANGELES,-118.23043060302734,34.02815246582031
91476552,2021,2021-05-27,9550,2021-05-14,1710,021742,NA,5,2,5,1976,0,1,1,NA,2,650,I-605 SOUTHBOUND,THE BEXLEY DRIVE UNDERCROSSING,50,S,N,A,-,Y,NA,NA,NA,NA,NA,NA,NA,NA,NA,Y,4,0,1,2,A,-,03,22350,NA,N,C,C,A,A,H,-,A,D,0,NA,NA,NA,NA,Y,NA,A,01,0,0,1,0,0,0,0,0,0,-,-,33.98793029785156,-118.07083892822266,LOS ANGELES,WHITTIER,NA,NA
91476554,2021,2021-05-19,9545,2021-05-09,1839,021814,NA,7,2,6,1950,0,1,3,NA,2,021,SR-14 N/B,AVENUE M,1275,S,N,A,-,Y,NA,NA,14,NA,NA,NA,NA,NA,N,Y,4,0,1,1,A,-,01,23152,A,N,E,I,A,A,H,-,A,D,0,NA,NA,NA,NA,Y,Y,A,01,0,0,1,0,0,0,0,0,0,-,-,34.642181396484375,-118.15322113037108,LOS ANGELES,PALMDALE,-118.1530532836914,34.642181396484375
91476560,2021,2021-05-27,9580,2021-05-16,1025,022550,NA,7,1,7,1942,0,1,1,NA,2,404,I-405 N/B (SAN DIEGO FREEWAY),US-101 S/B (VENTURA FREEWAY),528,N,N,B,-,Y,NA,NA,405,NA,NA,NA,NA,NA,N,Y,4,0,2,4,A,-,03,22350,NA,M,C,C,A,A,H,-,A,D,0,NA,NA,NA,NA,Y,NA,-,99,0,0,2,0,0,0,0,0,0,-,-,34.15834045410156,-118.4692611694336,LOS ANGELES,LOS ANGELES,-118.4692840576172,34.1583366394043
91476567,2021,2021-05-19,9535,2021-05-08,0520,022100,NA,6,3,5,1906,0,1,1,NA,2,400,I-10 (SAN BERNARDINO FREEWAY) E/B,I-605,535,W,N,B,-,Y,NA,NA,10,NA,NA,NA,NA,NA,E,Y,3,0,2,2,A,-,03,22350,NA,N,C,C,A,A,D,-,B,A,0,NA,NA,NA,NA,Y,NA,A,01,0,2,0,0,0,0,0,0,0,-,-,34.06473922729492,-118.0019989013672,LOS ANGELES,BALDWIN PARK,-118.0019989013672,34.06475830078125
91476573,2021,2021-05-19,9545,2021-05-10,0905,020244,NA,1,1,9,1900,0,1,3,NA,2,031,SR-14 N/B,SIERRA HWY O/C,2000,N,N,A,-,Y,NA,NA,14,NA,NA,NA,NA,NA,N,Y,4,0,1,1,A,-,08,22107,NA,N,E,I,A,A,H,-,A,D,0,NA,NA,NA,NA,Y,NA,A,01,0,0,1,0,0,0,0,0,0,-,-,34.491981506347656,-118.20716857910156,LOS ANGELES,UNINCORPORATED,-118.20720672607422,34.49188232421875
91476587,2021,2021-05-27,9550,2021-05-14,1930,020948,NA,5,2,3,1964,0,1,1,NA,2,651,INTERSTATE 605 (SAN GABRIEL RIVER FREEWAY),FIRESTONE BOULEVARD,2000,N,N,A,-,Y,NA,NA,NA,NA,NA,NA,NA,NA,NA,N,4,0,1,2,A,-,08,22107,NA,N,C,C,A,A,H,-,A,D,0,NA,NA,NA,NA,Y,NA,A,01,0,0,1,0,0,0,0,0,0,-,-,33.930328369140625,-118.1022491455078,LOS ANGELES,SANTA FE SPRINGS,-118.10225677490234,33.9300537109375
91476596,2021,2021-05-19,9535,2021-05-08,0930,022259,NA,6,1,9,1900,0,3,5,NA,2,001,1685 N. EASTERN AVE.,EASTERN AVE.,45,W,N,A,-,N,NA,NA,NA,NA,NA,NA,NA,NA,NA,N,4,0,1,2,A,-,08,22107,NA,N,G,B,F,A,H,-,A,D,0,Y,NA,NA,NA,Y,NA,D,22,0,0,1,0,1,0,0,0,0,-,-,34.061100006103516,-118.17430877685548,LOS ANGELES,UNINCORPORATED,-118.178955078125,34.061981201171875
91476608,2021,2021-05-19,9535,2021-05-08,1110,022159,NA,6,1,6,1922,0,1,1,NA,2,401,I-10 (SAN BERNARDINO FREEWAY) W/B,SANTA ANITA AVE.,1480,W,N,A,-,Y,NA,NA,10,NA,NA,NA,NA,NA,W,Y,4,0,1,3,A,-,03,22350,NA,N,C,C,A,A,H,-,A,D,0,NA,NA,NA,NA,Y,NA,A,08,0,0,1,0,0,0,0,0,0,-,-,34.07025146484375,-118.04688262939452,LOS ANGELES,EL MONTE,-118.04689025878906,34.07022476196289
91476645,2021,2021-05-19,9535,2021-05-09,0535,022159,NA,7,3,5,1948,0,1,1,NA,2,421,I-10 (SAN BERNARDINO FREEWAY) W/B,I-710 (LONG BEACH FREEWAY) N/B,1740,E,N,A,-,Y,NA,NA,10,NA,NA,NA,NA,NA,W,Y,4,0,1,1,A,-,03,22350,NA,N,E,I,A,A,H,-,B,D,0,NA,NA,NA,NA,Y,Y,A,01,0,0,1,0,0,0,0,0,0,-,-,34.063961029052734,-118.15997314453124,LOS ANGELES,MONTEREY PARK,-118.15999603271484,34.06403350830078
91476651,2021,2021-05-19,9545,2021-05-10,0950,020244,NA,1,1,9,1900,0,3,5,NA,2,002,SIERRA HWY,ANGELES FOREST HWY,925,N,N,A,-,N,NA,NA,NA,NA,NA,NA,NA,NA,NA,Y,3,0,2,2,A,-,09,21801,A,N,D,C,A,A,H,-,A,D,0,NA,NA,NA,NA,Y,NA,A,08,0,2,0,0,0,0,0,0,0,-,-,34.511329650878906,-118.10962677001952,LOS ANGELES,UNINCORPORATED,-118.10951995849608,34.511356353759766
91476671,2021,2021-05-19,9545,2021-05-10,0615,020244,NA,1,1,9,1900,0,1,3,NA,2,031,SR-14 S/B,CROWN VALLEY RD,300,S,N,B,-,Y,NA,NA,14,NA,NA,NA,NA,NA,S,N,4,0,1,2,A,-,07,21658,A,N,B,C,A,A,H,-,B,D,0,NA,NA,NA,NA,Y,NA,A,01,0,0,1,0,0,0,0,0,0,-,-,34.491798400878906,-118.1990966796875,LOS ANGELES,UNINCORPORATED,-118.19910430908205,34.49182891845703
91476677,2021,2021-05-27,9550,2021-05-16,0250,021986,NA,7,3,9,1900,0,1,3,NA,2,600,STATE ROUTE 60 E/B,CROSSROADS PARKWAY,1580,E,N,B,-,Y,NA,NA,60,NA,NA,NA,NA,NA,E,Y,3,0,1,1,A,-,01,23152,A,N,E,I,A,A,H,-,D,D,0,NA,NA,NA,NA,Y,Y,A,01,0,1,0,0,0,0,0,0,0,-,-,34.02885055541992,-118.00824737548828,LOS ANGELES,UNINCORPORATED,-118.00824737548828,34.02899932861328
91476733,2021,2021-05-19,9530,2021-05-09,0136,021871,NA,7,3,7,1942,0,1,1,NA,2,110,I-110 N/B (HARBOR FREEWAY),I-105 E/B (GLENN ANDERSON FWY),100,S,N,A,-,Y,NA,NA,110,NA,NA,NA,NA,NA,N,N,3,0,1,1,A,-,03,22350,NA,N,F,A,A,A,H,-,C,D,0,NA,NA,Y,NA,Y,NA,C,02,0,1,0,0,0,0,0,0,1,-,-,33.9280891418457,-118.28058624267578,LOS ANGELES,LOS ANGELES,-118.28065490722656,33.928104400634766
91476742,2021,2021-05-19,9590,2021-05-09,1640,022304,NA,7,2,7,1942,0,1,1,NA,2,051,I-110 S/B (HARBOR FREEWAY),60TH STREET,150,S,N,A,-,Y,NA,NA,110,NA,NA,NA,NA,NA,S,N,3,0,1,2,A,-,03,22350,NA,N,C,C,A,A,H,-,A,D,0,NA,NA,NA,NA,Y,NA,A,01,0,1,0,0,0,0,0,0,0,-,-,33.98469161987305,-118.28079223632813,LOS ANGELES,LOS ANGELES,-118.28062438964844,33.98468780517578
91476749,2021,2021-05-19,9565,2021-05-08,1550,021473,NA,6,2,7,1942,0,1,1,NA,2,062,I-405 S/B (SAN DIEGO FWY),I-10,500,S,N,A,-,Y,NA,NA,NA,NA,NA,NA,NA,NA,NA,Y,4,0,2,3,C,-,18,NA,NA,N,C,C,A,A,H,-,A,D,0,NA,NA,NA,NA,Y,NA,-,-,0,0,2,0,0,0,0,0,0,-,-,33.029048919677734,-118.43238067626952,LOS ANGELES,LOS ANGELES,-118.43267822265624,34.030029296875
91476758,2021,2021-05-27,9550,2021-05-16,1030,021977,NA,7,1,5,1919,0,1,3,NA,2,092,STATE ROUTE 91 EASTBOUND,BLOOMFIELD AVENUE,500,W,N,B,C,Y,NA,NA,NA,NA,NA,NA,NA,NA,NA,Y,4,0,2,2,A,-,07,21658,A,N,B,C,A,B,H,-,A,D,0,NA,NA,NA,NA,Y,NA,A,07,0,0,2,0,0,0,0,0,0,-,-,33.52330017089844,-118.03549957275392,LOS ANGELES,CERRITOS,-118.06536865234376,33.875850677490234
91476785,2021,2021-05-27,9525,2021-05-14,1915,020370,NA,5,2,6,1955,0,1,3,NA,2,606,SR-60 E/B (POMONA FWY),GAREY AVE.,100,E,N,A,-,Y,NA,NA,60,NA,NA,NA,NA,NA,E,N,3,0,1,2,A,-,07,21658,A,N,B,C,A,A,H,-,A,D,0,NA,NA,NA,NA,Y,NA,A,01,0,1,0,0,0,0,0,0,0,-,-,34.023460388183594,-117.74610900878906,LOS ANGELES,POMONA,-117.7461166381836,34.02350997924805
91476786,2021,2021-05-27,9525,2021-05-14,2130,022521,NA,5,2,9,1900,0,2,4,NA,2,045,VALLEY BLVD. (BLOCK 14800),8TH AVE.,0,NA,Y,A,-,N,NA,NA,NA,NA,NA,NA,NA,NA,NA,Y,3,0,2,2,A,-,09,21802,A,N,D,C,A,A,H,-,C,A,0,NA,NA,NA,NA,Y,NA,A,01,0,1,1,0,0,0,0,0,0,-,-,34.03239822387695,-117.9713134765625,LOS ANGELES,UNINCORPORATED,-117.97126007080078,34.0324821472168
91476820,2021,2021-05-19,9575,2021-05-09,1145,022582,NA,7,1,9,1900,0,1,3,NA,2,300,SR-2 (ANGELES CREST HIGHWAY),GEORGES GAP (TURNOUT),3168,W,N,A,-,Y,NA,NA,2,NA,NA,NA,NA,NA,NA,Y,3,0,1,2,A,-,03,22350,NA,N,C,C,A,A,H,-,A,D,0,NA,NA,NA,NA,Y,NA,A,01,0,1,0,0,0,0,0,0,0,-,-,34.26435852050781,-118.17414855957033,LOS ANGELES,UNINCORPORATED,-118.1740493774414,34.26435852050781
91476821,2021,2021-05-27,9525,2021-05-18,0950,016252,NA,2,1,6,1955,0,1,3,NA,2,072,SR-71 N/B (CORONA FREEWAY),SR-60,1056,N,N,B,-,Y,NA,NA,71,NA,NA,NA,NA,NA,N,Y,3,0,3,2,A,-,08,22107,NA,N,B,C,A,A,H,-,A,D,0,NA,NA,NA,NA,Y,NA,A,01,0,3,0,0,0,0,0,0,0,-,-,34.02790069580078,-117.75382995605467,LOS ANGELES,POMONA,-117.7538833618164,34.02783966064453
91476838,2021,2021-05-27,9525,2021-05-14,1605,021443,NA,5,2,6,1975,0,1,1,NA,2,103,I-10 W/B (SAN BERNARDINO FREEWAY),SUNSET AVE.,1000,E,N,A,-,Y,NA,NA,10,NA,NA,NA,NA,NA,W,Y,4,0,1,3,A,-,03,22350,NA,N,C,C,A,A,H,-,A,D,0,NA,NA,NA,NA,Y,NA,A,01,0,0,1,0,0,0,0,0,0,-,-,34.072479248046875,-117.93192291259766,LOS ANGELES,WEST COVINA,-117.93192291259766,34.072486877441406
91476851,2021,2021-05-19,9530,2021-05-09,1552,022132,NA,7,2,5,1977,0,1,1,NA,2,410,I-405 N/B (SAN DIEGO FREEWAY),I-110,220,N,N,A,-,Y,NA,NA,405,NA,NA,NA,NA,NA,N,N,4,0,1,2,A,-,07,21658,A,N,C,C,A,A,H,-,A,D,0,NA,NA,NA,NA,Y,NA,A,01,0,0,1,0,0,0,0,0,0,-,-,33.85749053955078,-118.28555297851564,LOS ANGELES,CARSON,-118.2855224609375,33.85753631591797
91476852,2021,2021-05-27,9525,2021-05-18,1610,019264,NA,2,2,1,1934,0,1,1,NA,2,652,I-605 N/B (SAN GABRIEL RIVER FWY),I-210,4224,S,N,A,-,Y,NA,NA,605,NA,NA,NA,NA,NA,N,N,4,0,1,2,A,-,03,22350,NA,N,C,C,A,A,H,-,A,D,0,NA,NA,NA,NA,Y,NA,E,22,0,0,1,0,0,0,0,0,0,-,-,34.124229431152344,-117.96617126464844,LOS ANGELES,IRWINDALE,-117.96619415283205,34.12425231933594
91476861,2021,2021-05-27,9550,2021-05-17,1430,022012,NA,1,2,9,1900,0,2,4,NA,1,051,FULLERTON ROAD N/B,LOS PALACIOS DRIVE,30,N,N,A,-,N,NA,NA,NA,NA,NA,NA,NA,NA,NA,Y,4,0,1,4,A,-,03,22350,NA,N,C,C,A,A,H,-,A,D,0,NA,NA,NA,NA,Y,NA,I,11,0,0,1,0,0,0,0,0,0,-,-,33.991119384765625,-117.90537261962892,LOS ANGELES,UNINCORPORATED,-117.90544891357422,33.99102020263672
91476895,2021,2021-05-19,9535,2021-05-09,0720,022259,NA,7,1,9,1900,0,3,5,NA,2,001,BLANCHARD ST. (3100 BLOCK),ALMA AVE.,142,W,N,A,-,N,NA,NA,NA,NA,NA,NA,NA,NA,NA,N,2,0,1,2,A,-,21,22106,NA,F,G,B,E,A,H,-,B,D,0,Y,NA,NA,NA,Y,NA,D,22,1,0,0,0,1,0,0,0,0,-,-,34.0460205078125,-118.19246673583984,LOS ANGELES,UNINCORPORATED,-118.1924057006836,34.046051025390625
91476904,2021,2021-05-19,9535,2021-05-07,1740,021308,NA,5,2,3,1914,0,1,1,NA,2,501,I-5 S/B (SANTA ANA FWY),SLAUSON AVE,1056,N,N,A,-,Y,NA,NA,5,NA,NA,NA,NA,NA,S,Y,4,0,1,2,A,-,07,21658,A,N,B,C,A,A,H,-,A,D,0,NA,NA,Y,NA,Y,NA,A,07,0,0,1,0,0,0,0,0,1,-,-,33.97943878173828,-118.1285400390625,LOS ANGELES,COMMERCE,-118.12854766845705,33.979434967041016
91476929,2021,2021-05-19,9535,2021-05-08,1830,022336,NA,6,2,5,1901,0,1,1,NA,2,421,I-10 (SAN BERNARDINO FREEWAY) W/B,ATLANTIC BLVD,882,E,N,A,-,Y,NA,NA,10,NA,NA,NA,NA,NA,W,Y,3,0,2,4,A,-,03,22350,NA,N,C,C,A,A,H,-,A,D,0,NA,NA,NA,NA,Y,NA,A,01,0,2,0,0,0,0,0,0,0,-,-,34.071678161621094,-118.13140869140624,LOS ANGELES,ALHAMBRA,-118.13140869140624,34.07170867919922
91477158,2021,2021-05-20,9565,2021-05-07,1555,021678,NA,5,2,9,1900,0,1,1,NA,2,012,I-105 E/B (CENTURY FREEWAY),WESTERN AVE.,500,W,N,A,-,Y,NA,NA,105,NA,NA,NA,NA,NA,E,Y,3,0,1,2,A,-,03,22350,NA,N,C,C,A,A,H,-,A,D,0,NA,NA,Y,NA,Y,NA,C,02,0,1,0,0,0,0,0,0,1,-,-,33.92538070678711,-118.31063079833984,LOS ANGELES,UNINCORPORATED,-118.31062316894533,33.92531967163086
91477163,2021,2021-05-20,9565,2021-05-08,0645,017060,NA,6,1,9,1900,0,1,1,NA,2,060,I-405 S/B TO I-105 E/B,IMPERIAL HIGHWAY,100,S,N,A,-,Y,NA,NA,NA,NA,NA,NA,NA,NA,NA,Y,4,0,1,2,A,-,03,22350,NA,N,C,C,A,A,H,-,A,D,0,NA,NA,NA,NA,Y,NA,A,07,0,0,1,0,0,0,0,0,0,-,-,33.92998123168945,-118.3636474609375,LOS ANGELES,UNINCORPORATED,-118.36849975585938,33.93055725097656
91477640,2021,2021-05-27,9580,2021-05-17,1030,018718,NA,1,1,7,1942,0,1,2,NA,2,103,US-101 S/B (VENTURA FREEWAY) TO HASKELL AVE.,HASKELL AVE.,155,S,N,B,-,Y,NA,NA,101,NA,NA,NA,R,NA,S,Y,3,0,1,1,A,-,07,21658,A,N,E,I,A,A,H,-,A,D,0,NA,NA,NA,NA,Y,NA,A,01,0,1,0,0,0,0,0,0,0,-,-,34.16469955444336,-118.47435760498048,LOS ANGELES,LOS ANGELES,-118.47435760498048,34.16469955444336
91477644,2021,2021-05-27,9580,2021-05-18,1620,021291,NA,2,2,7,1942,0,1,1,NA,2,407,I-405 S/B (SAN DIEGO FWY),PLUMMER ST,50,S,N,A,-,Y,NA,NA,405,NA,NA,NA,NA,NA,S,Y,4,0,3,3,A,-,03,22350,NA,N,C,C,A,A,H,-,A,D,0,NA,NA,NA,NA,Y,NA,A,01,0,0,3,0,0,0,0,0,0,-,-,34.24264144897461,-118.47315216064452,LOS ANGELES,LOS ANGELES,-118.47311401367188,34.24264144897461
91477655,2021,2021-05-20,9530,2021-05-10,1350,022586,NA,1,1,9,1900,0,3,5,NA,2,001,NADEAU ST.,MIRAMONTE BLVD.,0,NA,Y,A,-,N,NA,NA,NA,NA,NA,NA,NA,NA,NA,N,4,0,1,2,A,-,09,21802,A,N,D,C,A,A,H,-,A,A,0,NA,NA,NA,NA,Y,NA,A,01,0,0,1,0,0,0,0,0,0,-,-,33.967430114746094,-118.24549102783205,LOS ANGELES,UNINCORPORATED,-118.2460708618164,33.96744155883789
91477665,2021,2021-05-20,9590,2021-05-10,1340,022497,NA,1,1,7,1942,0,1,1,NA,2,062,I-10 E/B (SANTA MONICA FREEWAY),VERMONT AVENUE,500,E,N,B,-,Y,NA,NA,10,NA,NA,NA,NA,NA,E,N,4,0,1,2,A,-,03,22350,NA,M,C,C,A,A,H,-,A,D,0,NA,NA,NA,NA,Y,NA,-,99,0,0,1,0,0,0,0,0,0,-,-,34.03681945800781,-118.29084014892578,LOS ANGELES,LOS ANGELES,-118.29084014892578,34.03683090209961