CASE_ID,ACCIDENT_YEAR,PROC_DATE,JURIS,COLLISION_DATE,COLLISION_TIME,OFFICER_ID,REPORTING_DISTRICT,DAY_OF_WEEK,CHP_SHIFT,POPULATION,CNTY_CITY_LOC,SPECIAL_COND,BEAT_TYPE,CHP_BEAT_TYPE,CITY_DIVISION_LAPD,CHP_BEAT_CLASS,BEAT_NUMBER,PRIMARY_RD,SECONDARY_RD,DISTANCE,DIRECTION,INTERSECTION,WEATHER_1,WEATHER_2,STATE_HWY_IND,CALTRANS_COUNTY,CALTRANS_DISTRICT,STATE_ROUTE,ROUTE_SUFFIX,POSTMILE_PREFIX,POSTMILE,LOCATION_TYPE,RAMP_INTERSECTION,SIDE_OF_HWY,TOW_AWAY,COLLISION_SEVERITY,NUMBER_KILLED,NUMBER_INJURED,PARTY_COUNT,PRIMARY_COLL_FACTOR,PCF_CODE_OF_VIOL,PCF_VIOL_CATEGORY,PCF_VIOLATION,PCF_VIOL_SUBSECTION,HIT_AND_RUN,TYPE_OF_COLLISION,MVIW,PED_ACTION,ROAD_SURFACE,ROAD_COND_1,ROAD_COND_2,LIGHTING,CONTROL_DEVICE,CHP_ROAD_TYPE,PEDESTRIAN_ACCIDENT,BICYCLE_ACCIDENT,MOTORCYCLE_ACCIDENT,TRUCK_ACCIDENT,NOT_PRIVATE_PROPERTY,ALCOHOL_INVOLVED,STWD_VEHTYPE_AT_FAULT,CHP_VEHTYPE_AT_FAULT,COUNT_SEVERE_INJ,COUNT_VISIBLE_INJ,COUNT_COMPLAINT_PAIN,COUNT_PED_KILLED,COUNT_PED_INJURED,COUNT_BICYCLIST_KILLED,COUNT_BICYCLIST_INJURED,COUNT_MC_KILLED,COUNT_MC_INJURED,PRIMARY_RAMP,SECONDARY_RAMP,LATITUDE,LONGITUDE,COUNTY,CITY,POINT_X,POINT_Y
91488694,2021,2021-06-03,9590,2021-05-11,1530,021757,NA,2,2,7,1942,0,1,1,NA,2,050,I-110 N/B (HARBOR FREEWAY),37TH ST,150,N,N,A,-,Y,NA,NA,110,NA,NA,NA,NA,NA,N,Y,4,0,1,2,A,-,03,22350,NA,N,C,C,A,A,H,-,A,D,0,NA,NA,NA,NA,Y,NA,A,01,0,0,1,0,0,0,0,0,0,-,-,34.017799377441406,-118.27967071533205,LOS ANGELES,LOS ANGELES,-118.27992248535156,34.017921447753906
91488723,2021,2021-06-03,9580,2021-06-03,0955,016413,NA,4,1,7,1942,0,1,2,NA,2,102,US-101 N/B (VENTURA FREEWAY),HAYVENHURST AVE,1056,S,N,A,-,Y,NA,NA,101,NA,NA,NA,NA,NA,N,N,4,0,1,3,A,-,03,22350,NA,N,C,C,A,A,H,-,A,D,0,NA,NA,NA,NA,Y,NA,A,01,0,0,1,0,0,0,0,0,0,-,-,34.16572952270508,-118.4844207763672,LOS ANGELES,LOS ANGELES,-118.48441314697266,34.165367126464844
91488734,2021,2021-06-03,9530,2021-05-24,0635,019412,NA,1,1,5,1977,0,1,3,NA,2,310,SR-91 W/B (ARTESIA FREEWAY),MAIN ST.,900,E,N,A,-,Y,NA,NA,91,NA,NA,NA,NA,NA,W,Y,3,0,1,2,A,-,07,21658,A,N,B,C,A,A,H,-,A,D,0,NA,NA,Y,NA,Y,NA,A,01,0,1,0,0,0,0,0,0,1,-,-,33.872718811035156,-118.27037048339844,LOS ANGELES,CARSON,-118.27037048339844,33.87273406982422
91488740,2021,2021-06-03,9430,2021-05-30,1340,018631,NA,7,1,9,1900,0,1,1,NA,2,051,I-5 N/B,TEJON PASS ROAD OVERCROSSING,601,S,N,A,-,Y,NA,NA,5,NA,NA,NA,NA,NA,N,Y,3,0,2,1,A,-,08,22107,NA,N,E,I,A,A,H,-,A,D,0,NA,NA,NA,NA,Y,NA,A,07,0,2,0,0,0,0,0,0,0,-,-,34.801849365234375,-118.87539672851564,LOS ANGELES,UNINCORPORATED,-118.87545776367188,34.80177688598633
91488760,2021,2021-06-03,9530,2021-05-23,1940,022421,NA,7,2,7,1942,0,1,1,NA,2,110,I-110 SOUTHBOUND,REDONDO BEACH BLVD.,887,S,N,A,-,Y,NA,NA,110,NA,NA,NA,NA,NA,S,Y,4,0,2,1,A,-,08,22107,NA,N,E,I,A,A,H,-,A,D,0,NA,NA,NA,NA,Y,NA,A,01,0,0,2,0,0,0,0,0,0,-,-,33.89011001586914,-118.2856216430664,LOS ANGELES,LOS ANGELES,-118.28572082519533,33.890106201171875
91488764,2021,2021-06-03,9530,2021-05-22,1720,022585,NA,6,2,9,1900,0,3,5,NA,2,001,BANDERA AVE.,88TH ST,0,NA,Y,A,-,N,NA,NA,NA,NA,NA,NA,NA,NA,NA,N,3,0,1,2,A,-,09,21802,A,N,D,C,A,A,H,-,A,D,0,NA,NA,NA,NA,Y,NA,A,01,0,1,0,0,0,0,0,0,0,-,-,33.95695877075195,-118.23970794677734,LOS ANGELES,UNINCORPORATED,-118.2397003173828,33.956947326660156
91488787,2021,2021-06-03,9550,2021-05-28,2130,022430,NA,5,2,3,1964,0,1,1,NA,2,500,I-5 NORTHBOUND,I-605,360,N,N,A,-,Y,NA,NA,5,NA,NA,NA,NA,NA,N,Y,4,0,4,2,A,-,03,22350,NA,N,C,C,A,A,H,-,C,D,0,NA,NA,NA,NA,Y,NA,A,01,0,0,4,0,0,0,0,0,0,-,-,33.942588806152344,-118.09731292724608,LOS ANGELES,SANTA FE SPRINGS,-118.09742736816406,33.94251251220703
91488788,2021,2021-06-03,9530,2021-05-22,1737,022132,NA,6,2,9,1900,0,1,1,NA,2,430,I-405 N/B (SAN DIEGO FREEWAY),CLARK AVE.,110,N,N,A,-,Y,NA,NA,NA,NA,NA,NA,NA,NA,NA,Y,4,0,1,3,A,-,07,21658,A,N,B,C,A,A,H,-,A,D,0,NA,NA,NA,NA,Y,NA,D,22,0,0,1,0,0,0,0,0,0,-,-,33.803001403808594,-118.13453674316406,LOS ANGELES,UNINCORPORATED,-118.13394165039064,33.80290985107422
91488808,2021,2021-06-03,9550,2021-05-27,1329,022391,NA,4,1,9,1900,0,1,3,NA,2,601,SR-60 WESTBOUND,AZUSA AVENUE,1584,E,N,A,-,Y,NA,NA,NA,NA,NA,NA,NA,NA,NA,Y,4,0,1,5,A,-,08,22107,NA,N,B,C,A,A,H,-,A,D,0,NA,NA,NA,NA,Y,NA,D,22,0,0,1,0,0,0,0,0,0,-,-,33.99644088745117,-117.9259033203125,LOS ANGELES,UNINCORPORATED,-117.92623901367188,33.99641799926758
91488826,2021,2021-06-03,9525,2021-05-14,0135,019890,NA,5,3,9,1900,0,3,5,NA,2,005,SHINN RD.,MT BALDY RD.,1056,E,N,A,-,N,NA,NA,NA,NA,NA,NA,NA,NA,NA,Y,3,0,1,1,A,-,01,23152,A,N,E,I,A,A,H,-,A,D,0,NA,NA,NA,NA,Y,Y,A,01,0,1,0,0,0,0,0,0,0,-,-,34.17607116699219,-117.67598724365234,LOS ANGELES,UNINCORPORATED,-117.67643737792967,34.175540924072266
91488859,2021,2021-06-03,9545,2021-06-01,1755,021569,NA,2,2,9,1900,0,1,3,NA,2,011,SR-14 14 N/B,AVENUE K-8,144,N,N,A,-,Y,NA,NA,NA,NA,NA,NA,NA,NA,NA,Y,3,0,1,1,A,-,08,22107,NA,N,E,I,A,A,H,-,A,D,0,NA,NA,NA,NA,Y,NA,A,01,0,1,0,0,0,0,0,0,0,-,-,34.66857147216797,-118.15325164794922,LOS ANGELES,UNINCORPORATED,-118.1533203125,34.66795349121094
91488860,2021,2021-06-03,9550,2021-05-24,1620,022600,NA,1,2,9,1900,0,3,5,NA,2,002,ARROYO DRIVE,MIDCREST DRIVE,60,S,N,A,-,N,NA,NA,NA,NA,NA,NA,NA,NA,NA,Y,3,0,1,2,A,-,08,22107,NA,N,C,E,A,A,H,-,A,D,0,NA,NA,NA,NA,Y,NA,D,22,0,1,0,0,0,0,0,0,0,-,-,33.931758880615234,-118.01576232910156,LOS ANGELES,UNINCORPORATED,-118.0156707763672,33.931785583496094
91488871,2021,2021-06-03,9545,2021-05-25,2146,021819,NA,2,2,9,1900,0,3,5,NA,2,003,SOLEDAD CANYON RD,SYRACUSE AVENUE,760,W,N,A,-,N,NA,NA,NA,NA,NA,NA,NA,NA,NA,Y,3,0,1,1,A,-,01,23152,F,N,E,J,A,A,H,-,D,D,0,NA,NA,NA,NA,Y,NA,A,01,0,1,0,0,0,0,0,0,0,-,-,34.47119140625,-118.19011688232422,LOS ANGELES,UNINCORPORATED,-118.19007110595705,34.47113800048828
91488875,2021,2021-06-03,9550,2021-05-28,1920,022391,NA,5,2,9,1900,0,2,4,NA,1,031,HACIENDA BOULEVARD,SHADYBEND DRIVE,0,NA,Y,A,-,N,NA,NA,NA,NA,NA,NA,NA,NA,NA,Y,4,0,3,2,A,-,09,21801,A,N,D,C,A,A,H,-,A,D,0,NA,NA,NA,NA,Y,NA,D,22,0,0,3,0,0,0,0,0,0,-,-,34.00931930541992,-117.96337890625,LOS ANGELES,UNINCORPORATED,-117.96355438232422,34.00935363769531
91488892,2021,2021-06-03,9530,2021-05-24,0345,021582,NA,1,3,7,1942,0,1,1,NA,2,120,I-110 S/B (HARBOR FREEWAY),CHANNEL ST.,3168,N,N,A,-,Y,NA,NA,110,NA,NA,NA,NA,NA,S,Y,3,0,1,1,A,-,08,22107,NA,N,E,8,A,A,H,-,D,D,0,NA,NA,NA,NA,Y,NA,A,01,0,1,0,0,0,0,0,0,0,-,-,33.7613410949707,-118.28720855712892,LOS ANGELES,LOS ANGELES,-118.28711700439452,33.761207580566406
91488940,2021,2021-09-22,9545,2021-05-04,1730,016124,NA,2,2,9,1900,0,3,5,NA,2,003,ANGELES FOREST HIGHWAY,MOUNT EMMA ROAD,1193,N,N,A,-,N,NA,NA,NA,NA,NA,NA,NA,NA,NA,Y,1,1,1,1,A,-,01,23152,G,M,F,A,A,A,H,-,A,D,0,NA,NA,NA,NA,Y,Y,A,07,1,0,0,0,0,0,0,0,0,-,-,34.44873809814453,-118.10505676269533,LOS ANGELES,UNINCORPORATED,-118.10504913330078,34.44868469238281
91488968,2021,2021-06-03,9565,2021-05-22,1320,022057,NA,6,1,5,1928,0,1,1,NA,2,060,I-405 N/B (SAN DIEGO FREEWAY),EL SEGUNDO BLVD,200,N,N,A,-,Y,NA,NA,405,NA,NA,NA,NA,NA,N,Y,4,0,2,3,A,-,03,22350,NA,N,C,C,A,A,H,-,A,D,0,NA,NA,NA,NA,Y,NA,A,01,0,0,2,0,0,0,0,0,0,-,-,33.91780090332031,-118.36981964111328,LOS ANGELES,HAWTHORNE,-118.36979675292967,33.91779327392578
91488991,2021,2021-06-03,9530,2021-05-23,1348,022380,NA,7,1,7,1942,0,1,1,NA,2,200,I-105 E/B (GLENN ANDERSON FWY),HOOVER STREET,25,E,N,A,-,Y,NA,NA,105,NA,NA,NA,NA,NA,E,Y,2,0,3,1,A,-,01,23152,G,N,E,I,A,A,H,-,A,D,0,NA,NA,NA,NA,Y,Y,A,07,2,1,0,0,0,0,0,0,0,-,-,33.92850875854492,-118.28595733642578,LOS ANGELES,LOS ANGELES,-118.28595733642578,33.92853927612305
91488998,2021,2021-06-03,9530,2021-05-24,0610,013990,NA,1,1,7,1941,0,1,1,NA,2,072,I-710 S/B (LONG BEACH FREEWAY),WILLOW ST.,1056,S,N,A,-,Y,NA,NA,710,NA,NA,NA,NA,NA,S,Y,3,0,1,1,A,-,08,22107,NA,N,E,I,A,A,H,-,A,D,0,NA,NA,NA,NA,Y,NA,A,01,0,1,0,0,0,0,0,0,0,-,-,33.8008918762207,-118.20722198486328,LOS ANGELES,LONG BEACH,-118.20710754394533,33.80091094970703
91489021,2021,2021-06-03,9565,2021-05-22,2036,022117,NA,6,2,7,1942,0,1,1,NA,2,082,I-10 E/B (SANTA MONICA FREEWAY),PICO BLVD.,110,W,N,A,-,Y,NA,NA,10,NA,NA,NA,NA,NA,E,Y,4,0,1,2,A,-,03,22350,NA,N,C,C,A,A,H,-,D,D,0,NA,NA,NA,NA,Y,NA,A,01,0,0,1,0,0,0,0,0,0,-,-,34.02764129638672,-118.45448303222656,LOS ANGELES,LOS ANGELES,-118.45447540283205,34.02768325805664
91489078,2021,2021-06-03,9535,2021-05-22,0710,022159,NA,6,1,9,1900,0,2,4,NA,2,014,CESAR E. CHAVEZ AVE.  (4100 BLOCK),MARIANNA AVE.,70,W,N,A,-,N,NA,NA,NA,NA,NA,NA,NA,NA,NA,Y,4,0,1,2,A,-,09,21801,A,N,B,C,A,A,H,-,A,D,0,NA,NA,NA,NA,Y,NA,A,07,0,0,1,0,0,0,0,0,0,-,-,34.04058074951172,-118.17603302001952,LOS ANGELES,UNINCORPORATED,-118.17598724365234,34.04056167602539
91489080,2021,2021-06-03,9535,2021-05-24,0840,022259,NA,1,1,9,1900,0,2,4,NA,2,022,OLYMPIC BLVD. (5100 BLOCK),WOODS AVE.,230,E,N,A,-,N,NA,NA,NA,NA,NA,NA,NA,NA,NA,N,3,0,2,2,A,-,03,22350,NA,N,D,C,A,A,H,-,A,A,0,NA,NA,NA,NA,Y,NA,A,07,0,2,0,0,0,0,0,0,0,-,-,34.01642990112305,-118.15879058837892,LOS ANGELES,UNINCORPORATED,-118.15879821777344,34.016353607177734
91489101,2021,2021-06-04,9565,2021-05-23,1555,022576,NA,7,2,9,1900,0,3,5,NA,2,003,LADERA PARK AVE,LA BREA AVE,0,NA,Y,A,-,N,NA,NA,NA,NA,NA,NA,NA,NA,NA,N,4,0,1,2,A,-,03,22350,NA,N,C,C,A,A,H,-,A,A,0,NA,NA,NA,NA,Y,NA,D,22,0,0,1,0,0,0,0,0,0,-,-,33.98469924926758,-118.35814666748048,LOS ANGELES,UNINCORPORATED,-118.35800170898438,33.98469161987305
91489102,2021,2021-06-04,9565,2021-05-22,1420,022576,NA,6,2,7,1942,0,1,1,NA,2,061,I-405 S/B,HOWARD HUGHES PKY,800,S,N,A,-,Y,NA,NA,405,NA,NA,NA,NA,NA,S,N,4,0,1,2,A,-,03,22350,NA,N,C,C,A,A,H,-,A,D,0,NA,NA,NA,NA,Y,NA,D,22,0,0,1,0,0,0,0,0,0,-,-,33.973541259765625,-118.38128662109376,LOS ANGELES,LOS ANGELES,-118.38126373291016,33.97358322143555
91489109,2021,2021-06-04,9565,2021-05-22,1856,022251,NA,6,2,9,1900,0,3,5,NA,2,002,BUDLONG AVE,94TH ST,100,S,N,A,-,N,NA,NA,NA,NA,NA,NA,NA,NA,NA,N,2,0,1,2,A,-,11,21954,A,N,G,B,D,A,H,-,A,D,0,Y,NA,NA,NA,Y,NA,N,60,1,0,0,0,1,0,0,0,0,-,-,33.95072937011719,-118.2958984375,LOS ANGELES,UNINCORPORATED,-118.2959213256836,33.95065689086914
91489110,2021,2021-06-04,9565,2021-05-23,1245,019872,NA,7,1,5,1965,0,1,1,NA,2,082,I-10 W/B,CLOVERFIELD BLVD,300,E,N,A,-,Y,NA,NA,10,NA,NA,NA,NA,NA,W,N,4,0,1,2,A,-,03,22350,NA,F,C,C,A,A,H,-,A,D,0,NA,NA,NA,NA,Y,NA,-,99,0,0,1,0,0,0,0,0,0,-,-,34.026058197021484,-118.46398162841795,LOS ANGELES,SANTA MONICA,-118.46397399902344,34.02602767944336
91489111,2021,2021-06-04,9565,2021-05-24,0830,022378,NA,1,1,9,1900,0,3,5,NA,2,003,OVERHILL DR,SPRINGDALE DR,0,NA,Y,A,-,N,NA,NA,NA,NA,NA,NA,NA,NA,NA,N,4,0,1,2,D,-,00,NA,NA,N,H,G,A,A,H,-,A,A,0,NA,Y,NA,NA,Y,NA,-,-,0,0,1,0,0,0,1,0,0,-,-,33.990501403808594,-118.35362243652344,LOS ANGELES,UNINCORPORATED,-118.35375213623048,33.99047088623047
91489112,2021,2021-06-04,9565,2021-05-22,0130,022226,NA,6,3,7,1942,0,1,1,NA,2,062,I-405 S/B TO I-10 E/B,SEPULVEDA BLVD,500,W,N,A,-,Y,NA,NA,405,NA,NA,NA,R,NA,S,Y,4,0,1,2,A,-,01,23152,A,N,B,C,A,A,H,-,C,D,0,NA,NA,NA,NA,Y,Y,A,01,0,0,1,0,0,0,0,0,0,-,-,34.031028747558594,-118.43195343017578,LOS ANGELES,LOS ANGELES,-118.43195343017578,34.031028747558594
91489324,2021,2021-06-04,9540,2021-05-23,0413,021845,NA,7,3,9,1900,0,3,5,NA,2,003,LIVINGSTON AVE (28600 BLOCK),AVE WILLIAMS,0,NA,Y,A,-,N,NA,NA,NA,NA,NA,NA,NA,NA,NA,Y,4,0,1,2,A,-,09,21802,A,N,D,C,A,A,H,-,C,A,0,NA,NA,NA,Y,Y,NA,A,01,0,0,1,0,0,0,0,0,0,-,-,34.44321060180664,-118.63726806640624,LOS ANGELES,UNINCORPORATED,-118.63724517822266,34.44316101074219
91489327,2021,2021-06-04,9550,2021-05-21,2325,022477,NA,5,3,5,1976,0,1,1,NA,2,650,INTERSTATE 605 S/B,WADDELL STREET,150,S,N,A,-,Y,NA,NA,NA,NA,NA,NA,NA,NA,NA,Y,3,0,2,2,A,-,03,22350,NA,N,C,C,A,A,H,-,C,D,0,NA,NA,NA,NA,Y,NA,A,01,0,2,0,0,0,0,0,0,0,-,-,33.97023010253906,-118.08191680908205,LOS ANGELES,WHITTIER,-118.08209991455078,33.96976089477539
91489329,2021,2021-09-17,9540,2021-05-15,1515,021374,NA,6,2,6,1985,0,1,3,NA,2,147,SR-14 S/B (ANTELOPE VALLEY FREEWAY),SOLEDAD CANYON RD,211,S,N,A,-,Y,NA,NA,14,NA,NA,NA,NA,NA,S,Y,2,0,6,3,A,-,03,22350,NA,N,C,C,A,A,H,-,A,D,0,NA,NA,NA,NA,Y,NA,D,22,2,4,0,0,0,0,0,0,0,-,-,34.43342971801758,-118.3927001953125,LOS ANGELES,SANTA CLARITA,-118.39273071289064,34.433502197265625
91489330,2021,2021-06-04,9540,2021-05-26,1910,021370,NA,3,2,9,1900,0,1,3,NA,2,146,SR-14,ESCONDIDO CANYON ROAD,8976,N,N,A,-,Y,NA,NA,NA,NA,NA,NA,NA,NA,NA,Y,4,0,1,2,A,-,03,22350,NA,N,B,C,A,A,H,-,A,D,0,NA,NA,Y,NA,Y,NA,C,02,0,0,1,0,0,0,0,0,1,-,-,34.50107955932617,-118.25446319580078,LOS ANGELES,UNINCORPORATED,-118.25645446777344,34.501041412353516
91489331,2021,2021-06-04,9540,2021-05-30,0730,020862,NA,7,1,9,1900,0,1,1,NA,1,502,I-5 SOUTHBOUND (GOLDEN STATE FWY),THE OLD RD,2640,S,N,A,-,Y,NA,NA,5,NA,NA,NA,NA,NA,S,Y,4,0,2,2,C,-,18,NA,NA,N,B,C,A,A,H,-,A,D,0,NA,NA,NA,NA,Y,NA,-,-,0,0,2,0,0,0,0,0,0,-,-,34.34701156616211,-118.53440856933594,LOS ANGELES,UNINCORPORATED,-118.53443908691406,34.34695816040039
91489418,2021,2021-06-04,9535,2021-05-25,1420,022330,NA,2,2,5,1915,0,1,1,NA,2,075,I-710 S/B (LONG BEACH FWY),COMPTON BLVD.,800,S,N,A,-,Y,NA,NA,710,NA,NA,NA,NA,NA,S,N,4,0,2,2,A,-,03,22350,NA,N,C,C,A,A,H,-,A,D,0,NA,NA,NA,NA,Y,NA,A,01,0,0,2,0,0,0,0,0,0,-,-,33.89183044433594,-118.18837738037108,LOS ANGELES,COMPTON,-118.18837738037108,33.89183044433594
91489500,2021,2021-06-04,9580,2021-06-03,1518,018583,NA,4,2,9,1900,0,1,2,NA,2,109,US-101 S/B (VENTURA FREEWAY) TO KANAN ROAD,KANAN RD,100,N,N,A,-,Y,NA,NA,NA,NA,NA,NA,NA,NA,NA,N,4,0,1,2,A,-,03,22350,NA,N,C,C,A,A,H,-,A,A,0,NA,NA,NA,NA,Y,NA,A,07,0,0,1,0,0,0,0,0,0,-,-,34.14516830444336,-118.76190185546876,LOS ANGELES,UNINCORPORATED,-118.76164245605467,34.145973205566406
91489508,2021,2021-06-04,9580,2021-05-22,0900,022551,NA,6,1,7,1942,0,1,2,NA,2,102,US-101 N/B (VENTURA FREEWAY),BALBOA BLVD,1500,N,N,A,-,Y,NA,NA,101,NA,NA,NA,NA,NA,N,Y,4,0,1,3,A,-,03,22350,NA,N,C,C,A,A,H,-,A,D,0,NA,NA,NA,NA,Y,NA,D,22,0,0,1,0,0,0,0,0,0,-,-,34.171348571777344,-118.5061492919922,LOS ANGELES,LOS ANGELES,-118.5061492919922,34.17127990722656
91489525,2021,2021-06-04,9580,2021-05-30,1400,022572,NA,7,2,7,1942,0,1,1,NA,2,406,I-405 N/B (SAN DIEGO FWY),NORDHOFF ST,500,N,N,A,-,Y,NA,NA,405,NA,NA,NA,NA,NA,N,Y,4,0,2,2,A,-,03,22350,NA,N,C,C,A,A,H,-,A,D,0,NA,NA,NA,NA,Y,NA,A,01,0,0,2,0,0,0,0,0,0,-,-,34.23881912231445,-118.47293090820313,LOS ANGELES,LOS ANGELES,-118.47291564941406,34.23881912231445
91489541,2021,2021-06-04,9530,2021-05-25,1507,017755,NA,2,2,5,1977,0,1,1,NA,2,410,I-405 N/B TO AVALON BLVD.,AVALON BLVD.,253,S,N,A,-,Y,NA,NA,405,NA,NA,NA,R,NA,N,Y,2,0,3,1,A,-,08,22107,NA,N,E,8,A,A,H,-,A,D,0,NA,NA,NA,NA,Y,NA,A,01,1,2,0,0,0,0,0,0,0,-,-,33.839420318603516,-118.26296997070313,LOS ANGELES,CARSON,-118.26296997070313,33.839420318603516
91489564,2021,2021-06-04,9540,2021-05-22,0640,018513,NA,6,1,9,1900,0,2,4,NA,1,201,SIERRA HIGHWAY (22200 BLOCK),FOOOTHILL BLVD,2112,N,N,A,-,N,NA,NA,NA,NA,NA,NA,NA,NA,NA,Y,4,0,1,1,A,-,08,22107,NA,N,E,I,A,A,H,-,B,D,0,NA,NA,NA,NA,Y,NA,A,01,0,0,1,0,0,0,0,0,0,-,-,34.33872985839844,-118.50672149658205,LOS ANGELES,UNINCORPORATED,-118.506591796875,34.338626861572266
91489653,2021,2021-06-04,9535,2021-05-26,1135,022100,NA,3,1,6,1922,0,1,1,NA,2,401,I-10 (SAN BERNARDINO FREEWAY) W/B,DURFEE AVE.,240,E,N,A,-,Y,NA,NA,10,NA,NA,NA,NA,NA,W,N,4,0,1,3,A,-,04,21703,NA,N,C,C,A,A,H,-,A,D,0,NA,NA,NA,NA,Y,NA,A,01,0,0,1,0,0,0,0,0,0,-,-,34.064308166503906,-118.01010894775392,LOS ANGELES,EL MONTE,-118.01010894775392,34.06431198120117
91489672,2021,2021-06-04,9535,2021-05-25,2035,022330,NA,2,2,5,1969,0,1,1,NA,2,074,I-710 N/B (LONG BEACH FWY),IMPERIAL HWY,500,N,N,A,-,Y,NA,NA,710,NA,NA,NA,NA,NA,N,Y,4,0,4,1,A,-,08,22107,NA,N,E,I,A,A,H,-,C,D,0,NA,NA,NA,NA,Y,NA,A,01,0,0,4,0,0,0,0,0,0,-,-,33.9326286315918,-118.1781005859375,LOS ANGELES,SOUTH GATE,-118.17811584472656,33.932640075683594
91489687,2021,2021-06-04,9535,2021-05-26,1250,022246,NA,3,1,9,1900,0,3,5,NA,2,002,4TH ST. (4900 BLOCK),FERRIS AVE.,10,E,N,A,-,N,NA,NA,NA,NA,NA,NA,NA,NA,NA,N,4,0,1,2,A,-,04,21703,NA,N,C,C,A,A,H,-,A,D,0,NA,NA,NA,NA,Y,NA,A,07,0,0,1,0,0,0,0,0,0,-,-,34.030670166015625,-118.16049194335938,LOS ANGELES,UNINCORPORATED,-118.1606216430664,34.03067398071289
91489691,2021,2021-06-04,9590,2021-06-02,0630,017520,NA,3,1,7,1942,0,1,1,NA,2,050,I-110 N/B (HAF),84TH ST.,200,S,N,A,-,Y,NA,NA,NA,NA,NA,NA,NA,NA,NA,Y,3,0,1,2,A,-,07,21658,A,N,B,C,A,A,H,-,A,D,0,NA,NA,Y,NA,Y,NA,A,08,0,1,0,0,0,0,0,0,1,-,-,38.582401275634766,-121.49539947509766,LOS ANGELES,LOS ANGELES,-118.28041076660156,33.96324157714844
91489712,2021,2021-06-04,9590,2021-05-20,0815,017520,NA,4,1,7,1942,0,1,1,NA,2,050,I-110 N/B (HAF),39TH ST.,200,S,N,B,-,Y,NA,NA,NA,NA,NA,NA,NA,NA,NA,Y,2,0,1,2,A,-,07,21658,A,N,B,C,A,A,H,-,A,D,0,NA,NA,Y,NA,Y,NA,A,07,1,0,0,0,0,0,0,0,1,-,-,38.582401275634766,-121.49539947509766,LOS ANGELES,LOS ANGELES,-118.28068542480467,34.01319122314453
91489731,2021,2021-06-04,9590,2021-06-02,0545,017520,NA,3,3,7,1942,0,1,1,NA,2,051,I-110 S/B (HAF),51ST ST.,200,N,N,A,-,Y,NA,NA,NA,NA,NA,NA,NA,NA,NA,Y,3,0,2,2,A,-,07,21658,A,N,B,C,A,A,H,-,B,D,0,NA,NA,NA,NA,Y,NA,A,01,0,2,0,0,0,0,0,0,0,-,-,38.582401275634766,-121.49539947509766,LOS ANGELES,LOS ANGELES,-118.28075408935548,33.99701690673828
91489732,2021,2021-06-04,9550,2021-05-30,2238,018412,NA,7,3,5,1919,0,1,1,NA,2,501,SR-91 E/B,SHOEMAKER AVE.,1300,W,N,A,-,Y,NA,NA,91,NA,NA,NA,NA,NA,E,N,4,0,2,2,A,-,08,22107,NA,F,B,C,A,A,H,-,D,D,0,NA,NA,NA,NA,Y,NA,-,99,0,0,2,0,0,0,0,0,0,-,-,33.8719596862793,-118.05850219726564,LOS ANGELES,CERRITOS,-118.0584716796875,33.87199783325195
91489776,2021,2021-06-04,9550,2021-05-12,1335,022600,NA,3,1,3,1964,0,2,4,NA,1,012,SLAUSON AVENUE WESTBOUND,INTERSTATE 605 OVER CROSS,10,W,N,A,-,N,NA,NA,NA,NA,NA,NA,NA,NA,NA,N,4,0,1,2,A,-,03,22350,NA,F,C,C,A,A,H,-,A,A,0,NA,NA,NA,NA,Y,NA,A,01,0,0,1,0,0,0,0,0,0,-,-,33.967288970947266,-118.08364868164064,LOS ANGELES,SANTA FE SPRINGS,-118.08331298828124,33.967193603515625
91489790,2021,2021-06-04,9590,2021-05-21,1625,017878,NA,5,2,7,1942,0,1,1,NA,2,021,I-10 W/B (SAN BERNARDINO FREEWAY),SOTO STREET,800,W,N,B,-,Y,NA,NA,10,NA,NA,NA,NA,NA,W,Y,3,0,1,4,A,-,07,21658,A,F,C,C,A,A,H,-,A,D,0,NA,NA,NA,NA,Y,Y,-,99,0,1,0,0,0,0,0,0,0,-,-,34.053810119628906,-118.20570373535156,LOS ANGELES,LOS ANGELES,-118.20569610595705,34.05378341674805
91489803,2021,2021-06-04,9565,2021-05-06,1630,021678,NA,4,2,4,1918,0,1,1,NA,2,061,I-405 S/B (SAN DIEGO FREEWAY),WASHINGTON PL.,750,N,N,A,-,Y,NA,NA,405,NA,NA,NA,NA,NA,S,Y,3,0,1,3,A,-,08,22107,NA,N,B,C,A,A,H,-,A,D,0,NA,NA,Y,NA,Y,NA,A,01,0,1,0,0,0,0,0,0,1,-,-,34.00994873046875,-118.4167709350586,LOS ANGELES,CULVER CITY,-118.41678619384766,34.00994110107422
91489804,2021,2021-06-04,9525,2021-05-22,0655,021074,NA,6,1,4,1946,0,1,1,NA,2,202,I-210 E/B (FOOTHILL FWY),MYRTLE AVE.,2000,W,N,A,-,Y,NA,NA,210,NA,NA,NA,NA,NA,E,N,4,0,1,3,A,-,03,22350,NA,N,C,C,A,A,C,-,A,D,0,NA,NA,NA,NA,Y,NA,A,01,0,0,1,0,0,0,0,0,0,-,-,34.135738372802734,-118.00804138183594,LOS ANGELES,MONROVIA,-118.0080337524414,34.1357536315918