CASE_ID,ACCIDENT_YEAR,PROC_DATE,JURIS,COLLISION_DATE,COLLISION_TIME,OFFICER_ID,REPORTING_DISTRICT,DAY_OF_WEEK,CHP_SHIFT,POPULATION,CNTY_CITY_LOC,SPECIAL_COND,BEAT_TYPE,CHP_BEAT_TYPE,CITY_DIVISION_LAPD,CHP_BEAT_CLASS,BEAT_NUMBER,PRIMARY_RD,SECONDARY_RD,DISTANCE,DIRECTION,INTERSECTION,WEATHER_1,WEATHER_2,STATE_HWY_IND,CALTRANS_COUNTY,CALTRANS_DISTRICT,STATE_ROUTE,ROUTE_SUFFIX,POSTMILE_PREFIX,POSTMILE,LOCATION_TYPE,RAMP_INTERSECTION,SIDE_OF_HWY,TOW_AWAY,COLLISION_SEVERITY,NUMBER_KILLED,NUMBER_INJURED,PARTY_COUNT,PRIMARY_COLL_FACTOR,PCF_CODE_OF_VIOL,PCF_VIOL_CATEGORY,PCF_VIOLATION,PCF_VIOL_SUBSECTION,HIT_AND_RUN,TYPE_OF_COLLISION,MVIW,PED_ACTION,ROAD_SURFACE,ROAD_COND_1,ROAD_COND_2,LIGHTING,CONTROL_DEVICE,CHP_ROAD_TYPE,PEDESTRIAN_ACCIDENT,BICYCLE_ACCIDENT,MOTORCYCLE_ACCIDENT,TRUCK_ACCIDENT,NOT_PRIVATE_PROPERTY,ALCOHOL_INVOLVED,STWD_VEHTYPE_AT_FAULT,CHP_VEHTYPE_AT_FAULT,COUNT_SEVERE_INJ,COUNT_VISIBLE_INJ,COUNT_COMPLAINT_PAIN,COUNT_PED_KILLED,COUNT_PED_INJURED,COUNT_BICYCLIST_KILLED,COUNT_BICYCLIST_INJURED,COUNT_MC_KILLED,COUNT_MC_INJURED,PRIMARY_RAMP,SECONDARY_RAMP,LATITUDE,LONGITUDE,COUNTY,CITY,POINT_X,POINT_Y
91495943,2021,2021-06-14,9580,2021-06-11,2212,021780,NA,5,3,7,1942,0,1,2,NA,2,103,US-101 S/B (VENTURA FRWY),HAYVENHURST AVE,1584,S,N,A,-,Y,NA,NA,101,NA,NA,NA,NA,NA,S,N,4,0,2,3,A,-,03,22350,NA,N,C,C,A,A,H,-,C,D,0,NA,NA,NA,NA,Y,NA,A,07,0,0,2,0,0,0,0,0,0,-,-,34.1651496887207,-118.48577117919922,LOS ANGELES,LOS ANGELES,-118.48577117919922,34.165157318115234
91495974,2021,2021-06-14,9540,2021-06-03,1355,021374,NA,4,1,9,1900,0,1,S,NA,2,700,SR-14 S/B (ANTELOPE VALLEY FREEWAY),ESCONDIDO CANYON RD,7392,N,N,A,-,Y,NA,NA,14,NA,NA,NA,NA,NA,S,Y,3,0,1,1,A,-,08,22107,NA,N,E,I,A,A,H,-,A,D,0,NA,NA,NA,NA,Y,NA,A,01,0,1,0,0,0,0,0,0,0,-,-,34.49822998046875,-118.2632064819336,LOS ANGELES,UNINCORPORATED,-118.2632064819336,34.498226165771484
91495976,2021,2021-06-14,9540,2021-06-13,1020,020400,NA,7,1,9,1900,0,1,3,NA,2,147,SR-14 S/B,AGUA DULCE CYN RD,1000,S,N,A,-,Y,NA,NA,14,NA,NA,NA,NA,NA,S,Y,4,0,1,1,A,-,08,22107,NA,N,E,I,A,A,H,-,A,D,0,NA,NA,NA,NA,Y,NA,A,01,0,0,1,0,0,0,0,0,0,-,-,34.46638107299805,-118.33181762695313,LOS ANGELES,UNINCORPORATED,-118.3318328857422,34.46659851074219
91495988,2021,2021-06-14,9580,2021-06-11,1320,022550,NA,5,1,7,1942,0,1,1,NA,2,404,I-405 N/B (SAN DIEGO FWY),SEPULVEDA BLVD,100,N,N,A,-,Y,NA,NA,405,NA,NA,NA,NA,NA,N,N,4,0,2,2,A,-,03,22350,NA,N,C,C,A,A,H,-,A,D,0,NA,NA,NA,NA,Y,NA,A,01,0,0,2,0,0,0,0,0,0,-,-,34.14902877807617,-118.46888732910156,LOS ANGELES,LOS ANGELES,-118.46891784667967,34.149044036865234
91495990,2021,2021-06-14,9550,2021-06-07,0155,022403,NA,1,3,5,1952,0,1,1,NA,2,151,INTERSTATE 105 E/B,MERKEL AVENUE,850,W,N,A,-,Y,NA,NA,105,NA,NA,NA,NA,NA,E,Y,2,0,1,2,A,-,01,23152,A,M,C,C,A,A,H,-,C,D,0,NA,NA,NA,Y,Y,Y,A,01,1,0,0,0,0,0,0,0,0,-,-,33.911869049072266,-118.15785980224608,LOS ANGELES,PARAMOUNT,-118.15786743164064,33.91197967529297
91496000,2021,2021-06-14,9580,2021-06-11,0835,022572,NA,5,1,7,1942,0,1,3,NA,2,171,SR-170 S/B (HOLLYWOOD FWY.),BURBANK BLVD,500,S,N,A,-,Y,NA,NA,170,NA,NA,NA,NA,NA,S,N,4,0,3,2,A,-,03,22350,NA,N,C,C,A,A,H,-,A,D,0,NA,NA,NA,NA,Y,NA,A,01,0,0,3,0,0,0,0,0,0,-,-,34.17087936401367,-118.38713836669922,LOS ANGELES,LOS ANGELES,-118.38716888427734,34.17084503173828
91496003,2021,2021-06-14,9550,2021-05-16,0140,022403,NA,7,3,4,1936,0,1,1,NA,2,501,INTERSTATE 5 N/B,ORANGE COUNTY LINE,1800,N,N,A,-,Y,NA,NA,5,NA,NA,NA,NA,NA,N,N,4,0,2,2,A,-,03,22350,NA,F,C,C,A,A,H,-,C,D,0,NA,NA,NA,NA,Y,Y,A,01,0,0,2,0,0,0,0,0,0,-,-,33.87791061401367,-118.01708221435548,LOS ANGELES,LA MIRADA,-118.01712036132813,33.877830505371094
91496017,2021,2021-06-14,9590,2021-05-27,1645,021667,NA,4,2,7,1942,0,1,1,NA,2,010,SR-110 N/B (ARROYO SECO PARKWAY),ALPINE STREET,300,S,N,A,-,Y,NA,NA,110,NA,NA,NA,NA,NA,N,Y,3,0,1,2,D,-,00,NA,NA,N,B,C,A,A,H,-,A,D,0,NA,NA,Y,NA,Y,NA,-,-,0,1,0,0,0,0,0,0,1,-,-,34.064571380615234,-118.24600219726564,LOS ANGELES,LOS ANGELES,-118.24600219726564,34.06456756591797
91496027,2021,2021-06-14,9590,2021-06-02,0830,015982,NA,3,1,7,1942,0,1,1,NA,2,051,I-110 S/B (HARBOR FREEWAY),SLAUSON AVE,900,S,N,A,-,Y,NA,NA,110,NA,NA,NA,NA,NA,S,N,4,0,1,3,A,-,03,22350,NA,N,C,C,A,A,H,-,A,D,0,NA,NA,NA,NA,Y,NA,A,01,0,0,1,0,0,0,0,0,0,-,-,33.986698150634766,-118.28060150146484,LOS ANGELES,LOS ANGELES,-118.28062438964844,33.98670196533203
91496038,2021,2021-06-14,9545,2021-06-04,1138,019951,NA,5,1,9,1900,0,3,5,NA,2,004,SR-138,77TH ST EAST,430,E,N,A,-,N,NA,NA,138,NA,NA,NA,NA,NA,NA,N,3,0,1,1,A,-,08,22107,NA,N,E,I,A,A,H,-,A,D,0,NA,NA,NA,NA,Y,NA,D,22,0,1,0,0,0,0,0,0,0,-,-,34.52117919921875,-117.99093627929688,LOS ANGELES,UNINCORPORATED,-117.99093627929688,34.521080017089844
91496045,2021,2021-06-14,9535,2021-05-21,1550,022339,NA,5,2,9,1900,0,2,4,NA,2,022,OLYMPIC BOULEVARD (6000 BLOCK),HENDRICKS AVENUE,570,W,N,A,-,N,NA,NA,NA,NA,NA,NA,NA,NA,NA,Y,4,0,1,2,A,-,08,22107,NA,N,C,E,A,A,H,-,A,D,0,NA,NA,NA,NA,Y,NA,A,01,0,0,1,0,0,0,0,0,0,-,-,34.013221740722656,-118.14298248291016,LOS ANGELES,UNINCORPORATED,-118.14290618896484,34.01329803466797
91496060,2021,2021-06-14,9580,2021-06-08,2350,022465,NA,2,3,7,1942,0,1,2,NA,2,100,SR-170 N/B (HOLLYWOOD FWY.),VICTORY BOULEVARD,500,N,N,A,-,Y,NA,NA,170,NA,NA,NA,NA,NA,N,Y,4,0,1,2,A,-,01,23152,A,N,B,C,A,A,H,-,D,D,0,NA,NA,NA,NA,Y,Y,A,01,0,0,1,0,0,0,0,0,0,-,-,34.188079833984375,-118.40158081054688,LOS ANGELES,LOS ANGELES,-118.4015655517578,34.188079833984375
91496073,2021,2021-06-14,9580,2021-06-08,0240,022465,NA,2,3,7,1942,0,1,3,NA,2,170,SR-170 N/B (HOLLYWOOD FWY.),SHELDON ST,500,N,N,A,-,Y,NA,NA,170,NA,NA,NA,NA,NA,N,Y,3,0,1,1,A,-,08,22107,NA,N,E,8,A,A,H,-,D,B,0,NA,NA,NA,NA,Y,Y,A,01,0,1,0,0,0,0,0,0,0,-,-,34.2298698425293,-118.40931701660156,LOS ANGELES,LOS ANGELES,-118.40959930419922,34.22995376586914
91496084,2021,2021-06-14,9590,2021-06-02,1904,021492,NA,3,2,7,1942,0,1,3,NA,2,030,SR-60 E/B (POMONA FREEWAY),WHITTIER BLVD,750,W,N,A,-,Y,NA,NA,60,NA,NA,NA,NA,NA,E,Y,2,0,1,1,A,-,08,22107,NA,N,E,J,A,A,H,-,A,D,0,NA,NA,NA,NA,Y,NA,D,22,1,0,0,0,0,0,0,0,0,-,-,34.02825164794922,-118.20575714111328,LOS ANGELES,LOS ANGELES,-118.20577239990234,34.02833938598633
91496104,2021,2021-06-14,9535,2021-06-03,1600,022025,NA,4,2,3,1914,0,1,1,NA,2,073,I-710 (LONG BEACH FREEWAY) S/B,WASHINGTON BLVD,835,N,N,A,-,Y,NA,NA,710,NA,NA,NA,NA,NA,S,N,4,0,1,2,A,-,07,21658,A,N,C,C,A,A,H,-,A,D,0,NA,NA,NA,Y,Y,NA,A,01,0,0,1,0,0,0,0,0,0,-,-,34.007198333740234,-118.17250823974608,LOS ANGELES,COMMERCE,-118.17253875732422,34.0072021484375
91496131,2021,2021-10-29,9530,2021-06-02,1420,022531,NA,3,2,9,1900,0,3,5,NA,2,001,ALAMEDA ST.,83RD ST.,0,NA,Y,A,-,N,NA,NA,NA,NA,NA,NA,NA,NA,NA,Y,3,0,1,4,A,-,03,22350,NA,N,D,C,A,A,H,-,A,D,0,NA,NA,NA,Y,Y,NA,-,-,0,1,0,0,0,0,0,0,0,-,-,33.963008880615234,-118.23229217529295,LOS ANGELES,UNINCORPORATED,-118.2322235107422,33.96296691894531
91496181,2021,2021-06-14,9530,2021-06-03,0710,022120,NA,4,1,7,1942,0,1,1,NA,2,200,I-105 W/B (GLENN ANDERSON FWY),VERMONT AVE.,600,E,N,A,-,Y,NA,NA,105,NA,NA,NA,NA,NA,W,Y,3,0,1,2,A,-,07,21658,A,N,B,C,A,A,H,-,A,D,0,NA,NA,Y,NA,Y,NA,A,01,0,1,0,0,0,0,0,0,1,-,-,33.92884063720703,-118.28946685791016,LOS ANGELES,LOS ANGELES,-118.28946685791016,33.92888259887695
91496186,2021,2021-06-14,9530,2021-06-02,1000,021623,NA,3,1,9,1900,0,3,5,NA,2,002,SAN PEDRO STREET,124 STREET,0,NA,Y,A,-,N,NA,NA,NA,NA,NA,NA,NA,NA,NA,Y,4,0,2,2,A,-,12,22450,A,N,D,C,A,A,H,-,A,A,0,NA,NA,NA,NA,Y,NA,A,01,0,0,2,0,0,0,0,0,0,-,-,38.582401275634766,-121.49539947509766,LOS ANGELES,UNINCORPORATED,-118.26959991455078,33.920074462890625
91496195,2021,2021-06-14,9575,2021-06-04,1550,022489,NA,5,2,7,1942,0,1,3,NA,2,044,SR-134 E/B (VENTURA FREEWAY),FORMAN AVE.,325,E,N,A,-,Y,NA,NA,134,NA,NA,NA,NA,NA,E,Y,4,0,1,1,A,-,03,22350,NA,N,E,I,A,A,H,-,A,D,0,NA,NA,NA,NA,Y,NA,A,01,0,0,1,0,0,0,0,0,0,-,-,34.15304946899414,-118.35157775878906,LOS ANGELES,LOS ANGELES,-118.35159301757813,34.153133392333984
91496196,2021,2021-06-14,9590,2021-06-02,2105,022087,NA,3,2,7,1942,0,1,1,NA,2,053,I-110 S/B (HAF) TO I-10 W/B (SMF),VENICE BLVD.,750,S,N,A,-,Y,NA,NA,NA,NA,NA,NA,NA,NA,NA,N,3,0,3,2,A,-,08,22107,NA,N,B,3,A,A,H,-,C,D,0,NA,NA,NA,NA,Y,NA,A,01,0,1,2,0,0,0,0,0,0,-,-,34.02190017700195,-118.16349792480467,LOS ANGELES,LOS ANGELES,NA,NA
91496209,2021,2021-06-14,9535,2021-06-03,1245,022011,NA,4,1,9,1900,0,2,4,NA,2,018,ARIZONA AVE,3RD ST,0,NA,Y,A,-,Y,NA,NA,NA,NA,NA,NA,NA,NA,NA,Y,3,0,2,2,A,-,12,21453,A,N,D,C,A,A,H,-,A,A,0,NA,NA,NA,NA,Y,NA,A,01,0,1,1,0,0,0,0,0,0,-,-,34.033260345458984,-118.16383361816406,LOS ANGELES,UNINCORPORATED,-118.49769592285156,34.01699447631836
91496260,2021,2021-06-14,9535,2021-06-04,1045,017943,NA,5,1,3,1914,0,1,1,NA,2,501,I-5 S/B (SANTA ANA FREEWAY),ATLANTIC BLVD,50,N,N,A,-,Y,NA,NA,5,NA,NA,NA,NA,NA,S,N,4,0,2,2,A,-,07,21658,A,N,B,C,A,A,H,-,A,D,0,NA,NA,NA,Y,Y,NA,G,27,0,0,2,0,0,0,0,0,0,-,-,34.00872039794922,-118.15859985351564,LOS ANGELES,COMMERCE,-118.1586456298828,34.008670806884766
91496262,2021,2021-06-14,9530,2021-06-03,1130,018270,NA,4,1,9,1900,0,3,5,NA,2,005,CRENSHAW BLVD (16000 BLOCK),REDONDO BEACH BLVD.,210,N,N,A,-,N,NA,NA,NA,NA,NA,NA,NA,NA,NA,N,3,0,1,2,A,-,09,21804,A,N,F,A,A,A,H,-,A,A,0,NA,NA,Y,NA,Y,NA,A,01,0,1,0,0,0,0,0,0,1,-,-,33.88357925415039,-118.32662963867188,LOS ANGELES,UNINCORPORATED,-118.32653045654295,33.88347625732422
91496263,2021,2021-06-14,9565,2021-06-02,1650,022145,NA,3,2,5,1928,0,1,1,NA,2,010,I-105 EASTBOUND,INGLEWOOD AVENUE,1320,E,N,A,-,Y,NA,NA,105,NA,NA,NA,NA,NA,E,Y,4,0,1,2,A,-,03,22350,NA,N,C,C,A,A,H,-,A,D,0,NA,NA,NA,NA,Y,NA,A,01,0,0,1,0,0,0,0,0,0,-,-,33.932979583740234,-118.35710906982422,LOS ANGELES,HAWTHORNE,-118.35712432861328,33.93303680419922
91496275,2021,2021-06-14,9550,2021-06-04,1900,022600,NA,5,2,9,1900,0,2,4,NA,1,011,WORKMAN HILL ROAD,SYCAMORE CANYONE ROAD,140,N,N,A,-,N,NA,NA,NA,NA,NA,NA,NA,NA,NA,N,2,0,3,2,A,-,09,21804,A,N,D,C,A,A,H,-,A,D,0,NA,NA,Y,NA,Y,NA,A,01,1,0,2,0,0,0,0,0,1,-,-,34.00537872314453,-118.05596160888672,LOS ANGELES,UNINCORPORATED,-118.055936,34.005323
91496285,2021,2021-06-14,9590,2021-06-02,2145,021998,NA,3,2,7,1942,0,1,2,NA,2,071,US-101 S/B (SANTA ANA FREEWAY),ALAMEDA ST.,500,S,N,A,-,Y,NA,NA,101,NA,NA,NA,NA,NA,S,Y,4,0,1,2,A,-,03,22350,NA,F,C,C,A,A,H,-,B,D,0,NA,NA,NA,NA,Y,NA,-,99,0,0,1,0,0,0,0,0,0,-,-,34.05352020263672,-118.23255157470705,LOS ANGELES,LOS ANGELES,-118.23255157470705,34.053531646728516
91496297,2021,2021-10-05,9525,2021-04-30,1135,018295,NA,5,1,9,1900,0,3,5,NA,2,005,GLENDORA MOUNTAIN ROAD,BIG DALTON CANYON ROAD,9504,N,N,A,-,N,NA,NA,NA,NA,NA,NA,NA,NA,NA,N,1,1,0,1,A,-,08,22107,NA,N,F,A,A,A,H,-,A,D,0,NA,Y,NA,NA,Y,NA,L,04,0,0,0,0,0,1,0,0,0,-,-,34.16184997558594,-117.84367370605467,LOS ANGELES,UNINCORPORATED,-117.84319305419922,34.16182327270508
91496306,2021,2021-06-14,9525,2021-05-29,1809,021080,NA,6,2,3,1921,0,1,1,NA,2,202,I-210 EASTBOUND (FOOTHILL FREEWAY),I-605 N/B,2112,W,N,A,-,Y,NA,NA,210,NA,NA,NA,NA,NA,E,Y,3,0,1,2,A,-,03,22350,NA,N,C,C,A,A,H,-,A,D,0,NA,NA,Y,NA,Y,NA,C,02,0,1,0,0,0,0,0,0,1,-,-,34.135520935058594,-117.96501159667967,LOS ANGELES,DUARTE,-117.96501159667967,34.13544464111328
91496325,2021,2021-06-14,9535,2021-06-04,1840,022414,NA,5,2,9,1900,0,1,1,NA,2,655,I-605 SB (SAN GABRIEL RIVER FWY),SR-60,1307,N,N,A,-,Y,NA,NA,605,NA,NA,NA,NA,NA,S,Y,3,0,1,1,A,-,03,22350,NA,N,F,J,A,A,H,-,A,A,0,NA,NA,Y,NA,Y,NA,C,02,0,1,0,0,0,0,0,0,1,-,-,34.0366096496582,-118.02388763427734,LOS ANGELES,UNINCORPORATED,-118.02391052246094,34.0366325378418
91496326,2021,2021-06-14,9565,2021-06-03,0930,019031,NA,4,1,7,1942,0,1,1,NA,2,061,I-405 N/B (SAN DIEGO FWY.),HOWARD HUGHES PARKWAY,50,S,N,A,-,Y,NA,NA,405,NA,NA,NA,NA,NA,N,N,4,0,1,2,A,-,03,22350,NA,N,C,C,A,A,H,-,A,D,0,NA,NA,NA,Y,Y,NA,F,27,0,0,1,0,0,0,0,0,0,-,-,33.97460174560547,-118.38275909423828,LOS ANGELES,LOS ANGELES,-118.38275909423828,33.974609375
91496369,2021,2021-06-14,9525,2021-05-31,1725,021355,NA,1,2,4,1938,0,1,1,NA,2,208,SR-210 E/B (FOOTHILL FWY),FRUIT ST.,1056,W,N,A,-,Y,NA,NA,210,NA,NA,NA,NA,NA,E,N,2,0,1,1,A,-,01,23152,A,M,E,I,A,A,H,-,A,A,0,NA,NA,NA,NA,Y,NA,A,07,1,0,0,0,0,0,0,0,0,-,-,34.11888122558594,-117.7677993774414,LOS ANGELES,LA VERNE,-117.76780700683594,34.119503021240234
91496370,2021,2021-06-14,9575,2021-06-04,1228,020542,NA,5,1,6,1953,0,1,1,NA,2,063,EB I-210 (FOOTHILL FREEWAY),MOUNTAIN ST.,500,E,N,A,-,Y,NA,NA,210,NA,NA,NA,NA,NA,NA,N,4,0,1,2,A,-,03,22350,NA,M,C,C,A,A,H,-,A,D,0,NA,NA,NA,NA,Y,NA,-,99,0,0,1,0,0,0,0,0,0,-,-,34.15892028808594,-118.15883636474608,LOS ANGELES,PASADENA,-118.15879058837892,34.1589241027832
91496383,2021,2021-06-14,9525,2021-06-02,2310,021342,NA,3,3,5,1926,0,1,1,NA,2,206,I-210 E/B TO GRAND AVE.,GRAND AVENUE,60,W,N,A,-,Y,NA,NA,210,NA,NA,NA,R,NA,E,Y,4,0,1,1,C,-,18,NA,NA,N,E,J,A,A,C,-,C,D,0,NA,NA,Y,NA,Y,NA,-,-,0,0,1,0,0,0,0,0,1,-,-,34.12009048461914,-117.8728485107422,LOS ANGELES,GLENDORA,-117.8728485107422,34.12009048461914
91496404,2021,2021-06-14,9575,2021-06-02,1150,020182,NA,3,1,9,1900,0,1,3,NA,2,304,SR-2 (ANGELES CREST HWY.),UPPER BIG TUJUNGA,67584,E,N,A,-,N,NA,NA,2,NA,NA,NA,NA,NA,NA,N,2,0,1,1,A,-,08,22107,NA,N,E,I,A,A,H,-,A,D,0,NA,NA,Y,NA,Y,NA,C,02,1,0,0,0,0,0,0,0,1,-,-,34.35050964355469,-117.94064331054688,LOS ANGELES,UNINCORPORATED,-117.94073486328124,34.3504753112793
91496408,2021,2021-06-14,9525,2021-06-04,1205,018997,NA,5,1,1,1934,0,1,1,NA,2,203,I-210 W/B (FOOTHILL FREEWAY),SAN GABRIEL RIVER TRAIL,1300,E,N,A,-,Y,NA,NA,210,NA,NA,NA,NA,NA,W,N,3,0,1,1,A,-,08,22107,NA,N,E,8,A,A,H,-,A,D,0,NA,NA,NA,NA,Y,NA,E,22,0,1,0,0,0,0,0,0,0,-,-,34.13058090209961,-117.945068359375,LOS ANGELES,IRWINDALE,-117.94509887695313,34.13050079345703
91496413,2021,2021-06-14,9525,2021-06-06,1503,021080,NA,7,2,4,1946,0,1,1,NA,2,201,I-210 WESTBOUND (FOOTHILL FWY),MYRTLE AVE.,1056,W,N,A,-,Y,NA,NA,210,NA,NA,NA,NA,NA,W,N,3,0,1,2,A,-,03,22350,NA,N,C,C,A,A,H,-,A,D,0,NA,NA,NA,NA,Y,NA,A,07,0,1,0,0,0,0,0,0,0,-,-,34.1356086730957,-118.00499725341795,LOS ANGELES,MONROVIA,-118.00499725341795,34.13554382324219
91496415,2021,2021-06-14,9565,2021-06-03,1532,019443,NA,4,2,9,1900,0,1,1,NA,2,063,I-405 N/B (SAN DIEGO FREEWAY),WILSHIRE BLVD.,150,S,N,A,-,Y,NA,NA,405,NA,NA,NA,NA,NA,N,Y,4,0,2,3,A,-,08,22107,NA,N,B,C,A,A,H,-,A,D,0,NA,NA,Y,NA,Y,NA,A,01,0,0,2,0,0,0,0,0,1,-,-,34.055240631103516,-118.45150756835938,LOS ANGELES,UNINCORPORATED,-118.4515380859375,34.05521774291992
91496440,2021,2021-06-14,9590,2021-06-02,0840,022102,NA,3,1,7,1942,0,1,2,NA,2,073,US-101 S/B (HOLLYWOOD FREEWAY),NORMANDIE AVE,235,N,N,A,-,Y,NA,NA,101,NA,NA,NA,NA,NA,S,Y,3,0,1,2,A,-,07,21658,A,N,B,C,A,A,H,-,A,D,0,NA,NA,Y,NA,Y,NA,A,01,0,1,0,0,0,0,0,0,1,-,-,34.08409881591797,-118.29955291748048,LOS ANGELES,LOS ANGELES,-118.29956817626952,34.08407211303711
91496450,2021,2021-06-14,9590,2021-06-08,1018,016230,NA,2,1,7,1942,0,1,3,NA,2,031,SR-60 W/B (POF),LORENA STREET,235,E,N,A,-,Y,NA,NA,60,NA,NA,NA,NA,NA,W,Y,4,0,2,2,A,-,03,22350,NA,N,C,2,A,A,H,-,A,D,0,NA,NA,NA,NA,Y,NA,A,01,0,0,2,0,0,0,0,0,0,-,-,34.0296516418457,-118.1990203857422,LOS ANGELES,LOS ANGELES,-118.19903564453124,34.02970886230469
91496472,2021,2021-06-14,9540,2021-06-01,1806,020462,NA,2,2,9,1900,0,2,4,NA,2,011,STEVENSON RANCH PARKWAY,HEMINGWAY AVE.,0,NA,Y,A,-,N,NA,NA,NA,NA,NA,NA,NA,NA,NA,Y,4,0,3,2,A,-,09,21801,A,N,D,C,A,A,H,-,A,A,0,NA,NA,NA,NA,Y,NA,A,01,0,0,3,0,0,0,0,0,0,-,-,34.38726043701172,-118.58016967773438,LOS ANGELES,UNINCORPORATED,-118.58017730712892,34.38725280761719
91496508,2021,2021-06-14,9565,2021-06-03,0635,016943,NA,4,1,7,1942,0,1,1,NA,2,063,I-405 S/B (SAN DIEGO FWY),SANTA MONICA BLVD,100,N,N,B,-,Y,NA,NA,405,NA,NA,NA,NA,NA,S,N,4,0,1,2,A,-,03,22350,NA,N,C,C,A,A,H,-,A,D,0,NA,NA,NA,Y,Y,NA,A,01,0,0,1,0,0,0,0,0,0,-,-,34.049049377441406,-118.44853973388672,LOS ANGELES,LOS ANGELES,-118.44847869873048,34.0490837097168
91496522,2021,2021-06-14,9525,2021-06-07,1410,022546,NA,1,2,6,1955,0,1,3,NA,2,071,SR-71 S/B (CHINO VALLEY FWY),HOLT AVE.,500,S,N,B,-,Y,NA,NA,71,NA,NA,NA,NA,NA,S,Y,4,0,1,3,A,-,03,22350,NA,N,B,C,A,A,H,-,A,D,0,NA,NA,Y,NA,Y,NA,C,02,0,0,1,0,0,0,0,0,1,-,-,34.06037902832031,-117.78807067871094,LOS ANGELES,POMONA,-117.7880630493164,34.060386657714844
91496527,2021,2021-06-14,9590,2021-05-19,2210,022428,NA,3,3,7,1942,0,1,2,NA,2,071,US-101 S/B (HOLLYWOOD FREEWAY),GLENDALE BLVD.,40,N,N,A,-,Y,NA,NA,101,NA,NA,NA,NA,NA,S,Y,3,0,2,3,A,-,03,22350,NA,N,C,C,A,A,H,-,C,D,0,NA,NA,NA,NA,Y,NA,A,07,0,2,0,0,0,0,0,0,0,-,-,34.0696907043457,-118.2614517211914,LOS ANGELES,LOS ANGELES,-118.26144409179688,34.0697021484375
91496545,2021,2021-06-14,9535,2021-06-04,1900,022305,NA,5,2,5,1952,0,1,1,NA,2,104,I-105 (CENTURY FREEWAY) E/B,I-710 (LONG BEACH FREEWAY) N/B,148,E,N,A,-,Y,NA,NA,105,NA,NA,NA,NA,NA,E,N,4,0,1,1,A,-,08,22107,NA,N,E,I,A,A,H,-,A,D,0,NA,NA,NA,NA,Y,NA,A,07,0,0,1,0,0,0,0,0,0,-,-,33.912540435791016,-118.17938232421876,LOS ANGELES,PARAMOUNT,-118.17941284179688,33.912437438964844
91496551,2021,2021-06-14,9565,2021-06-03,1402,022251,NA,4,2,9,1900,0,3,5,NA,2,003,LA BREA AVE,SLAUSON BLVD,90,S,N,A,-,N,NA,NA,NA,NA,NA,NA,NA,NA,NA,Y,3,0,2,2,A,-,21,22106,NA,N,D,C,A,A,H,-,A,D,0,NA,NA,NA,NA,Y,NA,A,07,0,2,0,0,0,0,0,0,0,-,-,33.98823928833008,-118.35858917236328,LOS ANGELES,UNINCORPORATED,-118.35854339599608,33.98831558227539
91496577,2021,2021-06-14,9540,2021-06-02,1520,019508,NA,3,2,9,1900,0,1,3,NA,1,138,SR-138 W/B,OLD RIDGE ROUTE ROAD,3696,W,N,A,-,Y,NA,NA,138,NA,NA,NA,NA,NA,W,Y,3,0,1,2,A,-,01,23152,A,F,B,C,A,A,H,-,A,D,0,NA,NA,NA,Y,Y,Y,F,26,0,1,0,0,0,0,0,0,0,-,-,34.76884841918945,-118.74565887451172,LOS ANGELES,UNINCORPORATED,-118.74565887451172,34.768863677978516
91496589,2021,2021-06-14,9565,2021-06-03,1558,021889,NA,4,2,5,1965,0,1,3,NA,2,080,I-10 W/B,11TH ST,250,E,N,B,-,Y,NA,NA,10,NA,NA,NA,NA,NA,W,Y,4,0,1,2,A,-,03,22350,NA,N,C,C,A,A,H,-,A,D,0,NA,NA,NA,NA,Y,NA,A,01,0,0,1,0,0,0,0,0,0,-,-,34.01755905151367,-118.48179626464844,LOS ANGELES,SANTA MONICA,-118.48187255859376,34.01765060424805
91496623,2021,2021-06-14,9565,2021-06-03,1107,015587,NA,4,1,7,1942,0,1,1,NA,2,064,I-405 S/B (SAN DIEGO FREEWAY),GETTY CENTER DRIVE,1056,S,N,A,-,Y,NA,NA,405,NA,NA,NA,NA,NA,S,Y,4,0,1,3,A,-,03,22350,NA,N,C,C,A,A,H,-,A,D,0,NA,NA,NA,NA,Y,NA,A,01,0,0,1,0,0,0,0,0,0,-,-,34.08538818359375,-118.47496795654295,LOS ANGELES,LOS ANGELES,-118.4749755859375,34.08538818359375
91496648,2021,2021-06-14,9535,2021-06-02,1804,022176,NA,3,2,5,1901,0,1,1,NA,2,421,I-10 W/B (SAN BERNARDINO FWY) FROM ATLANTIC BLVD.,ATLANTIC BLVD,185,W,N,A,-,Y,NA,NA,10,NA,NA,NA,R,NA,W,N,4,0,1,2,A,-,09,21803,A,N,B,C,A,A,H,-,A,A,0,NA,NA,NA,NA,Y,NA,D,22,0,0,1,0,0,0,0,0,0,-,-,34.07123947143555,-118.13488006591795,LOS ANGELES,ALHAMBRA,-118.13488006591795,34.07123947143555
91496663,2021,2021-06-14,9565,2021-06-13,2140,021951,NA,7,2,7,1942,0,1,1,NA,2,062,I-405 N/B (SAN DIEGO FWY),NATIONAL BLVD.,500,S,N,A,-,Y,NA,NA,405,NA,NA,NA,NA,NA,N,Y,4,0,1,3,A,-,01,23152,A,N,B,C,A,A,H,-,C,D,0,NA,NA,NA,NA,Y,Y,A,01,0,0,1,0,0,0,0,0,0,-,-,34.02574157714844,-118.42893981933594,LOS ANGELES,LOS ANGELES,-118.4290008544922,34.025691986083984