CASE_ID,ACCIDENT_YEAR,PROC_DATE,JURIS,COLLISION_DATE,COLLISION_TIME,OFFICER_ID,REPORTING_DISTRICT,DAY_OF_WEEK,CHP_SHIFT,POPULATION,CNTY_CITY_LOC,SPECIAL_COND,BEAT_TYPE,CHP_BEAT_TYPE,CITY_DIVISION_LAPD,CHP_BEAT_CLASS,BEAT_NUMBER,PRIMARY_RD,SECONDARY_RD,DISTANCE,DIRECTION,INTERSECTION,WEATHER_1,WEATHER_2,STATE_HWY_IND,CALTRANS_COUNTY,CALTRANS_DISTRICT,STATE_ROUTE,ROUTE_SUFFIX,POSTMILE_PREFIX,POSTMILE,LOCATION_TYPE,RAMP_INTERSECTION,SIDE_OF_HWY,TOW_AWAY,COLLISION_SEVERITY,NUMBER_KILLED,NUMBER_INJURED,PARTY_COUNT,PRIMARY_COLL_FACTOR,PCF_CODE_OF_VIOL,PCF_VIOL_CATEGORY,PCF_VIOLATION,PCF_VIOL_SUBSECTION,HIT_AND_RUN,TYPE_OF_COLLISION,MVIW,PED_ACTION,ROAD_SURFACE,ROAD_COND_1,ROAD_COND_2,LIGHTING,CONTROL_DEVICE,CHP_ROAD_TYPE,PEDESTRIAN_ACCIDENT,BICYCLE_ACCIDENT,MOTORCYCLE_ACCIDENT,TRUCK_ACCIDENT,NOT_PRIVATE_PROPERTY,ALCOHOL_INVOLVED,STWD_VEHTYPE_AT_FAULT,CHP_VEHTYPE_AT_FAULT,COUNT_SEVERE_INJ,COUNT_VISIBLE_INJ,COUNT_COMPLAINT_PAIN,COUNT_PED_KILLED,COUNT_PED_INJURED,COUNT_BICYCLIST_KILLED,COUNT_BICYCLIST_INJURED,COUNT_MC_KILLED,COUNT_MC_INJURED,PRIMARY_RAMP,SECONDARY_RAMP,LATITUDE,LONGITUDE,COUNTY,CITY,POINT_X,POINT_Y
91496703,2021,2021-06-14,9550,2021-06-05,1630,022048,NA,6,2,5,1908,0,1,3,NA,2,091,SR-91 WB,BELLFLOWER BOULEVARD,2640,E,N,A,-,Y,NA,NA,91,NA,NA,NA,NA,NA,W,Y,4,0,2,3,A,-,03,22350,NA,N,C,C,A,A,H,-,A,D,0,NA,NA,NA,NA,Y,NA,A,01,0,0,2,0,0,0,0,0,0,-,-,33.87630844116211,-118.11762237548828,LOS ANGELES,BELLFLOWER,-118.11762237548828,33.87640380859375
91496733,2021,2021-06-14,9535,2021-06-05,0950,022011,NA,6,1,5,1943,0,1,1,NA,2,074,1-710 (LONG BEACH FWY) TO I-105 (CENTURY FWY),ROSECRANS AVE,1600,N,N,A,-,Y,NA,NA,NA,NA,NA,NA,NA,NA,NA,N,3,0,1,3,A,-,03,22350,NA,N,C,C,A,A,H,-,A,D,0,NA,NA,NA,NA,Y,NA,A,01,0,1,0,0,0,0,0,0,0,-,-,33.90748977661133,-118.18134307861328,LOS ANGELES,LYNWOOD,-118.18527221679688,33.90367126464844
91496739,2021,2021-06-14,9535,2021-06-04,1825,021308,NA,5,2,9,1900,0,3,5,NA,2,002,UNION PACIFIC AVE,BRANNICK AVE,0,NA,Y,A,-,N,NA,NA,NA,NA,NA,NA,NA,NA,NA,N,2,0,1,2,A,-,03,22350,NA,N,A,C,A,A,H,-,A,D,0,NA,NA,NA,NA,Y,NA,M,94,1,0,0,0,0,0,0,0,0,-,-,34.01660919189453,-118.1779327392578,LOS ANGELES,UNINCORPORATED,-118.17797088623048,34.016571044921875
91496749,2021,2021-06-14,9590,2021-06-03,1755,021492,NA,4,2,7,1942,0,1,1,NA,2,041,I-5 S/B (SANTA ANA FREEWAY),LORENA ST.,1000,S,N,A,-,Y,NA,NA,5,NA,NA,NA,NA,NA,S,N,4,0,1,2,A,-,03,22350,NA,N,C,C,A,A,H,-,A,D,0,NA,NA,NA,NA,Y,NA,A,01,0,0,1,0,0,0,0,0,0,-,-,34.023040771484375,-118.20027923583984,LOS ANGELES,LOS ANGELES,-118.20028686523438,34.02302169799805
91496756,2021,2021-06-14,9525,2021-06-04,1158,017528,NA,5,1,1,1934,0,1,1,NA,2,214,I-210 E/B (FOOTHILL FREEWAY),INTERSTATE-605,3400,E,N,A,-,Y,NA,NA,210,NA,NA,NA,NA,NA,E,N,3,0,1,3,A,-,03,22350,NA,N,C,C,A,A,H,-,A,D,0,NA,NA,NA,NA,Y,NA,A,01,0,1,0,0,0,0,0,0,0,-,-,34.1308708190918,-117.94657135009766,LOS ANGELES,IRWINDALE,-117.94660949707033,34.130767822265625
91496769,2021,2021-06-14,9525,2021-06-09,0255,021931,NA,3,3,5,1906,0,1,1,NA,2,103,I-10 W/B (SAN BERNARDINO FWY),FRANCISQUITO AVE,100,E,N,A,-,Y,NA,NA,NA,NA,NA,NA,NA,NA,NA,Y,4,0,3,2,A,-,07,21658,A,N,B,C,A,A,H,-,D,D,0,NA,NA,NA,NA,Y,NA,A,01,0,0,3,0,0,0,0,0,0,-,-,NA,NA,LOS ANGELES,BALDWIN PARK,-117.97412109375,34.06871032714844
91496781,2021,2021-06-14,9590,2021-06-03,2300,021912,NA,4,3,7,1942,0,1,2,NA,2,070,US-101 (SANTA ANA FREEWAY),CENTER STREET,450,S,N,A,-,Y,NA,NA,101,NA,NA,NA,NA,NA,NA,N,4,0,1,2,A,-,07,21658,A,F,B,C,A,A,H,-,C,D,0,NA,NA,NA,NA,Y,Y,-,99,0,0,1,0,0,0,0,0,0,-,-,34.053340911865234,-118.22998046875,LOS ANGELES,LOS ANGELES,-118.22998046875,34.053340911865234
91496784,2021,2021-06-14,9525,2021-06-11,1705,020843,NA,5,2,1,1934,0,1,1,NA,2,651,I-605 S/B (SAN GABRIEL RIVER FWY),LIVE OAK AVE.,1056,S,N,A,-,Y,NA,NA,605,NA,NA,NA,NA,NA,S,N,4,0,1,2,A,-,08,22107,NA,N,B,C,A,A,H,-,A,D,0,NA,NA,Y,NA,Y,NA,A,01,0,0,1,0,0,0,0,0,1,-,-,34.105979919433594,-117.98274993896484,LOS ANGELES,IRWINDALE,-117.9827880859375,34.10599899291992
91496786,2021,2021-06-14,9590,2021-06-04,0500,022281,NA,5,3,7,1942,0,1,1,NA,2,062,I-10 E/B (SMF) TO I-110 N/B (HAF),VENICE BLVD.,230,N,N,A,-,Y,NA,NA,10,NA,NA,NA,R,NA,E,N,4,0,1,2,A,-,08,22107,NA,N,B,2,A,A,H,-,C,D,0,NA,NA,NA,NA,Y,NA,A,07,0,0,1,0,0,0,0,0,0,-,-,34.039119720458984,-118.27195739746094,LOS ANGELES,LOS ANGELES,-118.27195739746094,34.039119720458984
91496801,2021,2021-06-15,9590,2021-06-04,1350,021040,NA,5,1,7,1942,0,1,1,NA,2,085,I-5 S/B (GOLDEN STATE FREEWAY),LOS FELIZ BOULEVARD,1000,N,N,A,-,Y,NA,NA,5,NA,NA,NA,NA,NA,S,Y,4,0,3,3,A,-,03,22350,NA,N,C,C,A,A,H,-,A,D,0,NA,NA,NA,NA,Y,NA,A,07,0,0,3,0,0,0,0,0,0,-,-,34.1301383972168,-118.27446746826172,LOS ANGELES,LOS ANGELES,-118.2744369506836,34.130149841308594
91496805,2021,2021-06-15,9550,2021-06-06,1908,022391,NA,7,2,9,1900,0,3,5,NA,2,005,FARJARDO STREET,BATSON AVENUE,121,E,N,A,-,N,NA,NA,NA,NA,NA,NA,NA,NA,NA,Y,4,0,1,2,A,-,01,23152,A,N,E,I,A,A,H,-,A,A,0,NA,NA,NA,NA,Y,Y,A,01,0,0,1,0,0,0,0,0,0,-,-,33.980018615722656,-117.90460205078124,LOS ANGELES,UNINCORPORATED,-117.90469360351564,33.97992706298828
91496985,2021,2021-06-15,9580,2021-06-03,1603,017427,NA,4,2,9,1900,0,2,4,NA,1,127,MALIBU CANYON RD,PIUMA RD.,2112,S,N,A,-,N,NA,NA,NA,NA,NA,NA,NA,NA,NA,Y,2,0,1,3,A,-,08,22107,NA,N,B,C,A,A,H,-,A,A,0,NA,NA,NA,NA,Y,Y,A,01,1,0,0,0,0,0,0,0,0,-,-,34.075008392333984,-118.7038803100586,LOS ANGELES,UNINCORPORATED,-118.70279693603516,34.076820373535156
91496986,2021,2021-06-15,9580,2021-06-02,1455,021522,NA,3,2,7,1942,0,1,2,NA,2,105,US-101 S/B (VENTURA FREEWAY),WINNETKA AVE,650,N,N,A,-,Y,NA,NA,101,NA,NA,NA,NA,NA,S,Y,4,0,2,3,A,-,03,22350,NA,N,C,C,A,A,H,-,A,D,0,NA,NA,NA,NA,Y,NA,A,01,0,0,2,0,0,0,0,0,0,-,-,34.170291900634766,-118.57582092285156,LOS ANGELES,LOS ANGELES,-118.57582092285156,34.1702880859375
91496992,2021,2021-06-15,9580,2021-06-02,2250,022492,NA,3,3,7,1942,0,1,3,NA,2,117,SR-118 W/B (RONALD REAGAN FWY.),WILBUR AVE,200,E,N,A,-,Y,NA,NA,118,NA,NA,NA,NA,NA,W,Y,2,0,3,3,A,-,08,22107,NA,N,D,C,A,A,H,-,C,D,0,NA,NA,NA,NA,Y,NA,A,01,2,0,1,0,0,0,0,0,0,-,-,34.27436065673828,-118.54624938964844,LOS ANGELES,LOS ANGELES,-118.54624938964844,34.27433395385742
91496993,2021,2021-06-15,9575,2021-05-18,1737,021784,NA,2,2,9,1900,0,1,3,NA,2,081,ROSEMEAD BLVD. (600 S BLOCK),CALIFORNIA BLVD. (3600 BLOCK),415,N,N,A,-,N,NA,NA,NA,NA,NA,NA,NA,NA,NA,Y,4,0,2,3,A,-,03,22350,NA,M,C,C,A,A,H,-,A,D,0,NA,NA,NA,NA,Y,NA,-,99,0,0,2,0,0,0,0,0,0,-,-,34.135860443115234,-118.07334136962892,LOS ANGELES,UNINCORPORATED,-118.0731964111328,34.13583755493164
91496995,2021,2021-10-29,9550,2021-06-06,1900,022600,NA,7,2,9,1900,0,3,5,NA,2,002,VALLEY VIEW AVE.,TELEGRAPH ROAD,50,S,N,A,-,N,NA,NA,NA,NA,NA,NA,NA,NA,NA,N,4,0,1,2,A,-,21,22106,NA,N,C,C,A,A,H,-,A,A,0,NA,NA,NA,NA,Y,NA,-,-,0,0,1,0,0,0,0,0,0,-,-,33.92784881591797,-118.02897644042967,LOS ANGELES,UNINCORPORATED,-118.0290756225586,33.927947998046875
91497009,2021,2021-06-15,9540,2021-06-07,2350,021058,NA,1,3,9,1900,0,1,1,NA,2,511,I-5 S/B (GOLDEN STATE FREEWAY),VISTA DEL LAGO RD.,18480,S,N,A,-,Y,NA,NA,5,NA,NA,NA,NA,NA,S,Y,4,0,1,1,C,-,18,NA,NA,N,H,H,A,A,H,-,D,D,0,NA,NA,NA,NA,Y,NA,-,-,0,0,1,0,0,0,0,0,0,-,-,34.6285400390625,-118.72473907470705,LOS ANGELES,UNINCORPORATED,-118.72479248046876,34.62847900390625
91497012,2021,2021-06-15,9540,2021-06-06,2318,021882,NA,7,3,9,1900,0,1,3,NA,2,126,SR-126 W/B,CHIQUITO CANYON RD,0,NA,Y,A,-,Y,NA,NA,126,NA,NA,NA,NA,NA,W,Y,3,0,4,2,A,-,09,21802,A,N,A,C,A,A,H,-,D,D,0,NA,NA,NA,NA,Y,NA,A,01,0,4,0,0,0,0,0,0,0,-,-,34.4197998046875,-118.65676879882813,LOS ANGELES,UNINCORPORATED,-118.65683746337892,34.41986083984375
91497105,2021,2021-06-15,9530,2021-06-04,2310,021906,NA,5,3,7,1942,0,1,1,NA,2,110,I-110 SOUTHBOUND,182ND ST.,320,S,N,A,-,Y,NA,NA,110,NA,NA,NA,NA,NA,S,Y,3,0,2,2,A,-,07,21658,A,N,B,2,A,A,H,-,C,D,0,NA,NA,NA,NA,Y,NA,A,01,0,2,0,0,0,0,0,0,0,-,-,33.86867141723633,-118.2852783203125,LOS ANGELES,LOS ANGELES,-118.28506469726564,33.86867141723633
91497199,2021,2021-06-15,9530,2021-06-04,1200,014654,NA,5,1,7,1941,0,1,1,NA,2,430,I-405 S/B (SAN DIEGO FREEWAY),WOODRUFF AVE.,528,N,N,A,-,Y,NA,NA,405,NA,NA,NA,NA,NA,S,N,4,0,1,2,A,-,03,22350,NA,N,C,C,A,A,H,-,D,D,0,NA,NA,NA,NA,Y,NA,A,01,0,0,1,0,0,0,0,0,0,-,-,33.80168151855469,-118.11515808105467,LOS ANGELES,LONG BEACH,-118.11505889892578,33.80192184448242
91497292,2021,2021-06-15,9550,2021-06-04,1805,020688,NA,5,2,9,1900,0,1,3,NA,2,602,STATE ROUTE 60 E/B,FAIRWAY DRIVE,1584,W,N,A,-,Y,NA,NA,60,NA,NA,NA,NA,NA,E,Y,4,0,3,2,A,-,03,22350,NA,N,C,C,A,A,H,-,A,D,0,NA,NA,NA,NA,Y,NA,A,01,0,0,3,0,0,0,0,0,0,-,-,33.99542999267578,-117.87550354003906,LOS ANGELES,UNINCORPORATED,-117.87549591064452,33.995384216308594
91497298,2021,2021-06-15,9565,2021-05-11,1818,020209,NA,2,2,9,1900,0,1,1,NA,2,012,INTERSTATE 105 EASTBOUND,WILTON PLACE,500,E,N,A,-,Y,NA,NA,105,NA,NA,NA,NA,NA,E,Y,3,0,1,2,A,-,08,22107,NA,F,B,C,A,A,H,-,A,D,0,NA,NA,Y,NA,Y,NA,-,99,0,1,0,0,0,0,0,0,1,-,-,33.9252815246582,-118.31233215332033,LOS ANGELES,UNINCORPORATED,-118.31233215332033,33.92524719238281
91497302,2021,2021-06-15,9590,2021-06-04,0458,021346,NA,5,3,7,1942,0,1,1,NA,2,060,I-10 E/B (SANTA MONICA FREEWAY),HAUSER BOULEVARD,500,E,N,A,-,Y,NA,NA,10,NA,NA,NA,NA,NA,E,N,4,0,1,2,A,-,08,22107,NA,F,B,C,A,A,H,-,B,D,0,NA,NA,NA,NA,Y,NA,-,99,0,0,1,0,0,0,0,0,0,-,-,34.033729553222656,-118.36055755615234,LOS ANGELES,LOS ANGELES,-118.36055755615234,34.03374481201172
91497315,2021,2021-06-15,9590,2021-05-21,1215,015575,NA,5,1,7,1942,0,1,1,NA,2,082,I-5 N/B (GOLDEN STATE FREEWAY),SAN FERNANDO ROAD,785,N,N,A,-,Y,NA,NA,5,NA,NA,NA,NA,NA,N,N,4,0,1,2,A,-,03,22350,NA,N,C,C,A,A,H,-,A,D,0,NA,NA,NA,NA,Y,NA,A,01,0,0,1,0,0,0,0,0,0,-,-,34.084320068359375,-118.22972869873048,LOS ANGELES,LOS ANGELES,-118.22975158691406,34.08428955078125
91497330,2021,2021-06-15,9590,2021-06-04,2125,021622,NA,5,2,7,1942,0,1,1,NA,2,053,I-110 S/B (HARBOR FREEWAY),28TH STREET,75,S,N,A,-,Y,NA,NA,110,NA,NA,NA,NA,NA,S,Y,3,0,1,1,A,-,08,22107,NA,N,E,I,A,A,H,-,C,D,0,NA,NA,NA,NA,Y,NA,A,07,0,1,0,0,0,0,0,0,0,-,-,34.025630950927734,-118.2756118774414,LOS ANGELES,LOS ANGELES,-118.27567291259766,34.02566909790039
91497369,2021,2021-06-15,9535,2021-06-05,0305,022250,NA,6,3,5,1959,0,1,1,NA,2,401,I-10 (SAN BERNARDINO FREEWAY) W/B,SAN GABRIEL BLVD,1320,E,N,A,-,Y,NA,NA,10,NA,NA,NA,NA,NA,W,Y,4,0,2,1,A,-,08,22107,NA,N,E,I,A,A,H,-,C,D,0,NA,NA,NA,NA,Y,NA,A,01,0,0,2,0,0,0,0,0,0,-,-,34.07212829589844,-118.08676147460938,LOS ANGELES,ROSEMEAD,-118.08676147460938,34.072235107421875
91497382,2021,2021-06-16,9530,2021-05-19,0810,018745,NA,3,1,9,1900,0,3,5,NA,2,001,FIRESTONE BLVD. (1100 BLOCK),HOOPER AVE.,325,W,N,A,-,N,NA,NA,NA,NA,NA,NA,NA,NA,NA,N,3,0,1,3,A,-,08,22107,NA,F,G,B,E,A,H,-,A,D,0,Y,NA,NA,NA,Y,NA,-,99,0,1,0,0,1,0,0,0,0,-,-,33.9600715637207,-118.25515747070313,LOS ANGELES,UNINCORPORATED,-118.25509643554688,33.96015930175781
91497399,2021,2021-06-15,9550,2021-06-04,2115,022430,NA,5,2,9,1900,0,3,5,NA,2,006,BREA CANYON CUTT-OFF RD,FAIRWAY DRIVE,15,W,N,A,-,N,NA,NA,NA,NA,NA,NA,NA,NA,NA,Y,4,0,1,2,D,-,00,NA,NA,N,C,C,A,A,H,-,C,A,0,NA,NA,NA,NA,Y,Y,-,-,0,0,1,0,0,0,0,0,0,-,-,33.98786163330078,-117.870361328125,LOS ANGELES,UNINCORPORATED,-117.87026977539064,33.98783874511719
91497409,2021,2021-06-15,9545,2021-06-11,0540,020244,NA,5,3,9,1900,0,3,5,NA,2,004,AVENUE J,175TH STRRET EAST,100,W,N,A,-,N,NA,NA,NA,NA,NA,NA,NA,NA,NA,Y,3,0,1,2,A,-,08,22107,NA,N,B,C,A,A,H,-,A,D,0,NA,NA,NA,NA,Y,NA,A,01,0,1,0,0,0,0,0,0,0,-,-,34.68996047973633,-117.91977691650392,LOS ANGELES,UNINCORPORATED,-117.81864166259766,34.6899528503418
91497424,2021,2021-06-15,9590,2021-05-25,1020,017733,NA,2,1,7,1942,0,1,1,NA,2,080,I-5 N/B (GOLDEN STATE FREEWAY),CESAR CHAVEZ AVENUE,425,S,N,A,-,Y,NA,NA,5,NA,NA,NA,NA,NA,N,N,4,0,1,2,A,-,03,22350,NA,N,C,C,A,A,H,-,A,D,0,NA,NA,NA,Y,Y,NA,F,26,0,0,1,0,0,0,0,0,0,-,-,34.04798126220703,-118.21436309814452,LOS ANGELES,LOS ANGELES,-118.21436309814452,34.04798126220703
91497430,2021,2021-06-15,9535,2021-06-06,2140,022245,NA,7,2,5,1952,0,1,1,NA,2,074,I-710 N/B (LONG BEACH FWY),ROSECRANS AVE,300,S,N,A,-,Y,NA,NA,710,NA,NA,NA,NA,NA,N,Y,3,0,2,2,A,-,01,23152,A,N,C,C,A,A,H,-,C,D,0,NA,NA,NA,Y,Y,Y,A,01,0,1,1,0,0,0,0,0,0,-,-,33.90299987792969,-118.18572998046876,LOS ANGELES,PARAMOUNT,-118.18568420410156,33.90297317504883
91497452,2021,2021-06-15,9535,2021-06-07,0340,022418,NA,1,3,5,1901,0,1,S,NA,2,506,I-10 EASTBOUND (SAN BERNARDINO FREEWAY),GARFIELD AVENUE,1300,W,N,A,-,Y,NA,NA,10,NA,NA,NA,NA,NA,E,Y,2,0,2,2,A,-,07,21658,A,N,B,2,A,A,H,-,D,D,0,NA,NA,NA,NA,Y,Y,A,01,1,1,0,0,0,0,0,0,0,-,-,34.071449279785156,-118.1272430419922,LOS ANGELES,ALHAMBRA,-118.1272430419922,34.0713996887207
91497467,2021,2021-06-15,9590,2021-05-30,0715,019008,NA,7,1,7,1942,0,1,2,NA,2,071,US-101 SOUTHBOUND (HOLLYWOOD FREEWAY) FROM VERMONT,VIRGIL AVENUE,400,N,N,B,-,Y,NA,NA,101,NA,NA,NA,R,NA,S,Y,4,0,1,2,A,-,01,23152,A,N,B,E,A,A,H,-,A,D,0,NA,NA,NA,NA,Y,Y,A,01,0,0,1,0,0,0,0,0,0,-,-,34.07804870605469,-118.28823089599608,LOS ANGELES,LOS ANGELES,-118.28823089599608,34.07804870605469
91497482,2021,2021-06-15,9580,2021-06-15,0550,018185,NA,2,3,9,1900,0,1,2,NA,2,107,US-101 S/B (VENTURA FREEWAY),LAS VIRGENES RD,1192,N,N,A,-,Y,NA,NA,101,NA,NA,NA,NA,NA,S,Y,2,0,1,1,A,-,08,22107,NA,N,E,J,A,A,H,-,A,D,0,NA,NA,NA,NA,Y,NA,D,22,1,0,0,0,0,0,0,0,0,-,-,34.145599365234375,-118.70020294189452,LOS ANGELES,UNINCORPORATED,-118.70036315917967,34.14580154418945
91497492,2021,2021-06-15,9530,2021-06-04,1453,020956,NA,5,2,6,1972,0,1,1,NA,2,400,I-405 S/B (SAN DIEGO FREEWAY),WESTERN AVE.,800,S,N,A,-,Y,NA,NA,NA,NA,NA,NA,NA,NA,NA,N,4,0,2,3,A,-,03,22350,NA,N,C,C,A,A,H,-,A,D,0,NA,NA,NA,NA,Y,NA,D,22,0,0,2,0,0,0,0,0,0,-,-,33.88597869873047,-118.30587768554688,LOS ANGELES,TORRANCE,-118.30917358398438,33.859771728515625
91497523,2021,2021-06-15,9590,2021-06-05,1130,020618,NA,6,1,7,1942,0,1,1,NA,2,041,I-5 SB (SAF),EUCLID AVENUE,700,S,N,A,-,Y,NA,NA,5,NA,NA,NA,NA,NA,S,Y,4,0,1,3,A,-,03,22350,NA,N,C,C,A,A,H,-,A,D,0,NA,NA,NA,NA,Y,NA,A,01,0,0,1,0,0,0,0,0,0,-,-,34.026031494140625,-118.20760345458984,LOS ANGELES,LOS ANGELES,-118.20760345458984,34.0260124206543
91497541,2021,2021-06-15,9525,2021-06-08,1520,021505,NA,2,2,4,1905,0,1,1,NA,2,204,I-210 E/B TO VERNON AVE,3RD ST,100,W,N,A,-,Y,NA,NA,210,NA,NA,NA,R,NA,E,Y,2,0,1,1,A,-,08,22107,NA,N,E,I,A,A,H,-,A,D,0,NA,NA,Y,NA,Y,NA,C,02,1,0,0,0,0,0,0,0,1,-,-,34.1265983581543,-117.9172592163086,LOS ANGELES,AZUSA,-117.9172592163086,34.1265983581543
91497546,2021,2021-06-15,9530,2021-06-04,1230,022120,NA,5,1,7,1942,0,1,1,NA,2,110,I-110 N/B,108TH ST.,500,N,N,A,-,Y,NA,NA,110,NA,NA,NA,NA,NA,N,N,3,0,1,3,A,-,07,21658,A,F,B,C,A,A,H,-,A,D,0,NA,NA,NA,NA,Y,NA,-,99,0,1,0,0,0,0,0,0,0,-,-,33.93973159790039,-118.2798309326172,LOS ANGELES,LOS ANGELES,-118.27980041503906,33.939727783203125
91497554,2021,2021-06-15,9590,2021-06-06,2100,022431,NA,7,2,7,1942,0,1,2,NA,2,071,US-101 S/B (HOLLYWOOD FREEWAY),BONNIE BRAE STREET,100,N,N,A,-,Y,NA,NA,101,NA,NA,NA,NA,NA,S,Y,4,0,1,2,A,-,03,22350,NA,N,C,C,A,A,H,-,C,D,0,NA,NA,NA,NA,Y,NA,D,22,0,0,1,0,0,0,0,0,0,-,-,34.07107162475586,-118.26499176025392,LOS ANGELES,LOS ANGELES,-118.26498413085938,34.071083068847656
91497560,2021,2021-06-15,9590,2021-06-06,1715,022431,NA,7,2,7,1942,0,1,1,NA,2,012,SR-110 N/B (ARROYO SECO PARKWAY),SOUTH OF MARMION WAY,600,S,N,A,-,Y,NA,NA,110,NA,NA,NA,NA,NA,N,Y,3,0,1,1,A,-,08,22107,NA,N,F,A,A,A,H,-,A,D,0,NA,NA,Y,NA,Y,NA,C,02,0,1,0,0,0,0,0,0,1,-,-,34.111488342285156,-118.1824188232422,LOS ANGELES,LOS ANGELES,-118.18243408203124,34.11141586303711
91497562,2021,2021-06-15,9535,2021-06-03,1101,021657,NA,4,1,9,1900,0,1,1,NA,2,070,I-710 (LONG BEACH FREEWAY) N/B TO SR-60 (POMONA FR,HUMPHREYS AVE,630,S,N,A,-,Y,NA,NA,710,NA,NA,NA,R,NA,N,N,4,0,1,2,A,-,03,22350,NA,N,C,C,A,A,H,-,A,D,0,NA,NA,NA,NA,Y,NA,E,22,0,0,1,0,0,0,0,0,0,-,-,34.02804183959961,-118.17191314697266,LOS ANGELES,UNINCORPORATED,-118.17191314697266,34.02804183959961
91497570,2021,2021-06-15,9525,2021-06-04,1206,018997,NA,5,1,4,1946,0,1,1,NA,2,211,I-210 W/B (FOOTHILL FREEWAY),MONTEREY AVE.,520,E,N,A,-,Y,NA,NA,210,NA,NA,NA,NA,NA,W,Y,2,0,1,4,A,-,03,22350,NA,N,C,C,A,A,H,-,A,D,0,NA,NA,Y,NA,Y,NA,C,02,1,0,0,0,0,0,0,0,1,-,-,34.13774871826172,-118.01352691650392,LOS ANGELES,MONROVIA,-118.01351928710938,34.13776779174805
91497618,2021,2021-06-15,9530,2021-06-04,1030,020938,NA,5,1,5,1915,0,1,3,NA,2,310,CENTRAL AVE TO SR-91 W/B,CENTRAL AVE.,1100,W,N,A,-,Y,NA,NA,NA,NA,NA,NA,NA,NA,NA,Y,4,0,1,2,A,-,03,22350,NA,N,C,C,A,A,H,-,A,A,0,NA,NA,NA,NA,Y,NA,D,22,0,0,1,0,0,0,0,0,0,-,-,33.87395095825195,-118.25245666503906,LOS ANGELES,COMPTON,-118.24870300292967,33.8803596496582
91497642,2021,2021-06-15,9535,2021-06-07,1420,022269,NA,1,2,5,1906,0,1,1,NA,2,650,I-605 N/B (SAN GABRIEL RIVER FREEWAY),VALLEY BLVD.,1000,N,N,A,-,Y,NA,NA,605,NA,NA,NA,NA,NA,N,N,4,0,1,2,A,-,03,22350,NA,N,C,C,A,A,H,-,A,D,0,NA,NA,NA,NA,Y,NA,A,01,0,0,1,0,0,0,0,0,0,-,-,34.057308197021484,-118.00238800048828,LOS ANGELES,BALDWIN PARK,-118.00242614746094,34.05732727050781
91497643,2021,2021-06-15,9575,2021-06-05,1635,022502,NA,6,2,6,1953,0,1,1,NA,2,065,WESTBOUND I-210 (FOOTHILL FREEWAY),SIERRA MADRE VILLA BLVD,50,E,N,A,-,Y,NA,NA,210,NA,NA,NA,NA,NA,NA,Y,3,0,1,3,A,-,03,22350,NA,N,C,C,A,A,H,-,A,D,0,NA,NA,NA,NA,Y,NA,A,01,0,1,0,0,0,0,0,0,0,-,-,34.14788818359375,-118.08161926269533,LOS ANGELES,PASADENA,-118.08161926269533,34.147945404052734
91497660,2021,2021-06-15,9545,2021-06-12,2001,021569,NA,6,2,9,1900,0,3,5,NA,2,004,PALMDALE BOULEVARD,90TH STREET EAST,265,W,N,A,-,N,NA,NA,NA,NA,NA,NA,NA,NA,NA,N,4,0,2,2,A,-,03,22350,NA,N,C,C,A,A,H,-,A,A,0,NA,NA,NA,NA,Y,NA,A,01,0,0,2,0,0,0,0,0,0,-,-,34.37969970703125,-117.97042846679688,LOS ANGELES,UNINCORPORATED,-117.97035217285156,34.57971954345703
91497684,2021,2021-06-15,9525,2021-06-07,2018,021080,NA,1,2,4,1905,0,1,1,NA,2,213,I-210 W/B (FOOTHILL FREEWAY),AZUSA AVE.,500,E,N,A,-,Y,NA,NA,210,NA,NA,NA,NA,NA,W,N,4,0,1,2,A,-,07,21658,A,N,B,C,A,A,D,-,A,D,0,NA,NA,NA,NA,Y,NA,A,01,0,0,1,0,0,0,0,0,0,-,-,34.12071990966797,-117.90634918212892,LOS ANGELES,AZUSA,-117.90634918212892,34.120750427246094
91497688,2021,2023-05-10,9545,2021-05-07,0439,021819,NA,5,3,9,1900,0,1,3,NA,1,042,SR-138 W/B,SR-18,209,W,N,A,-,N,NA,NA,138,NA,NA,NA,NA,NA,W,Y,2,0,1,2,A,-,05,21651,A,N,A,D,A,A,H,-,C,A,0,NA,NA,NA,Y,Y,NA,G,25,1,0,0,0,0,0,0,0,0,-,-,34.49835968017578,-117.73916625976564,LOS ANGELES,UNINCORPORATED,-117.73915863037108,34.498416900634766
91497718,2021,2021-06-15,9530,2021-06-07,1810,017860,NA,1,2,7,1941,0,1,1,NA,2,420,I-405 S/B (SAN DIEGO FREEWAY),SANTA FE AVE.,170,S,N,A,-,Y,NA,NA,405,NA,NA,NA,NA,NA,S,Y,4,0,1,4,A,-,03,22350,NA,N,C,C,A,A,H,-,A,D,0,NA,NA,NA,NA,Y,NA,A,01,0,0,1,0,0,0,0,0,0,-,-,33.82538986206055,-118.21491241455078,LOS ANGELES,LONG BEACH,-118.21492004394533,33.825435638427734
91497752,2021,2021-06-15,9530,2021-06-04,2205,020726,NA,5,3,9,1900,0,3,5,NA,2,003,ROSECRANS AVE.,ATLANTIC AVE.,8,E,N,A,-,N,NA,NA,NA,NA,NA,NA,NA,NA,NA,Y,2,0,1,2,A,-,01,23152,A,N,A,C,A,A,H,-,C,A,0,NA,NA,NA,NA,Y,Y,A,01,1,0,0,0,0,0,0,0,0,-,-,33.90354919433594,-118.1939697265625,LOS ANGELES,UNINCORPORATED,-118.19391632080078,33.90357208251953