CASE_ID,ACCIDENT_YEAR,PROC_DATE,JURIS,COLLISION_DATE,COLLISION_TIME,OFFICER_ID,REPORTING_DISTRICT,DAY_OF_WEEK,CHP_SHIFT,POPULATION,CNTY_CITY_LOC,SPECIAL_COND,BEAT_TYPE,CHP_BEAT_TYPE,CITY_DIVISION_LAPD,CHP_BEAT_CLASS,BEAT_NUMBER,PRIMARY_RD,SECONDARY_RD,DISTANCE,DIRECTION,INTERSECTION,WEATHER_1,WEATHER_2,STATE_HWY_IND,CALTRANS_COUNTY,CALTRANS_DISTRICT,STATE_ROUTE,ROUTE_SUFFIX,POSTMILE_PREFIX,POSTMILE,LOCATION_TYPE,RAMP_INTERSECTION,SIDE_OF_HWY,TOW_AWAY,COLLISION_SEVERITY,NUMBER_KILLED,NUMBER_INJURED,PARTY_COUNT,PRIMARY_COLL_FACTOR,PCF_CODE_OF_VIOL,PCF_VIOL_CATEGORY,PCF_VIOLATION,PCF_VIOL_SUBSECTION,HIT_AND_RUN,TYPE_OF_COLLISION,MVIW,PED_ACTION,ROAD_SURFACE,ROAD_COND_1,ROAD_COND_2,LIGHTING,CONTROL_DEVICE,CHP_ROAD_TYPE,PEDESTRIAN_ACCIDENT,BICYCLE_ACCIDENT,MOTORCYCLE_ACCIDENT,TRUCK_ACCIDENT,NOT_PRIVATE_PROPERTY,ALCOHOL_INVOLVED,STWD_VEHTYPE_AT_FAULT,CHP_VEHTYPE_AT_FAULT,COUNT_SEVERE_INJ,COUNT_VISIBLE_INJ,COUNT_COMPLAINT_PAIN,COUNT_PED_KILLED,COUNT_PED_INJURED,COUNT_BICYCLIST_KILLED,COUNT_BICYCLIST_INJURED,COUNT_MC_KILLED,COUNT_MC_INJURED,PRIMARY_RAMP,SECONDARY_RAMP,LATITUDE,LONGITUDE,COUNTY,CITY,POINT_X,POINT_Y
91498647,2021,2021-06-16,9550,2021-06-07,1210,022144,NA,1,1,5,1919,0,1,1,NA,2,652,INTERTSTATE 605 S/B TO SOUTH STREET,SOUTH STREET,50,N,N,A,-,Y,NA,NA,605,NA,NA,NA,R,NA,S,Y,4,0,1,2,A,-,03,22350,NA,N,C,C,A,A,H,-,A,D,0,NA,NA,NA,NA,Y,NA,A,01,0,0,1,0,0,0,0,0,0,-,-,33.85860061645508,-118.09770965576172,LOS ANGELES,CERRITOS,-118.09770965576172,33.85860061645508
91498658,2021,2021-06-16,9550,2021-06-08,1832,020948,NA,2,2,3,1964,0,1,1,NA,2,650,I-605 S/B FROM WASHINGTON BOULEVARD W/B,INTERSTATE 605 (SAN GABRIEL RIVER FREEWAY),100,W,N,A,-,Y,NA,NA,NA,NA,NA,NA,NA,NA,NA,Y,3,0,2,2,A,-,03,22350,NA,N,C,C,A,A,H,-,A,D,0,NA,NA,NA,NA,Y,NA,A,01,0,1,1,0,0,0,0,0,0,-,-,33.97515106201172,-118.08045959472656,LOS ANGELES,SANTA FE SPRINGS,NA,NA
91498662,2021,2021-06-16,9580,2021-06-13,1300,020983,NA,7,1,7,1942,0,1,2,NA,2,105,US-101 S/B,WINNETKA AVENUE,200,N,N,A,-,Y,NA,NA,101,NA,NA,NA,NA,NA,S,N,4,0,1,2,A,-,03,22350,NA,N,C,C,A,A,H,-,A,D,0,NA,NA,NA,NA,Y,NA,A,01,0,0,1,0,0,0,0,0,0,-,-,34.17060852050781,-118.5749969482422,LOS ANGELES,LOS ANGELES,-118.5749969482422,34.17060089111328
91498666,2021,2021-06-16,9525,2021-06-04,1055,021074,NA,5,1,9,1900,0,3,5,NA,2,004,3RD AVE. (200 BLOCK),PROCTOR AVE.,200,N,N,A,-,N,NA,NA,NA,NA,NA,NA,NA,NA,NA,N,3,0,1,3,A,-,09,21804,A,N,D,C,A,A,H,-,A,D,0,NA,NA,NA,NA,Y,NA,M,96,0,1,0,0,0,0,0,0,0,-,-,34.04214096069336,-117.99128723144533,LOS ANGELES,UNINCORPORATED,-117.99130249023438,34.042076110839844
91498668,2021,2021-06-16,9590,2021-05-24,1435,021040,NA,1,2,7,1942,0,1,1,NA,2,085,I-5 S/B (GOLDEN STATE FREEWAY),COLORADO STREET,1000,S,N,A,-,Y,NA,NA,5,NA,NA,NA,NA,NA,S,Y,4,0,1,2,A,-,07,21658,A,N,B,C,A,A,H,-,A,D,0,NA,NA,NA,NA,Y,NA,A,01,0,0,1,0,0,0,0,0,0,-,-,34.135311126708984,-118.27593231201172,LOS ANGELES,LOS ANGELES,-118.27591705322266,34.13531494140625
91498674,2021,2021-06-16,9550,2021-06-06,0630,022587,NA,7,1,5,1919,0,1,3,NA,2,092,STATE ROUTE 91 WESTBOUND,BLOOMFIELD AVENUE,500,W,N,A,-,Y,NA,NA,91,NA,NA,NA,NA,NA,W,Y,4,0,2,3,A,-,03,22350,NA,N,C,C,A,A,H,-,A,D,0,NA,NA,NA,NA,Y,NA,A,01,0,0,2,0,0,0,0,0,0,-,-,33.87601852416992,-118.06556701660156,LOS ANGELES,CERRITOS,-118.06557464599608,33.87599563598633
91498682,2021,2021-06-16,9540,2021-06-13,0939,016130,NA,7,1,9,1900,0,1,3,NA,2,146,SR-14 N/B ANTELOPE VALLEY FREEWAY,SOUTH OF ESCONDIDO CANYON ROAD,846,S,N,A,-,Y,NA,NA,14,NA,NA,NA,NA,NA,N,N,3,0,1,1,A,-,08,22107,NA,N,F,A,A,A,H,-,A,D,0,NA,NA,Y,NA,Y,Y,C,02,0,1,0,0,0,0,0,0,1,-,-,34.48897171020508,-118.28630828857422,LOS ANGELES,UNINCORPORATED,-118.28633880615234,34.488983154296875
91498689,2021,2021-06-16,9545,2021-06-15,1912,020749,NA,2,2,9,1900,0,3,5,NA,2,004,AVENUE P,50TH STREET EAST,0,NA,Y,A,-,N,NA,NA,NA,NA,NA,NA,NA,NA,NA,Y,2,0,2,2,A,-,09,21802,A,N,D,C,A,A,H,-,A,A,0,NA,NA,NA,NA,Y,NA,A,01,1,1,0,0,0,0,0,0,0,-,-,34.601951599121094,-118.04090881347656,LOS ANGELES,UNINCORPORATED,-118.04087829589844,34.60197448730469
91498696,2021,2021-06-16,9535,2021-06-08,1715,021308,NA,2,2,3,1914,0,1,1,NA,2,501,I-5 S/B (SANTA ANA FWY),SLAUSON AVE,528,S,N,A,-,Y,NA,NA,5,NA,NA,NA,NA,NA,S,N,4,0,1,2,A,-,03,22350,NA,N,C,C,A,A,H,-,A,D,0,NA,NA,NA,NA,Y,NA,A,01,0,0,1,0,0,0,0,0,0,-,-,33.973960876464844,-118.12407684326172,LOS ANGELES,COMMERCE,-118.12407684326172,33.973960876464844
91498708,2021,2021-06-16,9530,2021-06-05,0545,022438,NA,6,3,9,1900,0,3,5,NA,2,002,AVALON BOULEVARD (14100 BLOCK),ROSECRANS AVENUE,340,N,N,A,-,N,NA,NA,NA,NA,NA,NA,NA,NA,NA,Y,3,0,1,2,A,-,08,22102,NA,N,D,C,A,A,H,-,C,D,0,NA,NA,NA,NA,Y,NA,A,01,0,1,0,0,0,0,0,0,0,-,-,33.9031982421875,-118.26534271240234,LOS ANGELES,UNINCORPORATED,-118.26528930664064,33.903072357177734
91498755,2021,2021-06-16,9565,2021-05-20,1815,018804,NA,4,2,7,1942,0,1,1,NA,2,063,I-405 N/B,MONTANA AVE.,600,N,N,A,-,Y,NA,NA,405,NA,NA,NA,NA,NA,N,N,4,0,1,2,A,-,03,22350,NA,N,C,C,A,A,H,-,A,D,0,NA,NA,NA,NA,Y,NA,D,22,0,0,1,0,0,0,0,0,0,-,-,34.07184982299805,-118.46552276611328,LOS ANGELES,LOS ANGELES,-118.46563720703124,34.071754455566406
91498761,2021,2021-06-16,9525,2021-06-05,2005,019491,NA,6,2,9,1900,0,3,5,NA,2,002,MIDSITE AVENUE,TUDOR STREET,0,NA,Y,A,-,N,NA,NA,NA,NA,NA,NA,NA,NA,NA,N,3,0,1,2,A,-,03,22350,NA,N,B,E,A,A,H,-,B,D,0,NA,NA,Y,NA,Y,NA,C,02,0,1,0,0,0,0,0,0,1,-,-,34.10034942626953,-117.89797973632813,LOS ANGELES,UNINCORPORATED,-117.89784240722656,34.10036087036133
91498770,2021,2021-06-16,9530,2021-06-05,1225,022406,NA,6,1,9,1900,0,1,1,NA,2,410,I-405 N/B (SAN DIEGO FREEWAY),CARSON ST.,150,W,N,A,G,Y,NA,NA,NA,NA,NA,NA,NA,NA,NA,Y,4,0,2,3,A,-,03,22350,NA,N,C,C,A,A,H,-,A,D,0,NA,NA,NA,NA,Y,NA,A,07,0,0,2,0,0,0,0,0,0,-,-,33.832420349121094,-118.25653076171876,LOS ANGELES,UNINCORPORATED,-118.25614166259766,33.83205795288086
91498771,2021,2021-06-16,9535,2021-06-08,1525,022176,NA,2,2,5,1901,0,1,1,NA,2,420,I-10 (SAN BERNARDINO FREEWAY) E/B,ATLANTIC BLVD,980,E,N,A,-,Y,NA,NA,10,NA,NA,NA,NA,NA,E,N,4,0,1,2,A,-,03,22350,NA,N,C,C,A,A,H,-,A,D,0,NA,NA,NA,NA,Y,NA,A,07,0,0,1,0,0,0,0,0,0,-,-,34.07143020629883,-118.13102722167967,LOS ANGELES,ALHAMBRA,-118.13102722167967,34.07135009765625
91498776,2021,2021-06-16,9565,2021-04-30,1800,022251,NA,5,2,9,1900,0,2,4,NA,2,022,NORMANDIE AVE,99TH ST,0,NA,Y,A,-,N,NA,NA,NA,NA,NA,NA,NA,NA,NA,N,4,0,1,6,A,-,03,22350,NA,N,C,C,F,A,H,-,A,D,0,Y,NA,NA,NA,Y,NA,D,22,0,0,1,0,1,0,0,0,0,-,-,33.945899963378906,-118.30039215087892,LOS ANGELES,UNINCORPORATED,-118.3002700805664,33.94594955444336
91498785,2021,2021-06-16,9525,2021-06-10,0820,018295,NA,4,1,4,1946,0,1,1,NA,2,201,WB I-210 FWY (FOOTHILL FWY),MYRTLE AVE.,25,W,N,A,-,Y,NA,NA,210,NA,NA,NA,NA,NA,NA,Y,4,0,2,3,A,-,03,22350,NA,F,C,C,A,A,H,-,A,D,0,NA,NA,NA,NA,Y,NA,A,07,0,0,2,0,0,0,0,0,0,-,-,34.13557052612305,-118.00099182128906,LOS ANGELES,MONROVIA,-118.00099182128906,34.13556671142578
91498836,2021,2021-06-16,9535,2021-06-04,1640,022336,NA,5,2,9,1900,0,2,4,NA,2,024,WHITTIER BLVD.,KERN AVE.,0,NA,Y,A,-,N,NA,NA,NA,NA,NA,NA,NA,NA,NA,Y,4,0,2,5,A,-,12,21453,A,N,D,C,A,A,H,-,A,A,0,NA,NA,NA,NA,Y,NA,D,22,0,0,2,0,0,0,0,0,0,-,-,34.02219009399414,-118.1657485961914,LOS ANGELES,UNINCORPORATED,-118.1657485961914,34.022186279296875
91498839,2021,2021-06-16,9535,2021-06-04,2135,022418,NA,5,2,9,1900,0,3,5,NA,2,002,UNION PACIFIC (4200 E BLOCK),RECORD AVENUE,25,E,N,A,-,N,NA,NA,NA,NA,NA,NA,NA,NA,NA,Y,3,0,3,4,A,-,01,23152,A,M,C,E,A,A,H,-,C,D,0,NA,NA,NA,NA,Y,Y,A,01,0,1,2,0,0,0,0,0,0,-,-,34.01652908325195,-118.18235778808594,LOS ANGELES,UNINCORPORATED,-118.18245697021484,34.01654815673828
91498847,2021,2021-06-16,9525,2021-06-08,1810,019491,NA,2,2,9,1900,0,1,3,NA,1,024,SR-39,ROBB'S GULCH,2640,S,N,A,-,Y,NA,NA,39,NA,NA,NA,NA,NA,NA,Y,2,0,1,2,A,-,03,22350,NA,N,A,C,A,A,H,-,A,D,0,NA,NA,Y,NA,Y,NA,C,02,1,0,0,0,0,0,0,0,1,-,-,34.21662139892578,-117.85880279541016,LOS ANGELES,UNINCORPORATED,-117.85880279541016,34.216861724853516
91498851,2021,2021-06-16,9525,2021-06-09,1545,020989,NA,3,2,6,1955,0,1,3,NA,2,571,SR-57 S/B (ORANGE FWY),TEMPLE AVE,2112,N,N,A,-,Y,NA,NA,57,NA,NA,NA,NA,NA,S,Y,3,0,1,1,C,-,18,NA,NA,N,E,I,A,A,H,-,A,D,0,NA,NA,NA,NA,Y,NA,-,-,0,1,0,0,0,0,0,0,0,-,-,34.04975891113281,-117.80175018310548,LOS ANGELES,POMONA,-117.80184936523438,34.04972839355469
91498854,2021,2021-06-16,9525,2021-06-06,1100,021250,NA,7,1,9,1900,0,1,3,NA,1,024,SR-39 (SAN GABRIEL CANYON RD.),SAN GABRIEL DAM ENTRANCE,10560,S,N,A,-,Y,NA,NA,39,NA,NA,NA,NA,NA,NA,Y,4,0,1,1,A,-,08,22107,NA,N,E,I,A,A,H,-,A,D,0,NA,NA,NA,NA,Y,NA,A,01,0,0,1,0,0,0,0,0,0,-,-,34.17375946044922,-117.88658142089844,LOS ANGELES,UNINCORPORATED,-117.88670349121094,34.17380142211914
91498874,2021,2021-06-16,9540,2021-06-14,1756,020462,NA,1,2,9,1900,0,1,3,NA,2,127,SR-126 E/B,CHIQUITO CANYON RD,15,E,N,A,-,Y,NA,NA,126,NA,NA,NA,NA,NA,E,Y,4,0,1,1,A,-,08,22107,NA,N,E,I,A,A,H,-,A,D,0,NA,NA,NA,NA,Y,NA,A,01,0,0,1,0,0,0,0,0,0,-,-,34.41984176635742,-118.65663146972656,LOS ANGELES,UNINCORPORATED,-118.65666198730467,34.41986846923828
91498876,2021,2021-06-16,9540,2021-06-10,1925,019508,NA,4,2,9,1900,0,1,1,NA,2,509,I-5 S/B (GOLDEN STATE FREEWAY),UPPER CROSS,2640,S,N,A,-,Y,NA,NA,5,NA,NA,NA,NA,NA,S,Y,4,0,1,2,A,-,03,22350,NA,N,C,C,A,A,H,-,A,D,0,NA,NA,NA,Y,Y,NA,A,01,0,0,1,0,0,0,0,0,0,-,-,34.54507064819336,-118.65567016601564,LOS ANGELES,UNINCORPORATED,-118.65563201904295,34.54513931274414
91498888,2021,2021-06-17,9550,2021-06-10,1654,015045,NA,4,2,5,1919,0,1,1,NA,2,652,I-605 N/B (SAN GABRIEL RIVER FREEWAY),SR-91,1056,S,N,A,-,Y,NA,NA,605,NA,NA,NA,NA,NA,N,Y,3,0,3,3,A,-,03,22350,NA,F,C,C,A,A,H,-,A,D,0,NA,NA,NA,NA,Y,NA,A,01,0,3,0,0,0,0,0,0,0,-,-,33.86996078491211,-118.09986114501952,LOS ANGELES,CERRITOS,-118.09999084472656,33.86991500854492
91498890,2021,2021-06-17,9550,2021-06-10,1732,015045,NA,4,2,5,1919,0,1,1,NA,2,652,I-605 N/B (SAN GABRIEL RIVER FREEWAY),DEL AMO BOULEVARD,100,N,N,A,-,Y,NA,NA,605,NA,NA,NA,NA,NA,N,Y,4,0,1,4,A,-,03,22350,NA,N,C,C,A,A,H,-,A,D,0,NA,NA,NA,NA,Y,NA,A,01,0,0,1,0,0,0,0,0,0,-,-,33.84693908691406,-118.09269714355467,LOS ANGELES,CERRITOS,-118.09278869628906,33.84688949584961
91498894,2021,2021-06-17,9525,2021-06-10,1905,020505,NA,4,2,6,1955,0,1,3,NA,2,604,SR-60 E/B (POMONA FWY),GOLDEN SPRINGS DR,1584,E,N,A,-,Y,NA,NA,NA,NA,NA,NA,NA,NA,NA,N,3,0,2,3,A,-,03,22350,NA,N,C,C,A,A,H,-,A,D,0,NA,NA,NA,NA,Y,NA,A,01,0,2,0,0,0,0,0,0,0,-,-,34.02717971801758,-117.80072021484376,LOS ANGELES,POMONA,-117.79174041748048,34.02668762207031
91499095,2021,2021-06-17,9575,2021-06-02,1517,020918,NA,3,2,9,1900,0,3,5,NA,2,008,E. DEL MAR BLVD. (3500 BLOCK),S. HALSTEAD ST.,0,NA,Y,A,-,N,NA,NA,NA,NA,NA,NA,NA,NA,NA,Y,4,0,1,3,A,-,01,23152,F,N,B,C,A,A,H,-,A,A,0,NA,NA,NA,NA,Y,NA,A,01,0,0,1,0,0,0,0,0,0,-,-,34.14231872558594,-118.07935333251952,LOS ANGELES,UNINCORPORATED,-118.07894897460938,34.14223861694336
91499104,2021,2021-06-17,9590,2021-06-05,1202,022444,NA,6,1,7,1942,0,1,1,NA,2,052,I-110 NB (HARBOR FREEWAY),ADAMS BOULEVARD,200,S,N,A,-,Y,NA,NA,110,NA,NA,NA,NA,NA,N,N,4,0,1,2,A,-,03,22350,NA,N,C,C,A,A,H,-,A,D,0,NA,NA,NA,NA,Y,NA,A,01,0,0,1,0,0,0,0,0,0,-,-,34.024169921875,-118.27625274658205,LOS ANGELES,LOS ANGELES,-118.27631378173828,34.024200439453125
91499115,2021,2021-06-17,9525,2021-06-15,0500,018505,NA,2,3,6,1955,0,1,3,NA,2,613,SR-60 W/B (POMONA FWY),PHILLIPS RANCH RD.,4000,W,N,A,-,Y,NA,NA,60,NA,NA,NA,NA,NA,W,N,4,0,3,2,A,-,03,22350,NA,N,C,C,A,A,H,-,B,D,0,NA,NA,NA,NA,Y,NA,D,22,0,0,3,0,0,0,0,0,0,-,-,34.02566909790039,-117.78318786621094,LOS ANGELES,POMONA,-117.78318786621094,34.02565383911133
91499144,2021,2021-06-17,9530,2021-06-07,1339,021689,NA,1,1,9,1900,0,1,1,NA,2,210,I-105 E/B FROM WILMINGTON AVENUE,WILMINGTON AVE.,20,W,N,A,-,Y,NA,NA,105,NA,NA,NA,R,NA,E,N,3,0,2,2,A,-,03,22350,NA,N,C,C,A,A,H,-,A,A,0,NA,NA,NA,Y,Y,NA,F,55,0,2,0,0,0,0,0,0,0,-,-,33.927818298339844,-118.23928833007813,LOS ANGELES,UNINCORPORATED,-118.23928833007813,33.927818298339844
91499168,2021,2021-06-17,9580,2021-06-05,0930,019715,NA,6,1,9,1900,0,1,3,NA,2,117,SR-118 W/B (RONALD REAGAN FWY.),WHITE OAK AVE,528,W,N,A,-,Y,NA,NA,NA,NA,NA,NA,NA,NA,NA,Y,2,0,3,3,A,-,03,22350,NA,N,C,C,A,A,H,-,A,D,0,NA,NA,NA,NA,Y,NA,A,01,1,1,1,0,0,0,0,0,0,-,-,34.2783317565918,-118.52178955078124,LOS ANGELES,UNINCORPORATED,-118.52969360351564,34.277618408203125
91499174,2021,2021-06-17,9590,2021-06-06,0055,022417,NA,7,3,7,1942,0,1,2,NA,2,070,US-101 N/B (HOLLYWOOD FREEWAY),CORONADO STREET,395,S,N,A,-,Y,NA,NA,101,NA,NA,NA,NA,NA,N,Y,3,0,2,2,A,-,01,23152,A,N,C,C,A,A,H,-,D,D,0,NA,NA,NA,NA,Y,Y,A,01,0,2,0,0,0,0,0,0,0,-,-,34.073970794677734,-118.27108001708984,LOS ANGELES,LOS ANGELES,-118.27109527587892,34.07394027709961
91499182,2021,2021-06-17,9580,2021-06-16,1700,022551,NA,3,2,7,1942,0,1,2,NA,2,102,US-101 N/B (VENTURA FWY.),KESTER AVE,290,N,N,A,-,Y,NA,NA,101,NA,NA,NA,NA,NA,N,N,4,0,1,2,A,-,03,22350,NA,N,C,C,A,A,H,-,A,D,0,NA,NA,NA,NA,Y,NA,A,01,0,0,1,0,0,0,0,0,0,-,-,34.159278869628906,-118.45938873291016,LOS ANGELES,LOS ANGELES,-118.45940399169922,34.159210205078125
91499185,2021,2021-06-17,9530,2021-06-07,0900,022406,NA,1,1,9,1900,0,3,5,NA,2,006,VERMONT AVE,TORRANCE BLVD,150,N,N,A,-,N,NA,NA,NA,NA,NA,NA,NA,NA,NA,Y,3,0,1,1,A,-,08,22107,NA,N,E,I,A,A,H,-,A,D,0,NA,NA,NA,NA,Y,NA,A,01,0,1,0,0,0,0,0,0,0,-,-,33.84278869628906,-118.2903289794922,LOS ANGELES,UNINCORPORATED,-118.29009246826172,33.842437744140625
91499189,2021,2021-06-17,9575,2021-06-07,0705,017148,NA,1,1,9,1900,0,2,4,NA,2,025,NEW YORK DR,LAKE AVE,0,NA,Y,B,-,N,NA,NA,NA,NA,NA,NA,NA,NA,NA,Y,3,0,1,2,A,-,12,21453,A,N,D,C,A,A,H,-,A,A,0,NA,NA,NA,NA,Y,NA,A,01,0,1,0,0,0,0,0,0,0,-,-,34.17845153808594,-118.13191986083984,LOS ANGELES,UNINCORPORATED,-118.13182067871094,34.178436279296875
91499263,2021,2021-06-17,9590,2021-06-06,1620,021667,NA,7,2,7,1942,0,1,1,NA,2,085,I-5 S/B (GOLDEN STATE FREEWAY),FLETCHER DRIVE,700,N,N,A,-,Y,NA,NA,5,NA,NA,NA,NA,NA,S,N,4,0,1,3,A,-,03,22350,NA,N,C,C,A,A,H,-,A,D,0,NA,NA,NA,NA,Y,NA,A,01,0,0,1,0,0,0,0,0,0,-,-,34.10771179199219,-118.25811767578124,LOS ANGELES,LOS ANGELES,-118.2581024169922,34.10774612426758
91499276,2021,2021-06-17,9550,2021-06-09,0905,017719,NA,3,1,9,1900,0,2,4,NA,1,031,HACIENDA BOULEVARD,GALE AVENUE,0,NA,Y,A,-,N,NA,NA,NA,NA,NA,NA,NA,NA,NA,N,4,0,1,2,A,-,12,22450,A,N,D,C,A,A,H,-,A,B,0,NA,NA,NA,NA,Y,NA,A,01,0,0,1,0,0,0,0,0,0,-,-,34.01091003417969,-117.96302795410156,LOS ANGELES,UNINCORPORATED,-117.96302032470705,34.01083755493164
91499308,2021,2021-06-17,9565,2021-06-05,1518,021429,NA,6,2,7,1942,0,1,1,NA,2,062,I-405 N/B (SAN DIEGO FREEWAY),PICO BOULEVARD,500,N,N,A,-,Y,NA,NA,405,NA,NA,NA,NA,NA,N,Y,4,0,1,2,A,-,03,22350,NA,N,C,C,A,A,H,-,A,D,0,NA,NA,Y,NA,Y,NA,C,02,0,0,1,0,0,0,0,0,1,-,-,34.03702926635742,-118.4384765625,LOS ANGELES,LOS ANGELES,-118.43856048583984,34.03699493408203
91499309,2021,2022-04-14,9550,2021-06-09,1650,020551,NA,3,2,6,1920,0,1,1,NA,2,500,INTERSTATE 5 (SANTA ANA FREEWAY),LAKEWOOD BLVD.,200,S,N,A,-,Y,NA,NA,5,NA,NA,NA,NA,NA,NA,Y,4,0,1,2,A,-,03,22350,NA,N,C,C,A,A,H,-,A,D,0,NA,NA,NA,Y,Y,NA,F,25,0,0,1,0,0,0,0,0,0,-,-,33.956939697265625,-118.1105728149414,LOS ANGELES,DOWNEY,-118.1105728149414,33.956932067871094
91499320,2021,2021-06-17,9525,2021-06-08,0700,015632,NA,2,1,5,1926,0,1,1,NA,2,206,I-210 W/B (FOOTHILL FWY),BONNIE COVE AVE U/C,775,W,N,B,-,Y,NA,NA,210,NA,NA,NA,NA,NA,W,Y,4,0,2,2,A,-,03,22350,NA,N,C,C,A,A,H,-,A,D,0,NA,NA,NA,NA,Y,NA,D,22,0,0,2,0,0,0,0,0,0,-,-,34.117149353027344,-117.85746002197266,LOS ANGELES,GLENDORA,-117.85749053955078,34.11738204956055
91499324,2021,2021-06-17,9545,2021-06-05,1535,022093,NA,6,2,9,1900,0,1,3,NA,1,012,SR-138,110TH STREET WEST,980,W,N,A,-,Y,NA,NA,138,NA,NA,NA,NA,NA,NA,Y,3,0,2,2,A,-,06,21751,NA,N,B,C,A,A,H,-,A,D,0,NA,NA,NA,NA,Y,NA,D,22,0,1,1,0,0,0,0,0,0,-,-,34.776031494140625,-118.32900238037108,LOS ANGELES,UNINCORPORATED,-118.32900238037108,34.7760009765625
91499325,2021,2021-06-17,9550,2021-06-09,1820,020974,NA,3,2,9,1900,0,1,1,NA,2,650,I-605 N/B,WASHINGTON BOULEVARD,650,N,N,A,-,Y,NA,NA,605,NA,NA,NA,NA,NA,N,N,4,0,1,2,A,-,03,22350,NA,N,C,C,A,A,H,-,A,D,0,NA,NA,NA,NA,Y,NA,A,07,0,0,1,0,0,0,0,0,0,-,-,33.9758186340332,-118.07937622070313,LOS ANGELES,UNINCORPORATED,-118.0793228149414,33.97580337524414
91499344,2021,2021-06-17,9550,2021-06-10,1100,019518,NA,4,1,9,1900,0,1,1,NA,2,652,INTERSTATE 605 (SAN GABRIEL RIVER FREEWAY),STATE ROUTE 91 (ARTESIA FREEWAY),1100,N,N,A,-,Y,NA,NA,NA,NA,NA,NA,NA,NA,NA,Y,3,0,1,2,A,-,07,21658,A,N,B,C,A,A,H,-,A,D,0,NA,NA,NA,NA,Y,NA,A,01,0,1,0,0,0,0,0,0,0,-,-,33.87982940673828,-118.10385894775392,LOS ANGELES,UNINCORPORATED,-118.10332489013672,33.879150390625
91499375,2021,2021-06-17,9565,2021-06-06,1005,019872,NA,7,1,5,1928,0,1,1,NA,2,012,I-105 WB,HAWTHORNE BLVD,500,W,N,A,-,Y,NA,NA,NA,NA,NA,NA,NA,NA,NA,Y,3,0,1,2,A,-,03,22350,NA,N,C,C,A,A,H,-,A,D,0,NA,NA,NA,NA,Y,NA,A,07,0,1,0,0,0,0,0,0,0,-,-,NA,NA,LOS ANGELES,HAWTHORNE,-118.35414123535156,33.93385696411133
91499381,2021,2021-06-17,9530,2021-06-05,1515,022531,NA,6,2,9,1900,0,3,5,NA,2,002,AVALON BLVD. (14400 BLOCK),ROSECRANS AVE.,120,S,N,A,-,N,NA,NA,NA,NA,NA,NA,NA,NA,NA,Y,2,0,1,2,A,-,11,21950,B,M,E,J,D,A,H,-,A,A,0,Y,NA,NA,NA,Y,NA,N,60,1,0,0,0,0,0,0,0,0,-,-,33.901668548583984,-118.26510620117188,LOS ANGELES,UNINCORPORATED,-118.26528167724608,33.90214157104492
91499386,2021,2021-06-17,9565,2021-06-06,2102,022117,NA,7,2,9,1900,0,1,1,NA,2,060,I-405 N/B (SAN DIEGO FREEWAY),ROSECRANS AVE.,881,N,N,A,-,Y,NA,NA,NA,NA,NA,NA,NA,NA,NA,N,4,0,1,2,A,-,03,22350,NA,N,C,C,A,A,H,-,D,D,0,NA,NA,NA,NA,Y,NA,A,01,0,0,1,0,0,0,0,0,0,-,-,33.904361724853516,-118.27020263671876,LOS ANGELES,UNINCORPORATED,-118.37033081054688,33.90430450439453
91499388,2021,2021-06-17,9590,2021-06-06,1900,022431,NA,7,2,7,1942,0,1,2,NA,2,071,US-101 S/B (HOLLYWOOD FREEWAY),BONNIE BRAE STREET,300,N,N,A,-,Y,NA,NA,101,NA,NA,NA,NA,NA,S,N,4,0,2,4,A,-,03,22350,NA,N,C,C,A,A,H,-,A,D,0,NA,NA,NA,NA,Y,NA,A,07,0,0,2,0,0,0,0,0,0,-,-,34.0712890625,-118.26555633544922,LOS ANGELES,LOS ANGELES,-118.26554107666016,34.07133102416992
91499394,2021,2021-06-17,9565,2021-06-05,1710,021706,NA,6,2,7,1942,0,1,1,NA,2,064,I-405 S/B (SAN DIEGO FREEWAY),SEPULVEDA BLVD,2000,N,N,A,-,Y,NA,NA,405,NA,NA,NA,NA,NA,S,N,3,0,1,2,A,-,03,22350,NA,N,F,A,A,A,H,-,A,D,0,NA,NA,Y,NA,Y,NA,C,02,0,1,0,0,0,0,0,0,1,-,-,34.10219955444336,-118.4774932861328,LOS ANGELES,LOS ANGELES,-118.47753143310548,34.10220718383789
91499396,2021,2021-10-29,9545,2021-06-08,2110,021434,NA,2,2,9,1900,0,1,3,NA,2,031,SR-14 N/B,COURSON RANCH ROAD,1584,N,N,A,-,Y,NA,NA,14,NA,NA,NA,NA,NA,N,Y,4,0,1,2,A,-,07,21658,A,N,B,C,A,A,H,-,D,D,0,NA,NA,NA,NA,Y,NA,-,-,0,0,1,0,0,0,0,0,0,-,-,34.53847122192383,-118.12090301513672,LOS ANGELES,UNINCORPORATED,-118.12090301513672,34.5384635925293
91499422,2021,2021-06-17,9530,2021-06-07,0735,014654,NA,1,1,7,1941,0,1,1,NA,2,420,I-405 N/B,CHERRY AVE,100,S,N,B,-,Y,NA,NA,405,NA,NA,NA,NA,NA,N,Y,3,0,1,3,A,-,03,22350,NA,N,C,C,A,B,H,-,A,D,0,NA,NA,NA,NA,Y,NA,A,01,0,1,0,0,0,0,0,0,0,-,-,33.81344985961914,-118.16718292236328,LOS ANGELES,LONG BEACH,-118.16717529296876,33.81346893310547