CASE_ID,ACCIDENT_YEAR,PROC_DATE,JURIS,COLLISION_DATE,COLLISION_TIME,OFFICER_ID,REPORTING_DISTRICT,DAY_OF_WEEK,CHP_SHIFT,POPULATION,CNTY_CITY_LOC,SPECIAL_COND,BEAT_TYPE,CHP_BEAT_TYPE,CITY_DIVISION_LAPD,CHP_BEAT_CLASS,BEAT_NUMBER,PRIMARY_RD,SECONDARY_RD,DISTANCE,DIRECTION,INTERSECTION,WEATHER_1,WEATHER_2,STATE_HWY_IND,CALTRANS_COUNTY,CALTRANS_DISTRICT,STATE_ROUTE,ROUTE_SUFFIX,POSTMILE_PREFIX,POSTMILE,LOCATION_TYPE,RAMP_INTERSECTION,SIDE_OF_HWY,TOW_AWAY,COLLISION_SEVERITY,NUMBER_KILLED,NUMBER_INJURED,PARTY_COUNT,PRIMARY_COLL_FACTOR,PCF_CODE_OF_VIOL,PCF_VIOL_CATEGORY,PCF_VIOLATION,PCF_VIOL_SUBSECTION,HIT_AND_RUN,TYPE_OF_COLLISION,MVIW,PED_ACTION,ROAD_SURFACE,ROAD_COND_1,ROAD_COND_2,LIGHTING,CONTROL_DEVICE,CHP_ROAD_TYPE,PEDESTRIAN_ACCIDENT,BICYCLE_ACCIDENT,MOTORCYCLE_ACCIDENT,TRUCK_ACCIDENT,NOT_PRIVATE_PROPERTY,ALCOHOL_INVOLVED,STWD_VEHTYPE_AT_FAULT,CHP_VEHTYPE_AT_FAULT,COUNT_SEVERE_INJ,COUNT_VISIBLE_INJ,COUNT_COMPLAINT_PAIN,COUNT_PED_KILLED,COUNT_PED_INJURED,COUNT_BICYCLIST_KILLED,COUNT_BICYCLIST_INJURED,COUNT_MC_KILLED,COUNT_MC_INJURED,PRIMARY_RAMP,SECONDARY_RAMP,LATITUDE,LONGITUDE,COUNTY,CITY,POINT_X,POINT_Y
91501040,2021,2021-06-21,9575,2021-06-11,0200,022490,NA,5,3,7,1942,0,1,1,NA,2,053,I-5 N/B (GOLDEN STATE FREEWAY),SHELDON ST.,600,N,N,A,-,Y,NA,NA,5,NA,NA,NA,NA,NA,N,Y,3,0,1,2,A,-,03,22350,NA,N,C,C,A,A,H,-,C,D,0,NA,NA,NA,NA,Y,NA,A,07,0,1,0,0,0,0,0,0,0,-,-,34.234161376953125,-118.4105987548828,LOS ANGELES,LOS ANGELES,-118.41064453125,34.234107971191406
91501096,2021,2021-06-21,9545,2021-06-08,0914,019414,NA,2,1,9,1900,0,1,3,NA,2,031,SR-14 N/B,RED ROVER MINE RD,1420,N,N,A,-,Y,NA,NA,14,NA,NA,NA,NA,NA,N,Y,3,0,2,2,A,-,08,22107,NA,N,B,C,A,A,H,-,A,D,0,NA,NA,NA,NA,Y,NA,D,22,0,2,0,0,0,0,0,0,0,-,-,34.49462890625,-118.21495819091795,LOS ANGELES,UNINCORPORATED,-118.21495056152344,34.49465560913086
91501209,2021,2021-12-06,9590,2021-06-04,1323,022344,NA,5,1,7,1942,0,1,1,NA,2,010,SR-110 NB (ARROYO SECO PARKRWAY),YALE STREET PED OVERCROSSING,550,N,N,A,-,Y,NA,NA,110,NA,NA,NA,NA,NA,N,N,4,0,1,3,A,-,03,22350,NA,N,C,C,A,A,H,-,A,D,0,NA,NA,NA,NA,Y,NA,A,08,0,0,1,0,0,0,0,0,0,-,-,34.06808090209961,-118.2375717163086,LOS ANGELES,LOS ANGELES,-118.2375946044922,34.06812286376953
91501215,2021,2021-06-21,9590,2021-06-05,2100,022493,NA,6,2,7,1942,0,1,1,NA,2,052,I-110 NB (HARBOR FREEWAY),1ST ST,100,N,N,A,-,Y,NA,NA,110,NA,NA,NA,NA,NA,N,N,4,0,1,3,A,-,03,22350,NA,F,C,C,A,A,H,-,C,D,0,NA,NA,NA,NA,Y,NA,A,01,0,0,1,0,0,0,0,0,0,-,-,34.05897903442383,-118.25289154052734,LOS ANGELES,LOS ANGELES,-118.2529296875,34.05902862548828
91501220,2021,2021-06-21,9590,2021-06-06,1115,022569,NA,7,1,7,1942,0,1,2,NA,2,071,US-101 S/B (HOLLYWOOD FREEWAY),GLENDALE BLVD,300,S,N,A,-,Y,NA,NA,101,NA,NA,NA,NA,NA,S,N,4,0,4,2,A,-,03,22350,NA,N,C,C,A,A,H,-,A,D,0,NA,NA,NA,NA,Y,NA,A,07,0,0,4,0,0,0,0,0,0,-,-,34.06930160522461,-118.26038360595705,LOS ANGELES,LOS ANGELES,-118.2603759765625,34.06932067871094
91501221,2021,2021-06-21,9590,2021-06-06,1550,022401,NA,7,2,7,1942,0,1,2,NA,2,073,"US 101 SOUTHBOUND (HOF), N FOUTAIN AVE.",FOUNTAIN AVE,100,N,N,A,-,Y,NA,NA,NA,NA,NA,NA,NA,NA,NA,N,4,0,1,4,A,-,03,22350,NA,N,C,C,A,A,H,-,A,D,0,NA,NA,NA,NA,Y,Y,A,01,0,0,1,0,0,0,0,0,0,-,-,34.09503173828125,-118.31147003173828,LOS ANGELES,LOS ANGELES,NA,NA
91501227,2021,2021-06-21,9590,2021-06-06,1657,022497,NA,7,2,7,1942,0,1,1,NA,2,052,I-110 N/B TO US-101 S/B,DEWAP ROAD,100,S,N,A,-,Y,NA,NA,110,NA,NA,NA,R,NA,N,N,4,0,1,2,A,-,07,21658,A,N,B,C,A,A,H,-,A,D,0,NA,NA,NA,NA,Y,NA,A,07,0,0,1,0,0,0,0,0,0,-,-,34.060340881347656,-118.24748229980467,LOS ANGELES,LOS ANGELES,-118.24748229980467,34.060340881347656
91501229,2021,2021-06-21,9525,2021-06-09,1740,019491,NA,3,2,6,1955,0,1,3,NA,2,072,SR-71 NB (CORONA FREEWAY),I-10,10,N,N,A,-,Y,NA,NA,71,NA,NA,NA,NA,NA,N,N,4,0,1,2,A,-,03,22350,NA,N,C,C,A,A,H,-,A,D,0,NA,NA,NA,NA,Y,NA,A,07,0,0,1,0,0,0,0,0,0,-,-,34.06707000732422,-117.80364990234376,LOS ANGELES,POMONA,-117.80365753173828,34.06704330444336
91501237,2021,2021-08-17,9550,2021-06-10,2240,022430,NA,4,3,5,1919,0,1,3,NA,2,091,SR-91 EASTBOUND,STUDEBAKER ROAD,530,E,N,A,-,Y,NA,NA,91,NA,NA,NA,NA,NA,E,Y,4,0,2,4,A,-,07,21658,A,N,B,C,A,A,H,-,C,D,0,NA,NA,NA,NA,Y,NA,A,01,0,0,2,0,0,0,0,0,0,-,-,33.8762092590332,-118.09784698486328,LOS ANGELES,CERRITOS,-118.09784698486328,33.87639236450195
91501240,2021,2021-06-21,9580,2021-06-07,0825,018580,NA,1,1,7,1942,0,1,1,NA,2,407,I-405 S/B (SAN DIEGO FWY),SATICOY ST,271,N,N,B,-,Y,NA,NA,405,NA,NA,NA,NA,NA,S,Y,3,0,2,3,A,-,03,22350,NA,N,C,C,A,A,H,-,A,D,0,NA,NA,NA,NA,Y,NA,A,01,0,2,0,0,0,0,0,0,0,-,-,34.20927810668945,-118.47360229492188,LOS ANGELES,LOS ANGELES,-118.4734344482422,34.20927810668945
91501242,2021,2021-06-21,9540,2021-06-17,0050,021214,NA,4,3,6,1985,0,1,3,NA,1,144,SR-14 N/B,VIA PRINCESSA,900,S,N,A,-,Y,NA,NA,14,NA,NA,NA,NA,NA,N,N,4,0,1,2,A,-,03,22350,NA,N,C,C,A,A,H,-,D,D,0,NA,NA,NA,NA,Y,NA,A,01,0,0,1,0,0,0,0,0,0,-,-,34.400150299072266,-118.45902252197266,LOS ANGELES,SANTA CLARITA,-118.45901489257813,34.400146484375
91501248,2021,2021-06-21,9530,2021-06-09,1458,021689,NA,3,2,5,1943,0,1,1,NA,2,210,I-105 E/B (GLENN ANDERSON FWY),LONG BEACH BLVD.,400,E,N,A,-,Y,NA,NA,105,NA,NA,NA,NA,NA,E,N,3,0,2,2,A,-,03,22350,NA,N,C,C,A,A,H,-,A,D,0,NA,NA,NA,NA,Y,Y,A,01,0,2,0,0,0,0,0,0,0,-,-,33.92340087890625,-118.20691680908205,LOS ANGELES,LYNWOOD,-118.20693206787108,33.92337417602539
91501254,2021,2021-06-21,9580,2021-06-11,1545,022561,NA,5,2,7,1942,0,1,3,NA,2,171,SR-170 S/B (HOLLYWOOD FWY.),BURBANK BOULEVARD,1320,N,N,A,-,Y,NA,NA,170,NA,NA,NA,NA,NA,S,Y,3,0,1,3,A,-,03,22350,NA,N,C,C,A,A,H,-,A,D,0,NA,NA,NA,NA,Y,NA,A,01,0,1,0,0,0,0,0,0,0,-,-,34.174949645996094,-118.39263916015624,LOS ANGELES,LOS ANGELES,-118.39272308349608,34.17487716674805
91501262,2021,2021-07-20,9580,2021-06-12,1130,022572,NA,6,1,7,1942,0,1,1,NA,2,404,I-405 N/B (SAN DIEGO FWY) TO BURBANK BLVD.,BURBANK BLVD,30,S,N,A,-,Y,NA,NA,405,NA,NA,NA,R,NA,N,Y,4,0,1,2,A,-,03,22350,NA,N,C,C,A,A,H,-,A,D,0,NA,NA,NA,NA,Y,NA,A,01,0,0,1,0,0,0,0,0,0,-,-,34.17198944091797,-118.46720123291016,LOS ANGELES,LOS ANGELES,-118.46720123291016,34.17198944091797
91501272,2021,2021-06-21,9590,2021-06-06,1915,022493,NA,7,2,7,1942,0,1,1,NA,2,061,I-10 WB (SANTA MONICA FREEWAY) FROM LA BREA AVE,LA BREA AVE,800,W,N,A,-,Y,NA,NA,10,NA,NA,NA,R,NA,W,Y,4,0,1,1,A,-,01,23152,A,N,E,I,A,A,H,-,B,D,0,NA,NA,NA,NA,Y,Y,A,01,0,0,1,0,0,0,0,0,0,-,-,34.034568786621094,-118.35189819335938,LOS ANGELES,LOS ANGELES,-118.35189819335938,34.034568786621094
91501275,2021,2021-06-21,9530,2021-06-09,0001,021076,NA,3,3,9,1900,0,3,5,NA,2,004,VIA MONDO RD. (3100 BLOCK),SUSANA RD.,345,W,N,A,-,N,NA,NA,NA,NA,NA,NA,NA,NA,NA,N,3,0,1,2,A,-,11,21954,A,N,G,B,D,A,H,-,C,A,0,Y,NA,NA,NA,Y,NA,N,60,0,1,0,0,1,0,0,0,0,-,-,33.8719482421875,-118.20793914794922,LOS ANGELES,UNINCORPORATED,-118.20791625976564,33.87192153930664
91501277,2021,2021-06-21,9580,2021-06-13,0600,020728,NA,7,1,9,1900,0,1,2,NA,2,106,US-101 N/B (HOLLYWOOD FREEWAY),MUREAU RD,1100,N,N,A,-,Y,NA,NA,101,NA,NA,NA,NA,NA,N,Y,3,0,1,1,A,-,01,23152,A,N,E,I,A,A,H,-,A,D,0,NA,NA,NA,NA,Y,Y,A,01,0,1,0,0,0,0,0,0,0,-,-,34.148990631103516,-118.67230224609376,LOS ANGELES,UNINCORPORATED,-118.67229461669922,34.1493034362793
91501288,2021,2021-06-21,9580,2021-06-13,1355,022550,NA,7,1,7,1942,0,1,2,NA,2,102,US-101 N/B (VENTURA FREEWAY),HAZELTINE AVE,400,N,N,A,-,Y,NA,NA,101,NA,NA,NA,NA,NA,N,N,4,0,1,2,A,-,07,21658,A,M,F,I,A,A,H,-,A,D,0,NA,NA,Y,NA,Y,NA,-,99,0,0,1,0,0,0,0,0,1,-,-,34.15542984008789,-118.44140625,LOS ANGELES,LOS ANGELES,-118.44141387939452,34.15543746948242
91501291,2021,2021-06-21,9540,2021-06-13,0610,019853,NA,7,1,6,1985,0,1,1,NA,2,507,I-5 S/B (GOLDEN STATE FWY.),HASLEY CANYON RD,462,S,N,B,-,Y,NA,NA,NA,NA,NA,NA,NA,NA,NA,N,3,0,1,1,A,-,08,22107,NA,N,E,I,A,A,H,-,A,D,0,NA,NA,NA,NA,Y,NA,A,01,0,1,0,0,0,0,0,0,0,-,-,34.45463943481445,-118.61622619628906,LOS ANGELES,SANTA CLARITA,-118.61606597900392,34.45475769042969
91501303,2021,2021-06-21,9580,2021-06-13,2045,022551,NA,7,2,7,1942,0,1,2,NA,2,101,US-101 S/B (VENTURA FREEWAY),TUJUNGA AVE,1400,N,N,A,-,Y,NA,NA,101,NA,NA,NA,NA,NA,S,Y,4,0,4,5,A,-,03,22350,NA,M,C,C,A,A,H,-,D,D,0,NA,NA,NA,NA,Y,NA,A,01,0,0,4,0,0,0,0,0,0,-,-,34.1544303894043,-118.3839874267578,LOS ANGELES,LOS ANGELES,-118.3839874267578,34.15437316894531
91501318,2021,2021-06-21,9540,2021-06-06,2145,021905,NA,7,2,6,1985,0,1,1,NA,2,506,I-5 N/B,MAGIC MOUNTAIN PARKWAY,1480,N,N,A,-,Y,NA,NA,5,NA,NA,NA,NA,NA,N,Y,3,0,1,3,A,-,03,22350,NA,N,C,C,A,A,H,-,C,D,0,NA,NA,NA,NA,Y,NA,A,01,0,1,0,0,0,0,0,0,0,-,-,34.427490234375,-118.58535766601564,LOS ANGELES,SANTA CLARITA,-118.58538818359376,34.42747497558594
91501319,2021,2021-06-21,9525,2021-06-10,1545,021779,NA,4,2,5,1906,0,1,1,NA,2,651,I-605 S/B (SAN GABRIEL RIVER FWY),I-10 W/B (SAN BERNARDINO FWY),2112,N,N,A,-,Y,NA,NA,605,NA,NA,NA,NA,NA,S,Y,2,0,1,4,A,-,03,22350,NA,N,C,C,A,A,H,-,A,D,0,NA,NA,NA,NA,Y,NA,D,22,1,0,0,0,0,0,0,0,0,-,-,34.07115173339844,-118.00023651123048,LOS ANGELES,BALDWIN PARK,-118.00018310546876,34.07113265991211
91501322,2021,2021-06-21,9525,2021-06-11,0320,022519,NA,5,3,6,1975,0,1,1,NA,2,103,I-10 E/B (SAN BERNARDINO FWY),WEST COVINA PARKWAY,3800,W,N,A,-,Y,NA,NA,10,NA,NA,NA,NA,NA,E,N,3,0,3,3,A,-,03,22350,NA,F,C,C,A,A,D,-,C,D,0,NA,NA,NA,NA,Y,NA,A,01,0,3,0,0,0,0,0,0,0,-,-,34.0706901550293,-117.95532989501952,LOS ANGELES,WEST COVINA,-117.95533752441406,34.07078552246094
91501326,2021,2021-06-21,9590,2021-06-09,0940,021673,NA,3,1,7,1942,0,1,2,NA,2,073,US-101 S/B (HOF),GOWER STREET,400,N,N,A,-,Y,NA,NA,NA,NA,NA,NA,NA,NA,NA,N,4,0,1,2,A,-,03,22350,NA,N,C,C,A,A,H,-,A,D,0,NA,NA,NA,NA,Y,NA,D,22,0,0,1,0,0,0,0,0,0,-,-,34,-118,LOS ANGELES,LOS ANGELES,-118.32187652587892,34.10422897338867
91501339,2021,2021-06-21,9590,2021-06-09,1640,021492,NA,3,2,7,1942,0,1,2,NA,2,073,US-101 S/B (HOLLYWOOD FREEWAY),SILVER LAKE BLVD,350,N,N,A,-,Y,NA,NA,101,NA,NA,NA,NA,NA,S,Y,4,0,1,2,A,-,07,21658,A,N,B,C,A,A,H,-,A,D,0,NA,NA,Y,NA,Y,NA,A,07,0,0,1,0,0,0,0,0,1,-,-,34.077518463134766,-118.28325653076172,LOS ANGELES,LOS ANGELES,-118.28327178955078,34.077476501464844
91501386,2021,2021-06-21,9580,2021-06-16,1530,022550,NA,3,2,7,1942,0,1,1,NA,2,404,I-405 N/B (SAN DIEGO FWY),SEPULVEDA BLVD,150,N,N,A,-,Y,NA,NA,405,NA,NA,NA,NA,NA,N,N,4,0,1,3,A,-,03,22350,NA,M,C,C,A,A,H,-,A,D,0,NA,NA,NA,NA,Y,NA,D,22,0,0,1,0,0,0,0,0,0,-,-,34.14904022216797,-118.46907043457033,LOS ANGELES,LOS ANGELES,-118.46895599365234,34.14897918701172
91501400,2021,2021-06-21,9580,2021-06-17,1330,022561,NA,4,1,7,1942,0,1,2,NA,2,102,US-101 N/B (VENTURA FREEWAY),WHITE OAK AVENUE,1320,S,N,A,-,Y,NA,NA,101,NA,NA,NA,NA,NA,N,N,4,0,1,2,A,-,03,22350,NA,N,C,C,A,A,H,-,A,D,0,NA,NA,NA,NA,Y,NA,A,07,0,0,1,0,0,0,0,0,0,-,-,34.17121124267578,-118.51361846923828,LOS ANGELES,LOS ANGELES,-118.51361846923828,34.17128372192383
91501403,2021,2021-06-21,9550,2021-06-09,0850,020014,NA,3,1,9,1900,0,1,1,NA,2,650,INTERSTATE 605,WHITTIER BLVD,10,S,N,A,-,Y,NA,NA,605,NA,NA,NA,NA,NA,NA,Y,3,0,1,4,A,-,03,22350,NA,N,C,C,A,A,H,-,A,D,0,NA,NA,NA,NA,Y,NA,A,01,0,1,0,0,0,0,0,0,0,-,-,33.994171142578125,-118.06919860839844,LOS ANGELES,UNINCORPORATED,-118.06916809082033,33.994163513183594
91501415,2021,2021-06-21,9580,2021-06-17,1605,022551,NA,4,2,7,1942,0,1,2,NA,2,102,US-101 N/B (VENTURA FREEWAY),KESTER AVE,230,N,N,A,-,Y,NA,NA,101,NA,NA,NA,NA,NA,N,Y,4,0,1,3,A,-,03,22350,NA,N,C,C,A,A,H,-,A,A,0,NA,NA,NA,NA,Y,NA,A,01,0,0,1,0,0,0,0,0,0,-,-,34.158931732177734,-118.45909881591795,LOS ANGELES,LOS ANGELES,-118.45904541015624,34.15911865234375
91501418,2021,2021-10-29,9580,2021-06-18,1325,021985,NA,5,1,7,1942,0,1,3,NA,2,115,SR-118 W/B (RONALD REAGAN FWY.),SEPULVEDA BLVD,900,E,N,A,-,Y,NA,NA,118,NA,NA,NA,NA,NA,W,N,4,0,1,2,A,-,08,22107,NA,N,B,C,A,A,H,-,A,B,0,NA,NA,NA,NA,Y,NA,-,-,0,0,1,0,0,0,0,0,0,-,-,34.266048431396484,-118.45877838134766,LOS ANGELES,LOS ANGELES,-118.45877838134766,34.26603698730469
91501426,2021,2021-06-21,9550,2021-06-11,1225,022593,NA,5,1,5,1908,0,1,3,NA,2,091,SR-91 W/B,CLARK AVE.,300,W,N,A,-,Y,NA,NA,91,NA,NA,NA,NA,NA,W,Y,4,0,2,3,A,-,03,22350,NA,N,C,C,A,A,H,-,A,D,0,NA,NA,NA,NA,Y,NA,A,01,0,0,2,0,0,0,0,0,0,-,-,33.87705993652344,-118.13320159912108,LOS ANGELES,BELLFLOWER,-118.13319396972656,33.8770866394043
91501430,2021,2021-06-21,9580,2021-06-18,1830,021985,NA,5,2,7,1942,0,1,1,NA,2,405,I-405 S/B (SAN DIEGO FWY),NORDHOFF ST,700,S,N,A,-,Y,NA,NA,405,NA,NA,NA,NA,NA,S,Y,4,0,1,4,A,-,03,22350,NA,N,C,C,A,A,H,-,A,A,0,NA,NA,NA,NA,Y,NA,A,07,0,0,1,0,0,0,0,0,0,-,-,34.23128890991211,-118.47328186035156,LOS ANGELES,LOS ANGELES,-118.47322082519533,34.23128890991211
91501442,2021,2021-06-21,9575,2021-05-22,1215,019595,NA,6,1,7,1942,0,1,1,NA,2,053,I-5 S/B (GOLDEN STATE FREEWAY),SHELDON STREET,250,N,N,A,-,Y,NA,NA,NA,NA,NA,NA,NA,NA,NA,N,4,0,2,2,A,-,03,22350,NA,N,C,C,A,A,H,-,A,D,0,NA,NA,NA,Y,Y,NA,G,25,0,0,2,0,0,0,0,0,0,-,-,34.135398864746094,-118.24199676513672,LOS ANGELES,LOS ANGELES,-118.40493011474608,34.23163986206055
91501447,2021,2021-06-21,9580,2021-06-17,2258,022221,NA,4,3,7,1942,0,1,3,NA,2,116,SR-118 E/B (RONALD REAGAN FWY.),WOODLEY AVE.,2112,W,N,B,-,Y,NA,NA,118,NA,NA,NA,NA,NA,E,Y,3,0,5,3,A,-,03,22350,NA,N,C,C,A,A,H,-,D,D,0,NA,NA,NA,NA,Y,NA,A,01,0,3,2,0,0,0,0,0,0,-,-,34.27177810668945,-118.48992919921876,LOS ANGELES,LOS ANGELES,-118.48990631103516,34.27180480957031
91501457,2021,2021-06-21,9580,2021-06-17,2340,022158,NA,4,3,7,1942,0,1,3,NA,2,116,SR-118 E/B (RONALD REAGAN FWY.),BALBOA BLVD.,50,E,N,A,-,Y,NA,NA,118,NA,NA,NA,NA,NA,E,Y,4,0,3,2,A,-,03,22350,NA,N,C,C,A,A,C,-,C,D,0,NA,NA,NA,NA,Y,NA,A,07,0,0,3,0,0,0,0,0,0,-,-,34.277000427246094,-118.4972686767578,LOS ANGELES,LOS ANGELES,-118.49724578857422,34.27705383300781
91501460,2021,2021-06-21,9590,2021-06-11,1320,016230,NA,5,1,7,1942,0,1,3,NA,2,031,SR-60 W/B (POF),LORENA STREET,470,E,N,A,-,Y,NA,NA,60,NA,NA,NA,NA,NA,W,Y,4,0,2,3,A,-,03,22350,NA,N,C,C,A,A,H,-,A,D,0,NA,NA,NA,NA,Y,NA,A,01,0,0,2,0,0,0,0,0,0,-,-,34.02983093261719,-118.19827270507813,LOS ANGELES,LOS ANGELES,-118.1982879638672,34.0298957824707
91501479,2021,2021-06-21,9580,2021-06-18,0109,021780,NA,5,3,7,1942,0,1,2,NA,2,101,US-101 S/B (VENTURA FREEWAY),TUJUNGA AVE,150,S,N,A,-,Y,NA,NA,101,NA,NA,NA,NA,NA,S,Y,4,0,2,1,A,-,01,23152,A,N,E,I,A,A,H,-,C,D,0,NA,NA,NA,NA,Y,Y,A,01,0,0,2,0,0,0,0,0,0,-,-,34.153621673583984,-118.3784637451172,LOS ANGELES,LOS ANGELES,-118.37841796875,34.153690338134766
91501484,2021,2021-06-21,9575,2021-06-06,1145,021789,NA,7,1,7,1942,0,1,1,NA,2,052,I-5 N/B (GOLDEN STATE FREEWAY),SUNLAND BOULEVARD,1100,N,N,A,-,Y,NA,NA,5,NA,NA,NA,NA,NA,N,Y,4,0,3,2,A,-,03,22350,NA,N,C,E,A,A,H,-,A,D,0,NA,NA,NA,NA,Y,NA,D,22,0,0,3,0,0,0,0,0,0,-,-,34.22288131713867,-118.37045288085938,LOS ANGELES,LOS ANGELES,-118.3704833984375,34.22281265258789
91501485,2021,2021-06-21,9525,2021-06-12,1030,021074,NA,6,1,6,1955,0,1,3,NA,2,072,SR-71 N/B (CHINO VALLEY FWY),SR-60,2640,N,N,A,-,Y,NA,NA,71,NA,NA,NA,NA,NA,N,N,3,0,2,2,A,-,03,22350,NA,N,C,C,A,A,H,-,A,D,0,NA,NA,NA,NA,Y,NA,A,07,0,2,0,0,0,0,0,0,0,-,-,34.026790618896484,-117.75279998779295,LOS ANGELES,POMONA,-117.75278472900392,34.02680969238281
91501491,2021,2021-06-21,9580,2021-06-18,0120,022221,NA,5,3,9,1900,0,1,2,NA,2,103,US-101 FROM SEPULVEDA BLVD.,SEPULVEDA BLVD.,10,W,N,B,-,Y,NA,NA,NA,NA,NA,NA,NA,NA,NA,Y,3,0,1,2,A,-,12,21453,A,N,D,C,A,A,H,-,C,A,0,NA,NA,NA,NA,Y,NA,A,01,0,1,0,0,0,0,0,0,0,-,-,34.151771545410156,-118.46711730957033,LOS ANGELES,UNINCORPORATED,-118.46622467041016,34.15967559814453
91501495,2021,2021-06-21,9575,2021-06-11,0430,022513,NA,5,3,7,1942,0,1,1,NA,2,053,I-5 N/B TO SR-118 E/B,PAXTON ST.,406,N,N,A,-,Y,NA,NA,5,NA,NA,NA,R,NA,N,N,3,0,1,1,A,-,08,22107,NA,N,E,I,A,A,H,-,B,D,0,NA,NA,NA,NA,Y,NA,A,01,0,1,0,0,0,0,0,0,0,-,-,34.26451110839844,-118.44094848632813,LOS ANGELES,LOS ANGELES,-118.44094848632813,34.26451110839844
91501496,2021,2021-06-21,9535,2021-06-09,1840,022286,NA,3,2,4,1907,0,1,1,NA,2,073,I-710 SOUTHBOUND (LONG BEACH FREEWAY),GAGE AVE,1000,S,N,A,-,Y,NA,NA,710,NA,NA,NA,NA,NA,S,N,4,0,1,3,A,-,03,22350,NA,N,C,C,A,A,H,-,A,D,0,NA,NA,NA,NA,Y,NA,D,22,0,0,1,0,0,0,0,0,0,-,-,33.974388122558594,-118.16789245605467,LOS ANGELES,BELL,-118.16787719726564,33.974388122558594
91501519,2021,2021-06-21,9550,2021-06-10,1830,020974,NA,4,2,3,1964,0,1,1,NA,2,650,I-605 N/B,I-5,200,N,N,A,-,Y,NA,NA,605,NA,NA,NA,NA,NA,N,N,4,0,1,2,A,-,07,21658,A,N,B,C,A,A,H,-,A,D,0,NA,NA,NA,Y,Y,NA,G,25,0,0,1,0,0,0,0,0,0,-,-,33.941749572753906,-118.09622192382813,LOS ANGELES,SANTA FE SPRINGS,-118.09620666503906,33.941741943359375
91501533,2021,2021-06-21,9550,2021-06-11,1300,016228,NA,5,1,7,1941,0,1,3,NA,2,090,SR91 W/B FROM CHERRY AVENUE,CHERRY AVENUE,150,W,N,A,-,Y,NA,NA,91,NA,NA,NA,R,NA,W,N,4,0,1,2,A,-,03,22350,NA,N,C,C,A,A,H,-,A,D,0,NA,NA,NA,Y,Y,NA,F,25,0,0,1,0,0,0,0,0,0,-,-,33.87644958496094,-118.16924285888672,LOS ANGELES,LONG BEACH,-118.16924285888672,33.87644958496094
91501539,2021,2021-06-21,9540,2021-06-18,1245,019853,NA,5,1,9,1900,0,2,4,NA,2,010,THE OLD RD,MARKET DRIVE S.,0,NA,Y,A,-,N,NA,NA,NA,NA,NA,NA,NA,NA,NA,N,4,0,3,2,A,-,09,21801,A,N,D,C,A,A,H,-,A,A,0,NA,NA,NA,NA,Y,NA,A,01,0,0,3,0,0,0,0,0,0,-,-,34.38275146484375,-118.57132720947266,LOS ANGELES,UNINCORPORATED,-118.571287,34.382759
91501545,2021,2021-06-21,9565,2021-06-09,0700,022193,NA,3,1,9,1900,0,1,1,NA,2,060,I-405 N/B,I-105 FREEWAY,450,N,N,A,-,Y,NA,NA,405,NA,NA,NA,NA,NA,N,Y,4,0,1,2,A,-,07,21658,A,N,B,C,A,A,H,-,A,D,0,NA,NA,NA,NA,Y,NA,A,01,0,0,1,0,0,0,0,0,0,-,-,33.93183135986328,-118.36829376220705,LOS ANGELES,UNINCORPORATED,-118.36827087402344,33.93183135986328
91501546,2021,2021-06-21,9540,2021-06-19,1245,019853,NA,6,1,9,1900,0,1,1,NA,2,507,I-5 S/B (GOLDEN STATE FWY.),LYONS AVE,1500,S,N,B,-,Y,NA,NA,5,NA,NA,NA,NA,NA,S,N,4,0,1,2,A,-,07,21658,A,N,C,C,A,A,H,-,A,D,0,NA,NA,NA,NA,Y,NA,D,22,0,0,1,0,0,0,0,0,0,-,-,34.37294006347656,-118.56199645996094,LOS ANGELES,UNINCORPORATED,-118.56204986572266,34.37290954589844
91501557,2021,2021-06-21,9590,2021-05-21,0550,019008,NA,5,3,7,1942,0,1,2,NA,2,071,US-101 SOUTHBOUND (HOLLYWOOD FREEWAY),BEAUDRY AVENUE,500,N,N,A,-,Y,NA,NA,101,NA,NA,NA,NA,NA,S,N,3,0,1,2,A,-,03,22350,NA,N,C,C,A,A,H,-,A,D,0,NA,NA,NA,NA,Y,NA,D,22,0,1,0,0,0,0,0,0,0,-,-,34.06496047973633,-118.25161743164064,LOS ANGELES,LOS ANGELES,-118.25160217285156,34.06498336791992
91501563,2021,2021-06-21,9535,2021-06-09,1225,022496,NA,3,1,9,1900,0,3,5,NA,2,002,MINES ST. (1100 BLOCK),FORD BLVD,150,E,N,A,-,N,NA,NA,NA,NA,NA,NA,NA,NA,NA,N,2,0,1,5,C,-,18,NA,NA,N,B,E,A,A,H,-,A,D,0,NA,NA,NA,NA,Y,NA,-,-,1,0,0,0,0,0,0,0,0,-,-,34.01911926269531,-118.17176818847656,LOS ANGELES,UNINCORPORATED,-118.1718292236328,34.01909637451172
91501575,2021,2021-06-21,9535,2021-06-09,2355,022214,NA,3,3,4,1962,0,1,1,NA,2,401,I-10 (SAN BERNARDINO FREEWAY) E/B TO DEL MAR AVE.,DEL MAR AVE,160,E,N,A,-,Y,NA,NA,10,NA,NA,NA,R,NA,E,Y,4,0,1,1,A,-,03,22350,NA,N,E,8,A,A,H,-,C,D,0,NA,NA,NA,NA,Y,NA,A,01,0,0,1,0,0,0,0,0,0,-,-,34.072410583496094,-118.0988998413086,LOS ANGELES,SAN GABRIEL,-118.0988998413086,34.072410583496094