CASE_ID,ACCIDENT_YEAR,PROC_DATE,JURIS,COLLISION_DATE,COLLISION_TIME,OFFICER_ID,REPORTING_DISTRICT,DAY_OF_WEEK,CHP_SHIFT,POPULATION,CNTY_CITY_LOC,SPECIAL_COND,BEAT_TYPE,CHP_BEAT_TYPE,CITY_DIVISION_LAPD,CHP_BEAT_CLASS,BEAT_NUMBER,PRIMARY_RD,SECONDARY_RD,DISTANCE,DIRECTION,INTERSECTION,WEATHER_1,WEATHER_2,STATE_HWY_IND,CALTRANS_COUNTY,CALTRANS_DISTRICT,STATE_ROUTE,ROUTE_SUFFIX,POSTMILE_PREFIX,POSTMILE,LOCATION_TYPE,RAMP_INTERSECTION,SIDE_OF_HWY,TOW_AWAY,COLLISION_SEVERITY,NUMBER_KILLED,NUMBER_INJURED,PARTY_COUNT,PRIMARY_COLL_FACTOR,PCF_CODE_OF_VIOL,PCF_VIOL_CATEGORY,PCF_VIOLATION,PCF_VIOL_SUBSECTION,HIT_AND_RUN,TYPE_OF_COLLISION,MVIW,PED_ACTION,ROAD_SURFACE,ROAD_COND_1,ROAD_COND_2,LIGHTING,CONTROL_DEVICE,CHP_ROAD_TYPE,PEDESTRIAN_ACCIDENT,BICYCLE_ACCIDENT,MOTORCYCLE_ACCIDENT,TRUCK_ACCIDENT,NOT_PRIVATE_PROPERTY,ALCOHOL_INVOLVED,STWD_VEHTYPE_AT_FAULT,CHP_VEHTYPE_AT_FAULT,COUNT_SEVERE_INJ,COUNT_VISIBLE_INJ,COUNT_COMPLAINT_PAIN,COUNT_PED_KILLED,COUNT_PED_INJURED,COUNT_BICYCLIST_KILLED,COUNT_BICYCLIST_INJURED,COUNT_MC_KILLED,COUNT_MC_INJURED,PRIMARY_RAMP,SECONDARY_RAMP,LATITUDE,LONGITUDE,COUNTY,CITY,POINT_X,POINT_Y
91502429,2021,2021-06-22,9550,2021-06-11,0050,021532,NA,5,3,3,1964,0,1,1,NA,2,650,INTERSTATE 605 S/B,TELEGRAPH ROAD,500,S,N,A,-,Y,NA,NA,605,NA,NA,NA,NA,NA,S,Y,2,0,3,2,A,-,01,23152,F,N,C,C,A,A,H,-,C,D,0,NA,NA,NA,NA,Y,NA,A,01,1,0,2,0,0,0,0,0,0,-,-,33.947120666503906,-118.09369659423828,LOS ANGELES,SANTA FE SPRINGS,-118.0936279296875,33.947078704833984
91502432,2021,2021-06-22,9565,2021-06-20,0100,021658,NA,7,3,4,1918,0,1,1,NA,2,061,I-405 S/B (SAN DIEGO FWY.),WASHINGTON BLVD.,100,S,N,A,-,Y,NA,NA,405,NA,NA,NA,NA,NA,S,Y,3,0,2,2,A,-,01,23152,A,N,C,C,A,A,H,-,D,D,0,NA,NA,NA,NA,Y,Y,A,01,0,1,1,0,0,0,0,0,0,-,-,34.00577926635742,-118.4135971069336,LOS ANGELES,CULVER CITY,-118.41354370117188,34.00582504272461
91502436,2021,2021-06-22,9590,2021-06-11,0550,020618,NA,5,3,7,1942,0,1,1,NA,2,065,I-10 W/B (SMF),OLYMPIC BOULEVARD,125,E,N,A,-,Y,NA,NA,10,NA,NA,NA,NA,NA,W,Y,4,0,1,3,A,-,03,22350,NA,N,C,C,A,A,H,-,A,D,0,NA,NA,NA,NA,Y,NA,D,22,0,0,1,0,0,0,0,0,0,-,-,34.02676010131836,-118.23446655273438,LOS ANGELES,LOS ANGELES,-118.23445892333984,34.02674102783203
91502452,2021,2021-06-23,9580,2021-04-29,0920,019715,NA,4,1,7,1942,0,1,1,NA,2,405,I-405 S/B (SAN DIEGO FWY),SEPULVEDA BLVD,49,N,N,A,-,Y,NA,NA,405,NA,NA,NA,NA,NA,S,Y,1,2,2,2,A,-,03,22350,NA,N,C,C,A,A,H,-,A,D,0,NA,NA,NA,NA,Y,NA,D,22,1,1,0,0,0,0,0,0,0,-,-,34.148651123046875,-118.4695281982422,LOS ANGELES,LOS ANGELES,-118.46944427490234,34.14860534667969
91502463,2021,2021-06-22,9580,2021-06-15,0808,019544,NA,2,1,7,1942,0,1,2,NA,2,105,US-101 S/B (VENTURA FREEWAY),TAMPA AVE,792,S,N,A,-,Y,NA,NA,101,NA,NA,NA,NA,NA,S,Y,3,0,1,2,A,-,03,22350,NA,N,C,C,A,A,H,-,A,D,0,NA,NA,NA,NA,Y,NA,A,01,0,1,0,0,0,0,0,0,0,-,-,34.173439025878906,-118.55077362060548,LOS ANGELES,LOS ANGELES,-118.55077362060548,34.17341995239258
91502465,2021,2021-09-07,9590,2021-06-18,2343,022281,NA,5,3,7,1942,0,1,1,NA,2,063,I-10 W/B (SMF) TO I-110 (HAF),FIGUEROA STREET,415,W,N,A,-,Y,NA,NA,10,NA,NA,NA,R,NA,W,Y,4,0,1,1,A,-,08,22107,NA,M,E,I,A,A,H,-,C,D,0,NA,NA,NA,NA,Y,NA,A,01,0,0,1,0,0,0,0,0,0,-,-,34.037750244140625,-118.27155303955078,LOS ANGELES,LOS ANGELES,-118.27155303955078,34.037750244140625
91502466,2021,2021-06-22,9540,2021-06-16,1300,020462,NA,3,1,9,1900,0,3,5,NA,2,300,BERYL PLACE (30500 BLOCK),PONDEROSA STREET,528,N,N,A,-,N,NA,NA,NA,NA,NA,NA,NA,NA,NA,N,4,0,1,2,A,-,03,22350,NA,N,D,C,A,A,H,-,A,D,0,NA,NA,NA,NA,Y,NA,A,01,0,0,1,0,0,0,0,0,0,-,-,34.47412109375,-118.63481903076172,LOS ANGELES,UNINCORPORATED,-118.63433074951172,34.47406768798828
91502467,2021,2021-06-22,9550,2021-06-15,0715,018854,NA,2,1,9,1900,0,1,3,NA,2,601,SR-60 W/B,STIMSON AVENUE,300,E,N,A,-,Y,NA,NA,60,NA,NA,NA,NA,NA,W,Y,4,0,3,4,A,-,03,22350,NA,N,C,C,A,A,H,-,A,D,0,NA,NA,NA,NA,Y,NA,A,01,0,0,3,0,0,0,0,0,0,-,-,34.00321960449219,-117.95211029052734,LOS ANGELES,UNINCORPORATED,-117.9521026611328,34.00325012207031
91502472,2021,2021-06-22,9590,2021-06-11,1400,022431,NA,5,2,7,1942,0,1,3,NA,2,031,SR-60 W/B (POMONA FREEWAY),BOYLE AVENUE,1000,W,N,A,-,Y,NA,NA,60,NA,NA,NA,NA,NA,W,Y,4,0,1,3,A,-,07,21658,A,N,B,C,A,A,H,-,A,D,0,NA,NA,NA,Y,Y,NA,G,25,0,0,1,0,0,0,0,0,0,-,-,34.02954864501953,-118.22393798828124,LOS ANGELES,LOS ANGELES,-118.22393798828124,34.02952575683594
91502473,2021,2021-06-22,9580,2021-06-20,0305,022465,NA,7,3,7,1942,0,1,2,NA,2,103,US-101 S/B (VENTURA FREEWAY),I-405 S/B (SAN DIEGO FWY),100,N,N,A,-,Y,NA,NA,101,NA,NA,NA,NA,NA,S,Y,3,0,1,2,A,-,01,23152,A,N,B,C,A,A,H,-,D,D,0,NA,NA,NA,NA,Y,Y,A,01,0,1,0,0,0,0,0,0,0,-,-,34.160518646240234,-118.47020721435548,LOS ANGELES,LOS ANGELES,-118.47022247314452,34.160499572753906
91502479,2021,2021-06-22,9540,2021-06-16,0655,014339,NA,3,1,9,1900,0,3,5,NA,2,300,BISCAILUZ RD. (27000 BLOCK),THE OLD RD.,200,W,N,A,-,N,NA,NA,NA,NA,NA,NA,NA,NA,NA,Y,3,0,1,2,A,-,08,22107,NA,N,B,C,A,A,H,-,A,D,0,NA,NA,NA,NA,Y,NA,D,22,0,1,0,0,0,0,0,0,0,-,-,34.448551177978516,-118.61386108398438,LOS ANGELES,UNINCORPORATED,-118.61419677734376,34.44913864135742
91502480,2021,2021-06-22,9540,2021-06-21,1915,019508,NA,1,2,9,1900,0,1,1,NA,2,506,I-5 N/B (G.S.F.),MAGIC MOUNTAIN PKWY,100,N,N,A,-,Y,NA,NA,5,NA,NA,NA,NA,NA,N,N,4,0,1,2,A,-,07,21658,A,F,B,C,A,A,H,-,A,D,0,NA,NA,NA,Y,Y,NA,G,25,0,0,1,0,0,0,0,0,0,-,-,34.42369079589844,-118.58336639404295,LOS ANGELES,UNINCORPORATED,-118.58342742919922,34.42366027832031
91502510,2021,2021-06-22,9535,2021-06-10,1920,021308,NA,4,2,9,1900,0,2,4,NA,2,022,OLYMPIC BLVD (4000 BLOCK),DOWNEY RD,528,W,N,A,-,N,NA,NA,NA,NA,NA,NA,NA,NA,NA,N,4,0,1,2,A,-,21,22106,NA,N,B,C,A,A,H,-,A,D,0,NA,NA,NA,NA,Y,NA,A,01,0,0,1,0,0,0,0,0,0,-,-,34.0189208984375,-118.18035888671876,LOS ANGELES,UNINCORPORATED,-118.18181610107422,34.0189094543457
91502516,2021,2021-06-22,9525,2021-06-19,0120,020719,NA,6,3,4,1960,0,1,3,NA,2,572,SR-57 N/B TO I-210 W/B,SUNFLOWER AVE.,5280,E,N,A,-,Y,NA,NA,NA,NA,NA,NA,NA,NA,NA,Y,2,0,1,3,A,-,01,23152,A,N,D,C,A,A,H,-,C,D,0,NA,NA,NA,Y,Y,Y,A,01,1,0,0,0,0,0,0,0,0,-,-,34.1214714050293,-117.82743072509766,LOS ANGELES,SAN DIMAS,-116.26896667480467,34.17163848876953
91502555,2021,2021-06-22,9535,2021-05-31,0014,022230,NA,1,3,9,1900,0,1,1,NA,2,501,I-5 (SANTA ANA FREEWAY) SOUTHBOUND TO DITMAN AVENU,OLYMPIC BOULEVARD,310,N,N,A,-,Y,NA,NA,5,NA,NA,NA,R,NA,S,Y,2,0,4,1,A,-,01,23152,A,N,E,8,A,A,H,-,C,D,0,NA,NA,NA,NA,Y,Y,A,01,2,1,1,0,0,0,0,0,0,-,-,34.019840240478516,-118.18927001953124,LOS ANGELES,UNINCORPORATED,-118.18927001953124,34.019840240478516
91502607,2021,2021-06-22,9590,2021-06-11,1620,021622,NA,5,2,7,1942,0,1,2,NA,2,070,US-101 N/B (HOLLYWOOD FREEWAY),BENTON WAY,400,N,N,A,-,Y,NA,NA,101,NA,NA,NA,NA,NA,N,N,4,0,2,2,A,-,03,22350,NA,N,C,C,A,A,H,-,A,D,0,NA,NA,NA,NA,Y,Y,A,01,0,0,2,0,0,0,0,0,0,-,-,34.075660705566406,-118.27552795410156,LOS ANGELES,LOS ANGELES,-118.27554321289064,34.075618743896484
91502613,2021,2021-06-22,9530,2021-06-10,1515,020956,NA,4,2,4,1939,0,1,1,NA,2,400,I-405 N/B (SAN DEIGO FREEWAY),HAWTHORNE BOULEVARD,200,N,N,A,-,Y,NA,NA,405,NA,NA,NA,NA,NA,N,N,4,0,1,2,A,-,03,22350,NA,F,C,C,A,A,H,-,A,D,0,NA,NA,NA,NA,Y,NA,-,99,0,0,1,0,0,0,0,0,0,-,-,33.88307189941406,-118.35030364990234,LOS ANGELES,LAWNDALE,-118.35025787353516,33.88312530517578
91502617,2021,2021-06-22,9590,2021-06-09,2215,022357,NA,3,3,7,1942,0,1,1,NA,2,052,I-110 N/B (HARBOR FREEWAY),37TH STREET,390,S,N,A,-,Y,NA,NA,110,NA,NA,NA,NA,NA,N,Y,4,0,3,3,A,-,07,21658,A,M,C,C,A,A,H,-,C,D,0,NA,NA,NA,NA,Y,NA,-,99,0,0,3,0,0,0,0,0,0,-,-,34.01618957519531,-118.2803192138672,LOS ANGELES,LOS ANGELES,-118.28055572509766,34.01625061035156
91502626,2021,2021-06-22,9580,2021-06-21,0730,019319,NA,1,1,7,1942,0,1,3,NA,2,116,SR-118 E/B (RONALD REAGAN FWY.),WOODLEY AVE,900,W,N,B,-,Y,NA,NA,118,NA,NA,NA,NA,NA,E,N,4,0,1,2,A,-,07,21658,A,N,B,C,A,A,H,-,A,D,0,NA,NA,NA,NA,Y,NA,A,01,0,0,1,0,0,0,0,0,0,-,-,34.27027130126953,-118.48821258544922,LOS ANGELES,LOS ANGELES,-118.48814392089844,34.27035140991211
91502671,2021,2021-06-22,9535,2021-06-12,1120,022011,NA,6,1,5,1969,0,1,1,NA,2,074,I-710 (LONG BEACH FREEWAY) N/B,FILESTONE BLVD,900,S,N,A,-,Y,NA,NA,710,NA,NA,NA,NA,NA,N,Y,4,0,1,3,A,-,07,21658,A,N,B,C,A,A,H,-,A,D,0,NA,NA,NA,NA,Y,NA,A,01,0,0,1,0,0,0,0,0,0,-,-,33.945560455322266,-118.17082214355467,LOS ANGELES,SOUTH GATE,-118.17056274414064,33.945518493652344
91502686,2021,2021-06-22,9565,2021-06-10,1251,016545,NA,4,1,7,1942,0,1,1,NA,2,082,I-10 E/B,ROBERTSON BL.,500,E,N,A,-,Y,NA,NA,10,NA,NA,NA,NA,NA,E,N,4,0,1,2,A,-,07,21658,A,N,B,C,A,A,H,-,A,D,0,NA,NA,Y,NA,Y,NA,A,01,0,0,1,0,0,0,0,0,1,-,-,34.031349182128906,-118.38986206054688,LOS ANGELES,LOS ANGELES,-118.38988494873048,34.03138732910156
91502688,2021,2021-06-22,9590,2021-02-05,0430,022428,NA,5,3,7,1942,0,1,2,NA,2,073,US-101 S/B (HOLLYWOOD FREEWAY),FOUNTAIN AVENUE OVERCROSSING,160,N,N,A,-,Y,NA,NA,101,NA,NA,NA,NA,NA,S,Y,4,0,1,2,A,-,03,22350,NA,N,C,C,A,A,H,-,C,D,0,NA,NA,NA,NA,Y,NA,A,01,0,0,1,0,0,0,0,0,0,-,-,34.09511947631836,-118.31166839599608,LOS ANGELES,LOS ANGELES,-118.3116455078125,34.09515380859375
91502702,2021,2021-06-22,9590,2021-02-05,0450,022136,NA,5,3,7,1942,0,1,2,NA,2,073,US-101 S/B (HOLLYWOOD FREEWAY),NORTH FOUNTAIN AVENUE OVERCROSSING,57,S,N,A,-,Y,NA,NA,101,NA,NA,NA,NA,NA,S,N,1,1,0,2,A,-,11,21954,A,F,G,B,E,A,C,-,C,D,0,Y,NA,NA,NA,Y,NA,N,60,0,0,0,1,0,0,0,0,0,-,-,34.094879150390625,-118.31121063232422,LOS ANGELES,LOS ANGELES,-118.31121063232422,34.09487533569336
91502743,2021,2021-06-22,9565,2021-06-10,0945,022219,NA,4,1,9,1900,0,2,4,NA,2,022,NORMANDIE AVE,111TH PL,30,S,N,A,-,N,NA,NA,NA,NA,NA,NA,NA,NA,NA,Y,3,0,2,2,C,-,18,NA,NA,N,A,C,A,A,H,-,A,D,0,NA,NA,NA,NA,Y,NA,-,-,0,1,1,0,0,0,0,0,0,-,-,33.93315124511719,-118.3003387451172,LOS ANGELES,UNINCORPORATED,-118.3003158569336,33.9332160949707
91502748,2021,2021-06-22,9530,2021-06-10,1735,021689,NA,4,2,5,1977,0,1,3,NA,2,310,SR-91 E/B (ARTESIA FREEWAY),AVALON BLVD.,300,W,N,A,-,Y,NA,NA,91,NA,NA,NA,NA,NA,E,N,3,0,2,4,A,-,07,21658,A,F,B,C,A,A,H,-,A,D,0,NA,NA,NA,NA,Y,NA,-,99,0,2,0,0,0,0,0,0,0,-,-,33.87295913696289,-118.2673797607422,LOS ANGELES,CARSON,-118.26738739013672,33.87300109863281
91502785,2021,2021-06-22,9590,2021-06-12,0655,018345,NA,6,1,7,1942,0,1,1,NA,2,061,I-10 WB (SMF),HAUSER BLVD.,520,E,N,A,-,Y,NA,NA,10,NA,NA,NA,NA,NA,W,N,3,0,1,1,A,-,08,22107,NA,N,E,I,A,A,H,-,A,D,0,NA,NA,NA,NA,Y,NA,A,01,0,1,0,0,0,0,0,0,0,-,-,34.03384017944336,-118.3563995361328,LOS ANGELES,LOS ANGELES,-118.35641479492188,34.034088134765625
91502825,2021,2021-06-22,9565,2021-06-10,1550,016545,NA,4,2,7,1942,0,1,1,NA,2,082,I-10 E/B,OVERLAND AVENUE,500,W,N,A,-,Y,NA,NA,10,NA,NA,NA,NA,NA,E,N,4,0,1,2,A,-,07,21658,A,N,B,C,A,A,H,-,A,D,0,NA,NA,Y,NA,Y,NA,A,01,0,0,1,0,0,0,0,0,1,-,-,34.03295135498047,-118.38701629638672,LOS ANGELES,LOS ANGELES,-118.38706970214844,34.03302764892578
91502830,2021,2021-06-22,9535,2021-06-12,1428,022243,NA,6,2,9,1900,0,1,3,NA,2,601,SR-60 (POMONA FREEWAY) W/B,S. ROWAN AVE,250,W,N,A,-,Y,NA,NA,60,NA,NA,NA,NA,NA,W,N,3,0,1,1,A,-,08,22107,NA,N,E,I,A,A,H,-,A,A,0,NA,NA,NA,NA,Y,NA,D,22,0,1,0,0,0,0,0,0,0,-,-,34.03181838989258,-118.18850708007813,LOS ANGELES,UNINCORPORATED,-118.18850708007813,34.03183364868164
91502866,2021,2021-06-22,9535,2021-06-11,2333,022321,NA,5,3,3,1968,0,3,5,NA,2,006,DURFEE AVENUE (300 BLOCK),ROSEMEAD BOULEVARD,2000,E,N,A,-,N,NA,NA,NA,NA,NA,NA,NA,NA,NA,Y,3,0,1,2,A,-,01,23152,A,M,C,C,A,A,H,-,D,D,0,NA,NA,NA,NA,Y,Y,A,01,0,1,0,0,0,0,0,0,0,-,-,34.029090881347656,-118.06120300292967,LOS ANGELES,SOUTH EL MONTE,-118.06787872314452,34.028541564941406
91502869,2021,2021-06-22,9545,2021-06-14,0510,017495,NA,1,3,9,1900,0,3,5,NA,2,004,240TH STREET EAST,AVENUE K,1306,S,N,A,-,N,NA,NA,NA,NA,NA,NA,NA,NA,NA,Y,3,0,1,1,A,-,01,23152,A,N,C,I,A,A,H,-,A,A,0,NA,NA,NA,NA,Y,Y,A,01,0,1,0,0,0,0,0,0,0,-,-,34.57257843017578,-117.70247650146484,LOS ANGELES,UNINCORPORATED,-117.70236206054688,34.67174530029297
91502877,2021,2021-06-22,9550,2021-06-10,1950,020974,NA,4,2,9,1900,0,1,1,NA,2,650,I-605 S/B,SARAGOSA STREET,600,S,N,A,-,Y,NA,NA,605,NA,NA,NA,NA,NA,S,Y,2,0,1,1,A,-,08,22107,NA,N,F,I,A,A,H,-,B,D,0,NA,NA,Y,NA,Y,NA,C,02,1,0,0,0,0,0,0,0,1,-,-,33.977481842041016,-118.07904815673828,LOS ANGELES,UNINCORPORATED,-118.0789031982422,33.977394104003906
91502895,2021,2021-06-22,9590,2021-06-13,0540,018345,NA,7,3,7,1942,0,1,1,NA,2,063,I-10 WB (SMF) TO I-110 NB (HAF),FIGUEROA ST.,640,W,N,A,-,Y,NA,NA,10,NA,NA,NA,R,NA,W,N,3,0,1,1,A,-,08,22107,NA,N,F,A,A,A,H,-,A,D,0,NA,NA,NA,NA,Y,NA,A,07,0,1,0,0,0,0,0,0,0,-,-,34.038360595703125,-118.27188873291016,LOS ANGELES,LOS ANGELES,-118.27188873291016,34.038360595703125
91502909,2021,2021-06-22,9550,2021-06-15,1305,016228,NA,2,1,5,1908,0,1,3,NA,2,091,SR-91 W/B,LAKEWOOD BOULEVARD,1500,E,N,A,-,Y,NA,NA,91,NA,NA,NA,NA,NA,W,N,4,0,1,3,A,-,03,22350,NA,M,C,C,A,A,H,-,A,B,0,NA,NA,NA,NA,Y,NA,A,07,0,0,1,0,0,0,0,0,0,-,-,33.87725067138672,-118.14092254638672,LOS ANGELES,BELLFLOWER,-118.14092254638672,33.87726593017578
91502924,2021,2021-06-22,9550,2021-06-12,2105,022037,NA,6,2,5,1976,0,1,1,NA,2,650,INTERSTATE 605 (SAN GABRIEL RIVER FREEWAY),WHITTIER BOULEVARD,800,S,N,A,-,Y,NA,NA,605,NA,NA,NA,NA,NA,NA,N,2,0,3,2,A,-,01,23152,A,N,C,C,A,A,H,-,C,D,0,NA,NA,NA,NA,Y,Y,A,01,1,1,1,0,0,0,0,0,0,-,-,33.99123001098633,-118.06996917724608,LOS ANGELES,WHITTIER,-118.06989288330078,33.9912109375
91502946,2021,2021-06-22,9550,2021-06-15,1752,020948,NA,2,2,9,1900,0,3,5,NA,2,005,WALNUT DRIVE,NOGALES STREET,290,E,N,A,-,N,NA,NA,NA,NA,NA,NA,NA,NA,NA,Y,3,0,2,2,A,-,09,21804,A,N,A,C,A,A,H,-,A,D,0,NA,NA,NA,NA,Y,NA,A,07,0,1,1,0,0,0,0,0,0,-,-,33.99620819091797,-117.88732147216795,LOS ANGELES,UNINCORPORATED,-117.88748168945313,33.99614715576172
91502956,2021,2021-06-22,9530,2021-06-11,1300,020938,NA,5,1,7,1941,0,1,3,NA,2,320,SR-91 W/B,LONG BEACH BLVD,200,W,N,A,-,Y,NA,NA,91,NA,NA,NA,NA,NA,W,N,4,0,1,1,A,-,08,22107,NA,N,E,I,A,A,H,-,A,D,0,NA,NA,NA,NA,Y,NA,A,01,0,0,1,0,0,0,0,0,0,-,-,33.87282180786133,-118.20327758789064,LOS ANGELES,LONG BEACH,-118.20327758789064,33.87285614013672
91502971,2021,2021-06-22,9535,2021-06-11,1953,022269,NA,5,2,5,1948,0,1,3,NA,2,620,SR-60 (POMONA FWY) E/B,GREENWOOD AVE.,2000,E,N,A,-,Y,NA,NA,60,NA,NA,NA,NA,NA,E,N,3,0,2,2,A,-,07,21658,A,N,B,C,A,A,H,-,A,D,0,NA,NA,NA,NA,Y,NA,A,01,0,1,1,0,0,0,0,0,0,-,-,34.035648345947266,-118.09925079345705,LOS ANGELES,MONTEREY PARK,-118.09925079345705,34.03569030761719
91502983,2021,2021-06-22,9525,2021-05-19,2232,020891,NA,3,3,6,1955,0,1,1,NA,2,108,I-10 E/B (SAN BERNARDINO FWY),KELLOGG DR.,1000,W,N,B,-,Y,NA,NA,10,NA,NA,NA,NA,NA,E,Y,3,0,1,5,A,-,07,21658,A,N,B,C,A,A,H,-,C,D,0,NA,NA,NA,Y,Y,NA,A,01,0,1,0,0,0,0,0,0,0,-,-,34.06359100341797,-117.81614685058594,LOS ANGELES,POMONA,-117.81615447998048,34.06364059448242
91503014,2021,2021-06-22,9565,2021-06-11,1350,022576,NA,5,1,4,1918,0,1,1,NA,2,061,I-405 N/B,SR-90,200,S,N,A,-,Y,NA,NA,405,NA,NA,NA,NA,NA,N,N,4,0,1,3,A,-,03,22350,NA,N,C,C,A,A,H,-,A,D,0,NA,NA,NA,NA,Y,NA,D,22,0,0,1,0,0,0,0,0,0,-,-,33.98678970336914,-118.39829254150392,LOS ANGELES,CULVER CITY,-118.39825439453124,33.98681640625
91503029,2021,2021-06-22,9530,2021-06-11,1730,020080,NA,5,2,7,1941,0,1,1,NA,2,071,I-710 N/B (LONG BEACH FREEWAY),DEL AMO BLVD.,2640,N,N,A,-,Y,NA,NA,710,NA,NA,NA,NA,NA,N,Y,4,0,2,2,A,-,03,22350,NA,N,C,C,A,A,H,-,A,D,0,NA,NA,NA,NA,Y,NA,A,01,0,0,2,0,0,0,0,0,0,-,-,33.854949951171875,-118.20404052734376,LOS ANGELES,LONG BEACH,-118.20399475097656,33.85493087768555
91503040,2021,2021-06-22,9550,2021-06-13,1930,020709,NA,7,2,9,1900,0,3,5,NA,2,002,COLIMA ROAD,ALLEGAN ST.,0,NA,Y,A,-,N,NA,NA,NA,NA,NA,NA,NA,NA,NA,Y,3,0,2,2,A,-,09,21801,A,N,D,C,A,A,H,-,A,D,0,NA,NA,NA,NA,Y,NA,A,01,0,1,1,0,0,0,0,0,0,-,-,33.92755889892578,-118.02263641357422,LOS ANGELES,UNINCORPORATED,-118.02256011962892,33.92757797241211
91503065,2021,2021-06-22,9575,2021-06-10,1755,017491,NA,4,2,7,1942,0,1,1,NA,2,065,I-210 E/B (FOOTHILL FREEWAY),SAN GABRIEL BOULEVARD,626,E,N,A,-,Y,NA,NA,NA,NA,NA,NA,NA,NA,NA,N,4,0,1,2,A,-,03,22350,NA,M,C,C,A,A,H,-,A,D,0,NA,NA,NA,NA,Y,NA,A,01,0,0,1,0,0,0,0,0,0,-,-,34.15180969238281,-118.0920867919922,LOS ANGELES,LOS ANGELES,-118.09378814697266,34.15229034423828
91503066,2021,2021-06-22,9535,2021-06-14,0640,022496,NA,1,1,3,1914,0,1,1,NA,2,501,I-5 S/B (SANTA ANA FREEWAY),ARIZONA AVENUE POC,230,S,N,A,-,Y,NA,NA,5,NA,NA,NA,NA,NA,S,N,4,0,1,2,A,-,07,21658,A,N,B,C,A,A,H,-,A,D,0,NA,NA,NA,Y,Y,NA,F,25,0,0,1,0,0,0,0,0,0,-,-,34.0146484375,-118.16886901855467,LOS ANGELES,COMMERCE,-118.16887664794922,34.01462936401367
91503067,2021,2021-06-22,9590,2021-06-11,1720,021667,NA,5,2,7,1942,0,1,1,NA,2,011,SR-110 S/B (ARROYO SECO PARKWAY),STADIUM WAY OVERCROSSING,500,N,N,A,-,Y,NA,NA,110,NA,NA,NA,NA,NA,S,N,4,0,2,4,A,-,03,22350,NA,N,C,C,A,A,H,-,A,D,0,NA,NA,NA,NA,Y,NA,A,01,0,0,2,0,0,0,0,0,0,-,-,34.06990051269531,-118.23607635498048,LOS ANGELES,LOS ANGELES,-118.2361068725586,34.069915771484375
91503119,2021,2021-06-22,9565,2021-06-11,0735,016941,NA,5,1,7,1942,0,1,1,NA,2,083,I-10 WESTBOUND (SANTA MONICA FREEWAY),NATIONAL BOULEVARD,500,E,N,A,-,Y,NA,NA,10,NA,NA,NA,NA,NA,W,N,4,0,2,2,A,-,03,22350,NA,N,C,C,A,A,H,-,A,D,0,NA,NA,NA,NA,Y,NA,A,01,0,0,2,0,0,0,0,0,0,-,-,34.029441833496094,-118.39893341064452,LOS ANGELES,LOS ANGELES,-118.39893341064452,34.02937316894531
91503147,2021,2021-06-22,9525,2021-06-21,0730,019121,NA,1,1,9,1900,0,2,4,NA,2,045,VALLEY BOULEVARD (13000 BLOCK),SAN ANGELO AVENUE,160,W,N,A,-,N,NA,NA,NA,NA,NA,NA,NA,NA,NA,N,4,0,1,2,A,-,21,22106,NA,N,C,C,A,A,H,-,A,D,0,NA,NA,NA,Y,Y,NA,G,25,0,0,1,0,0,0,0,0,0,-,-,34.052181243896484,-118.00052642822266,LOS ANGELES,UNINCORPORATED,-118.00051879882813,34.052066802978516
91503191,2021,2021-06-22,9535,2021-06-14,1620,022243,NA,1,2,5,1947,0,1,3,NA,2,620,SR-60 (POMONA FREEWAY) E/B,PARAMOUNT BLVD,600,E,N,A,-,Y,NA,NA,60,NA,NA,NA,NA,NA,E,N,4,0,1,2,A,-,04,21703,NA,N,C,C,A,A,H,-,A,D,0,NA,NA,NA,NA,Y,NA,A,07,0,0,1,0,0,0,0,0,0,-,-,34.036659240722656,-118.09001159667967,LOS ANGELES,MONTEBELLO,-118.09000396728516,34.03664016723633
91503203,2021,2021-06-22,9530,2021-06-11,0645,022120,NA,5,1,9,1900,0,1,1,NA,2,110,I-110 S/B TO I-105 W/B,HOOVER STREET,285,W,N,A,-,Y,NA,NA,NA,NA,NA,NA,NA,NA,NA,Y,4,0,1,3,A,-,03,22350,NA,N,C,C,A,A,H,-,A,A,0,NA,NA,NA,NA,Y,NA,A,07,0,0,1,0,0,0,0,0,0,-,-,33.92932891845703,-118.28804779052734,LOS ANGELES,UNINCORPORATED,-118.28680419921876,33.897369384765625
91503239,2021,2021-06-22,9535,2021-06-12,1930,022414,NA,6,2,9,1900,0,3,5,NA,2,002,TELEGRAPH RD.,DOWNEY RD.,0,NA,Y,A,-,Y,NA,NA,NA,NA,NA,NA,NA,NA,NA,N,3,0,1,2,A,-,10,21950,A,N,G,B,B,A,H,-,B,A,0,Y,NA,NA,NA,Y,NA,A,07,0,1,0,0,1,0,0,0,0,-,-,34.020179748535156,-118.18016052246094,LOS ANGELES,UNINCORPORATED,-118.18006896972656,34.0201530456543
91503252,2021,2021-06-22,9550,2021-06-15,1325,022474,NA,2,1,9,1900,0,3,5,NA,2,002,PAINTER AVENUE,MYSTIC STREET,0,NA,Y,A,-,N,NA,NA,NA,NA,NA,NA,NA,NA,NA,Y,4,0,1,2,A,-,09,21801,A,N,D,C,A,A,H,-,A,A,0,NA,NA,NA,NA,Y,NA,A,01,0,0,1,0,0,0,0,0,0,-,-,33.950401306152344,-118.04563903808594,LOS ANGELES,UNINCORPORATED,-118.04575347900392,33.95048522949219