CASE_ID,ACCIDENT_YEAR,PROC_DATE,JURIS,COLLISION_DATE,COLLISION_TIME,OFFICER_ID,REPORTING_DISTRICT,DAY_OF_WEEK,CHP_SHIFT,POPULATION,CNTY_CITY_LOC,SPECIAL_COND,BEAT_TYPE,CHP_BEAT_TYPE,CITY_DIVISION_LAPD,CHP_BEAT_CLASS,BEAT_NUMBER,PRIMARY_RD,SECONDARY_RD,DISTANCE,DIRECTION,INTERSECTION,WEATHER_1,WEATHER_2,STATE_HWY_IND,CALTRANS_COUNTY,CALTRANS_DISTRICT,STATE_ROUTE,ROUTE_SUFFIX,POSTMILE_PREFIX,POSTMILE,LOCATION_TYPE,RAMP_INTERSECTION,SIDE_OF_HWY,TOW_AWAY,COLLISION_SEVERITY,NUMBER_KILLED,NUMBER_INJURED,PARTY_COUNT,PRIMARY_COLL_FACTOR,PCF_CODE_OF_VIOL,PCF_VIOL_CATEGORY,PCF_VIOLATION,PCF_VIOL_SUBSECTION,HIT_AND_RUN,TYPE_OF_COLLISION,MVIW,PED_ACTION,ROAD_SURFACE,ROAD_COND_1,ROAD_COND_2,LIGHTING,CONTROL_DEVICE,CHP_ROAD_TYPE,PEDESTRIAN_ACCIDENT,BICYCLE_ACCIDENT,MOTORCYCLE_ACCIDENT,TRUCK_ACCIDENT,NOT_PRIVATE_PROPERTY,ALCOHOL_INVOLVED,STWD_VEHTYPE_AT_FAULT,CHP_VEHTYPE_AT_FAULT,COUNT_SEVERE_INJ,COUNT_VISIBLE_INJ,COUNT_COMPLAINT_PAIN,COUNT_PED_KILLED,COUNT_PED_INJURED,COUNT_BICYCLIST_KILLED,COUNT_BICYCLIST_INJURED,COUNT_MC_KILLED,COUNT_MC_INJURED,PRIMARY_RAMP,SECONDARY_RAMP,LATITUDE,LONGITUDE,COUNTY,CITY,POINT_X,POINT_Y
91514616,2021,2021-07-07,9525,2021-06-28,0555,015632,NA,1,3,5,1926,0,1,1,NA,2,206,I-210 EB (FOOTHILL FWY),GLENDORA AVE. U/C,500,W,N,A,-,Y,NA,NA,210,NA,NA,NA,NA,NA,E,Y,3,0,1,5,C,-,18,NA,NA,N,H,C,A,A,H,-,A,D,0,NA,NA,NA,Y,Y,NA,-,-,0,1,0,0,0,0,0,0,0,-,-,34.11875915527344,-117.86607360839844,LOS ANGELES,GLENDORA,-117.8660888671875,34.11872100830078
91514656,2021,2021-07-07,9565,2021-05-06,1200,022014,NA,4,1,9,1900,0,3,5,NA,2,005,MARQUESAS WAY,VIA MARINA WAY,300,E,N,A,-,N,NA,NA,NA,NA,NA,NA,NA,NA,NA,Y,3,0,1,1,A,-,08,22107,NA,N,E,J,A,A,H,-,A,D,0,NA,NA,NA,NA,Y,NA,A,01,0,1,0,0,0,0,0,0,0,-,-,33.97637176513672,-118.45664978027344,LOS ANGELES,UNINCORPORATED,-118.45819091796876,33.97639846801758
91514676,2021,2021-07-07,9530,2021-06-24,1520,022109,NA,4,2,9,1900,0,3,5,NA,2,001,ZAMORA AVENUE,87TH PLACE,0,NA,Y,A,-,N,NA,NA,NA,NA,NA,NA,NA,NA,NA,N,4,0,1,2,A,-,09,21802,A,N,B,C,A,A,H,-,A,A,0,NA,NA,NA,NA,Y,NA,A,01,0,0,1,0,0,0,0,0,0,-,-,33.958229064941406,-118.25144958496094,LOS ANGELES,UNINCORPORATED,-118.25145721435548,33.95822525024414
91514677,2021,2021-08-06,9550,2021-06-26,2330,022239,NA,6,3,9,1900,0,3,5,NA,2,002,SARANAC DR,PARISE DR,3,N,N,A,-,N,NA,NA,NA,NA,NA,NA,NA,NA,NA,N,4,0,1,2,A,-,09,21802,A,N,D,C,A,A,H,-,D,D,0,NA,NA,NA,NA,Y,NA,A,01,0,0,1,0,0,0,0,0,0,-,-,33.921119689941406,-118.03076171875,LOS ANGELES,UNINCORPORATED,-118.03081512451172,33.9211540222168
91514713,2021,2021-07-07,9590,2021-06-26,0950,018345,NA,6,1,7,1942,0,1,3,NA,2,031,SR-60 WB (POF),LORENA ST.,150,E,N,A,-,Y,NA,NA,60,NA,NA,NA,NA,NA,W,N,4,0,1,2,A,-,03,22350,NA,N,C,C,A,A,H,-,A,D,0,NA,NA,NA,NA,Y,NA,A,01,0,0,1,0,0,0,0,0,0,-,-,34.0296516418457,-118.19915008544922,LOS ANGELES,LOS ANGELES,-118.19915771484376,34.02968215942383
91514725,2021,2021-07-07,9550,2021-06-27,0040,022434,NA,7,3,9,1900,0,1,1,NA,2,650,I-605 S/B,BEVERLY BOULEVARD,2000,N,N,A,-,Y,NA,NA,605,NA,NA,NA,NA,NA,S,Y,4,0,1,3,A,-,08,22107,NA,N,C,C,A,A,H,-,B,D,0,NA,NA,NA,Y,Y,NA,A,01,0,0,1,0,0,0,0,0,0,-,-,34.00851821899414,-118.0590591430664,LOS ANGELES,UNINCORPORATED,-118.05899810791016,34.00844955444336
91514727,2021,2021-07-07,9535,2021-06-25,2055,022336,NA,5,2,5,1943,0,1,1,NA,2,104,I-105 (CENTURY FWY) E/B TO I-710,ATLANTIC BLVD.,500,E,N,A,-,Y,NA,NA,105,NA,NA,NA,R,NA,E,N,4,0,1,3,A,-,08,22107,NA,M,B,C,A,A,H,-,D,D,0,NA,NA,NA,NA,Y,NA,-,99,0,0,1,0,0,0,0,0,0,-,-,33.915199279785156,-118.18791198730467,LOS ANGELES,LYNWOOD,-118.18791198730467,33.915199279785156
91514774,2021,2021-07-07,9530,2021-06-24,0236,021709,NA,4,3,6,1972,0,1,1,NA,2,400,I-405 SOUTHBOUND,CRENSHAW BLVD.,1000,N,N,A,-,Y,NA,NA,405,NA,NA,NA,NA,NA,S,Y,3,0,1,2,A,-,03,22350,NA,N,D,C,A,A,H,-,D,D,0,NA,NA,NA,NA,Y,NA,A,07,0,1,0,0,0,0,0,0,0,-,-,33.865760803222656,-118.33078002929688,LOS ANGELES,TORRANCE,-118.33077239990234,33.865779876708984
91514776,2021,2021-07-07,9550,2021-06-28,1745,022474,NA,1,2,6,1920,0,1,1,NA,2,651,INTERSTATE 605 N/B (SAN GABRIEL RIVER FREEWAY),FIRESTONE BOULEVARD,245,N,N,A,-,Y,NA,NA,NA,NA,NA,NA,NA,NA,NA,Y,3,0,1,3,A,-,08,22107,NA,N,C,C,A,A,H,-,A,D,0,NA,NA,NA,NA,Y,NA,A,07,0,1,0,0,0,0,0,0,0,-,-,33.92544937133789,-118.10391235351564,LOS ANGELES,DOWNEY,-118.10383605957033,33.92543029785156
91514784,2021,2021-07-07,9550,2021-06-28,1215,018187,NA,1,1,9,1900,0,2,4,NA,1,022,TELEGRAPH RD,GUNN AVE,0,NA,Y,A,-,N,NA,NA,NA,NA,NA,NA,NA,NA,NA,Y,4,0,2,2,A,-,09,21801,A,N,D,C,A,A,H,-,A,A,0,NA,NA,NA,NA,Y,NA,A,07,0,0,2,0,0,0,0,0,0,-,-,33.93893051147461,-118.0443878173828,LOS ANGELES,UNINCORPORATED,-118.04450988769533,33.938899993896484
91514825,2021,2021-07-07,9535,2021-06-26,1251,021538,NA,6,1,9,1900,0,1,3,NA,2,601,SR-60 (POMONA FREEWAY) W/B,MEDNIK AVE.,100,E,N,A,-,Y,NA,NA,60,NA,NA,NA,NA,NA,W,N,4,0,1,2,A,-,03,22350,NA,N,C,C,A,A,H,-,A,D,0,NA,NA,NA,NA,Y,NA,A,07,0,0,1,0,0,0,0,0,0,-,-,34.036651611328125,-118.16126251220705,LOS ANGELES,UNINCORPORATED,-118.16126251220705,34.03667068481445
91514850,2021,2021-07-07,9590,2021-06-19,0440,022252,NA,6,3,7,1942,0,1,1,NA,2,051,I-110 S/B (HARBOR FREEWAY),COLDEN AVE,300,N,N,A,-,Y,NA,NA,110,NA,NA,NA,NA,NA,S,N,4,0,1,2,A,-,03,22350,NA,N,C,C,A,A,H,-,C,D,0,NA,NA,NA,NA,Y,NA,A,01,0,0,1,0,0,0,0,0,0,-,-,33.949520111083984,-118.280029296875,LOS ANGELES,LOS ANGELES,-118.27993774414064,33.94953918457031
91514851,2021,2021-07-07,9540,2021-07-03,0910,020400,NA,6,1,7,1942,0,1,1,NA,2,500,I-5 N/B,ROXFORD ST,1500,S,N,A,-,Y,NA,NA,5,NA,NA,NA,NA,NA,N,N,4,0,2,2,A,-,03,22350,NA,N,C,C,A,A,H,-,A,D,0,NA,NA,NA,NA,Y,NA,D,22,0,0,2,0,0,0,0,0,0,-,-,34.29867172241211,-118.4748992919922,LOS ANGELES,LOS ANGELES,-118.47496032714844,34.29861068725586
91514865,2021,2021-07-07,9540,2021-07-03,1825,020875,NA,6,2,9,1900,0,1,1,NA,2,511,I-5 S/B (GOLDEN STATE FREEWAY),TEMPLIN HIGHWAY,2000,N,N,A,-,Y,NA,NA,5,NA,NA,NA,NA,NA,S,Y,4,0,1,1,A,-,03,22350,NA,N,F,A,A,A,H,-,A,D,0,NA,NA,NA,Y,Y,NA,F,26,0,0,1,0,0,0,0,0,0,-,-,34.574119567871094,-118.6960678100586,LOS ANGELES,UNINCORPORATED,-118.69608306884766,34.574092864990234
91514914,2021,2021-07-07,9565,2021-06-25,0015,021899,NA,5,3,9,1900,0,3,5,NA,2,005,ADMIRALTY WAY W/B,VIA MARINA,50,E,N,A,-,N,NA,NA,NA,NA,NA,NA,NA,NA,NA,Y,3,0,1,1,A,-,08,22107,NA,N,E,I,A,A,H,-,C,D,0,NA,NA,NA,NA,Y,NA,A,01,0,1,0,0,0,0,0,0,0,-,-,33.981658935546875,-118.45966339111328,LOS ANGELES,UNINCORPORATED,-118.45995330810548,33.98150634765625
91514932,2021,2021-07-07,9580,2021-07-02,1612,022019,NA,5,2,7,1942,0,1,2,NA,2,104,US-101 (VENTURA FWY) TO SR-27 (TOPANGA CYN BLVD) N,SR-27 N/B (TOPANGA CYN. BLVD.),500,S,N,A,-,Y,NA,NA,101,NA,NA,NA,R,NA,NA,Y,4,0,1,3,A,-,03,22350,NA,N,C,C,A,A,H,-,A,D,0,NA,NA,NA,NA,Y,NA,A,01,0,0,1,0,0,0,0,0,0,-,-,34.17073059082031,-118.60407257080078,LOS ANGELES,LOS ANGELES,-118.60407257080078,34.17073059082031
91514937,2021,2021-07-07,9580,2021-07-07,1015,018185,NA,3,1,7,1942,0,1,2,NA,2,105,US-101 S/B (VENTURA FREEWAY),RESEDA BLVD,528,N,N,B,-,Y,NA,NA,101,NA,NA,NA,NA,NA,S,N,4,0,1,2,A,-,03,22350,NA,N,C,C,A,A,H,-,A,D,0,NA,NA,NA,NA,Y,NA,D,22,0,0,1,0,0,0,0,0,0,-,-,34.17327117919922,-118.53678894042967,LOS ANGELES,LOS ANGELES,-118.53678894042967,34.17320251464844
91514945,2021,2021-07-07,9575,2021-06-25,1255,022582,NA,5,1,9,1900,0,2,4,NA,2,023,FAIR OAKS AVENUE (2500N),HARRIET STREET (00E),0,NA,Y,A,-,N,NA,NA,NA,NA,NA,NA,NA,NA,NA,Y,3,0,1,2,A,-,09,21804,A,N,D,C,A,A,H,-,A,D,0,NA,NA,NA,NA,Y,NA,A,07,0,1,0,0,0,0,0,0,0,-,-,34.19034957885742,-118.14936065673828,LOS ANGELES,UNINCORPORATED,-118.14936065673828,34.19031524658203
91514957,2021,2021-07-07,9580,2021-07-02,1445,021291,NA,5,2,7,1942,0,1,3,NA,2,116,SR-118 E/B (RONALD REAGAN FWY.),WILBUR AVE,1000,W,N,A,-,Y,NA,NA,118,NA,NA,NA,NA,NA,E,N,3,0,3,4,A,-,03,22350,NA,N,C,C,A,A,H,-,A,D,0,NA,NA,NA,NA,Y,NA,D,22,0,2,1,0,0,0,0,0,0,-,-,34.27323913574219,-118.54994964599608,LOS ANGELES,LOS ANGELES,-118.5499267578125,34.273162841796875
91514961,2021,2021-07-07,9580,2021-07-05,1505,021627,NA,1,2,7,1942,0,1,2,NA,2,104,US-101 N/B (VENUTRA FREEWAY),WINNETKA AVE.,1373,N,N,A,-,Y,NA,NA,101,NA,NA,NA,NA,NA,N,N,4,0,1,2,A,-,07,21658,A,N,B,C,A,A,H,-,A,D,0,NA,NA,NA,NA,Y,NA,A,07,0,0,1,0,0,0,0,0,0,-,-,34.17068862915039,-118.5753173828125,LOS ANGELES,LOS ANGELES,-118.5753173828125,34.17068862915039
91514965,2021,2021-07-07,9535,2021-06-26,1328,022338,NA,6,1,5,1969,0,1,1,NA,2,074,I-710 NB (LONG BEACH FREEWAY),FIRESTONE BLVD.,550,S,N,A,-,Y,NA,NA,710,NA,NA,NA,NA,NA,N,N,4,0,1,2,A,-,03,22350,NA,N,C,C,A,A,H,-,A,D,0,NA,NA,NA,NA,Y,NA,A,07,0,0,1,0,0,0,0,0,0,-,-,33.9453010559082,-118.17064666748048,LOS ANGELES,SOUTH GATE,-118.17060089111328,33.94529342651367
91514967,2021,2021-07-07,9565,2021-06-24,1445,022145,NA,4,2,9,1900,0,1,1,NA,2,012,I-105 EASTBOUND (GLENN ANDERSON FREEWAY),VERMONT AVENUE,450,W,N,A,-,Y,NA,NA,105,NA,NA,NA,NA,NA,E,Y,2,0,1,2,D,-,00,NA,NA,N,B,C,A,A,H,-,A,D,0,NA,NA,NA,NA,Y,NA,-,-,1,0,0,0,0,0,0,0,0,-,-,33.92839813232422,-118.2935791015625,LOS ANGELES,UNINCORPORATED,-118.29358673095705,33.92845916748047
91515017,2021,2021-07-07,9550,2021-06-24,2105,022012,NA,4,2,5,1908,0,1,1,NA,2,150,I-105 E/B,WOODRUFF AVENUE,775,W,N,A,-,Y,NA,NA,NA,NA,NA,NA,NA,NA,NA,Y,4,0,2,1,A,-,01,23152,A,N,E,I,A,A,H,-,D,D,0,NA,NA,NA,NA,Y,Y,A,01,0,0,2,0,0,0,0,0,0,-,-,33.91355895996094,-118.11930084228516,LOS ANGELES,BELLFLOWER,-118.11920928955078,33.9134407043457
91515031,2021,2021-07-07,9550,2021-06-27,2125,021100,NA,7,2,9,1900,0,2,4,NA,1,052,COLIMA ROAD,JELLICK AVENUE,50,W,N,A,-,N,NA,NA,NA,NA,NA,NA,NA,NA,NA,Y,3,0,4,2,A,-,03,22350,NA,N,C,C,A,A,H,-,C,A,0,NA,NA,NA,NA,Y,NA,A,01,0,2,2,0,0,0,0,0,0,-,-,33.988128662109375,-117.90154266357422,LOS ANGELES,UNINCORPORATED,-117.9013671875,33.98810958862305
91515103,2021,2021-07-07,9535,2021-06-27,1435,022414,NA,7,2,9,1900,0,2,4,NA,2,024,WHITTIER BLVD. (6300 BLOCK),SAYBROOK AVE.,129,E,N,A,-,N,NA,NA,NA,NA,NA,NA,NA,NA,NA,N,3,0,2,2,A,-,07,21658,A,N,D,C,A,A,H,-,A,A,0,NA,NA,NA,NA,Y,NA,A,01,0,2,0,0,0,0,0,0,0,-,-,34.015708923339844,-118.13514709472656,LOS ANGELES,UNINCORPORATED,-118.13546752929688,34.01580047607422
91515176,2021,2021-07-07,9550,2021-06-29,1329,020948,NA,2,1,3,1964,0,1,1,NA,2,650,I-605 NORTHBOUND,TELEGRAPH ROAD,2300,N,N,A,-,Y,NA,NA,605,NA,NA,NA,NA,NA,N,N,4,0,1,2,A,-,03,22350,NA,F,C,C,A,A,H,-,A,D,0,NA,NA,NA,NA,Y,NA,-,99,0,0,1,0,0,0,0,0,0,-,-,33.95547866821289,-118.08851623535156,LOS ANGELES,SANTA FE SPRINGS,-118.08845520019533,33.9554443359375
91515184,2021,2021-07-07,9550,2021-06-29,1350,020948,NA,2,1,3,1964,0,1,1,NA,2,650,I-605 NORTHBOUND,TELEGRAPH ROAD,2250,N,N,A,-,Y,NA,NA,605,NA,NA,NA,NA,NA,N,Y,4,0,1,3,A,-,03,22350,NA,N,C,C,A,A,H,-,A,D,0,NA,NA,NA,NA,Y,NA,A,01,0,0,1,0,0,0,0,0,0,-,-,33.95534896850586,-118.08859252929688,LOS ANGELES,SANTA FE SPRINGS,-118.08853149414064,33.95531463623047
91515211,2021,2021-07-08,9545,2021-06-24,1905,021814,NA,4,2,9,1900,0,3,5,NA,2,003,ANGELES FOREST HWY,MOUNT EMMA RD,5280,N,N,A,-,N,NA,NA,NA,NA,NA,NA,NA,NA,NA,N,3,0,1,2,A,-,06,21750,A,N,B,C,A,A,H,-,A,D,0,NA,NA,Y,NA,Y,NA,C,02,0,1,0,0,0,0,0,0,1,-,-,34.4587287902832,-118.1117935180664,LOS ANGELES,UNINCORPORATED,-118.11163330078124,34.45811462402344
91515217,2021,2021-07-08,9540,2021-07-05,0938,018037,NA,1,1,9,1900,0,1,1,NA,2,509,I-5 S/B (GOLDEN STATE FREEWAY),LAKE HUGHES RD.,6336,N,N,A,-,Y,NA,NA,5,NA,NA,NA,NA,NA,S,Y,4,0,1,1,A,-,08,22107,NA,N,E,9,A,A,H,-,A,D,0,NA,NA,NA,NA,Y,NA,A,07,0,0,1,0,0,0,0,0,0,-,-,34.51274871826172,-118.63300323486328,LOS ANGELES,UNINCORPORATED,-118.63308715820313,34.51268768310547
91515218,2021,2021-07-08,9540,2021-07-06,0545,018037,NA,2,3,6,1985,0,1,3,NA,1,145,SR-14S/B (ANTELOPE VALLEY FREEWAY),VIA PRINCESSA WAY U/C,1531,S,N,A,-,Y,NA,NA,14,NA,NA,NA,NA,NA,NA,N,4,0,2,2,A,-,03,22350,NA,N,C,C,A,A,H,-,B,D,0,NA,NA,NA,NA,Y,NA,A,01,0,0,2,0,0,0,0,0,0,-,-,34.40016174316406,-118.45941162109376,LOS ANGELES,SANTA CLARITA,-118.45945739746094,34.40024948120117
91515387,2021,2021-07-08,9565,2021-05-24,1155,019872,NA,1,1,7,1942,0,1,1,NA,2,061,I-405 N/B,HOWARD HUGHES PARKWAY,300,N,N,A,-,Y,NA,NA,405,NA,NA,NA,NA,NA,N,Y,4,0,2,4,A,-,03,22350,NA,N,C,C,A,A,H,-,A,D,0,NA,NA,NA,NA,Y,NA,A,01,0,0,2,0,0,0,0,0,0,-,-,33.9764518737793,-118.38658905029295,LOS ANGELES,LOS ANGELES,-118.38660430908205,33.97642517089844
91515404,2021,2021-07-08,9575,2021-06-26,1005,022582,NA,6,1,7,1942,0,1,1,NA,2,050,I-5 N/B (GOLDEN STATE FREEWAY),ZOO DRIVE,820,S,N,A,-,Y,NA,NA,5,NA,NA,NA,NA,NA,N,Y,4,0,1,2,A,-,07,21658,A,M,E,I,A,A,H,-,A,D,0,NA,NA,NA,NA,Y,NA,-,99,0,0,1,0,0,0,0,0,0,-,-,34.14828109741211,-118.27950286865234,LOS ANGELES,LOS ANGELES,-118.27938842773438,34.148311614990234
91515416,2021,2021-07-08,9565,2021-06-26,0705,022206,NA,6,1,7,1942,0,1,1,NA,2,064,I-405 N/B (SAN DIEGO FREEWAY),CHURCH LANE,335,N,N,A,-,Y,NA,NA,405,NA,NA,NA,NA,NA,N,Y,3,0,2,2,A,-,03,22350,NA,N,C,C,A,A,H,-,A,D,0,NA,NA,NA,NA,Y,NA,A,01,0,2,0,0,0,0,0,0,0,-,-,34.076351165771484,-118.4691162109375,LOS ANGELES,LOS ANGELES,-118.46917724609376,34.0763053894043
91515429,2021,2021-07-08,9590,2021-06-28,1615,021492,NA,1,2,7,1942,0,1,1,NA,2,080,I-5 N/B (GOLDEN STATE FREEWAY),CESAR CHAVEZ AVE,150,S,N,A,-,Y,NA,NA,5,NA,NA,NA,NA,NA,N,N,4,0,1,3,A,-,03,22350,NA,N,C,C,A,A,H,-,A,D,0,NA,NA,NA,NA,Y,NA,A,01,0,0,1,0,0,0,0,0,0,-,-,34.049129486083984,-118.21407318115234,LOS ANGELES,LOS ANGELES,-118.21409606933594,34.04913330078125
91515446,2021,2021-07-08,9580,2021-06-27,2045,022561,NA,7,2,7,1942,0,1,3,NA,2,171,SR-170 S/B (HOLLYWOOD FREEWAY) TO SHERMAN WAY,SHERMAN WAY,20,N,N,A,-,Y,NA,NA,170,NA,NA,NA,R,NA,S,N,4,0,1,2,A,-,03,22350,NA,M,C,C,A,A,H,-,C,A,0,NA,NA,NA,NA,Y,NA,-,99,0,0,1,0,0,0,0,0,0,-,-,34.20138168334961,-118.40422058105467,LOS ANGELES,LOS ANGELES,-118.40422058105467,34.20138168334961
91515466,2021,2021-07-08,9565,2021-05-06,1750,022014,NA,4,2,9,1900,0,3,5,NA,2,005,VIA MARINA WAY,PANAY WAY,0,NA,Y,A,-,N,NA,NA,NA,NA,NA,NA,NA,NA,NA,Y,4,0,2,2,A,-,09,21801,A,N,A,C,A,A,H,-,A,A,0,NA,NA,NA,NA,Y,NA,A,01,0,0,2,0,0,0,0,0,0,-,-,33.97909927368164,-118.45905303955078,LOS ANGELES,UNINCORPORATED,-118.4591827392578,33.97903060913086
91515477,2021,2021-07-08,9580,2021-07-05,0210,022561,NA,1,3,7,1942,0,1,2,NA,2,103,US-101 S/B (VENTURA FREEWAY),BALBOA BOULEVARD,1056,N,N,A,-,Y,NA,NA,101,NA,NA,NA,NA,NA,S,Y,4,0,1,2,A,-,01,23152,F,N,C,C,A,A,H,-,C,A,0,NA,NA,NA,NA,Y,NA,A,07,0,0,1,0,0,0,0,0,0,-,-,34.171119689941406,-118.5044403076172,LOS ANGELES,LOS ANGELES,-118.5044403076172,34.17108154296875
91515479,2021,2021-07-08,9530,2021-06-25,1805,020080,NA,5,2,7,1941,0,1,1,NA,2,071,I-710 S/B (LONG BEACH FREEWAY),CARSON ST.,1056,N,N,A,-,Y,NA,NA,710,NA,NA,NA,NA,NA,S,Y,4,0,1,2,A,-,03,22350,NA,N,C,C,A,A,H,-,A,D,0,NA,NA,NA,NA,Y,NA,A,01,0,0,1,0,0,0,0,0,0,-,-,33.859859466552734,-118.20127105712892,LOS ANGELES,LONG BEACH,-118.20131683349608,33.859886169433594
91515482,2021,2021-07-08,9580,2021-07-02,0106,022221,NA,5,3,7,1942,0,1,3,NA,2,171,SR-170 S/B (HOLLYWOOD FWY.),MAGNOLIA BLVD,850,N,N,A,-,Y,NA,NA,170,NA,NA,NA,NA,NA,S,Y,3,0,2,1,A,-,08,22107,NA,N,E,J,A,A,H,-,D,D,0,NA,NA,NA,NA,Y,NA,A,01,0,2,0,0,0,0,0,0,0,-,-,34.16733932495117,-118.384033203125,LOS ANGELES,LOS ANGELES,-118.38391876220705,34.167396545410156
91515483,2021,2021-07-08,9565,2021-05-05,1700,022014,NA,3,2,9,1900,0,2,4,NA,1,054,ADMIRALTY WAY,BALI WAY,1150,W,N,A,-,N,NA,NA,NA,NA,NA,NA,NA,NA,NA,Y,3,0,2,2,A,-,09,21801,A,N,C,C,A,A,H,-,A,D,0,NA,NA,NA,NA,Y,NA,A,01,0,1,1,0,0,0,0,0,0,-,-,33.98360824584961,-118.44490814208984,LOS ANGELES,UNINCORPORATED,-118.44473266601564,33.983585357666016
91515492,2021,2021-07-08,9530,2021-06-25,1546,022453,NA,5,2,7,1942,0,1,1,NA,2,110,I-110 N/B (HARBOR FREEWAY),SOUTH ROAD EDGE OF ROSECRANS AVENUE,30,N,N,A,-,Y,NA,NA,110,NA,NA,NA,NA,NA,N,Y,3,0,1,2,A,-,07,21658,A,N,B,C,A,A,H,-,A,D,0,NA,NA,NA,NA,Y,NA,A,08,0,1,0,0,0,0,0,0,0,-,-,33.901859283447266,-118.28630065917967,LOS ANGELES,LOS ANGELES,-118.28651428222656,33.901859283447266
91515493,2021,2021-07-08,9590,2021-06-29,1555,021492,NA,2,2,7,1942,0,1,1,NA,2,020,I-10 E/B (SAN BERNARDINO FREEWAY),CESAR CHAVEZ AVE,200,E,N,A,-,Y,NA,NA,10,NA,NA,NA,NA,NA,E,N,4,0,1,2,A,-,07,21658,A,N,B,C,A,A,H,-,A,D,0,NA,NA,NA,NA,Y,NA,A,01,0,0,1,0,0,0,0,0,0,-,-,34.05356979370117,-118.22235107421876,LOS ANGELES,LOS ANGELES,-118.22235107421876,34.05356979370117
91515495,2021,2021-07-08,9530,2021-06-25,0830,022120,NA,5,1,7,1942,0,1,1,NA,2,110,I-110 S/B (HARBOR FREEWAY),EL SEGUNDO BLVD.,1500,S,N,A,-,Y,NA,NA,110,NA,NA,NA,NA,NA,S,Y,4,0,1,2,A,-,03,22350,NA,N,C,C,A,A,H,-,A,D,0,NA,NA,NA,NA,Y,NA,A,01,0,0,1,0,0,0,0,0,0,-,-,33.91236877441406,-118.28675079345705,LOS ANGELES,LOS ANGELES,-118.28669738769533,33.91236877441406
91515502,2021,2021-07-08,9565,2021-05-14,1310,022014,NA,5,1,4,1918,0,1,1,NA,2,061,I-405 S/B TO SR-90,JEFFERSON BLVD,1100,N,N,A,-,Y,NA,NA,405,NA,NA,NA,R,NA,S,Y,3,0,1,1,A,-,08,22107,NA,N,E,I,A,A,H,-,A,D,0,NA,NA,NA,NA,Y,NA,D,22,0,1,0,0,0,0,0,0,0,-,-,33.990230560302734,-118.4015884399414,LOS ANGELES,CULVER CITY,-118.4015884399414,33.990230560302734
91515507,2021,2021-07-08,9575,2021-06-28,1320,019629,NA,1,1,9,1900,0,3,5,NA,2,002,GLENVIEW TERRACE,MIDLOTHIAN DR.,250,W,N,A,-,N,NA,NA,NA,NA,NA,NA,NA,NA,NA,N,3,0,1,2,A,-,01,23152,A,N,C,C,A,A,H,-,A,D,0,NA,NA,NA,NA,Y,Y,A,07,0,1,0,0,0,0,0,0,0,-,-,34.18449020385742,-118.1083526611328,LOS ANGELES,UNINCORPORATED,-118.10821533203124,34.18440246582031
91515511,2021,2021-07-08,9580,2021-07-01,1034,022015,NA,4,1,9,1900,0,1,1,NA,2,405,I-405 S/B,BURBANK BLVD,3168,N,N,A,-,Y,NA,NA,NA,NA,NA,NA,NA,NA,NA,Y,4,0,3,5,A,-,03,22350,NA,N,C,C,A,A,H,-,A,D,0,NA,NA,NA,NA,Y,NA,A,01,0,0,3,0,0,0,0,0,0,-,-,34.18022918701172,-118.47052764892578,LOS ANGELES,UNINCORPORATED,-118.47055053710938,34.180259704589844
91515520,2021,2021-07-08,9535,2021-06-28,0315,022418,NA,1,3,5,1952,0,1,1,NA,2,105,INTERSTATE 105 (CENTURY FREEWAY),INTERSTATE HIGHWAY 710 (LONG BEACH FREEWAY),320,E,N,A,-,Y,NA,NA,105,NA,NA,NA,NA,NA,NA,Y,3,0,1,2,A,-,03,22350,NA,N,C,2,A,A,H,-,C,D,0,NA,NA,NA,NA,Y,NA,A,01,0,1,0,0,0,0,0,0,0,-,-,33.91263961791992,-118.1788330078125,LOS ANGELES,PARAMOUNT,-118.1788330078125,33.91263961791992
91515541,2021,2021-07-08,9525,2021-07-03,0215,022009,NA,6,3,5,1990,0,1,3,NA,2,572,SR-57 N/B (ORANGE FWY),SUNSET CROSSING RD.,1370,N,N,A,-,Y,NA,NA,57,NA,NA,NA,NA,NA,N,Y,3,0,2,2,C,-,18,NA,NA,N,C,C,A,A,H,-,D,D,0,NA,NA,NA,NA,Y,NA,-,-,0,1,1,0,0,0,0,0,0,-,-,34.03229904174805,-117.80918121337892,LOS ANGELES,DIAMOND BAR,-117.80915832519533,34.03228759765625
91515552,2021,2021-07-08,9590,2021-07-01,1355,021492,NA,4,1,7,1942,0,1,1,NA,2,065,I-10 W/B (SANTA MONICA FREEWAY),ALAMEDA ST,100,E,N,A,-,Y,NA,NA,10,NA,NA,NA,NA,NA,W,N,4,0,1,3,A,-,03,22350,NA,M,C,C,A,A,H,-,A,D,0,NA,NA,NA,NA,Y,NA,A,01,0,0,1,0,0,0,0,0,0,-,-,34.02513885498047,-118.23841094970705,LOS ANGELES,LOS ANGELES,-118.2384033203125,34.025123596191406