CASE_ID,ACCIDENT_YEAR,PROC_DATE,JURIS,COLLISION_DATE,COLLISION_TIME,OFFICER_ID,REPORTING_DISTRICT,DAY_OF_WEEK,CHP_SHIFT,POPULATION,CNTY_CITY_LOC,SPECIAL_COND,BEAT_TYPE,CHP_BEAT_TYPE,CITY_DIVISION_LAPD,CHP_BEAT_CLASS,BEAT_NUMBER,PRIMARY_RD,SECONDARY_RD,DISTANCE,DIRECTION,INTERSECTION,WEATHER_1,WEATHER_2,STATE_HWY_IND,CALTRANS_COUNTY,CALTRANS_DISTRICT,STATE_ROUTE,ROUTE_SUFFIX,POSTMILE_PREFIX,POSTMILE,LOCATION_TYPE,RAMP_INTERSECTION,SIDE_OF_HWY,TOW_AWAY,COLLISION_SEVERITY,NUMBER_KILLED,NUMBER_INJURED,PARTY_COUNT,PRIMARY_COLL_FACTOR,PCF_CODE_OF_VIOL,PCF_VIOL_CATEGORY,PCF_VIOLATION,PCF_VIOL_SUBSECTION,HIT_AND_RUN,TYPE_OF_COLLISION,MVIW,PED_ACTION,ROAD_SURFACE,ROAD_COND_1,ROAD_COND_2,LIGHTING,CONTROL_DEVICE,CHP_ROAD_TYPE,PEDESTRIAN_ACCIDENT,BICYCLE_ACCIDENT,MOTORCYCLE_ACCIDENT,TRUCK_ACCIDENT,NOT_PRIVATE_PROPERTY,ALCOHOL_INVOLVED,STWD_VEHTYPE_AT_FAULT,CHP_VEHTYPE_AT_FAULT,COUNT_SEVERE_INJ,COUNT_VISIBLE_INJ,COUNT_COMPLAINT_PAIN,COUNT_PED_KILLED,COUNT_PED_INJURED,COUNT_BICYCLIST_KILLED,COUNT_BICYCLIST_INJURED,COUNT_MC_KILLED,COUNT_MC_INJURED,PRIMARY_RAMP,SECONDARY_RAMP,LATITUDE,LONGITUDE,COUNTY,CITY,POINT_X,POINT_Y
91517005,2021,2021-07-09,9550,2021-06-29,1125,022144,NA,2,1,5,1919,0,1,1,NA,2,651,INTERSTATE 605 S/B,ALONDRA BOULEVARD,528,N,N,A,-,Y,NA,NA,NA,NA,NA,NA,NA,NA,NA,Y,4,0,1,3,A,-,07,21658,A,N,B,C,A,A,H,-,A,D,0,NA,NA,NA,Y,Y,NA,A,01,0,0,1,0,0,0,0,0,0,-,-,33.89189910888672,-118.10472869873048,LOS ANGELES,CERRITOS,-118.10459899902344,33.88890838623047
91517014,2021,2021-07-09,9550,2021-06-29,1745,017511,NA,2,2,9,1900,0,1,1,NA,2,654,SR-60 W/B (POMONA FREEWAY),NOGALES ST,2500,E,N,A,-,Y,NA,NA,60,NA,NA,NA,NA,NA,W,Y,4,0,1,4,A,-,03,22350,NA,N,C,C,A,A,H,-,A,D,0,NA,NA,NA,NA,Y,NA,A,08,0,0,1,0,0,0,0,0,0,-,-,33.99483871459961,-117.88027191162108,LOS ANGELES,UNINCORPORATED,-117.88027191162108,33.994876861572266
91517039,2021,2021-07-09,9550,2021-06-29,1610,017511,NA,2,2,9,1900,0,2,4,NA,1,052,COLIMA RD,PEPPERDALE DR,0,NA,Y,A,-,N,NA,NA,NA,NA,NA,NA,NA,NA,NA,Y,3,0,1,2,A,-,09,21804,A,N,D,C,A,A,H,-,A,A,0,NA,NA,NA,NA,Y,NA,A,01,0,1,0,0,0,0,0,0,0,-,-,33.98630905151367,-117.87246704101564,LOS ANGELES,UNINCORPORATED,-117.87249755859376,33.98618698120117
91517059,2021,2021-07-09,9535,2021-06-26,1500,022269,NA,6,2,9,1900,0,1,1,NA,2,501,I-5 (SANTA ANA FREEWAY) S/B,SLAUSON AVE.,300,N,N,A,-,Y,NA,NA,NA,NA,NA,NA,NA,NA,NA,N,3,0,2,3,A,-,07,21658,A,N,B,C,A,A,H,-,A,D,0,NA,NA,NA,Y,Y,NA,A,01,0,2,0,0,0,0,0,0,0,-,-,33.9759407043457,-118.12557220458984,LOS ANGELES,UNINCORPORATED,-118.12543487548828,33.97578811645508
91517061,2021,2021-07-09,9565,2021-06-27,1400,022576,NA,7,2,9,1900,0,3,5,NA,2,004,OSAGE AVE,LENNOX BLVD,420,S,N,A,-,N,NA,NA,NA,NA,NA,NA,NA,NA,NA,N,3,0,1,2,A,-,08,22107,NA,N,D,G,A,A,H,-,A,D,0,NA,Y,NA,NA,Y,NA,L,04,0,1,0,0,0,0,1,0,0,-,-,33.936988830566406,-118.34612274169922,LOS ANGELES,UNINCORPORATED,-118.34611511230467,33.93702697753906
91517079,2021,2021-07-09,9535,2021-06-30,1005,022011,NA,3,1,5,1952,0,1,1,NA,2,074,I-710 (LONG BEACH FWY) N/B TO ROSECRANS AVE,ROSECRANS AVE,700,S,N,A,-,Y,NA,NA,710,NA,NA,NA,R,NA,N,Y,3,0,1,1,A,-,03,22350,NA,N,F,A,A,A,H,-,A,D,0,NA,NA,NA,NA,Y,NA,A,07,0,1,0,0,0,0,0,0,0,-,-,33.902408599853516,-118.18505859375,LOS ANGELES,PARAMOUNT,-118.18505859375,33.902408599853516
91517115,2021,2021-07-09,9525,2021-06-26,1038,018997,NA,6,1,5,1990,0,1,3,NA,2,615,SR-60 W/B (POMONA FREEWAY),PHILLIPS RANCH ROAD,1600,E,N,A,-,Y,NA,NA,NA,NA,NA,NA,NA,NA,NA,Y,4,0,2,2,A,-,08,22107,NA,N,C,C,A,A,H,-,A,D,0,NA,NA,NA,NA,Y,NA,A,01,0,0,2,0,0,0,0,0,0,-,-,34.02415084838867,-117.76406097412108,LOS ANGELES,DIAMOND BAR,-117.76570129394533,34.02388381958008
91517120,2021,2021-07-09,9535,2021-07-01,0824,021657,NA,4,1,4,1907,0,1,1,NA,2,072,I-710 (LONG BEACH FREEWAY) N/B TO FLORENCE AVE E/B,FLORENCE AVE,5,S,N,A,-,Y,NA,NA,710,NA,NA,NA,R,NA,N,N,4,0,1,2,A,-,21,22106,NA,N,C,C,A,A,H,-,A,D,0,NA,NA,NA,NA,Y,NA,A,01,0,0,1,0,0,0,0,0,0,-,-,33.96791076660156,-118.16587066650392,LOS ANGELES,BELL,-118.16587066650392,33.96791076660156
91517140,2021,2021-07-09,9540,2021-06-25,2046,019508,NA,5,2,9,1900,0,1,1,NA,2,508,I-5 N/B (G.S.F.),PARKER RD,528,S,N,A,-,Y,NA,NA,5,NA,NA,NA,NA,NA,N,Y,3,0,2,2,A,-,01,23152,A,F,C,C,A,A,H,-,C,D,0,NA,NA,NA,NA,Y,Y,A,01,0,1,1,0,0,0,0,0,0,-,-,34.48712921142578,-118.61711120605467,LOS ANGELES,UNINCORPORATED,-118.61713409423828,34.48711013793945
91517183,2021,2021-07-09,9550,2021-06-29,1325,020861,NA,2,1,5,1976,0,1,1,NA,2,650,I-605 N/B,BEVERLY BOULEVARD,1100,S,N,A,-,Y,NA,NA,605,NA,NA,NA,NA,NA,N,N,4,0,2,2,A,-,03,22350,NA,F,C,C,A,A,H,-,A,D,0,NA,NA,NA,NA,Y,NA,A,01,0,0,2,0,0,0,0,0,0,-,-,34.00204849243164,-118.06632232666016,LOS ANGELES,WHITTIER,-118.06626892089844,34.00200653076172
91517186,2021,2021-12-13,9550,2021-07-06,2048,020974,NA,2,2,5,1976,0,1,1,NA,2,650,I-605 S/B,BEVERLY BL,375,N,N,A,-,Y,NA,NA,NA,NA,NA,NA,NA,NA,NA,Y,4,0,1,2,A,-,08,22107,NA,N,E,I,A,A,H,-,C,D,0,NA,NA,NA,NA,Y,NA,A,01,0,0,1,0,0,0,0,0,0,-,-,33.0053596496582,-118.06298065185548,LOS ANGELES,WHITTIER,-118.06300354003906,34.005157470703125
91517192,2021,2021-07-12,9550,2021-07-01,1956,015045,NA,4,2,5,1919,0,1,3,NA,2,091,SR-91 W/B (ARTESIA FREEWAY),GRIDLEY ROAD,528,E,N,A,-,Y,NA,NA,91,NA,NA,NA,NA,NA,W,Y,3,0,1,3,A,-,03,22350,NA,F,C,C,A,A,H,-,A,D,0,NA,NA,NA,NA,Y,NA,A,01,0,1,0,0,0,0,0,0,0,-,-,33.87678146362305,-118.09091949462892,LOS ANGELES,CERRITOS,-118.09091949462892,33.87642288208008
91517193,2021,2021-07-12,9525,2021-07-01,1710,019550,NA,4,2,5,1990,0,1,3,NA,2,601,SR-60 W/B (POMONA FWY),GRAND AVE,800,W,N,A,-,Y,NA,NA,60,NA,NA,NA,NA,NA,W,Y,4,0,1,2,A,-,03,22350,NA,N,C,C,A,A,H,-,A,D,0,NA,NA,NA,Y,Y,NA,A,07,0,0,1,0,0,0,0,0,0,-,-,34.00917053222656,-117.82467651367188,LOS ANGELES,DIAMOND BAR,-117.82460784912108,34.00909423828125
91517334,2021,2021-07-12,9540,2021-07-08,2143,021151,NA,4,2,7,1942,0,1,1,NA,2,210,I-210 W/B,ROXFORD ST.,25,E,N,A,-,Y,NA,NA,210,NA,NA,NA,NA,NA,W,Y,3,0,1,2,A,-,01,23152,A,N,C,C,A,A,D,-,D,A,0,NA,NA,NA,NA,Y,Y,A,01,0,1,0,0,0,0,0,0,0,-,-,34.323760986328125,-118.46006774902344,LOS ANGELES,LOS ANGELES,-118.46007537841795,34.323734283447266
91517358,2021,2021-07-12,9550,2021-07-09,1105,020025,NA,5,1,3,1964,0,1,1,NA,2,650,I-605SB,SARAGOSA STREET,1500,N,N,A,-,Y,NA,NA,605,NA,NA,NA,NA,NA,NA,N,4,0,1,2,A,-,03,22350,NA,N,C,C,A,A,H,-,A,D,0,NA,NA,NA,Y,Y,NA,F,26,0,0,1,0,0,0,0,0,0,-,-,33.953609466552734,-118.08988189697266,LOS ANGELES,SANTA FE SPRINGS,-118.08982849121094,33.953575134277344
91517361,2021,2021-07-12,9550,2021-07-09,1135,020025,NA,5,1,9,1900,0,1,1,NA,2,650,I-605SB,SARAGOSA STREET,2500,N,N,A,-,Y,NA,NA,605,NA,NA,NA,NA,NA,NA,Y,4,0,1,3,A,-,03,22350,NA,N,C,C,A,A,H,-,A,D,0,NA,NA,NA,Y,Y,NA,F,24,0,0,1,0,0,0,0,0,0,-,-,33.984310150146484,-118.07286834716795,LOS ANGELES,UNINCORPORATED,-118.07283782958984,33.98428726196289
91517385,2021,2021-07-12,9550,2021-06-30,2205,022139,NA,3,3,5,1919,0,1,S,NA,2,950,STATE ROUTE 91 (ARTESIA FREEWAY),NORWALK BOULEVARD,475,W,N,A,-,Y,NA,NA,91,NA,NA,NA,NA,NA,NA,Y,3,0,1,1,A,-,01,23152,A,M,F,I,A,A,H,-,D,D,0,NA,NA,NA,NA,Y,Y,A,07,0,1,0,0,0,0,0,0,0,-,-,33.87569046020508,-118.0743408203125,LOS ANGELES,CERRITOS,-118.0743408203125,33.876487731933594
91517463,2021,2021-07-12,9540,2021-07-02,1700,021124,NA,5,2,7,1942,0,1,1,NA,2,213,I-210 E/B (FOOTHILL FREEWAY),BLEDSOE STREET,2084,W,N,A,-,Y,NA,NA,210,NA,NA,NA,NA,NA,E,Y,2,0,1,1,A,-,01,23152,A,N,E,I,A,A,D,-,A,D,0,NA,NA,NA,NA,Y,Y,D,22,1,0,0,0,0,0,0,0,0,-,-,34.3236198425293,-118.4530792236328,LOS ANGELES,LOS ANGELES,-118.4530792236328,34.32356643676758
91517515,2021,2021-07-12,9530,2021-07-10,0150,021906,NA,6,3,7,1941,0,1,1,NA,2,072,I-710 S/B (LONG BEACH FREEWAY),PACIFIC COAST HWY.,450,S,N,A,-,Y,NA,NA,710,NA,NA,NA,NA,NA,S,Y,3,0,3,3,A,-,01,23152,A,N,A,C,A,A,H,-,C,D,0,NA,NA,NA,Y,Y,Y,A,07,0,3,0,0,0,0,0,0,0,-,-,33.78837966918945,-118.20787048339844,LOS ANGELES,LONG BEACH,-118.20787811279295,33.78837966918945
91517611,2021,2021-07-12,9580,2021-06-29,1047,019715,NA,2,1,9,1900,0,1,1,NA,2,407,I-405 S/B (SAN DIEGO FWY),LASSEN ST.,1056,S,N,A,-,Y,NA,NA,NA,NA,NA,NA,NA,NA,NA,Y,4,0,2,2,A,-,03,22350,NA,N,C,C,A,A,H,-,A,D,0,NA,NA,NA,NA,Y,NA,A,01,0,0,2,0,0,0,0,0,0,-,-,34.24755859375,-118.47264099121094,LOS ANGELES,UNINCORPORATED,-118.47273254394533,34.247352600097656
91517612,2021,2021-07-12,9530,2021-06-29,0225,021325,NA,2,3,6,1972,0,1,1,NA,2,400,I-405 N/B (SAN DIEGO FREEWAY),MARINE AVE,95,S,N,A,-,Y,NA,NA,NA,NA,NA,NA,NA,NA,NA,N,3,0,1,1,A,-,01,23152,G,N,E,I,A,A,H,-,C,D,0,NA,NA,NA,NA,Y,Y,A,01,0,1,0,0,0,0,0,0,0,-,-,33.894371032714844,-118.36612701416016,LOS ANGELES,TORRANCE,-118.36614990234376,33.894474029541016
91517613,2021,2021-07-12,9580,2021-06-30,1456,022551,NA,3,2,7,1942,0,1,2,NA,2,101,US-101 N/B (VENTURA FREEWAY),RADFORD AVE,200,N,N,A,-,Y,NA,NA,101,NA,NA,NA,NA,NA,N,N,3,0,2,3,A,-,03,22350,NA,N,C,C,A,A,H,-,A,D,0,NA,NA,NA,Y,Y,NA,G,25,0,1,1,0,0,0,0,0,0,-,-,34.154388427734375,-118.3914794921875,LOS ANGELES,LOS ANGELES,-118.3914794921875,34.154544830322266
91517617,2021,2021-07-12,9530,2021-06-29,0440,022292,NA,2,3,9,1900,0,3,5,NA,2,002,ROSECRANS AVE. (500 BLOCK),AVALON BLVD.,520,W,N,A,-,N,NA,NA,NA,NA,NA,NA,NA,NA,NA,Y,3,0,1,2,A,-,03,22350,NA,N,C,C,A,A,H,-,C,D,0,NA,NA,NA,NA,Y,NA,A,01,0,1,0,0,0,0,0,0,0,-,-,33.90201187133789,-118.26714324951172,LOS ANGELES,UNINCORPORATED,-118.2669677734375,33.90195846557617
91517631,2021,2021-07-12,9575,2021-06-29,1351,021744,NA,2,1,6,1925,0,1,3,NA,2,042,SR-134 W/B (VENTURA FREEWAY),GLENDALE AVENUE,600,E,N,A,-,Y,NA,NA,134,NA,NA,NA,NA,NA,W,N,3,0,1,2,A,-,03,22350,NA,N,B,C,A,A,H,-,A,D,0,NA,NA,NA,Y,Y,NA,F,26,0,1,0,0,0,0,0,0,0,-,-,34.15520095825195,-118.24024200439452,LOS ANGELES,GLENDALE,-118.24028778076172,34.15511703491211
91517636,2021,2021-07-12,9580,2021-07-02,1732,022468,NA,5,2,7,1942,0,1,2,NA,2,103,US-101 S/B (VENTURA FREEWAY),WOODMAN AVE,792,N,N,A,-,Y,NA,NA,101,NA,NA,NA,NA,NA,S,N,4,0,1,2,A,-,03,22350,NA,M,C,C,A,A,H,-,A,D,0,NA,NA,NA,NA,Y,NA,A,01,0,0,1,0,0,0,0,0,0,-,-,34.15550994873047,-118.43537139892578,LOS ANGELES,LOS ANGELES,-118.43537139892578,34.155548095703125
91517649,2021,2021-07-12,9580,2021-07-03,1515,022591,NA,6,2,7,1942,0,1,2,NA,2,101,US-101 SOUTHBOUND (VENTURA FREEWAY),LAUREL CANYON BLVD,100,S,N,A,-,Y,NA,NA,101,NA,NA,NA,NA,NA,S,Y,4,0,2,2,A,-,03,22350,NA,N,C,C,A,A,H,-,A,D,0,NA,NA,NA,NA,Y,NA,A,01,0,0,2,0,0,0,0,0,0,-,-,34.15436935424805,-118.39575958251952,LOS ANGELES,LOS ANGELES,-118.39575958251952,34.15434265136719
91517655,2021,2021-07-12,9525,2021-06-25,0500,021074,NA,5,3,9,1900,0,1,3,NA,1,024,SR-39 (SAN GABRIEL CANYON RD.,CARPENTER CANYON,1000,N,N,A,-,Y,NA,NA,39,NA,NA,NA,NA,NA,NA,N,3,0,1,1,A,-,03,22350,NA,N,F,A,A,A,H,-,D,D,0,NA,NA,Y,NA,Y,NA,C,02,0,1,0,0,0,0,0,0,1,-,-,34.184478759765625,-117.875732421875,LOS ANGELES,UNINCORPORATED,-117.87567901611328,34.184417724609375
91517656,2021,2021-07-12,9575,2021-06-29,1904,017491,NA,2,2,6,1912,0,1,3,NA,2,044,SR-134 E/B (VENTURA FREEWAY),BOB HOPE DRIVE,1040,W,N,A,-,Y,NA,NA,134,NA,NA,NA,NA,NA,E,Y,4,0,1,3,A,-,07,21658,A,M,B,C,A,A,H,-,A,D,0,NA,NA,NA,NA,Y,NA,-,99,0,0,1,0,0,0,0,0,0,-,-,34.152381896972656,-118.33377075195313,LOS ANGELES,BURBANK,-118.33377838134766,34.152313232421875
91517657,2021,2021-07-12,9565,2021-06-29,1220,017060,NA,2,1,6,1933,0,1,1,NA,2,060,I-405,HILLCREST BLVD.,400,N,N,A,-,Y,NA,NA,405,NA,NA,NA,NA,NA,NA,N,3,0,1,3,A,-,03,22350,NA,N,C,C,A,A,H,-,A,D,0,NA,NA,NA,NA,Y,NA,A,01,0,1,0,0,0,0,0,0,0,-,-,33.95698165893555,-118.36904907226564,LOS ANGELES,INGLEWOOD,-118.36925506591795,33.95698547363281
91517658,2021,2021-07-12,9530,2021-06-29,0825,022438,NA,2,1,9,1900,0,1,1,NA,2,210,I-105 W/B (GLENN ANDERSON FWY),FIR STREET,105,E,N,A,-,Y,NA,NA,NA,NA,NA,NA,NA,NA,NA,N,4,0,1,3,A,-,03,22350,NA,N,C,C,A,A,H,-,A,D,0,NA,NA,NA,NA,Y,NA,D,22,0,0,1,0,0,0,0,0,0,-,-,33.922428131103516,-118.20401000976564,LOS ANGELES,UNINCORPORATED,-118.20542144775392,33.92307662963867
91517692,2021,2021-07-12,9580,2021-07-08,0755,018185,NA,4,1,7,1942,0,1,2,NA,2,105,US-101 S/B (VENTURA FREEWAY),SR-27 N/B (TOPANGA CYN. BLVD.),200,S,N,A,-,Y,NA,NA,101,NA,NA,NA,NA,NA,S,Y,4,0,3,4,A,-,07,21658,A,M,B,C,A,A,H,-,A,D,0,NA,NA,NA,Y,Y,NA,-,99,0,0,3,0,0,0,0,0,0,-,-,34.17058181762695,-118.6052474975586,LOS ANGELES,LOS ANGELES,-118.60525512695313,34.170570373535156
91517699,2021,2021-07-12,9540,2021-06-27,1825,021118,NA,7,2,9,1900,0,1,1,NA,2,507,I-5 S/B (GOLDEN STATE FWY),RYE CANYON RD,2640,N,N,A,-,Y,NA,NA,5,NA,NA,NA,NA,NA,S,N,4,0,1,3,A,-,03,22350,NA,N,C,C,A,A,H,-,A,D,0,NA,NA,NA,NA,Y,NA,D,22,0,0,1,0,0,0,0,0,0,-,-,34.43661117553711,-118.59471893310548,LOS ANGELES,UNINCORPORATED,-118.59475708007813,34.43656921386719
91517710,2021,2021-07-12,9540,2021-06-30,1610,020875,NA,3,2,6,1985,0,1,3,NA,1,144,SR-14 N/B (ANTELOPE VALLEY FREEWAY),SAND CANYON ROAD,2000,S,N,A,-,Y,NA,NA,14,NA,NA,NA,NA,NA,N,Y,4,0,1,2,A,-,03,22350,NA,N,C,C,A,A,H,-,A,D,0,NA,NA,Y,NA,Y,NA,C,02,0,0,1,0,0,0,0,0,1,-,-,34.42229080200195,-118.42984008789064,LOS ANGELES,SANTA CLARITA,-118.42982482910156,34.42225646972656
91517719,2021,2021-07-12,9580,2021-07-07,1100,021491,NA,3,1,7,1942,0,1,1,NA,2,405,I-405 S/B (SAN DIEGO FWY),BURBANK BLVD,528,N,N,A,-,Y,NA,NA,405,NA,NA,NA,NA,NA,S,N,4,0,1,3,D,-,00,NA,NA,N,C,C,A,A,H,-,A,D,0,NA,NA,Y,NA,Y,NA,-,-,0,0,1,0,0,0,0,0,1,-,-,34.17488098144531,-118.46785736083984,LOS ANGELES,LOS ANGELES,-118.46788024902344,34.17487716674805
91517722,2021,2021-07-12,9530,2021-06-29,1025,018278,NA,2,1,9,1900,0,3,5,NA,2,006,VERMONT AVE. (20800 BLOCK),TORRANCE BLVD.,145,S,N,A,-,N,NA,NA,NA,NA,NA,NA,NA,NA,NA,Y,4,0,1,2,A,-,07,21658,A,N,D,C,A,A,H,-,A,D,0,NA,NA,NA,NA,Y,NA,A,07,0,0,1,0,0,0,0,0,0,-,-,33.50297164916992,-118.17236328125,LOS ANGELES,UNINCORPORATED,-118.29007720947266,33.84163284301758
91517724,2021,2021-07-12,9580,2021-06-30,1530,022551,NA,3,2,7,1942,0,1,2,NA,2,101,US-101 S/B (VENTURA FREEWAY),COLDWATER CANYON AVE,1600,S,N,A,-,Y,NA,NA,101,NA,NA,NA,NA,NA,S,Y,3,0,4,2,A,-,08,22107,NA,N,B,C,A,A,H,-,A,D,0,NA,NA,NA,NA,Y,NA,A,01,0,1,3,0,0,0,0,0,0,-,-,34.15665817260742,-118.40901184082033,LOS ANGELES,LOS ANGELES,-118.40901184082033,34.156620025634766
91517775,2021,2021-07-12,9565,2021-06-29,1520,021473,NA,2,2,7,1942,0,1,1,NA,2,061,I-405 S/B (SAN DIEGO FWY),HOWARD HUGHES PKWY,250,S,N,A,-,Y,NA,NA,405,NA,NA,NA,NA,NA,S,Y,4,0,1,3,A,-,03,22350,NA,N,C,C,A,A,H,-,A,D,0,NA,NA,NA,NA,Y,NA,A,01,0,0,1,0,0,0,0,0,0,-,-,33.97431182861328,-118.382568359375,LOS ANGELES,LOS ANGELES,-118.38257598876952,33.97429275512695
91517777,2021,2021-07-12,9525,2021-07-01,1600,019550,NA,4,2,9,1900,0,1,3,NA,2,573,SR-57 S/B TO BREA CANYON ROAD,BREA CANYON RD.,15,N,N,A,-,Y,NA,NA,57,NA,NA,NA,R,NA,S,N,4,0,2,2,A,-,03,22350,NA,N,C,C,A,A,H,-,A,D,0,NA,NA,NA,NA,Y,NA,D,22,0,0,2,0,0,0,0,0,0,-,-,33.957489013671875,-117.86102294921876,LOS ANGELES,UNINCORPORATED,-117.86102294921876,33.957489013671875
91517790,2021,2021-07-12,9565,2021-06-06,0125,022097,NA,7,3,4,1918,0,1,1,NA,2,061,I-405 N/B,JEFFERSON BLVD,1800,N,N,B,-,Y,NA,NA,405,NA,NA,NA,NA,NA,N,Y,3,0,3,2,A,-,01,23152,A,N,C,C,A,A,H,-,C,D,0,NA,NA,NA,NA,Y,Y,A,07,0,1,2,0,0,0,0,0,0,-,-,33.991859436035156,-118.40215301513672,LOS ANGELES,CULVER CITY,-118.40219879150392,33.991817474365234
91517814,2021,2021-07-12,9580,2021-07-06,1635,021985,NA,2,2,9,1900,0,2,4,NA,1,128,KANAN RD,TUNNEL #3,900,N,N,A,-,N,NA,NA,NA,NA,NA,NA,NA,NA,NA,Y,2,0,3,2,A,-,09,21804,A,N,D,C,A,A,H,-,A,D,0,NA,NA,NA,NA,Y,NA,A,07,1,0,2,0,0,0,0,0,0,-,-,34.11157989501953,-118.80525207519533,LOS ANGELES,UNINCORPORATED,NA,NA
91517819,2021,2021-07-12,9565,2021-06-29,1504,021372,NA,2,2,4,1918,0,1,1,NA,2,061,I-405 NORTHBOUND (SAN DIEGO FREEWAY),STATE ROUTE 90,50,N,N,A,-,Y,NA,NA,405,NA,NA,NA,NA,NA,N,N,4,0,1,3,A,-,03,22350,NA,N,C,C,A,A,H,-,A,D,0,NA,NA,NA,NA,Y,NA,A,01,0,0,1,0,0,0,0,0,0,-,-,33.98849868774414,-118.39967346191406,LOS ANGELES,CULVER CITY,-118.39962005615234,33.98854446411133
91517827,2021,2021-07-12,9565,2021-06-29,1205,019031,NA,2,1,7,1942,0,1,1,NA,2,061,I-405 N/B (SAN DIEGO FWY.),HOWARD HUGHES,200,N,N,A,-,Y,NA,NA,405,NA,NA,NA,NA,NA,N,Y,4,0,2,3,A,-,03,22350,NA,N,C,C,A,A,H,-,A,D,0,NA,NA,NA,NA,Y,NA,A,08,0,0,2,0,0,0,0,0,0,-,-,33.977691650390625,-118.38937377929688,LOS ANGELES,LOS ANGELES,-118.3893585205078,33.977718353271484
91517829,2021,2021-07-12,9575,2021-05-16,1840,022558,NA,7,2,7,1942,0,1,1,NA,2,053,I-5 S/B (GOLDEN STATE FREEWAY),BRANFORD ST.,530,N,N,A,-,Y,NA,NA,5,NA,NA,NA,NA,NA,S,Y,4,0,1,2,A,-,03,22350,NA,M,C,C,A,A,H,-,A,D,0,NA,NA,NA,NA,Y,NA,D,22,0,0,1,0,0,0,0,0,0,-,-,34.23994827270508,-118.41739654541016,LOS ANGELES,LOS ANGELES,-118.4174575805664,34.23988723754883
91517835,2021,2021-07-12,9580,2021-07-09,0415,022221,NA,5,3,7,1942,0,1,1,NA,2,406,I-405 N/B (SAN DIEGO FWY),DEVONSHIRE ST.,1320,S,N,A,-,Y,NA,NA,405,NA,NA,NA,NA,NA,N,Y,3,0,1,2,A,-,01,23152,A,N,C,C,A,A,H,-,D,D,0,NA,NA,NA,Y,Y,Y,A,01,0,1,0,0,0,0,0,0,0,-,-,34.253108978271484,-118.47218322753906,LOS ANGELES,LOS ANGELES,-118.47216796875,34.253108978271484
91517836,2021,2021-07-12,9535,2021-06-29,0945,022259,NA,2,1,5,1915,0,1,1,NA,2,075,I-710 SOUTHBOUND (LONG BEACH FREEWAY),COMPTON BLVD.,950,S,N,A,-,Y,NA,NA,710,NA,NA,NA,NA,NA,S,N,4,0,1,2,A,-,03,22350,NA,N,C,C,A,A,H,-,A,D,0,NA,NA,NA,NA,Y,NA,A,08,0,0,1,0,0,0,0,0,0,-,-,33.893489837646484,-118.188232421875,LOS ANGELES,COMPTON,-118.18813323974608,33.89347457885742
91517844,2021,2021-07-12,9580,2021-07-08,1740,021291,NA,4,2,7,1942,0,1,1,NA,2,407,I-405 S/B (SAN DIEGO FWY),LASSEN ST,1056,N,N,A,-,Y,NA,NA,405,NA,NA,NA,NA,NA,S,N,4,0,2,2,A,-,07,21658,A,N,B,C,A,A,H,-,A,D,0,NA,NA,NA,NA,Y,NA,A,01,0,0,2,0,0,0,0,0,0,-,-,34.25305938720703,-118.47232055664064,LOS ANGELES,LOS ANGELES,-118.47240447998048,34.25305938720703
91517850,2021,2021-07-12,9565,2021-06-29,1547,021372,NA,2,2,4,1918,0,1,1,NA,2,061,I-405 NORTHBOUND (SAN DIEGO FREEWAY),CULVER BOULEVARD,400,N,N,A,-,Y,NA,NA,405,NA,NA,NA,NA,NA,N,Y,3,0,1,2,A,-,08,22107,NA,N,B,C,A,A,H,-,A,D,0,NA,NA,Y,NA,Y,NA,A,01,0,1,0,0,0,0,0,0,1,-,-,34.00429916381836,-118.41214752197266,LOS ANGELES,CULVER CITY,-118.41209411621094,34.00434494018555
91517877,2021,2021-07-12,9580,2021-07-08,1530,021291,NA,4,2,7,1942,0,1,1,NA,2,405,I-405 S/B (SAN DIEGO FWY),VANOWEN ST,50,N,N,A,-,Y,NA,NA,405,NA,NA,NA,NA,NA,S,N,4,0,1,2,A,-,03,22350,NA,N,C,C,A,A,H,-,A,D,0,NA,NA,NA,NA,Y,NA,A,01,0,0,1,0,0,0,0,0,0,-,-,34.194129943847656,-118.47444152832033,LOS ANGELES,LOS ANGELES,-118.47441864013672,34.194129943847656
91517881,2021,2021-07-12,9535,2021-06-30,2200,022245,NA,3,3,5,1943,0,1,1,NA,2,104,I-105 E/B TO I-710 S/B,ROSECRANS AVE,590,N,N,A,-,Y,NA,NA,NA,NA,NA,NA,NA,NA,NA,Y,3,0,1,3,A,-,03,22350,NA,N,C,C,A,A,H,-,C,D,0,NA,NA,NA,NA,Y,NA,A,07,0,1,0,0,0,0,0,0,0,-,-,33.90467834472656,-118.18480682373048,LOS ANGELES,LYNWOOD,NA,NA
91517883,2021,2021-07-12,9580,2021-07-08,1503,022468,NA,4,2,7,1942,0,1,2,NA,2,102,US-101 N/B (VENTURA FREEWAY),VAN NUYS BLVD,1320,S,N,A,-,Y,NA,NA,101,NA,NA,NA,NA,NA,N,Y,4,0,2,2,A,-,03,22350,NA,N,C,C,A,A,H,-,A,D,0,NA,NA,NA,NA,Y,NA,A,01,0,0,2,0,0,0,0,0,0,-,-,34.15523147583008,-118.4427490234375,LOS ANGELES,LOS ANGELES,-118.4427490234375,34.15529251098633