CASE_ID,ACCIDENT_YEAR,PROC_DATE,JURIS,COLLISION_DATE,COLLISION_TIME,OFFICER_ID,REPORTING_DISTRICT,DAY_OF_WEEK,CHP_SHIFT,POPULATION,CNTY_CITY_LOC,SPECIAL_COND,BEAT_TYPE,CHP_BEAT_TYPE,CITY_DIVISION_LAPD,CHP_BEAT_CLASS,BEAT_NUMBER,PRIMARY_RD,SECONDARY_RD,DISTANCE,DIRECTION,INTERSECTION,WEATHER_1,WEATHER_2,STATE_HWY_IND,CALTRANS_COUNTY,CALTRANS_DISTRICT,STATE_ROUTE,ROUTE_SUFFIX,POSTMILE_PREFIX,POSTMILE,LOCATION_TYPE,RAMP_INTERSECTION,SIDE_OF_HWY,TOW_AWAY,COLLISION_SEVERITY,NUMBER_KILLED,NUMBER_INJURED,PARTY_COUNT,PRIMARY_COLL_FACTOR,PCF_CODE_OF_VIOL,PCF_VIOL_CATEGORY,PCF_VIOLATION,PCF_VIOL_SUBSECTION,HIT_AND_RUN,TYPE_OF_COLLISION,MVIW,PED_ACTION,ROAD_SURFACE,ROAD_COND_1,ROAD_COND_2,LIGHTING,CONTROL_DEVICE,CHP_ROAD_TYPE,PEDESTRIAN_ACCIDENT,BICYCLE_ACCIDENT,MOTORCYCLE_ACCIDENT,TRUCK_ACCIDENT,NOT_PRIVATE_PROPERTY,ALCOHOL_INVOLVED,STWD_VEHTYPE_AT_FAULT,CHP_VEHTYPE_AT_FAULT,COUNT_SEVERE_INJ,COUNT_VISIBLE_INJ,COUNT_COMPLAINT_PAIN,COUNT_PED_KILLED,COUNT_PED_INJURED,COUNT_BICYCLIST_KILLED,COUNT_BICYCLIST_INJURED,COUNT_MC_KILLED,COUNT_MC_INJURED,PRIMARY_RAMP,SECONDARY_RAMP,LATITUDE,LONGITUDE,COUNTY,CITY,POINT_X,POINT_Y
91517900,2021,2021-07-12,9525,2021-07-03,0430,022509,NA,6,3,5,1906,0,1,1,NA,2,103,I-10 E/B (SAN BERNARDINO FWY),FRANCISQUITO AVE,500,W,N,A,-,Y,NA,NA,10,NA,NA,NA,NA,NA,E,Y,3,0,1,1,A,-,08,22107,NA,N,E,I,A,A,C,H,C,D,0,NA,NA,NA,NA,Y,Y,A,07,0,1,0,0,0,0,0,0,0,-,-,34.068241119384766,-117.97577667236328,LOS ANGELES,BALDWIN PARK,-117.97577667236328,34.0682373046875
91517908,2021,2021-07-12,9525,2021-07-03,2245,021931,NA,6,3,4,1913,0,1,1,NA,2,110,I-10 E/B (SAN BERNARDINO FWY),INDIAN HILL BLVD.,1000,E,N,A,-,Y,NA,NA,10,NA,NA,NA,NA,NA,E,N,4,0,1,2,A,-,03,22350,NA,N,C,C,A,A,H,-,C,D,0,NA,NA,NA,NA,Y,NA,A,07,0,0,1,0,0,0,0,0,0,-,-,34.081668853759766,-117.71534729003906,LOS ANGELES,CLAREMONT,-117.71534729003906,34.08171844482422
91517910,2021,2021-07-12,9540,2021-07-04,0045,021349,NA,7,3,9,1900,0,1,1,NA,2,508,I-5 N/B,TEMPLIN HIGHWAY,4200,S,N,A,-,Y,NA,NA,5,NA,NA,NA,NA,NA,N,Y,2,0,1,1,A,-,08,22107,NA,N,E,I,A,A,H,-,D,D,0,NA,NA,NA,NA,Y,NA,A,01,1,0,0,0,0,0,0,0,0,-,-,34.56037139892578,-118.6797332763672,LOS ANGELES,UNINCORPORATED,-118.67954254150392,34.56066131591797
91517925,2021,2021-07-12,9545,2021-06-27,0218,022130,NA,7,3,6,1950,0,1,3,NA,2,021,STATE ROUTE 14 NORTHBOUND,AVENUE S,127,N,N,A,-,Y,NA,NA,14,NA,NA,NA,NA,NA,N,Y,4,0,1,2,A,-,03,22350,NA,N,C,C,A,A,H,-,C,D,0,NA,NA,NA,NA,Y,Y,A,01,0,0,1,0,0,0,0,0,0,-,-,34.5583610534668,-118.13240814208984,LOS ANGELES,PALMDALE,-118.13239288330078,34.5583610534668
91517932,2021,2021-07-12,9565,2021-06-27,2105,022097,NA,7,2,9,1900,0,2,4,NA,2,021,VERMONT AVE,106TH ST,100,N,N,B,-,N,NA,NA,NA,NA,NA,NA,NA,NA,NA,N,2,0,1,2,A,-,11,21954,A,N,G,B,D,A,H,-,C,D,0,Y,NA,NA,NA,Y,NA,N,60,1,0,0,0,1,0,0,0,0,-,-,33.940391540527344,-118.29192352294922,LOS ANGELES,UNINCORPORATED,-118.29192352294922,33.94031524658203
91517942,2021,2021-07-12,9540,2021-07-04,1500,020875,NA,7,2,9,1900,0,1,1,NA,2,512,I-5 N/B (GOLDEN STATE FREEWAY),QUAIL LAKE ROAD,30,N,N,A,-,Y,NA,NA,5,NA,NA,NA,NA,NA,N,Y,4,0,1,2,A,-,04,21703,NA,N,C,C,A,A,H,-,A,D,0,NA,NA,NA,NA,Y,NA,D,22,0,0,1,0,0,0,0,0,0,-,-,34.76298141479492,-118.79753875732422,LOS ANGELES,UNINCORPORATED,-118.79751586914064,34.76299285888672
91517944,2021,2022-06-10,9565,2021-06-26,1427,022251,NA,6,2,9,1900,0,3,5,NA,2,002,11401 IMPERIAL HWY,IMPERIAL HWY,25,S,N,A,-,N,NA,NA,NA,NA,NA,NA,NA,NA,NA,N,2,0,1,2,B,-,22,NA,NA,N,H,B,E,A,H,-,A,D,0,Y,NA,NA,NA,Y,NA,-,-,1,0,0,0,1,0,0,0,0,-,-,33.93080139160156,-118.2922592163086,LOS ANGELES,UNINCORPORATED,NA,NA
91517958,2021,2021-07-12,9580,2021-07-08,0810,019319,NA,4,1,7,1942,0,1,2,NA,2,104,US-101 N/B (VENTURA FREEWAY),TAMPA AVE,737,S,N,A,-,Y,NA,NA,101,NA,NA,NA,NA,NA,N,Y,4,0,2,2,A,-,03,22350,NA,N,E,I,A,A,H,-,A,D,0,NA,NA,NA,NA,Y,NA,A,01,0,0,2,0,0,0,0,0,0,-,-,34.17353057861328,-118.55088806152344,LOS ANGELES,LOS ANGELES,-118.55088806152344,34.173614501953125
91517972,2021,2021-07-12,9530,2021-06-29,1545,022585,NA,2,2,9,1900,0,1,1,NA,2,210,I-105 E/B (GLENN ANDERSON FREEWAY),LONG BEACH BLVD,1750,W,N,A,-,Y,NA,NA,NA,NA,NA,NA,NA,NA,NA,N,4,0,1,3,A,-,03,22350,NA,N,C,C,A,A,H,-,A,D,0,NA,NA,NA,NA,Y,NA,A,01,0,0,1,0,0,0,0,0,0,-,-,33.92726135253906,-118.21566772460938,LOS ANGELES,UNINCORPORATED,-118.21051788330078,33.9249382019043
91517981,2021,2021-07-12,9580,2021-07-07,1650,021236,NA,3,2,9,1900,0,1,3,NA,1,270,SR-27 N/B (TOPANGA CYN. BLVD.),WOODLAND CREST DR,1000,N,N,A,-,N,NA,NA,27,NA,NA,NA,NA,NA,N,N,4,0,1,1,A,-,08,22107,NA,N,E,I,A,A,H,-,A,B,0,NA,NA,NA,NA,Y,NA,A,01,0,0,1,0,0,0,0,0,0,-,-,34.14466857910156,-118.60472869873048,LOS ANGELES,UNINCORPORATED,-118.60474395751952,34.14459228515625
91517994,2021,2021-07-12,9565,2021-05-31,0117,022097,NA,1,3,7,1942,0,1,1,NA,2,082,I-10 E/B,BUNDY DRIVE,1300,E,N,B,-,Y,NA,NA,10,NA,NA,NA,NA,NA,E,Y,4,0,1,2,A,-,01,23152,A,N,B,C,A,A,H,-,C,D,0,NA,NA,NA,NA,Y,Y,A,01,0,0,1,0,0,0,0,0,0,-,-,34.02925109863281,-118.44503784179688,LOS ANGELES,LOS ANGELES,-118.4450454711914,34.029258728027344
91518028,2021,2021-07-12,9540,2021-07-06,0700,019295,NA,2,1,6,1985,0,1,3,NA,2,147,SR-14 S/B,SAND CANYON ROAD,500,N,N,A,-,Y,NA,NA,14,NA,NA,NA,NA,NA,S,Y,4,0,1,3,A,-,03,22350,NA,N,C,C,A,A,H,-,A,D,0,NA,NA,NA,NA,Y,NA,D,22,0,0,1,0,0,0,0,0,0,-,-,34.42599868774414,-118.422119140625,LOS ANGELES,SANTA CLARITA,-118.42212677001952,34.42601013183594
91518037,2021,2021-07-12,9545,2021-06-27,1330,021340,NA,7,1,9,1900,0,1,3,NA,1,042,SR-138,87TH STREET EAST,750,E,N,A,-,Y,NA,NA,138,NA,NA,NA,NA,NA,NA,Y,4,0,1,3,A,-,03,22350,NA,M,C,C,A,A,H,-,A,D,0,NA,NA,NA,NA,Y,NA,A,01,0,0,1,0,0,0,0,0,0,-,-,34.52117919921875,-117.9721221923828,LOS ANGELES,UNINCORPORATED,-117.9721221923828,34.521141052246094
91518049,2021,2021-07-12,9565,2021-03-12,0344,022231,NA,5,3,7,1942,0,1,1,NA,2,083,I-10 EASTBOUND (SANTA MONICA FREEWAY),NATIONAL BOULEVARD,18,E,N,A,-,Y,NA,NA,10,NA,NA,NA,NA,NA,E,Y,1,1,0,1,A,-,08,22107,NA,N,E,I,A,A,H,-,D,D,0,NA,NA,NA,NA,Y,NA,A,01,0,0,0,0,0,0,0,0,0,-,-,34.03131866455078,-118.39002227783205,LOS ANGELES,LOS ANGELES,-118.3900146484375,34.03131103515625
91518058,2021,2021-07-12,9545,2021-06-27,1415,021340,NA,7,2,9,1900,0,1,3,NA,1,046,SR-2 (ANGELES CREST HIGHWAY),GRASSY HOLLOW VISITOR CENTER,4488,W,N,A,-,Y,NA,NA,2,NA,NA,NA,NA,NA,NA,Y,2,0,1,1,A,-,08,22107,NA,N,F,I,A,A,H,-,A,D,0,NA,NA,Y,NA,Y,NA,C,02,1,0,0,0,0,0,0,0,1,-,-,34.37726974487305,-117.7313232421875,LOS ANGELES,UNINCORPORATED,-117.73139190673828,34.37731170654297
91518100,2021,2021-07-12,9565,2021-06-30,1725,021706,NA,3,2,7,1942,0,1,1,NA,2,010,I-105 E/B TO I-405,LA CIENEGA BLVD,1050,W,N,A,-,Y,NA,NA,105,NA,NA,NA,R,NA,E,N,3,0,4,3,A,-,03,22350,NA,N,C,C,A,A,H,-,A,D,0,NA,NA,NA,NA,Y,NA,A,07,0,2,2,0,0,0,0,0,0,-,-,33.929359436035156,-118.37370300292967,LOS ANGELES,LOS ANGELES,-118.37370300292967,33.929359436035156
91518116,2021,2021-07-12,9565,2021-06-30,0740,021524,NA,3,1,9,1900,0,1,1,NA,2,010,I-105 W/B (CENTURY FREEWAY),I-405,200,E,N,A,-,Y,NA,NA,105,NA,NA,NA,NA,NA,W,Y,3,0,1,2,A,-,08,22107,NA,N,B,C,A,A,H,-,A,D,0,NA,NA,NA,NA,Y,NA,A,01,0,1,0,0,0,0,0,0,0,-,-,33.93029022216797,-118.3672332763672,LOS ANGELES,UNINCORPORATED,-118.36725616455078,33.93041229248047
91518121,2021,2021-07-12,9545,2021-06-28,1618,021695,NA,1,2,9,1900,0,3,5,NA,2,003,SIERRA HIGHWAY,SAN GABRIEL AVE,1690,S,N,A,-,N,NA,NA,NA,NA,NA,NA,NA,NA,NA,Y,2,0,1,1,A,-,01,23152,F,N,E,I,A,A,H,-,A,D,0,NA,NA,NA,NA,Y,NA,A,01,1,0,0,0,0,0,0,0,0,-,-,34.484371185302734,-118.15251922607422,LOS ANGELES,UNINCORPORATED,-118.15238189697266,34.48627853393555
91518124,2021,2021-07-12,9525,2021-07-01,0955,019495,NA,4,1,1,1934,0,1,1,NA,2,203,I-210 W/B (FOOTHILL FREEWAY),I-605,528,E,N,A,-,Y,NA,NA,210,NA,NA,NA,NA,NA,W,Y,2,0,2,4,A,-,03,22350,NA,N,C,C,A,A,H,-,A,D,0,NA,NA,NA,Y,Y,NA,F,26,1,1,0,0,0,0,0,0,0,-,-,34.133819580078125,-117.955322265625,LOS ANGELES,IRWINDALE,-117.95531463623048,34.13385009765625
91518125,2021,2021-07-12,9565,2021-06-30,1140,019031,NA,3,1,9,1900,0,2,4,NA,1,032,SLAUSON AVE.,LA TIJERA BLVD.,20,E,N,A,-,N,NA,NA,NA,NA,NA,NA,NA,NA,NA,N,4,0,1,2,A,-,03,22350,NA,N,C,C,A,A,H,-,A,A,0,NA,NA,NA,NA,Y,NA,A,01,0,0,1,0,0,0,0,0,0,-,-,33.987701416015625,-118.364501953125,LOS ANGELES,UNINCORPORATED,-118.36473083496094,33.98741149902344
91518133,2021,2021-07-12,9525,2021-06-29,1705,019491,NA,2,2,9,1900,0,2,4,NA,2,022,ARROW HIGHWAY,CITRUS AVENUE,0,NA,Y,A,-,N,NA,NA,NA,NA,NA,NA,NA,NA,NA,N,2,0,1,2,A,-,10,21950,A,N,G,B,B,A,H,-,A,A,0,Y,NA,NA,NA,Y,NA,A,07,1,0,0,0,1,0,0,0,0,-,-,34.106781005859375,-117.89022064208984,LOS ANGELES,UNINCORPORATED,-117.89027404785156,34.106815338134766
91518139,2021,2021-07-12,9590,2021-06-29,0800,021069,NA,2,1,7,1942,0,1,1,NA,2,065,I-10 W/B (SANTA MONICA FREEWAY),MATEO STREET,200,E,N,A,-,Y,NA,NA,10,NA,NA,NA,NA,NA,W,N,3,0,1,2,A,-,07,21658,A,N,B,C,A,A,H,-,A,D,0,NA,NA,Y,NA,Y,NA,A,01,0,1,0,0,0,0,0,0,1,-,-,34.02785110473633,-118.23165130615234,LOS ANGELES,LOS ANGELES,-118.2316665649414,34.02788543701172
91518140,2021,2021-07-12,9575,2021-07-02,1325,021403,NA,5,1,7,1942,0,1,1,NA,2,052,I-5 S/B (GOLDEN STATE FREEWAY),ROSCOE BLVD.,110,S,N,A,-,Y,NA,NA,5,NA,NA,NA,NA,NA,S,N,4,0,1,2,A,-,03,22350,NA,N,C,C,A,A,H,-,A,D,0,NA,NA,NA,NA,Y,NA,A,01,0,0,1,0,0,0,0,0,0,-,-,34.22127151489258,-118.35938262939452,LOS ANGELES,LOS ANGELES,-118.35938262939452,34.221256256103516
91518145,2021,2021-07-12,9525,2021-07-03,0845,019495,NA,6,1,4,1946,0,1,1,NA,2,202,I-210 E/B (FOOTHILL FREEWAY),HUNTINGTON DR.,33,E,N,B,-,Y,NA,NA,210,NA,NA,NA,NA,NA,E,Y,3,0,1,1,A,-,08,22107,NA,N,E,I,A,A,H,-,A,D,0,NA,NA,NA,NA,Y,NA,A,01,0,1,0,0,0,0,0,0,0,-,-,34.140281677246094,-118.01699066162108,LOS ANGELES,MONROVIA,-118.01688385009766,34.1403923034668
91518153,2021,2021-07-12,9525,2021-07-04,0001,022521,NA,7,3,9,1900,0,1,1,NA,2,106,I-10 E/B (SAN BERNARDINO FWY),VIA VERDE,1000,W,N,A,-,Y,NA,NA,10,NA,NA,NA,NA,NA,E,Y,3,0,1,1,A,-,01,23152,A,N,E,8,A,B,H,-,C,D,0,NA,NA,NA,NA,Y,Y,A,01,0,1,0,0,0,0,0,0,0,-,-,34.068599700927734,-117.84353637695313,LOS ANGELES,UNINCORPORATED,-117.84353637695313,34.068565368652344
91518168,2021,2021-07-12,9525,2021-07-04,2220,021809,NA,7,3,5,1990,0,1,3,NA,2,601,SR-60 E/B (POMONA FWY),GRAND AVENUE,800,W,N,A,-,Y,NA,NA,60,NA,NA,NA,NA,NA,E,N,4,0,3,2,A,-,03,22350,NA,N,-,C,A,A,H,-,C,D,0,NA,NA,NA,NA,Y,NA,A,01,0,0,3,0,0,0,0,0,0,-,-,34.00168991088867,-117.83583831787108,LOS ANGELES,DIAMOND BAR,-117.83583831787108,34.001705169677734
91518176,2021,2021-07-12,9575,2021-07-02,1500,021789,NA,5,2,7,1942,0,1,3,NA,2,043,SR-134 E/B (VENTURA FREEWAY),RIVERSIDE DRIVE,1400,E,N,A,-,Y,NA,NA,134,NA,NA,NA,NA,NA,E,Y,4,0,1,1,A,-,03,22350,NA,N,E,I,A,A,H,-,A,D,0,NA,NA,NA,NA,Y,NA,A,07,0,0,1,0,0,0,0,0,0,-,-,34.15449142456055,-118.32189178466795,LOS ANGELES,LOS ANGELES,-118.32188415527344,34.15444564819336
91518182,2021,2021-07-12,9530,2021-06-29,1706,022585,NA,2,2,9,1900,0,3,5,NA,2,002,CENTRAL AVE,EL SEGUNDO BLVD,0,NA,Y,A,-,N,NA,NA,NA,NA,NA,NA,NA,NA,NA,N,4,0,2,2,A,-,12,21453,A,N,D,C,A,A,H,-,A,D,0,NA,NA,NA,NA,Y,NA,D,22,0,0,2,0,0,0,0,0,0,-,-,33.9163818359375,-118.25454711914064,LOS ANGELES,UNINCORPORATED,-118.2543716430664,33.91635513305664
91518184,2021,2021-07-12,9525,2021-07-05,1445,021995,NA,1,2,5,1926,0,1,1,NA,2,206,I-210 E/B (FOOTHILL FWY),SUNFLOWER AVE,400,W,N,B,-,Y,NA,NA,210,NA,NA,NA,NA,NA,E,N,4,0,1,2,A,-,03,22350,NA,N,C,C,A,A,H,-,A,D,0,NA,NA,NA,NA,Y,NA,D,22,0,0,1,0,0,0,0,0,0,-,-,34.11745071411133,-117.84806823730467,LOS ANGELES,GLENDORA,-117.84806823730467,34.11750411987305
91518205,2021,2021-07-12,9525,2021-07-07,0757,019121,NA,3,1,6,1975,0,1,1,NA,2,115,I-10 W/B (SAN BERNARDINO FWY),VINCENT AVENUE,1200,E,N,A,-,Y,NA,NA,10,NA,NA,NA,NA,NA,W,N,4,0,3,2,A,-,03,22350,NA,N,C,C,A,A,H,-,A,D,0,NA,NA,NA,NA,Y,NA,A,07,0,0,3,0,0,0,0,0,0,-,-,34.072391510009766,-117.9217529296875,LOS ANGELES,WEST COVINA,-117.9217529296875,34.07236862182617
91518211,2021,2021-07-12,9530,2021-06-29,1640,020080,NA,2,2,9,1900,0,3,5,NA,2,004,VICTORIA ST. (3010 BLOCK),SUSANA RD.,744,W,N,A,-,N,NA,NA,NA,NA,NA,NA,NA,NA,NA,Y,4,0,2,3,A,-,09,21801,A,N,D,C,A,A,H,-,A,D,0,NA,NA,NA,Y,Y,NA,F,25,0,0,2,0,0,0,0,0,0,-,-,33.86484909057617,-118.20716857910156,LOS ANGELES,UNINCORPORATED,-118.20471954345705,33.86484146118164
91518232,2021,2021-07-12,9525,2021-07-09,1510,021443,NA,5,2,5,1906,0,1,1,NA,2,114,I-10 E/B (SAN BERNARDINO FWY),BALDWIN PARK BLVD.,50,W,N,A,-,Y,NA,NA,10,NA,NA,NA,NA,NA,E,Y,3,0,1,2,A,-,07,21658,A,N,C,C,A,A,H,-,A,D,0,NA,NA,Y,NA,Y,NA,A,07,0,1,0,0,0,0,0,0,1,-,-,34.06713104248047,-117.9835968017578,LOS ANGELES,BALDWIN PARK,-117.9836196899414,34.06724166870117
91518256,2021,2021-07-12,9525,2021-07-09,1555,021779,NA,5,2,5,1906,0,1,1,NA,2,651,I-605 S/B (SAN GABRIEL RIVER FWY),I-10 W/B (SAN BERNARDINO FWY),2112,N,N,A,-,Y,NA,NA,605,NA,NA,NA,NA,NA,S,N,4,0,2,3,A,-,03,22350,NA,N,C,C,A,A,H,-,A,D,0,NA,NA,NA,NA,Y,NA,A,08,0,0,2,0,0,0,0,0,0,-,-,34.07154083251953,-118.00010681152344,LOS ANGELES,BALDWIN PARK,-118.00005340576172,34.0715217590332
91518270,2021,2021-07-12,9590,2021-05-19,2055,022431,NA,3,2,7,1942,0,1,1,NA,2,053,I-110 S/B (HARBOR FREEWAY) COLLECTOR ROAD,I-10 E/B (SANTA MONICA FREEWAY),10,S,N,A,-,Y,NA,NA,110,NA,NA,NA,NA,NA,S,Y,3,0,3,1,A,-,08,22107,NA,N,E,I,A,A,H,-,C,D,0,NA,NA,NA,NA,Y,NA,A,01,0,3,0,0,0,0,0,0,0,-,-,34.03773880004883,-118.27433776855467,LOS ANGELES,LOS ANGELES,-118.27417755126952,34.037715911865234
91518272,2021,2021-07-12,9525,2021-07-09,2150,022455,NA,5,2,6,1975,0,1,1,NA,2,106,I-10 E/B (SAN BERNARDINO FREEWAY),HOLT AVE,1300,W,N,A,-,Y,NA,NA,10,NA,NA,NA,NA,NA,E,Y,4,0,6,3,A,-,07,21658,A,N,B,C,A,A,D,H,D,D,0,NA,NA,NA,NA,Y,NA,A,01,0,0,6,0,0,0,0,0,0,-,-,34.071529388427734,-117.86897277832033,LOS ANGELES,WEST COVINA,-117.86896514892578,34.07155990600586
91518274,2021,2021-07-12,9590,2021-05-24,0031,022136,NA,1,3,7,1942,0,1,1,NA,2,064,I-10 EASTBOUND (SANTA MONICA FREEWAY),MATEO STREET,650,W,N,A,-,Y,NA,NA,10,NA,NA,NA,NA,NA,E,N,3,0,1,3,A,-,01,23152,A,N,C,C,A,A,H,-,C,D,0,NA,NA,NA,NA,Y,Y,A,01,0,1,0,0,0,0,0,0,0,-,-,34.026710510253906,-118.23426055908205,LOS ANGELES,LOS ANGELES,-118.23423767089844,34.02665328979492
91518283,2021,2021-07-12,9590,2021-06-17,0625,022344,NA,4,1,7,1942,0,1,1,NA,2,083,I-5 S/B (GOLDEN STATE FREEWAY),RIVERSIDE DR,100,N,N,A,-,Y,NA,NA,5,NA,NA,NA,NA,NA,S,N,4,0,1,2,A,-,07,21658,A,F,B,C,A,A,H,-,A,D,0,NA,NA,Y,NA,Y,NA,-,99,0,0,1,0,0,0,0,0,1,-,-,34.09598922729492,-118.2444076538086,LOS ANGELES,LOS ANGELES,-118.24444580078124,34.09595489501953
91518285,2021,2021-07-12,9550,2021-07-01,1800,022450,NA,4,2,6,1920,0,1,1,NA,2,651,I-605 NB,FLORENCE AVE,1200,S,N,A,-,Y,NA,NA,605,NA,NA,NA,NA,NA,N,N,4,0,1,2,A,-,08,22107,NA,N,B,C,A,A,H,-,A,D,0,NA,NA,NA,Y,Y,NA,A,01,0,0,1,0,0,0,0,0,0,-,-,33.934608459472656,-118.09989166259766,LOS ANGELES,DOWNEY,-118.09992218017578,33.934627532958984
91518295,2021,2021-07-12,9525,2021-07-10,0620,018364,NA,6,1,6,1975,0,1,1,NA,2,106,I-10 E/B (SAN BERNARDINO FWY),AZUSA AVENUE U/C,1056,E,N,A,-,Y,NA,NA,10,NA,NA,NA,NA,NA,E,Y,4,0,1,2,A,-,03,22350,NA,N,C,C,A,A,H,-,A,D,0,NA,NA,NA,NA,Y,NA,A,01,0,0,1,0,0,0,0,0,0,-,-,34.07194900512695,-117.90464782714844,LOS ANGELES,WEST COVINA,-117.90464782714844,34.0720329284668
91518314,2021,2021-07-12,9565,2021-06-30,1350,021473,NA,3,1,9,1900,0,1,1,NA,2,060,I-405 S/B TO CENTURY BLVD,LENNOX BLVD,850,N,N,A,-,Y,NA,NA,405,NA,NA,NA,R,NA,S,Y,3,0,1,2,A,-,08,22107,NA,N,B,C,A,A,H,-,A,D,0,NA,NA,NA,Y,Y,NA,A,01,0,1,0,0,0,0,0,0,0,-,-,33.94139099121094,-118.36878204345705,LOS ANGELES,UNINCORPORATED,-118.36878204345705,33.94139099121094
91518333,2021,2021-07-12,9540,2021-07-05,1625,020875,NA,1,2,9,1900,0,1,1,NA,2,509,I-5 S/B (GOLDEN STATE FREEWAY),HASLEY CANYON ROAD,150,N,N,A,-,Y,NA,NA,5,NA,NA,NA,NA,NA,S,Y,3,0,1,2,A,-,07,21658,A,N,B,C,A,A,H,-,A,D,0,NA,NA,NA,NA,Y,NA,A,07,0,1,0,0,0,0,0,0,0,-,-,34.464420318603516,-118.615966796875,LOS ANGELES,UNINCORPORATED,-118.61602020263672,34.46440124511719
91518345,2021,2021-07-12,9535,2021-07-01,1902,021976,NA,4,2,5,1948,0,1,3,NA,2,600,SR-60 (POMONA FREEWAY) E/B,ATLANTIC BLVD.,120,E,N,A,-,Y,NA,NA,60,NA,NA,NA,NA,NA,E,N,3,0,2,2,A,-,04,21703,NA,N,C,C,A,A,H,-,A,D,0,NA,NA,NA,NA,Y,NA,A,08,0,1,1,0,0,0,0,0,0,-,-,34.03487014770508,-118.14968872070313,LOS ANGELES,MONTEREY PARK,-118.149658203125,34.03493118286133
91518383,2021,2021-07-12,9550,2021-07-02,1515,020861,NA,5,2,9,1900,0,1,1,NA,2,650,I-605 S/B,SARAGOSA STREET,50,N,N,A,-,Y,NA,NA,605,NA,NA,NA,NA,NA,S,N,4,0,1,2,A,-,03,22350,NA,N,C,C,A,A,H,-,A,D,0,NA,NA,Y,NA,Y,NA,C,02,0,0,1,0,0,0,0,0,0,-,-,33.97896957397461,-118.07774353027344,LOS ANGELES,UNINCORPORATED,-118.07774353027344,33.97897720336914
91518386,2021,2021-07-12,9565,2021-07-01,1759,022104,NA,4,2,9,1900,0,3,5,NA,2,003,STOCKER STREET,FAIRFAX AVENUE,225,W,N,A,-,N,NA,NA,NA,NA,NA,NA,NA,NA,NA,Y,3,0,1,2,A,-,08,22107,NA,F,E,I,A,A,H,-,A,D,0,NA,NA,NA,NA,Y,NA,-,99,0,1,0,0,0,0,0,0,0,-,-,33.998619079589844,-118.3662109375,LOS ANGELES,UNINCORPORATED,-118.36615753173828,33.99853515625
91518447,2021,2021-07-12,9550,2021-07-02,1710,022450,NA,5,2,5,1908,0,1,3,NA,2,091,SR-91 WB FROM LAKEWOOD BLVD.,LAKEWOOD BOULEVARD,115,E,N,A,-,Y,NA,NA,91,NA,NA,NA,R,NA,W,Y,4,0,1,1,A,-,08,22107,NA,N,E,I,A,A,H,-,A,D,0,NA,NA,NA,NA,Y,NA,A,01,0,0,1,0,0,0,0,0,0,-,-,33.87746810913086,-118.14205169677734,LOS ANGELES,BELLFLOWER,-118.14205169677734,33.87746810913086
91518470,2021,2021-07-12,9525,2021-07-01,1645,020823,NA,4,2,9,1900,0,3,5,NA,2,004,AMAR RD.,SUNSET AVE.,0,NA,Y,A,-,N,NA,NA,NA,NA,NA,NA,NA,NA,NA,N,4,0,1,2,A,-,10,21950,A,N,G,B,B,A,H,-,A,A,0,Y,NA,NA,NA,Y,NA,A,07,0,0,1,0,1,0,0,0,0,-,-,34.045188903808594,-117.96317291259766,LOS ANGELES,UNINCORPORATED,-117.96314239501952,34.045345306396484
91518493,2021,2021-07-12,9525,2021-07-12,1600,021542,NA,1,2,6,1975,0,1,1,NA,2,105,I-10 W/B (SAN BERNARDINO FREEWAY),AZUSA AVENUE,500,E,N,A,-,Y,NA,NA,10,NA,NA,NA,NA,NA,W,Y,4,0,1,2,A,-,03,22350,NA,N,C,C,A,A,H,-,A,D,0,NA,NA,NA,NA,Y,NA,D,22,0,0,1,0,0,0,0,0,0,-,-,34.07215118408203,-117.90104675292967,LOS ANGELES,WEST COVINA,-117.90104675292967,34.072174072265625
91518683,2021,2021-07-13,9530,2021-06-30,0815,022120,NA,3,1,9,1900,0,3,5,NA,2,001,83RD ST (1400 BLOCK),COMPTON AVE,210,W,N,A,-,N,NA,NA,NA,NA,NA,NA,NA,NA,NA,N,4,0,1,2,A,-,09,21804,A,N,B,C,A,A,H,-,A,D,0,NA,NA,NA,NA,Y,NA,A,01,0,0,1,0,0,0,0,0,0,-,-,NA,NA,LOS ANGELES,UNINCORPORATED,-118.24838256835938,33.96329116821289
91518718,2021,2021-07-13,9535,2021-06-25,2040,022339,NA,5,2,9,1900,0,1,1,NA,2,401,INTERSTATE 10 WESTBOUND (SAN BERNARDINO FREEWAY) F,DEL MAR AVENUE,670,W,N,A,-,Y,NA,NA,NA,NA,NA,NA,NA,NA,NA,N,3,0,1,1,A,-,08,22107,NA,N,E,I,A,A,H,-,C,D,0,NA,NA,Y,NA,Y,NA,C,02,0,1,0,0,0,0,0,0,1,-,-,34.07209014892578,-118.1018524169922,LOS ANGELES,UNINCORPORATED,-118.10173797607422,34.07173538208008
91518732,2021,2021-07-13,9530,2021-06-29,1705,022585,NA,2,2,9,1900,0,3,5,NA,2,002,EL SEGUNDO BLVD. (500 BLOCK),BROADWAY ST,410,W,N,A,-,N,NA,NA,NA,NA,NA,NA,NA,NA,NA,N,4,0,2,3,A,-,03,22350,NA,N,C,C,A,A,H,-,A,D,0,NA,NA,NA,NA,Y,NA,A,01,0,0,2,0,0,0,0,0,0,-,-,33.9163703918457,-118.27935791015624,LOS ANGELES,UNINCORPORATED,-118.27970886230467,33.916419982910156