CASE_ID,ACCIDENT_YEAR,PROC_DATE,JURIS,COLLISION_DATE,COLLISION_TIME,OFFICER_ID,REPORTING_DISTRICT,DAY_OF_WEEK,CHP_SHIFT,POPULATION,CNTY_CITY_LOC,SPECIAL_COND,BEAT_TYPE,CHP_BEAT_TYPE,CITY_DIVISION_LAPD,CHP_BEAT_CLASS,BEAT_NUMBER,PRIMARY_RD,SECONDARY_RD,DISTANCE,DIRECTION,INTERSECTION,WEATHER_1,WEATHER_2,STATE_HWY_IND,CALTRANS_COUNTY,CALTRANS_DISTRICT,STATE_ROUTE,ROUTE_SUFFIX,POSTMILE_PREFIX,POSTMILE,LOCATION_TYPE,RAMP_INTERSECTION,SIDE_OF_HWY,TOW_AWAY,COLLISION_SEVERITY,NUMBER_KILLED,NUMBER_INJURED,PARTY_COUNT,PRIMARY_COLL_FACTOR,PCF_CODE_OF_VIOL,PCF_VIOL_CATEGORY,PCF_VIOLATION,PCF_VIOL_SUBSECTION,HIT_AND_RUN,TYPE_OF_COLLISION,MVIW,PED_ACTION,ROAD_SURFACE,ROAD_COND_1,ROAD_COND_2,LIGHTING,CONTROL_DEVICE,CHP_ROAD_TYPE,PEDESTRIAN_ACCIDENT,BICYCLE_ACCIDENT,MOTORCYCLE_ACCIDENT,TRUCK_ACCIDENT,NOT_PRIVATE_PROPERTY,ALCOHOL_INVOLVED,STWD_VEHTYPE_AT_FAULT,CHP_VEHTYPE_AT_FAULT,COUNT_SEVERE_INJ,COUNT_VISIBLE_INJ,COUNT_COMPLAINT_PAIN,COUNT_PED_KILLED,COUNT_PED_INJURED,COUNT_BICYCLIST_KILLED,COUNT_BICYCLIST_INJURED,COUNT_MC_KILLED,COUNT_MC_INJURED,PRIMARY_RAMP,SECONDARY_RAMP,LATITUDE,LONGITUDE,COUNTY,CITY,POINT_X,POINT_Y
91529486,2021,2021-07-27,9580,2021-07-25,0923,019715,NA,7,1,7,1942,0,1,3,NA,2,116,SR-118 E/B (RONALD REAGAN FWY.),BALBOA BLVD.,3168,E,N,A,-,Y,NA,NA,118,NA,NA,NA,NA,NA,E,Y,4,0,1,2,A,-,07,21658,A,N,C,C,A,A,H,-,A,D,0,NA,NA,NA,NA,Y,NA,A,01,0,0,1,0,0,0,0,0,0,-,-,34.273868560791016,-118.49246978759766,LOS ANGELES,LOS ANGELES,-118.49244689941406,34.27389907836914
91529488,2021,2021-07-27,9580,2021-07-24,1340,021985,NA,6,1,9,1900,0,1,3,NA,1,230,SR-23 (WESTLAKE BLVD),MULHOLLAND HWY,3000,N,N,A,-,N,NA,NA,23,NA,NA,NA,NA,NA,NA,Y,3,0,1,1,A,-,08,22107,NA,N,F,A,A,A,H,-,A,D,0,NA,NA,Y,NA,Y,NA,C,02,0,1,0,0,0,0,0,0,1,-,-,34.114261627197266,-118.85311126708984,LOS ANGELES,UNINCORPORATED,-118.85297393798828,34.11436462402344
91529504,2021,2021-07-27,9565,2021-07-15,1446,021889,NA,4,2,9,1900,0,1,1,NA,2,060,I-405 S/B,120TH ST,500,N,N,A,-,Y,NA,NA,405,NA,NA,NA,NA,NA,S,N,4,0,1,3,A,-,03,22350,NA,N,C,C,A,A,H,-,A,D,0,NA,NA,NA,NA,Y,NA,A,07,0,0,1,0,0,0,0,0,0,-,-,33.9244499206543,-118.36878967285156,LOS ANGELES,UNINCORPORATED,-118.36865234375,33.92443084716797
91529509,2021,2021-07-27,9525,2021-07-21,1220,019495,NA,3,1,1,1934,0,1,1,NA,2,652,I-605 N/B TO I-210 E/B,I-605 N/B (SAN GABRIEL RIVER FWY),1056,E,N,A,-,Y,NA,NA,NA,NA,NA,NA,NA,NA,NA,N,3,0,1,3,A,-,03,22350,NA,N,C,C,A,A,H,-,A,D,0,NA,NA,NA,NA,Y,NA,A,01,0,1,0,0,0,0,0,0,0,-,-,34.13304138183594,-117.95352172851564,LOS ANGELES,IRWINDALE,-117.95886993408205,34.13319396972656
91529511,2021,2021-07-27,9530,2021-07-15,1939,017860,NA,4,2,7,1941,0,1,1,NA,2,071,I-710 S/B (LONG BEACH FREEWAY),DEL AMO BLVD.,122,N,N,A,-,Y,NA,NA,710,NA,NA,NA,NA,NA,S,Y,4,0,1,1,C,-,18,NA,NA,N,E,I,A,A,H,-,A,D,0,NA,NA,NA,NA,Y,NA,-,-,0,0,1,0,0,0,0,0,0,-,-,33.84700012207031,-118.20565032958984,LOS ANGELES,LONG BEACH,-118.2055892944336,33.84699630737305
91529513,2021,2021-07-27,9530,2021-07-15,1309,017755,NA,4,1,5,1977,0,1,1,NA,2,410,I-405 S/B (SAN DIEGO FREEWAY),FIGUEROA ST.,5,N,N,A,-,Y,NA,NA,405,NA,NA,NA,NA,NA,S,Y,3,0,2,2,A,-,08,22107,NA,N,C,2,A,A,H,-,A,D,0,NA,NA,NA,NA,Y,NA,A,01,0,2,0,0,0,0,0,0,0,-,-,33.8543701171875,-118.28202056884766,LOS ANGELES,CARSON,-118.2819366455078,33.85446548461914
91529514,2021,2021-07-27,9535,2021-07-15,0636,020902,NA,4,1,9,1900,0,1,3,NA,2,601,SR-60 W/B TO INDIANA ST,INDIANA ST.,200,E,N,A,-,Y,NA,NA,60,NA,NA,NA,R,NA,W,N,4,0,1,2,A,-,03,22350,NA,N,C,C,A,A,H,-,A,D,0,NA,NA,NA,NA,Y,NA,A,01,0,0,1,0,0,0,0,0,0,-,-,34.03200912475586,-118.19200134277344,LOS ANGELES,UNINCORPORATED,-118.19200134277344,34.03200912475586
91529515,2021,2021-07-27,9565,2021-07-15,0805,022378,NA,4,1,9,1900,0,1,1,NA,2,012,I-105 W/B (CENTURY FREEWAY),NORMANDIE AVE,600,W,N,A,-,Y,NA,NA,105,NA,NA,NA,NA,NA,W,N,4,0,1,3,A,-,03,22350,NA,N,C,C,A,A,H,-,A,D,0,NA,NA,NA,NA,Y,NA,A,01,0,0,1,0,0,0,0,0,0,-,-,33.927101135253906,-118.3027801513672,LOS ANGELES,UNINCORPORATED,-118.30278778076172,33.9271240234375
91529517,2021,2021-07-27,9575,2021-07-15,1620,020918,NA,4,2,6,1925,0,1,3,NA,2,042,SR-134 W/B (VENTURA FREEWAY),SAN FERNANDO RD.,1162,E,N,A,F,Y,NA,NA,134,NA,NA,NA,NA,NA,W,Y,4,0,1,5,A,-,07,21658,A,M,B,C,A,A,H,-,A,D,0,NA,NA,NA,NA,Y,NA,-,99,0,0,1,0,0,0,0,0,0,-,-,34.15483093261719,-118.27163696289064,LOS ANGELES,GLENDALE,-118.27162933349608,34.1547966003418
91529541,2021,2021-07-27,9540,2021-07-15,0600,020451,NA,4,1,7,1942,0,1,1,NA,1,503,I-5 S/B (GOLDEN STATE FREEWAY),BALBOA BLVD,685,S,N,A,-,Y,NA,NA,5,NA,NA,NA,NA,NA,S,Y,4,0,1,2,A,-,07,21658,A,N,B,C,A,A,H,-,B,D,0,NA,NA,NA,NA,Y,NA,A,07,0,0,1,0,0,0,0,0,0,-,-,34.31964874267578,-118.49430084228516,LOS ANGELES,LOS ANGELES,-118.49427795410156,34.31968307495117
91529574,2021,2021-07-27,9530,2021-07-15,1755,022079,NA,4,2,9,1900,0,3,5,NA,2,001,FIRESTONE BLVD.,MAIE AVE.,180,W,N,A,-,N,NA,NA,NA,NA,NA,NA,NA,NA,NA,N,3,0,1,2,A,-,03,22350,NA,F,C,C,A,A,H,-,A,D,0,NA,NA,NA,NA,Y,NA,-,99,0,1,0,0,0,0,0,0,0,-,-,33.96012878417969,-118.24498748779295,LOS ANGELES,UNINCORPORATED,-118.24503326416016,33.96015167236328
91529575,2021,2021-07-27,9530,2021-07-16,0450,021123,NA,5,3,9,1900,0,3,5,NA,2,001,FLORENCE AVE.,ALAMEDA ST.,0,NA,Y,A,-,N,NA,NA,NA,NA,NA,NA,NA,NA,NA,Y,3,0,1,2,A,-,12,21453,A,N,D,C,A,A,H,-,C,A,0,NA,NA,NA,NA,Y,NA,A,07,0,1,0,0,0,0,0,0,0,-,-,33.9747200012207,-118.23468780517578,LOS ANGELES,UNINCORPORATED,-118.23471069335938,33.9747314453125
91529619,2021,2021-07-27,9550,2021-07-15,1917,022164,NA,4,2,9,1900,0,1,3,NA,2,600,STATE ROUTE 60 (POMONA FREEWAY),WORKMAN MILL ROAD,100,E,N,A,-,Y,NA,NA,60,NA,NA,NA,NA,NA,NA,Y,4,0,1,2,A,-,03,22350,NA,N,C,C,A,A,H,-,A,D,0,NA,NA,NA,NA,Y,NA,A,01,0,0,1,0,0,0,0,0,0,-,-,34.031551361083984,-118.022216796875,LOS ANGELES,UNINCORPORATED,-118.02222442626952,34.03154373168945
91529686,2021,2021-07-27,9550,2021-07-16,2150,021876,NA,5,2,5,1919,0,1,1,NA,2,652,INTERSTATE 605 SOUTHBOUND,STATE ROUTE 91,1500,N,N,A,-,Y,NA,NA,605,NA,NA,NA,NA,NA,S,Y,4,0,1,2,A,-,08,22107,NA,N,C,C,A,A,H,-,C,D,0,NA,NA,NA,NA,Y,NA,A,01,0,0,1,0,0,0,0,0,0,-,-,33.881168365478516,-118.10414123535156,LOS ANGELES,CERRITOS,-118.10403442382813,33.88119125366211
91529700,2021,2021-07-27,9550,2021-07-16,2017,020037,NA,5,2,5,1919,0,1,3,NA,2,091,STATE ROUTE 91 WESTBOUND (ARTESIA FWY),GRIDLEY ROAD,100,W,N,A,-,Y,NA,NA,91,NA,NA,NA,NA,NA,W,N,4,0,1,4,A,-,03,22350,NA,F,C,C,A,A,H,-,C,D,0,NA,NA,NA,NA,Y,NA,-,99,0,0,1,0,0,0,0,0,0,-,-,33.87649154663086,-118.09195709228516,LOS ANGELES,CERRITOS,-118.09195709228516,33.87641525268555
91529703,2021,2021-07-27,9525,2021-07-17,1310,018729,NA,6,1,5,1990,0,1,3,NA,2,574,SR-57 N/B (ORANGE FWY),PATHFINDER RD.,2640,N,N,A,-,Y,NA,NA,57,NA,NA,NA,NA,NA,N,Y,4,0,1,3,A,-,07,21658,A,N,B,C,A,A,E,-,A,D,0,NA,NA,Y,NA,Y,NA,C,02,0,0,1,0,0,0,0,0,1,-,-,33.99161911010742,-117.8424835205078,LOS ANGELES,DIAMOND BAR,-117.84239196777344,33.99160385131836
91529711,2021,2021-07-27,9430,2021-07-16,0850,017153,NA,5,1,9,1900,0,1,1,NA,2,051,I-5 S/B,TEJON PASS ROAD,2693,S,N,A,-,Y,NA,NA,NA,NA,NA,NA,NA,NA,NA,Y,3,0,1,3,A,-,08,22107,NA,N,B,C,A,A,H,-,A,D,0,NA,NA,NA,Y,Y,NA,A,01,0,1,0,0,0,0,0,0,0,-,-,34.47515869140625,-118.52140045166016,LOS ANGELES,UNINCORPORATED,-118.87020111083984,34.797786712646484
91529715,2021,2021-08-06,9525,2021-07-16,0145,015988,NA,5,3,4,1913,0,1,1,NA,2,110,I-10 E/B (SAN BERNARDINO FREEWAY),INDIAN HIL BLVD.,1584,E,N,A,-,Y,NA,NA,10,NA,NA,NA,NA,NA,E,Y,2,0,2,3,A,-,07,21658,A,F,C,C,A,A,D,-,D,D,0,NA,NA,NA,NA,Y,NA,D,22,1,1,0,0,0,0,0,0,0,-,-,34.08169174194336,-117.7135009765625,LOS ANGELES,CLAREMONT,-117.7135009765625,34.081756591796875
91529719,2021,2021-07-27,9550,2021-07-16,2205,022167,NA,5,3,6,1920,0,1,1,NA,2,651,I-105 E/B,ARDIS AVENUE,670,W,N,A,-,Y,NA,NA,105,NA,NA,NA,NA,NA,E,N,4,0,1,3,A,-,03,22350,NA,N,C,C,A,A,H,-,D,D,0,NA,NA,NA,NA,Y,NA,A,01,0,0,1,0,0,0,0,0,0,-,-,33.91228103637695,-118.13201904296876,LOS ANGELES,DOWNEY,-118.13201904296876,33.91297149658203
91529738,2021,2021-07-27,9565,2021-07-15,0030,022099,NA,4,3,9,1900,0,1,1,NA,2,012,INTERSTATE 105 W/B (CENTURY FWY),WILTON PL,400,W,N,A,-,Y,NA,NA,105,NA,NA,NA,NA,NA,W,Y,4,0,1,2,A,-,03,22350,NA,F,C,C,A,A,H,-,D,D,0,NA,NA,NA,NA,Y,NA,A,01,0,0,1,0,0,0,0,0,0,-,-,33.9256706237793,-118.31468963623048,LOS ANGELES,UNINCORPORATED,-118.31468963623048,33.92560958862305
91529778,2021,2021-07-27,9530,2021-07-16,1535,020956,NA,5,2,5,1977,0,1,1,NA,2,410,I-405 S/B (SAN DEIGO FREEWAY),DEL AMO BOULEVARD,400,S,N,A,-,Y,NA,NA,405,NA,NA,NA,NA,NA,S,N,4,0,1,2,A,-,07,21658,A,N,B,C,A,A,H,-,A,D,0,NA,NA,Y,NA,Y,NA,A,07,0,0,1,0,0,0,0,0,1,-,-,33.8453483581543,-118.26960754394533,LOS ANGELES,CARSON,-118.26962280273438,33.8453369140625
91529840,2021,2021-07-27,9590,2021-02-16,0300,017878,NA,2,3,7,1942,0,1,1,NA,2,020,I-10 E/B (SAN BERNARDINO FREEWAY),STATE STREET,225,W,N,A,-,Y,NA,NA,10,NA,NA,NA,NA,NA,E,Y,1,1,0,1,A,-,08,22107,NA,N,E,I,A,A,H,-,C,D,0,NA,NA,NA,NA,Y,NA,A,07,0,0,0,0,0,0,0,0,0,-,-,34.05495834350586,-118.21267700195313,LOS ANGELES,LOS ANGELES,-118.2126693725586,34.05500793457031
91529844,2021,2021-07-27,9565,2021-07-15,0920,016943,NA,4,1,9,1900,0,1,1,NA,2,062,I-405 N/B TO I-10,NATIONAL BLVD,100,N,N,A,-,Y,NA,NA,NA,NA,NA,NA,NA,NA,NA,N,3,0,1,2,A,-,08,22107,NA,N,F,A,A,A,H,-,A,D,0,NA,NA,NA,NA,Y,NA,A,01,0,1,0,0,0,0,0,0,0,-,-,34.029991149902344,-118.43118286132813,LOS ANGELES,UNINCORPORATED,-118.43012237548828,34.027099609375
91529858,2021,2021-07-27,9565,2021-05-31,0110,022437,NA,1,3,7,1942,0,1,1,NA,2,082,I-10 E/B (SANTA MONICA FWY),BUNDY DR,528,E,N,A,-,Y,NA,NA,10,NA,NA,NA,NA,NA,E,Y,3,0,1,2,A,-,01,23152,A,N,B,C,A,A,H,-,C,D,0,NA,NA,NA,NA,Y,Y,A,01,0,1,0,0,0,0,0,0,0,-,-,34.02880096435547,-118.4465103149414,LOS ANGELES,LOS ANGELES,-118.44652557373048,34.02886962890625
91529880,2021,2021-07-27,9530,2021-07-16,1800,022380,NA,5,2,9,1900,0,1,1,NA,2,120,I-110 S/B (HARBOR FREEWAY,190TH ST,25,S,N,A,-,Y,NA,NA,110,NA,NA,NA,NA,NA,S,N,4,0,1,1,A,-,08,22107,NA,N,E,I,A,A,H,-,A,D,0,NA,NA,NA,NA,Y,NA,A,01,0,0,1,0,0,0,0,0,0,-,-,33.86098861694336,-118.28524780273438,LOS ANGELES,UNINCORPORATED,-118.28512573242188,33.86101531982422
91529904,2021,2021-07-27,9525,2021-07-15,1635,018651,NA,4,2,5,1990,0,1,3,NA,2,574,SR-57 N/B (ORANGE FWY),DIAMOND BAR BLVD.,1056,N,N,A,-,Y,NA,NA,57,NA,NA,NA,NA,NA,N,N,4,0,1,2,A,-,03,22350,NA,N,C,C,A,A,D,-,A,D,0,NA,NA,NA,NA,Y,NA,A,01,0,0,1,0,0,0,0,0,0,-,-,33.973941802978516,-117.84439086914064,LOS ANGELES,DIAMOND BAR,-117.84437561035156,33.97392654418945
91529920,2021,2021-07-27,9550,2021-07-16,1525,021656,NA,5,2,6,1920,0,1,1,NA,2,150,INTERSTATE 105 E/B (GLENN ANDERSON FREEWAY),BELLFLOWER BOULEVARD,500,E,N,A,-,Y,NA,NA,105,NA,NA,NA,NA,NA,E,N,4,0,1,2,A,-,03,22350,NA,N,C,C,A,A,H,-,A,D,0,NA,NA,NA,Y,Y,NA,F,25,0,0,1,0,0,0,0,0,0,-,-,33.913089752197266,-118.12374114990234,LOS ANGELES,DOWNEY,-118.12374114990234,33.91313171386719
91529922,2021,2021-07-27,9545,2021-07-16,1100,017305,NA,5,1,9,1900,0,1,3,NA,1,042,SR-138,SR-18,165,W,N,A,-,Y,NA,NA,138,NA,NA,NA,NA,NA,NA,Y,4,0,1,1,A,-,08,22107,NA,N,F,A,A,A,H,-,A,D,0,NA,NA,NA,NA,Y,NA,A,07,0,0,1,0,0,0,0,0,0,-,-,34.498600006103516,-117.740966796875,LOS ANGELES,UNINCORPORATED,-117.740966796875,34.49852752685547
91529924,2021,2021-07-27,9535,2021-07-15,1702,022159,NA,4,2,6,1922,0,1,1,NA,2,400,I-10 (SAN BERNARDINO FREEWAY) E/B,SANTA ANITA AVE.,50,W,N,A,-,Y,NA,NA,10,NA,NA,NA,NA,NA,E,N,4,0,1,2,A,-,03,22350,NA,N,C,C,A,A,H,-,A,D,0,NA,NA,NA,NA,Y,NA,A,08,0,0,1,0,0,0,0,0,0,-,-,34.06869125366211,-118.04251861572266,LOS ANGELES,EL MONTE,-118.04251098632813,34.0687370300293
91529941,2021,2021-07-27,9550,2021-05-25,1830,022167,NA,2,2,9,1900,0,3,5,NA,2,002,MILLS AVENUE,DICKEY STREET,187,N,N,A,-,N,NA,NA,NA,NA,NA,NA,NA,NA,NA,Y,2,0,1,3,A,-,09,21804,A,F,B,C,A,A,H,-,A,D,0,NA,NA,Y,NA,Y,NA,-,99,1,0,0,0,0,0,0,0,1,-,-,33.94245910644531,-118.02845764160156,LOS ANGELES,UNINCORPORATED,-118.0286102294922,33.94243240356445
91529965,2021,2021-07-27,9550,2021-06-19,2340,022430,NA,6,3,9,1900,0,1,1,NA,2,650,I-605 NB TO WASHINGTON BOULEVARD,WASHINGTON BOULEVARD,590,N,N,A,-,Y,NA,NA,605,NA,NA,NA,R,NA,N,Y,3,0,3,2,A,-,03,22350,NA,F,C,C,A,A,H,-,C,D,0,NA,NA,NA,NA,Y,NA,-,99,0,2,1,0,0,0,0,0,0,-,-,33.97565841674805,-118.07907104492188,LOS ANGELES,UNINCORPORATED,-118.07907104492188,33.97565841674805
91529981,2021,2021-07-27,9525,2021-07-24,1415,021809,NA,6,2,5,1906,0,1,1,NA,2,103,I-10 W/B (SAN BERNARDINO FREEWAY),BALDWIN PARK BLVD.,200,W,N,A,-,Y,NA,NA,10,NA,NA,NA,NA,NA,W,N,3,0,1,2,A,-,07,21658,A,N,B,C,A,A,H,-,A,D,0,NA,NA,NA,NA,Y,Y,D,22,0,1,0,0,0,0,0,0,0,-,-,34.06761932373047,-117.98238372802734,LOS ANGELES,BALDWIN PARK,-117.98236846923828,34.06753158569336
91529989,2021,2021-07-27,9550,2021-07-17,1635,022474,NA,6,2,9,1900,0,2,4,NA,1,031,HACIENDA BOULEVARD S/B,SR-60 WB TO HACIENDA BOULEVARD,40,N,N,A,-,N,NA,NA,NA,NA,NA,NA,NA,NA,NA,Y,3,0,4,2,A,-,03,22350,NA,N,C,C,A,A,H,-,A,A,0,NA,NA,NA,NA,Y,NA,A,01,0,2,2,0,0,0,0,0,0,-,-,34.00798034667969,-117.96405792236328,LOS ANGELES,UNINCORPORATED,-117.96678924560548,33.97313690185547
91530020,2021,2021-07-27,9550,2021-07-17,1730,022587,NA,6,2,5,1919,0,1,3,NA,2,092,SR-91 W/B,CARMENITA RD.,250,W,N,A,-,Y,NA,NA,NA,NA,NA,NA,NA,NA,NA,Y,4,0,5,3,A,-,03,22350,NA,N,C,C,A,A,H,-,A,D,0,NA,NA,NA,NA,Y,NA,A,01,0,0,5,0,0,0,0,0,0,-,-,33.864559173583984,-118.04277801513672,LOS ANGELES,CERRITOS,-118.04644775390624,33.86417007446289
91530041,2021,2021-07-27,9550,2021-07-18,0050,022239,NA,7,3,9,1900,0,3,5,NA,2,005,HARBOR BLVD,VANTAGE POINTE DR,1300,N,N,A,-,N,NA,NA,NA,NA,NA,NA,NA,NA,NA,Y,4,0,1,1,A,-,08,22107,NA,N,E,I,A,D,H,-,C,D,0,NA,NA,NA,NA,Y,NA,A,01,0,0,1,0,0,0,0,0,0,-,-,33.862388610839844,-117.91445922851564,LOS ANGELES,UNINCORPORATED,-117.91453552246094,33.96230697631836
91530072,2021,2021-07-27,9550,2021-07-18,0205,021578,NA,7,3,9,1900,0,1,1,NA,2,650,I-605 N/B,ROSE HILLS RD.,300,S,N,A,-,Y,NA,NA,NA,NA,NA,NA,NA,NA,NA,N,3,0,1,1,A,-,01,23152,A,N,E,I,A,A,H,-,C,D,0,NA,NA,NA,NA,Y,Y,A,01,0,1,0,0,0,0,0,0,0,-,-,34.016700744628906,-118.05442810058594,LOS ANGELES,UNINCORPORATED,-118.05347442626952,34.01734161376953
91530074,2021,2021-07-27,9535,2021-07-15,2100,022159,NA,4,2,5,1906,0,1,1,NA,2,651,I-605 ( SAN GABRIEL RIVER FREEWAY) S/B,VALLEY BLVD.,1000,N,N,A,-,Y,NA,NA,605,NA,NA,NA,NA,NA,S,Y,4,0,1,1,A,-,08,22107,NA,N,E,I,A,A,C,-,D,D,0,NA,NA,NA,NA,Y,NA,A,01,0,0,1,0,0,0,0,0,0,-,-,34.0570182800293,-118.00283050537108,LOS ANGELES,BALDWIN PARK,-118.00289154052734,34.05705261230469
91530137,2021,2021-07-27,9525,2021-07-20,1800,020370,NA,2,2,6,1955,0,1,3,NA,2,614,SR-60 E/B (POMONA FWY),RESERVOIR ST.,800,W,N,A,-,Y,NA,NA,60,NA,NA,NA,NA,NA,E,Y,4,0,3,2,A,-,03,22350,NA,N,C,C,A,A,H,-,A,D,0,NA,NA,NA,NA,Y,NA,A,07,0,0,3,0,0,0,0,0,0,-,-,34.024539947509766,-117.7395477294922,LOS ANGELES,POMONA,-117.73955535888672,34.02457809448242
91530139,2021,2021-07-27,9550,2021-07-18,1710,020709,NA,7,2,6,1920,0,1,1,NA,2,500,I-5 S/B,PARAMOUNT BLVD.,75,S,N,A,-,Y,NA,NA,5,NA,NA,NA,NA,NA,S,Y,4,0,3,2,A,-,03,22350,NA,N,C,C,A,A,H,-,A,D,0,NA,NA,NA,NA,Y,NA,A,08,0,0,3,0,0,0,0,0,0,-,-,33.96406936645508,-118.12007904052734,LOS ANGELES,DOWNEY,-118.12005615234376,33.96409225463867
91530325,2021,2021-07-28,9590,2021-04-08,2211,021848,NA,4,3,7,1942,0,1,1,NA,2,061,I-10 WESTBOUND (SANTA MONICA FREEWAY),WASHINGTON BOULEVARD,143,E,N,A,-,Y,NA,NA,10,NA,NA,NA,NA,NA,W,N,1,1,0,2,C,-,18,NA,NA,F,G,B,E,A,H,-,E,D,0,Y,NA,NA,NA,Y,NA,-,-,0,0,0,1,0,0,0,0,0,-,-,34.034881591796875,-118.36739349365234,LOS ANGELES,LOS ANGELES,-118.3673858642578,34.034908294677734
91530326,2021,2021-07-28,9530,2021-07-16,0045,022197,NA,5,3,9,1900,0,3,5,NA,2,001,FIRESTONE BLVD. (1800 BLOCK),HOLMES AVE.,50,E,N,A,-,N,NA,NA,NA,NA,NA,NA,NA,NA,NA,Y,3,0,1,2,A,-,03,22350,NA,N,C,C,A,A,H,-,C,D,0,NA,NA,NA,NA,Y,NA,A,07,0,1,0,0,0,0,0,0,0,-,-,33.960208892822266,-118.24002838134766,LOS ANGELES,UNINCORPORATED,-118.24068450927734,33.96015167236328
91530328,2021,2021-07-28,9590,2021-04-08,2210,021848,NA,4,3,7,1942,0,1,1,NA,2,061,I-10 WESTBOUND (SANTA MONICA FREEWAY),WASHINGTON BOULEVARD,222,E,N,A,-,Y,NA,NA,10,NA,NA,NA,NA,NA,W,N,2,0,1,2,A,-,11,21954,A,N,G,B,E,A,H,-,E,D,0,Y,NA,NA,NA,Y,NA,N,60,1,0,0,0,1,0,0,0,0,-,-,34.03485870361328,-118.367431640625,LOS ANGELES,LOS ANGELES,-118.36741638183594,34.034915924072266
91530335,2021,2021-07-28,9590,2021-05-10,1045,021606,NA,1,1,7,1942,0,1,1,NA,2,052,I-110 N/B (HARBOR FREEWAY),2ND ST.,50,N,N,B,-,Y,NA,NA,110,NA,NA,NA,NA,NA,N,N,3,0,1,3,A,-,03,22350,NA,N,C,C,A,A,H,-,A,D,0,NA,NA,NA,NA,Y,NA,A,01,0,1,0,0,0,0,0,0,0,-,-,34.05765151977539,-118.25437927246094,LOS ANGELES,LOS ANGELES,-118.2543716430664,34.05764389038086
91530336,2021,2021-07-28,9530,2021-07-16,1710,022453,NA,5,2,9,1900,0,3,5,NA,2,001,MIRAMONTE BLVD (7100 BLOCK),FLORENCE AVE.,228,N,N,A,-,N,NA,NA,NA,NA,NA,NA,NA,NA,NA,N,3,0,1,2,A,-,03,22350,NA,N,C,E,A,A,H,-,A,D,0,NA,NA,NA,NA,Y,NA,A,01,0,1,0,0,0,0,0,0,0,-,-,33.97562026977539,-118.24530029296876,LOS ANGELES,UNINCORPORATED,-118.24549865722656,33.97475051879883
91530339,2021,2021-07-28,9540,2021-07-24,1210,020400,NA,6,1,7,1942,0,1,1,NA,2,466,I-405 N/B,SR-118,300,N,N,A,-,Y,NA,NA,405,NA,NA,NA,NA,NA,N,Y,4,0,1,2,A,-,03,22350,NA,N,C,C,A,A,H,-,A,D,0,NA,NA,Y,NA,Y,NA,C,02,0,0,1,0,0,0,0,0,1,-,-,34.26749038696289,-118.4721221923828,LOS ANGELES,LOS ANGELES,-118.47203826904295,34.26749038696289
91530341,2021,2021-07-28,9545,2021-07-14,0255,021360,NA,3,3,9,1900,0,1,3,NA,2,021,SR-14 S/B,TECHNOLOGY DR,693,N,N,A,-,Y,NA,NA,NA,NA,NA,NA,NA,NA,NA,Y,3,0,5,2,A,-,08,22107,NA,N,E,8,A,A,H,-,D,D,0,NA,NA,NA,NA,Y,NA,A,07,0,3,2,0,0,0,0,0,0,-,-,34.596290588378906,-118.13584136962892,LOS ANGELES,UNINCORPORATED,-118.13560485839844,34.59587860107422
91530356,2021,2021-07-28,9530,2021-07-17,0010,021465,NA,6,3,9,1900,0,1,1,NA,2,071,I-710 NB (LONG BEACH FWY),LONG BEACH BLVD.,1305,N,N,A,-,Y,NA,NA,NA,NA,NA,NA,NA,NA,NA,Y,3,0,2,2,A,-,07,21658,A,N,B,C,A,A,H,-,C,D,0,NA,NA,NA,NA,Y,NA,A,01,0,1,1,0,0,0,0,0,0,-,-,33.86587905883789,-118.19715881347656,LOS ANGELES,UNINCORPORATED,-118.19912719726564,33.8625602722168
91530371,2021,2021-07-28,9525,2021-07-27,0800,016252,NA,2,1,6,1975,0,1,1,NA,2,103,I-10 W/B (SAN BERNARDINO FWY),PACIFIC AVE,500,W,N,A,-,Y,NA,NA,10,NA,NA,NA,NA,NA,W,Y,3,0,1,3,A,-,03,22350,NA,N,C,C,A,A,H,-,A,D,0,NA,NA,NA,NA,Y,NA,D,22,0,1,0,0,0,0,0,0,0,-,-,34.07212829589844,-117.94418334960938,LOS ANGELES,WEST COVINA,-117.94417572021484,34.072105407714844
91530375,2021,2021-07-28,9545,2021-07-15,2050,020547,NA,4,2,9,1900,0,3,5,NA,2,001,AVENUE L,45TH STREET WEST,0,NA,Y,A,-,N,NA,NA,NA,NA,NA,NA,NA,NA,NA,Y,4,0,3,2,A,-,09,21801,A,N,D,C,A,A,H,-,C,A,0,NA,NA,NA,NA,Y,NA,A,07,0,0,3,0,0,0,0,0,0,-,-,34.660179138183594,-118.21006774902344,LOS ANGELES,UNINCORPORATED,-118.21012115478516,34.66019821166992
91530384,2021,2021-07-28,9590,2021-05-09,2016,022189,NA,7,2,7,1942,0,1,1,NA,2,085,I-5 S/B (GSF),GILROY STREET,440,S,N,A,-,Y,NA,NA,5,NA,NA,NA,NA,NA,S,Y,2,0,1,2,A,-,11,21954,A,N,E,B,E,A,H,-,C,D,0,Y,NA,NA,NA,Y,Y,N,60,1,0,0,0,1,0,0,0,0,-,-,34.1038818359375,-118.25205230712892,LOS ANGELES,LOS ANGELES,-118.25201416015624,34.10392761230469