CASE_ID,ACCIDENT_YEAR,PROC_DATE,JURIS,COLLISION_DATE,COLLISION_TIME,OFFICER_ID,REPORTING_DISTRICT,DAY_OF_WEEK,CHP_SHIFT,POPULATION,CNTY_CITY_LOC,SPECIAL_COND,BEAT_TYPE,CHP_BEAT_TYPE,CITY_DIVISION_LAPD,CHP_BEAT_CLASS,BEAT_NUMBER,PRIMARY_RD,SECONDARY_RD,DISTANCE,DIRECTION,INTERSECTION,WEATHER_1,WEATHER_2,STATE_HWY_IND,CALTRANS_COUNTY,CALTRANS_DISTRICT,STATE_ROUTE,ROUTE_SUFFIX,POSTMILE_PREFIX,POSTMILE,LOCATION_TYPE,RAMP_INTERSECTION,SIDE_OF_HWY,TOW_AWAY,COLLISION_SEVERITY,NUMBER_KILLED,NUMBER_INJURED,PARTY_COUNT,PRIMARY_COLL_FACTOR,PCF_CODE_OF_VIOL,PCF_VIOL_CATEGORY,PCF_VIOLATION,PCF_VIOL_SUBSECTION,HIT_AND_RUN,TYPE_OF_COLLISION,MVIW,PED_ACTION,ROAD_SURFACE,ROAD_COND_1,ROAD_COND_2,LIGHTING,CONTROL_DEVICE,CHP_ROAD_TYPE,PEDESTRIAN_ACCIDENT,BICYCLE_ACCIDENT,MOTORCYCLE_ACCIDENT,TRUCK_ACCIDENT,NOT_PRIVATE_PROPERTY,ALCOHOL_INVOLVED,STWD_VEHTYPE_AT_FAULT,CHP_VEHTYPE_AT_FAULT,COUNT_SEVERE_INJ,COUNT_VISIBLE_INJ,COUNT_COMPLAINT_PAIN,COUNT_PED_KILLED,COUNT_PED_INJURED,COUNT_BICYCLIST_KILLED,COUNT_BICYCLIST_INJURED,COUNT_MC_KILLED,COUNT_MC_INJURED,PRIMARY_RAMP,SECONDARY_RAMP,LATITUDE,LONGITUDE,COUNTY,CITY,POINT_X,POINT_Y
91547665,2021,2021-08-18,9540,2021-08-06,1825,021078,NA,5,2,9,1900,0,2,4,NA,2,012,PICO CANYON RD. (24800 BLOCK),MARRIOTT WAY,300,E,N,A,-,N,NA,NA,NA,NA,NA,NA,NA,NA,NA,N,4,0,2,2,A,-,03,22350,NA,N,C,C,A,A,H,-,A,A,0,NA,NA,NA,NA,Y,NA,A,01,0,0,2,0,0,0,0,0,0,-,-,34.379661560058594,-118.56794738769533,LOS ANGELES,UNINCORPORATED,-118.56797790527344,34.379737854003906
91547674,2021,2021-08-18,9580,2021-08-08,0150,022573,NA,7,3,7,1942,0,1,3,NA,2,114,SR-118 E/B (RONALD REAGAN FWY) TO LAUREL CANYON BL,LAUREL CANYON BOULEVARD,739,W,N,A,-,Y,NA,NA,118,NA,NA,NA,R,NA,E,N,3,0,3,2,A,-,01,23152,A,N,C,C,A,A,H,-,D,D,0,NA,NA,NA,NA,Y,Y,A,01,0,3,0,0,0,0,0,0,0,-,-,34.26642990112305,-118.44317626953124,LOS ANGELES,LOS ANGELES,-118.44317626953124,34.26642990112305
91547687,2021,2021-08-18,9580,2021-08-10,1724,022653,NA,2,2,7,1942,0,1,3,NA,2,170,SR-170 N/B (HOLLYWOOD FWY.),STRATHERN ST,525,S,N,A,-,Y,NA,NA,170,NA,NA,NA,NA,NA,N,Y,4,0,1,2,A,-,03,22350,NA,N,C,C,A,A,H,-,A,D,0,NA,NA,NA,NA,Y,NA,A,07,0,0,1,0,0,0,0,0,0,-,-,34.214168548583984,-118.40809631347656,LOS ANGELES,LOS ANGELES,-118.40801239013672,34.214195251464844
91547688,2021,2021-08-18,9540,2021-08-16,0820,019721,NA,1,1,6,1985,0,1,3,NA,2,149,SR-14 S/B,SAN FERNANDO RD UNDER CROSSING,200,N,N,A,-,Y,NA,NA,NA,NA,NA,NA,NA,NA,NA,Y,4,0,3,4,A,-,03,22350,NA,N,C,C,A,A,H,-,A,D,0,NA,NA,NA,NA,Y,NA,A,07,0,0,3,0,0,0,0,0,0,-,-,34.331661224365234,-118.50698852539064,LOS ANGELES,SANTA CLARITA,-118.50366973876952,34.36509704589844
91547691,2021,2021-08-18,9550,2021-08-08,1605,022474,NA,7,2,5,1908,0,1,3,NA,2,091,STATE ROUTE 91 EASTBOUND,INTERSTATE 605,1250,W,N,A,-,Y,NA,NA,91,NA,NA,NA,NA,NA,E,N,4,0,2,3,A,-,03,22350,NA,F,C,C,A,A,H,-,A,D,0,NA,NA,NA,NA,Y,NA,A,01,0,0,2,0,0,0,0,0,0,-,-,33.876651763916016,-118.10855865478516,LOS ANGELES,BELLFLOWER,-118.10855865478516,33.876644134521484
91547700,2021,2021-08-18,9550,2021-08-10,2015,022048,NA,2,2,3,1964,0,1,1,NA,2,500,I-5 NORTH,FLORENCE AVE,2640,N,N,A,-,Y,NA,NA,5,NA,NA,NA,NA,NA,NA,Y,4,0,1,3,A,-,03,22350,NA,N,C,C,A,A,H,-,A,D,0,NA,NA,NA,NA,Y,NA,A,01,0,0,1,0,0,0,0,0,0,-,-,33.94131088256836,-118.09662628173828,LOS ANGELES,SANTA FE SPRINGS,-118.09662628173828,33.941314697265625
91547711,2021,2021-08-18,9575,2021-08-07,0210,021254,NA,6,3,6,1925,0,1,3,NA,2,042,SR-134 E/B (VENTURA FREEWAY),GENEVA STREET,325,W,N,A,-,Y,NA,NA,134,NA,NA,NA,NA,NA,E,Y,3,0,1,2,A,-,01,23152,A,N,C,C,A,A,H,-,C,D,0,NA,NA,NA,NA,Y,Y,A,08,0,1,0,0,0,0,0,0,0,-,-,34.156280517578125,-118.24797058105467,LOS ANGELES,GLENDALE,-118.24797058105467,34.156288146972656
91547712,2021,2021-08-18,9580,2021-08-12,1350,021985,NA,4,1,7,1942,0,1,2,NA,2,102,US-101 N/B (VENTURA FREEWAY),VAN NUYS BLVD,600,N,N,A,-,Y,NA,NA,101,NA,NA,NA,NA,NA,N,Y,4,0,1,2,A,-,03,22350,NA,N,C,C,A,A,H,-,A,D,0,NA,NA,NA,NA,Y,NA,A,01,0,0,1,0,0,0,0,0,0,-,-,34.15790939331055,-118.45410919189452,LOS ANGELES,LOS ANGELES,-118.45410919189452,34.157867431640625
91547738,2021,2021-08-18,9550,2021-08-10,2255,019808,NA,2,3,9,1900,0,1,1,NA,2,650,I-605 SOUTHBOUND,SARAGOSA STREET,1000,N,N,A,-,Y,NA,NA,605,NA,NA,NA,NA,NA,S,Y,3,0,3,3,A,-,03,22350,NA,N,C,C,A,A,H,-,C,D,0,NA,NA,NA,Y,Y,NA,A,01,0,3,0,0,0,0,0,0,0,-,-,33.98081970214844,-118.07582855224608,LOS ANGELES,UNINCORPORATED,-118.07585906982422,33.98085021972656
91547747,2021,2021-08-18,9590,2021-07-07,1510,022189,NA,3,2,7,1942,0,1,3,NA,2,095,SR-2 W/B,AVE 36,200,E,N,A,-,Y,NA,NA,2,NA,NA,NA,NA,NA,W,Y,4,0,2,2,A,-,03,22350,NA,N,C,C,A,A,H,-,A,D,0,NA,NA,NA,NA,Y,NA,A,01,0,0,2,0,0,0,0,0,0,-,-,34.11840057373047,-118.23441314697266,LOS ANGELES,LOS ANGELES,-118.23438262939452,34.118350982666016
91547776,2021,2021-08-18,9590,2021-07-08,1730,022189,NA,4,2,7,1942,0,1,1,NA,2,021,I-10 W/B,STATE STREET,500,E,N,A,-,Y,NA,NA,10,NA,NA,NA,NA,NA,W,N,4,0,1,2,A,-,03,22350,NA,N,C,C,A,A,H,-,A,D,0,NA,NA,NA,NA,Y,NA,A,07,0,0,1,0,0,0,0,0,0,-,-,34.054481506347656,-118.21002960205078,LOS ANGELES,LOS ANGELES,-118.21002197265624,34.054508209228516
91547788,2021,2021-08-18,9550,2021-05-29,2345,021121,NA,6,3,9,1900,0,1,3,NA,2,601,STATE ROUTE 60 E/B,STONER CREEK ROAD,1000,W,N,A,-,Y,NA,NA,NA,NA,NA,NA,NA,NA,NA,Y,4,0,2,3,A,-,03,22350,NA,M,C,C,A,A,H,-,D,D,0,NA,NA,NA,NA,Y,NA,A,07,0,0,2,0,0,0,0,0,0,-,-,33.994789123535156,-117.91551208496094,LOS ANGELES,UNINCORPORATED,-117.9143524169922,33.994693756103516
91547810,2021,2021-08-18,9550,2021-08-11,0830,022048,NA,3,1,5,1908,0,1,3,NA,2,091,STATE ROUTE 91 WESTBOUND,CLARK AVENUE,1320,E,N,A,-,Y,NA,NA,91,NA,NA,NA,NA,NA,W,Y,4,0,1,2,A,-,03,22350,NA,N,C,C,A,A,H,-,A,D,0,NA,NA,NA,Y,Y,NA,F,27,0,0,1,0,0,0,0,0,0,-,-,33.876251220703125,-118.1289291381836,LOS ANGELES,BELLFLOWER,-118.1289291381836,33.87627410888672
91547874,2021,2021-08-18,9565,2021-08-06,0820,019872,NA,5,1,7,1942,0,1,1,NA,2,061,I-405 NB,CENTINELA AVE,100,S,N,A,-,N,NA,NA,405,NA,NA,NA,NA,NA,N,N,4,0,1,2,A,-,03,22350,NA,N,C,C,A,A,H,-,A,D,0,NA,NA,NA,NA,Y,NA,D,22,0,0,1,0,0,0,0,0,0,-,-,33.979400634765625,-118.3922882080078,LOS ANGELES,LOS ANGELES,-118.3922882080078,33.979400634765625
91547914,2021,2021-08-18,9550,2021-08-11,0904,022376,NA,3,1,9,1900,0,2,4,NA,1,031,HACIENDA BLVD,NEWTON ST.,100,N,N,A,-,N,NA,NA,NA,NA,NA,NA,NA,NA,NA,N,4,0,1,2,A,-,07,21658,A,N,C,C,A,A,H,-,A,D,0,NA,NA,NA,NA,Y,NA,A,01,0,0,1,0,0,0,0,0,0,-,-,33.99639892578125,-117.96814727783205,LOS ANGELES,UNINCORPORATED,-117.96813201904295,33.996315002441406
91547917,2021,2021-08-18,9530,2021-08-06,1720,022453,NA,5,2,7,1942,0,1,1,NA,2,400,I-405 S/B (SAN DIEGO FREEWAY),NORMANDIE AVENUE,1160,S,N,A,-,Y,NA,NA,405,NA,NA,NA,NA,NA,S,Y,4,0,1,2,A,-,03,22350,NA,N,C,C,A,A,H,-,A,D,0,NA,NA,NA,NA,Y,NA,D,22,0,0,1,0,0,0,0,0,0,-,-,33.859771728515625,-118.29519653320313,LOS ANGELES,LOS ANGELES,-118.29519653320313,33.8597297668457
91547929,2021,2021-08-18,9565,2021-08-06,1628,022251,NA,5,2,9,1900,0,2,4,NA,2,022,NORMANDIE AVE,103RD ST,0,NA,Y,A,-,N,NA,NA,NA,NA,NA,NA,NA,NA,NA,N,4,0,2,2,A,-,09,21802,A,N,D,C,A,A,H,-,A,A,0,NA,NA,NA,NA,Y,NA,A,01,0,0,2,0,0,0,0,0,0,-,-,33.94334030151367,-118.30039215087892,LOS ANGELES,UNINCORPORATED,-118.30030059814452,33.94320297241211
91547930,2021,2021-08-18,9550,2021-08-11,1140,020014,NA,3,1,9,1900,0,2,4,NA,1,013,NORWALK BLVD,MINES BLVD,0,NA,Y,A,-,N,NA,NA,NA,NA,NA,NA,NA,NA,NA,N,4,0,1,2,A,-,03,22350,NA,F,C,C,A,A,H,-,A,D,0,NA,NA,NA,NA,Y,NA,-,99,0,0,1,0,0,0,0,0,0,-,-,33.9821891784668,-118.07125091552734,LOS ANGELES,UNINCORPORATED,-118.07135772705078,33.982505798339844
91547979,2021,2021-08-18,9530,2021-08-06,1515,022670,NA,5,2,9,1900,0,3,5,NA,2,001,MAIN ST,135TH ST,0,NA,Y,A,-,N,NA,NA,NA,NA,NA,NA,NA,NA,NA,N,3,0,1,2,A,-,09,21801,A,N,D,C,A,A,H,-,A,A,0,NA,NA,Y,NA,Y,NA,A,01,0,1,0,0,0,0,0,0,1,-,-,33.909141540527344,-118.27401733398438,LOS ANGELES,UNINCORPORATED,-118.27400207519533,33.909175872802734
91548023,2021,2021-08-18,9545,2021-07-31,1830,021340,NA,6,2,9,1900,0,1,3,NA,1,012,SR-138 (AVENUE D),185TH STREET EAST,192,E,N,A,-,Y,NA,NA,138,NA,NA,NA,NA,NA,NA,Y,3,0,2,3,A,-,06,21751,NA,N,B,C,A,A,H,-,A,D,0,NA,NA,NA,Y,Y,NA,A,01,0,1,1,0,0,0,0,0,0,-,-,34.77479934692383,-118.45709991455078,LOS ANGELES,UNINCORPORATED,-118.45709991455078,34.774845123291016
91548031,2021,2021-08-18,9535,2021-08-07,0740,022694,NA,6,1,9,1900,0,1,1,NA,2,650,I-605 (SAN GABRIEL RIVER FREEWAY) N/B,SR-60 (POMONA FREEWAY),4557,N,N,A,-,Y,NA,NA,605,NA,NA,NA,NA,NA,N,Y,3,0,1,1,A,-,08,22107,NA,N,E,8,A,A,H,-,A,D,0,NA,NA,NA,NA,Y,NA,A,01,0,1,0,0,0,0,0,0,0,-,-,34.041011810302734,-118.01455688476564,LOS ANGELES,UNINCORPORATED,-118.01455688476564,34.04100799560547
91548045,2021,2021-08-18,9565,2021-08-06,1851,021889,NA,5,2,5,1928,0,1,1,NA,2,012,I-105 E/B,PRAIRIE AVE.,500,E,N,B,-,Y,NA,NA,105,NA,NA,NA,NA,NA,E,Y,3,0,2,3,A,-,03,22350,NA,N,C,C,A,A,H,-,A,D,0,NA,NA,NA,NA,Y,NA,A,01,0,1,1,0,0,0,0,0,0,-,-,33.92781066894531,-118.34004974365234,LOS ANGELES,HAWTHORNE,-118.34040832519533,33.927310943603516
91548050,2021,2021-08-18,9545,2021-08-05,1738,020749,NA,4,2,9,1900,0,3,5,NA,1,005,FIELDSPRING STREET,AVENUE N-12,35,N,N,A,-,N,NA,NA,NA,NA,NA,NA,NA,NA,NA,N,3,0,3,1,A,-,03,22350,NA,N,F,A,A,A,H,-,A,D,0,NA,NA,Y,NA,Y,NA,C,06,0,3,0,0,0,0,0,0,3,-,-,34.62028884887695,-117.83464813232422,LOS ANGELES,UNINCORPORATED,-117.83462524414064,34.62020492553711
91548053,2021,2021-08-18,9550,2021-08-11,1732,020948,NA,3,2,9,1900,0,1,3,NA,2,600,SR-60 WESTBOUND,WORKMAN MILL ROAD,250,E,N,A,-,Y,NA,NA,60,NA,NA,NA,NA,NA,W,N,4,0,3,2,A,-,03,22350,NA,N,C,C,A,A,H,-,A,D,0,NA,NA,NA,NA,Y,NA,A,07,0,0,3,0,0,0,0,0,0,-,-,34.031558990478516,-118.02149200439452,LOS ANGELES,UNINCORPORATED,-118.02152252197266,34.03148651123047
91548054,2021,2021-08-18,9550,2021-08-11,1812,020948,NA,3,2,9,1900,0,1,3,NA,2,600,SR-60 EASTBOUND,TUNBULL CANYON ROAD,1500,E,N,A,-,Y,NA,NA,60,NA,NA,NA,NA,NA,E,Y,4,0,1,3,A,-,03,22350,NA,N,C,C,A,A,H,-,A,D,0,NA,NA,NA,NA,Y,NA,D,22,0,0,1,0,0,0,0,0,0,-,-,34.00959014892578,-117.9734115600586,LOS ANGELES,UNINCORPORATED,-117.9734115600586,34.00958251953125
91548063,2021,2021-08-18,9550,2021-08-11,1635,020974,NA,3,2,5,1976,0,1,1,NA,2,650,I-605 S/B,WHITTIER BOULEVARD,1800,S,N,B,-,Y,NA,NA,NA,NA,NA,NA,NA,NA,NA,N,4,0,1,2,A,-,03,22350,NA,N,C,C,A,A,H,-,A,D,0,NA,NA,NA,NA,Y,NA,A,07,0,0,1,0,0,0,0,0,0,-,-,33.98844909667969,-118.07074737548828,LOS ANGELES,WHITTIER,-118.07057189941406,33.98866653442383
91548073,2021,2021-08-18,9550,2021-08-11,1805,020037,NA,3,2,5,1919,0,1,3,NA,2,092,STATE ROUTE 91 WESTBOUND (ARTESIA FREEWAY),ARTESIA BOULEVARD,600,E,N,B,-,Y,NA,NA,91,NA,NA,NA,NA,NA,W,Y,4,0,1,3,A,-,03,22350,NA,F,C,C,A,A,H,-,A,D,0,NA,NA,NA,NA,Y,NA,-,99,0,0,1,0,0,0,0,0,0,-,-,33.87194061279297,-118.05821228027344,LOS ANGELES,CERRITOS,-118.05825805664064,33.871864318847656
91548086,2021,2021-08-18,9580,2021-07-31,1530,021852,NA,6,2,7,1942,0,1,2,NA,2,104,US-101 S/B (VENTURA FREEWAY),BURBANK BLVD,50,N,N,A,-,Y,NA,NA,101,NA,NA,NA,NA,NA,S,Y,4,0,1,3,A,-,03,22350,NA,N,C,C,A,A,H,-,A,D,0,NA,NA,NA,NA,Y,NA,A,01,0,0,1,0,0,0,0,0,0,-,-,34.17216873168945,-118.53280639648438,LOS ANGELES,LOS ANGELES,-118.53280639648438,34.17218017578125
91548120,2021,2021-08-18,9550,2021-08-12,0700,021977,NA,4,1,5,1908,0,1,3,NA,2,091,STATE ROUTE 91,LAKEWOOD BOULEVARD,2200,E,N,A,-,Y,NA,NA,NA,NA,NA,NA,NA,NA,NA,Y,4,0,1,2,A,-,07,21658,A,M,B,C,A,A,H,-,A,D,0,NA,NA,NA,NA,Y,NA,-,99,0,0,1,0,0,0,0,0,0,-,-,33.523799896240234,-118.08070373535156,LOS ANGELES,BELLFLOWER,-118.13539886474608,33.87710189819336
91548127,2021,2021-08-18,9580,2021-08-11,2100,022653,NA,3,2,7,1942,0,1,2,NA,2,102,US-101 N/B (VENTURA FREEWAY),SEPULVEDA BLVD,700,E,N,A,-,Y,NA,NA,101,NA,NA,NA,NA,NA,N,Y,4,0,1,2,C,-,18,NA,NA,F,D,C,A,A,H,-,C,D,0,NA,NA,NA,NA,Y,NA,-,-,0,0,1,0,0,0,0,0,0,-,-,34.15959930419922,-118.4630126953125,LOS ANGELES,LOS ANGELES,-118.4630126953125,34.159507751464844
91548135,2021,2021-08-18,9590,2021-05-22,0435,021835,NA,6,3,7,1942,0,1,1,NA,2,062,I-10 E/B (SMF),TOBERMAN STREET,250,E,N,A,-,Y,NA,NA,10,NA,NA,NA,NA,NA,E,Y,4,0,1,2,A,-,08,22107,NA,N,E,I,A,A,H,-,C,D,0,NA,NA,NA,NA,Y,NA,A,01,0,0,1,0,0,0,0,0,0,-,-,34.03799057006836,-118.27802276611328,LOS ANGELES,LOS ANGELES,-118.27801513671876,34.037960052490234
91548143,2021,2021-10-01,9530,2021-08-06,2205,021871,NA,5,3,9,1900,0,1,1,NA,2,410,I-405 N/B (SAN DIEGO FREEWAY),WILMINGTON AVE.,2000,W,N,A,-,Y,NA,NA,NA,NA,NA,NA,NA,NA,NA,Y,4,0,2,2,A,-,07,21658,A,F,C,C,A,A,H,-,C,D,0,NA,NA,NA,NA,Y,NA,-,99,0,0,2,0,0,0,0,0,0,-,-,33.82637023925781,-118.24970245361328,LOS ANGELES,UNINCORPORATED,-118.24810791015624,33.825992584228516
91548172,2021,2021-11-02,9590,2021-08-07,1415,022552,NA,6,2,7,1942,0,1,2,NA,2,072,US-101 N/B (HOF),LANKERSHIM BOULEVARD,1267,S,N,A,-,Y,NA,NA,101,NA,NA,NA,NA,NA,N,N,4,0,1,2,A,-,07,21658,A,N,B,C,A,A,H,-,A,D,0,NA,NA,NA,NA,Y,NA,-,-,0,0,1,0,0,0,0,0,0,-,-,34.135528564453125,-118.35952758789064,LOS ANGELES,LOS ANGELES,-118.35952758789064,34.135536193847656
91548186,2021,2021-08-18,9590,2021-08-07,2125,022417,NA,6,2,7,1942,0,1,2,NA,2,071,US-101 S/B (SANTA ANA FREEWAY),MISSION ROAD,100,N,N,A,-,Y,NA,NA,101,NA,NA,NA,NA,NA,S,N,4,0,1,2,A,-,03,22350,NA,N,C,C,A,A,H,-,C,D,0,NA,NA,NA,NA,Y,NA,A,07,0,0,1,0,0,0,0,0,0,-,-,34.0530891418457,-118.22923278808594,LOS ANGELES,LOS ANGELES,-118.22923278808594,34.0530891418457
91548214,2021,2021-08-18,9580,2021-08-17,1600,019679,NA,2,2,7,1942,0,1,3,NA,2,116,SR-118 E/B (RONALD REAGAN FWY.),OF THE WEST ROAD EDGE OF PORTER RANCH DR,528,W,N,A,-,Y,NA,NA,118,NA,NA,NA,NA,NA,E,Y,3,0,2,2,A,-,03,22350,NA,N,C,C,A,A,H,-,A,D,0,NA,NA,NA,NA,Y,NA,A,01,0,2,0,0,0,0,0,0,0,-,-,34.273441314697266,-118.57511901855467,LOS ANGELES,LOS ANGELES,-118.57511901855467,34.27341842651367
91548218,2021,2021-08-18,9590,2021-08-07,1805,022431,NA,6,2,7,1942,0,1,3,NA,2,031,SR-60 W/B (POMONA FREEWAY),LORENA STREET,1000,E,N,A,-,Y,NA,NA,60,NA,NA,NA,NA,NA,W,Y,3,0,3,3,A,-,03,22350,NA,N,C,C,A,A,H,-,A,D,0,NA,NA,NA,NA,Y,NA,A,07,0,2,1,0,0,0,0,0,0,-,-,34.03031921386719,-118.19654846191406,LOS ANGELES,LOS ANGELES,-118.19654846191406,34.03032684326172
91548241,2021,2021-08-18,9530,2021-08-06,2155,021108,NA,5,2,9,1900,0,3,5,NA,2,003,ROSECRANS AVE. (4300 BLOCK),COOKACRE AVE,168,W,N,A,-,N,NA,NA,NA,NA,NA,NA,NA,NA,NA,Y,4,0,1,4,A,-,09,21804,A,M,D,C,A,A,H,-,C,D,0,NA,NA,NA,NA,Y,NA,A,01,0,0,1,0,0,0,0,0,0,-,-,33.903629302978516,-118.19566345214844,LOS ANGELES,UNINCORPORATED,-118.19554138183594,33.903560638427734
91548266,2021,2021-08-18,9565,2021-08-06,2256,022226,NA,5,3,9,1900,0,3,5,NA,2,002,CENTURY BOULEVARD,VAN NESS AVENUE,0,NA,Y,A,-,N,NA,NA,NA,NA,NA,NA,NA,NA,NA,Y,3,0,2,2,A,-,12,21453,A,N,D,C,A,A,H,-,C,A,0,NA,NA,NA,NA,Y,NA,A,01,0,1,1,0,0,0,0,0,0,-,-,33.94538879394531,-118.31773376464844,LOS ANGELES,UNINCORPORATED,-118.31771850585938,33.94546127319336
91548296,2021,2021-08-18,9550,2021-08-10,1047,022376,NA,2,1,9,1900,0,3,5,NA,2,002,COLIMA RD,MULBERRY DR,200,N,N,A,-,N,NA,NA,NA,NA,NA,NA,NA,NA,NA,N,3,0,1,2,A,-,21,22106,NA,N,C,C,A,A,H,-,A,A,0,NA,NA,Y,NA,Y,NA,A,07,0,1,0,0,0,0,0,0,1,-,-,33.935890197753906,-118.0164031982422,LOS ANGELES,UNINCORPORATED,-118.01643371582033,33.93572235107422
91548307,2021,2021-08-18,9535,2021-08-12,0821,022641,NA,4,1,5,1948,0,1,1,NA,2,070,I-710 N/B (LONG BEACH FREEWAY),RAMONA BLVD,1000,S,N,A,-,Y,NA,NA,710,NA,NA,NA,NA,NA,N,N,4,0,1,3,A,-,03,22350,NA,N,C,C,A,A,H,-,A,D,0,NA,NA,NA,NA,Y,NA,A,07,0,0,1,0,0,0,0,0,0,-,-,34.055320739746094,-118.16423034667967,LOS ANGELES,MONTEREY PARK,-118.16422271728516,34.055320739746094
91548326,2021,2021-11-02,9535,2021-08-10,1420,022414,NA,2,2,9,1900,0,2,4,NA,2,022,OLYMPIC BLVD.,HERBERT AVE.,0,NA,Y,A,-,N,NA,NA,NA,NA,NA,NA,NA,NA,NA,N,4,0,1,2,A,-,12,21453,A,N,D,C,A,A,H,-,A,A,0,NA,NA,NA,NA,Y,NA,-,-,0,0,1,0,0,0,0,0,0,-,-,34.01887893676758,-118.18376922607422,LOS ANGELES,UNINCORPORATED,-118.18373107910156,34.01890182495117
91548337,2021,2021-08-18,9535,2021-08-13,1141,022641,NA,5,1,9,1900,0,2,4,NA,2,024,WHITTIER BLVD. (4700 BLOCK),FETTERLY AVE.,15,W,N,A,-,N,NA,NA,NA,NA,NA,NA,NA,NA,NA,N,4,0,1,2,A,-,21,22106,NA,N,C,C,A,A,H,-,A,D,0,NA,NA,NA,NA,Y,NA,A,01,0,0,1,0,0,0,0,0,0,-,-,34.0219612121582,-118.16461944580078,LOS ANGELES,UNINCORPORATED,-118.16461944580078,34.0219612121582
91548367,2021,2021-08-18,9525,2021-08-12,1740,022546,NA,4,2,4,1905,0,1,1,NA,2,211,I-210 E/B (FOOTHILL FWY),VERNON AVE,1900,W,N,A,-,Y,NA,NA,210,NA,NA,NA,NA,NA,E,Y,3,0,2,4,A,-,03,22350,NA,N,C,C,A,A,H,-,A,D,0,NA,NA,Y,NA,Y,NA,C,02,0,1,1,0,0,0,0,0,2,-,-,34.12855911254883,-117.92182159423828,LOS ANGELES,AZUSA,-117.92182159423828,34.128543853759766
91548372,2021,2021-08-18,9535,2021-08-13,1800,022414,NA,5,2,9,1900,0,2,4,NA,2,022,OLYMPIC BLVD. (4300 BLOCK),DOWNEY RD.,110,E,N,A,-,N,NA,NA,NA,NA,NA,NA,NA,NA,NA,N,4,0,2,3,A,-,03,22350,NA,N,C,C,A,A,H,-,A,A,0,NA,NA,NA,NA,Y,NA,A,01,0,0,2,0,0,0,0,0,0,-,-,34.018890380859375,-118.17962646484376,LOS ANGELES,UNINCORPORATED,-118.17971801757813,34.0189094543457
91548386,2021,2021-08-18,9550,2021-08-10,1600,022587,NA,2,2,6,1920,0,1,1,NA,2,151,I-105 W/B FROM LAKEWOOD BLVD,BARLIN AVE,240,E,N,A,-,Y,NA,NA,105,NA,NA,NA,R,NA,W,Y,4,0,2,2,A,-,03,22350,NA,N,C,2,A,A,H,-,A,A,0,NA,NA,NA,NA,Y,NA,A,01,0,0,2,0,0,0,0,0,0,-,-,33.91347885131836,-118.1434326171875,LOS ANGELES,DOWNEY,-118.1434326171875,33.91347885131836
91548393,2021,2021-08-18,9525,2021-08-09,1323,019550,NA,1,1,6,1955,0,1,3,NA,2,606,SR-60 E/B (POMONA FREEWAY),RESERVOIR ST.,345,W,N,A,-,Y,NA,NA,60,NA,NA,NA,NA,NA,E,Y,2,0,2,3,A,-,07,21658,A,F,D,C,A,A,H,-,A,D,0,NA,NA,NA,Y,Y,NA,F,26,1,1,0,0,0,0,0,0,0,-,-,34.02499008178711,-117.73008728027344,LOS ANGELES,POMONA,-117.73009490966795,34.02505111694336
91548395,2021,2021-08-18,9550,2021-08-02,1700,022593,NA,1,2,6,1920,0,1,1,NA,2,651,I-605 N/B,CECICILIA ST.,100,S,N,A,-,Y,NA,NA,605,NA,NA,NA,NA,NA,N,Y,2,0,1,3,A,-,08,22107,NA,N,B,C,A,A,H,-,A,D,0,NA,NA,Y,NA,Y,NA,A,01,1,0,0,0,0,0,0,0,1,-,-,33.93143081665039,-118.10157012939452,LOS ANGELES,DOWNEY,-118.10153198242188,33.9314079284668
91548450,2021,2021-08-18,9550,2021-07-03,2012,022587,NA,6,2,7,1941,0,1,3,NA,2,091,STATE ROUTE-91 EASTBOUND,PARAMOUNT BOULEVARD,1300,W,N,A,-,Y,NA,NA,91,NA,NA,NA,NA,NA,E,Y,4,0,4,4,A,-,08,22107,NA,N,C,C,A,A,H,-,B,D,0,NA,NA,NA,NA,Y,Y,A,01,0,0,4,0,0,0,0,0,0,-,-,33.875999450683594,-118.16957855224608,LOS ANGELES,LONG BEACH,-118.16954803466795,33.87618637084961
91548475,2021,2021-08-19,9550,2021-08-07,1750,022474,NA,6,2,7,1942,0,1,3,NA,2,602,STATE ROUTE 60 W/B,NOGALES STREET,500,W,N,A,-,Y,NA,NA,NA,NA,NA,NA,NA,NA,NA,N,3,0,1,3,A,-,08,22107,NA,F,B,C,A,A,H,-,A,D,0,NA,NA,Y,NA,Y,NA,-,99,0,1,0,0,0,0,0,0,1,-,-,33.99420928955078,-117.8919677734375,LOS ANGELES,LOS ANGELES,-117.89026641845705,33.994239807128906
91548783,2021,2021-08-19,9590,2021-07-28,0154,021346,NA,3,3,7,1942,0,1,1,NA,2,064,I-10 E/B (SANTA MONICA FREEWAY),LOS ANGELES RIVER,500,W,N,A,-,Y,NA,NA,10,NA,NA,NA,NA,NA,E,Y,2,0,4,4,C,-,18,NA,NA,N,G,I,E,A,H,-,C,D,0,Y,NA,NA,NA,Y,Y,-,-,2,0,2,0,1,0,0,0,0,-,-,34.02872085571289,-118.2279815673828,LOS ANGELES,LOS ANGELES,-118.2279815673828,34.02873611450195