CASE_ID,ACCIDENT_YEAR,PROC_DATE,JURIS,COLLISION_DATE,COLLISION_TIME,OFFICER_ID,REPORTING_DISTRICT,DAY_OF_WEEK,CHP_SHIFT,POPULATION,CNTY_CITY_LOC,SPECIAL_COND,BEAT_TYPE,CHP_BEAT_TYPE,CITY_DIVISION_LAPD,CHP_BEAT_CLASS,BEAT_NUMBER,PRIMARY_RD,SECONDARY_RD,DISTANCE,DIRECTION,INTERSECTION,WEATHER_1,WEATHER_2,STATE_HWY_IND,CALTRANS_COUNTY,CALTRANS_DISTRICT,STATE_ROUTE,ROUTE_SUFFIX,POSTMILE_PREFIX,POSTMILE,LOCATION_TYPE,RAMP_INTERSECTION,SIDE_OF_HWY,TOW_AWAY,COLLISION_SEVERITY,NUMBER_KILLED,NUMBER_INJURED,PARTY_COUNT,PRIMARY_COLL_FACTOR,PCF_CODE_OF_VIOL,PCF_VIOL_CATEGORY,PCF_VIOLATION,PCF_VIOL_SUBSECTION,HIT_AND_RUN,TYPE_OF_COLLISION,MVIW,PED_ACTION,ROAD_SURFACE,ROAD_COND_1,ROAD_COND_2,LIGHTING,CONTROL_DEVICE,CHP_ROAD_TYPE,PEDESTRIAN_ACCIDENT,BICYCLE_ACCIDENT,MOTORCYCLE_ACCIDENT,TRUCK_ACCIDENT,NOT_PRIVATE_PROPERTY,ALCOHOL_INVOLVED,STWD_VEHTYPE_AT_FAULT,CHP_VEHTYPE_AT_FAULT,COUNT_SEVERE_INJ,COUNT_VISIBLE_INJ,COUNT_COMPLAINT_PAIN,COUNT_PED_KILLED,COUNT_PED_INJURED,COUNT_BICYCLIST_KILLED,COUNT_BICYCLIST_INJURED,COUNT_MC_KILLED,COUNT_MC_INJURED,PRIMARY_RAMP,SECONDARY_RAMP,LATITUDE,LONGITUDE,COUNTY,CITY,POINT_X,POINT_Y
91553025,2021,2021-08-24,9525,2021-08-21,2010,021080,NA,6,2,4,1960,0,1,3,NA,2,571,SR-57 S/B (ORANGE FWY),VIA VERDE,2640,N,N,A,-,Y,NA,NA,57,NA,NA,NA,NA,NA,S,N,4,0,3,2,A,-,07,21658,A,F,B,C,A,A,H,-,A,D,0,NA,NA,NA,NA,Y,NA,A,07,0,0,3,0,0,0,0,0,0,-,-,34.08501052856445,-117.81954193115234,LOS ANGELES,SAN DIMAS,-117.8195343017578,34.08501052856445
91553027,2021,2021-08-24,9580,2021-08-15,2350,022535,NA,7,3,7,1942,0,1,2,NA,2,104,US-101 S/B (VENTURA FREEWAY) FROM BALBOA BLVD,BALBOA BLVD,840,S,N,A,-,Y,NA,NA,101,NA,NA,NA,R,NA,S,Y,4,0,2,2,A,-,08,22107,NA,M,B,C,A,A,H,-,D,D,0,NA,NA,NA,NA,Y,NA,-,99,0,0,2,0,0,0,0,0,0,-,-,34.168758392333984,-118.49859619140624,LOS ANGELES,LOS ANGELES,-118.49859619140624,34.168758392333984
91553038,2021,2021-08-24,9550,2021-08-15,0840,021054,NA,7,1,9,1900,0,1,1,NA,2,650,I-605 N/B,PECK RD.,1000,S,N,A,-,Y,NA,NA,605,NA,NA,NA,NA,NA,N,Y,4,0,2,2,A,-,07,21658,A,N,B,C,A,A,H,-,A,D,0,NA,NA,NA,NA,Y,NA,A,01,0,0,2,0,0,0,0,0,0,-,-,34.024879455566406,-118.04136657714844,LOS ANGELES,UNINCORPORATED,-118.04138946533205,34.0249137878418
91553164,2021,2021-08-24,9525,2021-08-11,0925,015445,NA,3,1,6,1975,0,1,1,NA,2,105,I-10 W/B (SAN BERNARDINO FWY),HOLLENBECK AVE.,100,W,N,B,-,Y,NA,NA,10,NA,NA,NA,NA,NA,W,Y,4,0,1,2,C,-,18,NA,NA,N,D,C,A,A,H,-,A,D,0,NA,NA,NA,NA,Y,NA,-,-,0,0,1,0,0,0,0,0,0,-,-,34.07209014892578,-117.89971923828124,LOS ANGELES,WEST COVINA,-117.89971923828124,34.072166442871094
91553186,2021,2021-08-24,9535,2021-08-14,1609,022335,NA,6,2,3,1914,0,1,1,NA,2,073,I-710 (LONG BEACH FREEWAY) S/B,TRIGGS STREET,1640,S,N,A,-,Y,NA,NA,710,NA,NA,NA,NA,NA,S,N,4,0,1,2,A,-,03,22350,NA,N,C,C,A,A,H,-,A,D,0,NA,NA,NA,NA,Y,NA,A,01,0,0,1,0,0,0,0,0,0,-,-,34.0101318359375,-118.17240142822266,LOS ANGELES,COMMERCE,-118.17245483398438,34.010128021240234
91553196,2021,2021-08-24,9550,2021-08-17,1015,021054,NA,2,1,9,1900,0,1,1,NA,2,650,I-605 S/B,PECK RD.,250,S,N,A,-,Y,NA,NA,605,NA,NA,NA,NA,NA,S,N,3,0,1,3,A,-,03,22350,NA,N,C,C,A,A,H,-,A,D,0,NA,NA,NA,NA,Y,NA,D,22,0,1,0,0,0,0,0,0,0,-,-,34.0253791809082,-118.04116058349608,LOS ANGELES,UNINCORPORATED,-118.04111480712892,34.02531051635742
91553214,2021,2021-11-02,9535,2021-08-12,0800,022338,NA,4,1,9,1900,0,2,4,NA,2,011,EASTERN AVENUE (1300 BLOCK),HAUCK STREET,40,S,N,A,-,N,NA,NA,NA,NA,NA,NA,NA,NA,NA,N,4,0,1,2,A,-,03,22350,NA,N,C,C,A,A,H,-,A,D,0,NA,NA,NA,NA,Y,NA,-,-,0,0,1,0,0,0,0,0,0,-,-,34.053951263427734,-118.17272186279295,LOS ANGELES,UNINCORPORATED,-118.17267608642578,34.05402755737305
91553227,2021,2021-08-24,9535,2021-08-13,1950,022243,NA,5,2,6,1953,0,1,3,NA,2,601,SR-60 (POMONA FREEWAY) W/B,ATLANTIC BLVD.,525,E,N,A,-,Y,NA,NA,NA,NA,NA,NA,NA,NA,NA,Y,3,0,2,3,A,-,03,22350,NA,N,B,C,A,A,H,-,D,D,0,NA,NA,NA,NA,Y,NA,A,01,0,2,0,0,0,0,0,0,0,-,-,34.033870697021484,-118.14714813232422,LOS ANGELES,PASADENA,-118.14978790283205,34.035221099853516
91553271,2021,2021-08-24,9525,2021-08-23,1600,020823,NA,1,2,4,1905,0,1,1,NA,2,204,I-210 E/B (FOOTHILL FREEWAY),CITRUS AVE,1584,W,N,A,-,Y,NA,NA,210,NA,NA,NA,NA,NA,E,N,4,0,1,2,A,-,03,22350,NA,F,C,C,A,A,H,-,A,D,0,NA,NA,NA,Y,Y,NA,A,01,0,0,1,0,0,0,0,0,0,-,-,34.12091827392578,-117.89678955078124,LOS ANGELES,AZUSA,-117.89678955078124,34.12095642089844
91553284,2021,2021-08-25,9550,2021-08-15,1320,022600,NA,7,1,9,1900,0,1,1,NA,2,650,INTERSTATE 605 SOUTHBOUND,WASHINGTON BLVD.,200,S,N,A,-,Y,NA,NA,605,NA,NA,NA,NA,NA,S,N,4,0,3,2,A,-,03,22350,NA,N,C,C,A,A,H,-,A,D,0,NA,NA,NA,NA,Y,NA,A,07,0,0,3,0,0,0,0,0,0,-,-,33.973060607910156,-118.08043670654295,LOS ANGELES,UNINCORPORATED,-118.08049011230467,33.973079681396484
91553553,2021,2021-08-25,9590,2021-07-12,2100,022405,NA,1,2,7,1942,0,1,2,NA,2,071,US-101 S/B (HOLLYWOOD FREEWAY),N. BONNIE BRAE ST.,225,S,N,A,-,Y,NA,NA,101,NA,NA,NA,NA,NA,S,N,3,0,1,2,A,-,03,22350,NA,F,C,C,A,A,H,-,D,D,0,NA,NA,NA,NA,Y,NA,-,99,0,1,0,0,0,0,0,0,0,-,-,34.07059860229492,-118.26390075683594,LOS ANGELES,LOS ANGELES,-118.26390075683594,34.07060623168945
91553556,2021,2021-08-25,9590,2021-08-07,0255,021835,NA,6,3,7,1942,0,1,1,NA,2,083,I-5 S/B (GSF),RIVERSIDE DRIVE,400,N,N,A,-,Y,NA,NA,5,NA,NA,NA,NA,NA,S,Y,3,0,2,2,A,-,07,21658,A,F,B,C,A,A,H,-,C,D,0,NA,NA,NA,NA,Y,NA,-,99,0,2,0,0,0,0,0,0,0,-,-,34.09663009643555,-118.24506378173828,LOS ANGELES,LOS ANGELES,-118.24507904052734,34.09660720825195
91553558,2021,2021-08-25,9590,2021-08-01,0146,022357,NA,7,3,7,1942,0,1,1,NA,2,010,SR-110 N/B (ASP) TO I-5 N/B (GSF),AVENUE 19,340,S,N,A,-,Y,NA,NA,110,NA,NA,NA,R,NA,N,Y,4,0,1,1,A,-,01,23152,A,N,E,I,A,A,H,-,C,D,0,NA,NA,NA,NA,Y,Y,A,01,0,0,1,0,0,0,0,0,0,-,-,34.079341888427734,-118.22724151611328,LOS ANGELES,LOS ANGELES,-118.22724151611328,34.079341888427734
91553561,2021,2021-08-25,9590,2021-08-09,2220,021823,NA,1,3,7,1942,0,1,1,NA,2,052,I-110 (HARBOR FREEWAY),WILSHIRE BLVD,150,S,N,A,-,Y,NA,NA,110,NA,NA,NA,NA,NA,NA,Y,4,0,1,2,A,-,07,21658,A,N,C,C,A,A,H,-,C,D,0,NA,NA,NA,NA,Y,NA,A,07,0,0,1,0,0,0,0,0,0,-,-,34.050899505615234,-118.26157379150392,LOS ANGELES,LOS ANGELES,-118.26155853271484,34.050880432128906
91553563,2021,2021-08-25,9590,2021-08-08,2314,022088,NA,7,3,7,1942,0,1,1,NA,2,061,I-10 EASTBOUND (SANTA MONICA FREEWAY),ARLINGTON AVE.,100,W,N,A,-,Y,NA,NA,10,NA,NA,NA,NA,NA,E,N,4,0,1,2,C,-,18,NA,NA,N,C,C,A,A,H,-,C,D,0,NA,NA,NA,NA,Y,NA,-,-,0,0,1,0,0,0,0,0,0,-,-,34.03664016723633,-118.3183364868164,LOS ANGELES,LOS ANGELES,-118.31832885742188,34.03654861450195
91553566,2021,2021-08-25,9580,2021-08-13,1210,022064,NA,5,1,7,1942,0,1,2,NA,2,101,US-101 S/B (VENTURA FREEWAY),TUJUNGA AVE,2640,N,N,A,-,Y,NA,NA,101,NA,NA,NA,NA,NA,S,Y,4,0,2,3,A,-,03,22350,NA,N,C,2,A,A,H,-,A,D,0,NA,NA,NA,Y,Y,NA,F,27,0,0,2,0,0,0,0,0,0,-,-,34.154380798339844,-118.3872299194336,LOS ANGELES,LOS ANGELES,-118.3872299194336,34.15436553955078
91553567,2021,2021-08-25,9580,2021-08-19,1650,022036,NA,4,2,7,1942,0,1,2,NA,2,105,US-101 S/B (VENTURA FREEWAY),WINNETKA AVE,750,S,N,B,-,Y,NA,NA,101,NA,NA,NA,NA,NA,S,Y,4,0,1,2,A,-,03,22350,NA,N,C,C,A,A,H,-,A,D,0,NA,NA,NA,NA,Y,NA,A,01,0,0,1,0,0,0,0,0,0,-,-,34.17277145385742,-118.56781768798828,LOS ANGELES,LOS ANGELES,-118.5678253173828,34.17280960083008
91553591,2021,2021-08-25,9590,2021-08-13,1700,022701,NA,5,2,7,1942,0,1,1,NA,2,051,I-110 S/B (HARBOR FREEWAY),MANCHESTER AVE,300,S,N,A,-,Y,NA,NA,110,NA,NA,NA,NA,NA,S,N,3,0,1,2,A,-,07,21658,A,F,H,C,A,A,H,-,A,D,0,NA,NA,Y,NA,Y,NA,-,99,0,1,0,0,0,0,0,0,1,-,-,33.96623992919922,-118.2810516357422,LOS ANGELES,LOS ANGELES,-118.28093719482422,33.96623992919922
91553594,2021,2021-08-25,9580,2021-08-14,1345,022717,NA,6,1,9,1900,0,3,5,NA,1,010,MULHOLLAND HWY,LAS VIRGENES RD,0,NA,Y,A,-,N,NA,NA,NA,NA,NA,NA,NA,NA,NA,Y,3,0,1,2,A,-,12,21453,A,N,A,I,A,A,H,-,A,A,0,NA,NA,NA,NA,Y,NA,A,01,0,1,0,0,0,0,0,0,0,-,-,34.103981018066406,-118.71137237548828,LOS ANGELES,UNINCORPORATED,-118.71134185791016,34.10393524169922
91553616,2021,2021-08-25,9530,2021-08-13,0900,022674,NA,5,1,9,1900,0,3,5,NA,2,002,135TH STREET,SAN PEDRO ST,0,NA,Y,A,-,N,NA,NA,NA,NA,NA,NA,NA,NA,NA,N,4,0,1,2,A,-,09,21801,A,M,B,C,A,A,H,-,A,A,0,NA,NA,NA,NA,Y,NA,A,01,0,0,1,0,0,0,0,0,0,-,-,33.90916061401367,-118.26966094970705,LOS ANGELES,UNINCORPORATED,-118.26966857910156,33.909156799316406
91553633,2021,2021-08-25,9530,2021-08-13,2015,022421,NA,5,2,7,1941,0,1,1,NA,2,430,I-405 S/B (SAN DIEGO FREEWAY),PALO VERDE AVE.,3579,N,N,A,-,Y,NA,NA,405,NA,NA,NA,NA,NA,S,Y,3,0,1,2,A,-,01,23152,A,N,C,C,A,A,H,-,C,D,0,NA,NA,NA,Y,Y,Y,A,01,0,1,0,0,0,0,0,0,0,-,-,33.802528381347656,-118.11798858642578,LOS ANGELES,LONG BEACH,-118.11798858642578,33.802574157714844
91553637,2021,2021-08-25,9575,2021-08-13,1423,022502,NA,5,2,7,1942,0,1,S,NA,2,054,I-5 N/B (GOLDEN STATE FREEWAY),PAXTON STREET,1500,S,N,A,-,Y,NA,NA,5,NA,NA,NA,NA,NA,N,N,4,0,1,2,A,-,03,22350,NA,N,C,C,A,A,H,-,A,D,0,NA,NA,NA,NA,Y,NA,A,07,0,0,1,0,0,0,0,0,0,-,-,34.259498596191406,-118.43775177001952,LOS ANGELES,LOS ANGELES,-118.43782043457033,34.25942611694336
91553640,2021,2021-08-25,9590,2021-08-14,2235,022088,NA,6,3,7,1942,0,1,1,NA,2,050,I-110 NORTHBOUND (HARBOR FREEWAY),SLAUSON AVE.,300,N,N,A,-,Y,NA,NA,110,NA,NA,NA,NA,NA,N,N,4,0,1,3,A,-,03,22350,NA,N,C,C,A,A,H,-,C,D,0,NA,NA,NA,NA,Y,NA,A,01,0,0,1,0,0,0,0,0,0,-,-,33.99040985107422,-118.28012084960938,LOS ANGELES,LOS ANGELES,-118.28040313720705,33.99040985107422
91553657,2021,2021-08-25,9530,2021-08-13,2205,021842,NA,5,3,5,1977,0,1,3,NA,2,310,SR-91 W/B (ARTESIA FREEWAY),AVALON BLVD.,1000,E,N,A,-,Y,NA,NA,91,NA,NA,NA,NA,NA,W,Y,3,0,2,1,A,-,08,22107,NA,N,E,I,A,A,H,-,D,D,0,NA,NA,NA,NA,Y,NA,A,07,0,2,0,0,0,0,0,0,0,-,-,33.873531341552734,-118.2612533569336,LOS ANGELES,CARSON,-118.2612533569336,33.87363052368164
91553658,2021,2021-08-25,9540,2021-08-14,0945,019853,NA,6,1,7,1942,0,1,1,NA,1,502,I-5 N/B (GOLDEN STATE FWY.),SR-14 N/B,1500,S,N,A,-,Y,NA,NA,5,NA,NA,NA,NA,NA,N,N,4,0,2,3,A,-,03,22350,NA,N,C,C,A,A,H,-,A,D,0,NA,NA,NA,NA,Y,NA,A,01,0,0,2,0,0,0,0,0,0,-,-,34.323638916015625,-118.50058746337892,LOS ANGELES,LOS ANGELES,-118.50061798095705,34.32358932495117
91553659,2021,2021-08-25,9590,2021-08-14,2305,021912,NA,6,3,7,1942,0,1,1,NA,2,050,I-110 N/B (HARBOR FREEWAY),GAGE AVE.,2000,S,N,A,-,Y,NA,NA,110,NA,NA,NA,NA,NA,N,N,4,0,2,2,A,-,03,22350,NA,N,C,C,A,A,H,-,C,D,0,NA,NA,NA,NA,Y,NA,A,01,0,0,2,0,0,0,0,0,0,-,-,33.976619720458984,-118.28073120117188,LOS ANGELES,LOS ANGELES,-118.28072357177734,33.976619720458984
91553660,2021,2021-08-25,9575,2021-08-07,2225,022469,NA,6,3,7,1942,0,1,1,NA,2,052,SR-134 E/B FROM COLORADO BLVD,PATRICIAN WAY,30,W,N,A,-,Y,NA,NA,134,NA,NA,NA,R,NA,E,Y,4,0,1,1,A,-,08,22107,NA,N,E,I,A,A,H,-,D,D,0,NA,NA,NA,NA,Y,NA,A,01,0,0,1,0,0,0,0,0,0,-,-,34.141231536865234,-118.1819305419922,LOS ANGELES,LOS ANGELES,-118.1819305419922,34.141231536865234
91553671,2021,2021-08-25,9590,2021-07-04,0418,022410,NA,7,3,7,1942,0,1,2,NA,2,073,US-101 (HOLLYWOOD FREEWAY),VERMONT AVENUE,860,N,N,A,-,Y,NA,NA,101,NA,NA,NA,NA,NA,NA,Y,3,0,2,2,A,-,03,22350,NA,N,C,C,A,A,H,-,C,D,0,NA,NA,NA,NA,Y,NA,A,01,0,1,1,0,0,0,0,0,0,-,-,34.08073043823242,-118.29424285888672,LOS ANGELES,LOS ANGELES,-118.29425048828124,34.08070755004883
91553701,2021,2021-08-25,9580,2021-08-17,1300,019319,NA,2,1,9,1900,0,3,5,NA,2,013,MUREAU ROAD,US-101 N/B (VENTURA FREEWAY),384,N,N,A,-,Y,NA,NA,NA,NA,NA,NA,NA,NA,NA,Y,4,0,1,1,A,-,01,23152,F,N,E,8,A,A,H,-,A,D,0,NA,NA,NA,NA,Y,NA,D,22,0,0,1,0,0,0,0,0,0,-,-,34.150821685791016,-118.66539764404295,LOS ANGELES,UNINCORPORATED,-118.66527557373048,34.150779724121094
91553707,2021,2021-08-25,9580,2021-08-21,0050,022465,NA,6,3,7,1942,0,1,3,NA,2,114,SR-118 E/B (RONALD REAGAN FWY.),ARLETA AVENUE,50,E,N,A,-,Y,NA,NA,118,NA,NA,NA,NA,NA,E,Y,3,0,2,3,A,-,08,22107,NA,F,F,7,A,A,H,-,D,D,0,NA,NA,NA,NA,Y,Y,-,99,0,2,0,0,0,0,0,0,0,-,-,34.26573181152344,-118.44938659667967,LOS ANGELES,LOS ANGELES,-118.44939422607422,34.26579284667969
91553716,2021,2021-08-25,9540,2021-08-17,0725,020521,NA,2,1,9,1900,0,2,4,NA,1,203,PLACERITA CANYON RD,RUNNING HORSE ROAD,2112,W,N,A,-,N,NA,NA,NA,NA,NA,NA,NA,NA,NA,Y,4,0,1,1,A,-,03,22350,NA,N,E,I,A,A,H,-,A,D,0,NA,NA,NA,NA,Y,NA,A,01,0,0,1,0,0,0,0,0,0,-,-,34.37746047973633,-118.47022247314452,LOS ANGELES,UNINCORPORATED,-118.47040557861328,34.37757873535156
91553719,2021,2021-08-25,9580,2021-08-24,0325,021780,NA,2,3,7,1942,0,1,3,NA,2,171,SR-170 S/B (HOLLYWOOD FWY.),SHERMAN WAY,1056,S,N,A,-,Y,NA,NA,170,NA,NA,NA,NA,NA,S,Y,4,0,1,1,C,-,18,NA,NA,N,E,I,A,A,H,-,C,D,0,NA,NA,NA,NA,Y,NA,-,-,0,0,1,0,0,0,0,0,0,-,-,34.197410583496094,-118.40293121337892,LOS ANGELES,LOS ANGELES,-118.4030303955078,34.19739532470703
91553728,2021,2021-08-25,9545,2021-08-13,1010,020140,NA,5,1,9,1900,0,1,3,NA,2,021,SR-14 S/B,BARREL SPRINGS RD,500,S,N,A,-,Y,NA,NA,14,NA,NA,NA,NA,NA,S,Y,4,0,1,1,A,-,08,22107,NA,N,E,I,A,A,H,-,A,D,0,NA,NA,NA,NA,Y,NA,A,01,0,0,1,0,0,0,0,0,0,-,-,34.545379638671875,-118.12863159179688,LOS ANGELES,UNINCORPORATED,-118.12869262695313,34.545310974121094
91553739,2021,2022-01-10,9580,2021-07-30,1210,020879,NA,5,1,7,1942,0,1,2,NA,2,105,US-101 SB (VENTURA FWY),TAMPA AV.,2640,N,N,A,-,Y,NA,NA,101,NA,NA,NA,NA,NA,S,N,3,0,2,2,A,-,03,22350,NA,N,C,C,A,A,H,-,A,D,0,NA,NA,NA,NA,Y,NA,D,22,0,2,0,0,0,0,0,0,0,-,-,34.173728942871094,-118.55902862548828,LOS ANGELES,LOS ANGELES,-118.55902862548828,34.173545837402344
91553741,2021,2021-08-25,9540,2021-08-22,1200,019853,NA,7,1,7,1942,0,1,1,NA,2,406,I-405 N/B (SAN DIEGO FWY.),RINALDI ST.,1000,N,N,A,-,Y,NA,NA,NA,NA,NA,NA,NA,NA,NA,N,4,0,2,2,A,-,03,22350,NA,N,C,C,A,A,H,-,A,D,0,NA,NA,NA,NA,Y,NA,A,01,0,0,2,0,0,0,0,0,0,-,-,34.28480911254883,-118.47827911376952,LOS ANGELES,LOS ANGELES,-118.46913146972656,34.28110122680664
91553743,2021,2021-08-25,9590,2021-05-22,1321,022444,NA,6,1,7,1942,0,1,1,NA,2,050,I-110 N/B (HARBOR FREEWAY),EXPOSITION BOULEVARD,500,S,N,A,-,Y,NA,NA,110,NA,NA,NA,NA,NA,N,Y,3,0,1,2,A,-,03,22350,NA,N,C,C,A,A,H,-,A,D,0,NA,NA,NA,NA,Y,NA,A,01,0,1,0,0,0,0,0,0,0,-,-,34.01298141479492,-118.28083038330078,LOS ANGELES,LOS ANGELES,-118.28089141845705,34.01298141479492
91553751,2021,2021-08-25,9540,2021-08-21,1310,019853,NA,6,1,7,1942,0,1,1,NA,1,502,I-5 N/B (GOLDEN STATE FWY.),ROXFORD ST,1500,N,N,A,-,Y,NA,NA,5,NA,NA,NA,NA,NA,N,N,4,0,2,3,A,-,03,22350,NA,N,C,C,A,A,H,-,A,D,0,NA,NA,NA,NA,Y,NA,A,07,0,0,2,0,0,0,0,0,0,-,-,34.30931091308594,-118.4851303100586,LOS ANGELES,LOS ANGELES,-118.4851531982422,34.30928421020508
91553758,2021,2021-08-25,9590,2021-05-18,1734,022405,NA,2,2,7,1942,0,1,2,NA,2,070,US-101 N/B (SANTA ANA FREEWAY),GRAND AVE.,25,S,N,A,-,Y,NA,NA,101,NA,NA,NA,NA,NA,N,N,3,0,1,2,A,-,11,21954,A,N,G,B,E,A,H,-,A,D,0,Y,NA,NA,NA,Y,NA,N,60,0,1,0,0,1,0,0,0,0,-,-,34.059181213378906,-118.2452392578125,LOS ANGELES,LOS ANGELES,-118.24532318115234,34.059078216552734
91553820,2021,2021-08-25,9530,2021-08-13,1330,022380,NA,5,1,7,1942,0,1,1,NA,2,200,I-105 W/B (GLENN ANDERSON FWY),VERMONT AVE.,528,E,N,A,-,Y,NA,NA,105,NA,NA,NA,NA,NA,W,N,4,0,1,2,A,-,03,22350,NA,F,C,C,A,A,H,-,A,D,0,NA,NA,NA,NA,Y,NA,-,99,0,0,1,0,0,0,0,0,0,-,-,33.92890167236328,-118.28946685791016,LOS ANGELES,LOS ANGELES,-118.28946685791016,33.92888259887695
91553873,2021,2021-08-25,9565,2021-08-13,1728,019696,NA,5,2,7,1942,0,1,1,NA,2,064,I-405 S/B,GETTY CENTER DRIVE,330,S,N,A,-,Y,NA,NA,405,NA,NA,NA,NA,NA,S,Y,4,0,1,2,A,-,08,22107,NA,N,B,C,A,A,H,-,A,D,0,NA,NA,NA,NA,Y,NA,A,01,0,0,1,0,0,0,0,0,0,-,-,34.08768844604492,-118.47530364990234,LOS ANGELES,LOS ANGELES,-118.47530364990234,34.08768844604492
91553891,2021,2021-08-25,9590,2021-08-22,1525,022405,NA,7,2,7,1942,0,1,2,NA,2,072,US-101 N/B (HOLLYWOOD FREEWAY),FOUNTAIN AVE.,50,S,N,A,-,Y,NA,NA,101,NA,NA,NA,NA,NA,N,Y,4,0,1,2,A,-,03,22350,NA,N,C,C,A,A,H,-,A,A,0,NA,NA,NA,NA,Y,NA,A,01,0,0,1,0,0,0,0,0,0,-,-,34.09476089477539,-118.31034088134766,LOS ANGELES,LOS ANGELES,-118.31044006347656,34.09459686279297
91553893,2021,2021-08-25,9590,2021-08-15,1138,022493,NA,7,1,7,1942,0,1,1,NA,2,085,I-5 S/B (GOLDEN STATE FREEWAY),GILROY ST,450,S,N,A,-,Y,NA,NA,5,NA,NA,NA,NA,NA,S,N,4,0,1,3,A,-,03,22350,NA,N,C,C,A,A,H,-,A,D,0,NA,NA,NA,NA,Y,NA,A,01,0,0,1,0,0,0,0,0,0,-,-,34.10390853881836,-118.2519989013672,LOS ANGELES,LOS ANGELES,-118.2519989013672,34.10391616821289
91553908,2021,2021-08-25,9590,2021-07-06,1945,022405,NA,2,2,7,1942,0,1,2,NA,2,072,US-101 N/B (HOLLYWOOD FREEWAY),UNIVERSAL STUDIOS BLVD.,1100,N,N,A,-,Y,NA,NA,101,NA,NA,NA,NA,NA,N,Y,4,0,1,2,A,-,03,22350,NA,N,C,C,A,A,H,-,B,D,0,NA,NA,NA,NA,Y,NA,A,01,0,0,1,0,0,0,0,0,0,-,-,34.134300231933594,-118.35613250732422,LOS ANGELES,LOS ANGELES,-118.35613250732422,34.13429260253906
91553915,2021,2021-08-25,9590,2021-07-03,1440,022405,NA,6,2,7,1942,0,1,2,NA,2,073,US-101 S/B (HOLLYWOOD FREEWAY) FROM SANTA MONICA B,SANTA MONICA BLVD.,25,S,N,A,-,Y,NA,NA,101,NA,NA,NA,R,NA,S,Y,3,0,1,1,A,-,01,23152,A,N,E,I,A,A,H,-,A,D,0,NA,NA,NA,NA,Y,Y,A,07,0,1,0,0,0,0,0,0,0,-,-,34.090641021728516,-118.30682373046876,LOS ANGELES,LOS ANGELES,-118.30682373046876,34.090641021728516
91553932,2021,2021-08-25,9535,2021-08-14,2205,022245,NA,6,3,5,1943,0,1,1,NA,2,074,I-710 N/B TO I-105,I-105 (CENTURY FREEWAY) E/B,1700,S,N,A,-,Y,NA,NA,710,NA,NA,NA,R,NA,N,Y,4,0,1,2,A,-,01,23152,A,N,B,2,A,A,H,-,C,D,0,NA,NA,NA,NA,Y,Y,A,01,0,0,1,0,0,0,0,0,0,-,-,33.90782165527344,-118.18102264404295,LOS ANGELES,LYNWOOD,-118.18102264404295,33.90782165527344
91553934,2021,2021-08-25,9550,2021-08-18,0930,021054,NA,3,1,9,1900,0,1,1,NA,2,650,I-605 S/B,PECK RD.,250,S,N,B,-,Y,NA,NA,NA,NA,NA,NA,NA,NA,NA,N,4,0,1,2,A,-,07,21658,A,N,B,C,A,A,H,-,A,D,0,NA,NA,NA,NA,Y,NA,A,08,0,0,1,0,0,0,0,0,0,-,-,34.02302169799805,-118.04483795166016,LOS ANGELES,UNINCORPORATED,-118.0382843017578,34.027008056640625
91553950,2021,2021-08-25,9550,2021-08-18,0555,017042,NA,3,3,5,1908,0,1,3,NA,2,091,SR-91 WB (ARTESIA FREEWAY),ARDMORE AVE.,100,W,N,B,-,Y,NA,NA,91,NA,NA,NA,NA,NA,W,Y,4,0,2,4,A,-,08,22107,NA,N,B,C,A,A,H,-,B,D,0,NA,NA,NA,NA,Y,NA,D,22,0,0,2,0,0,0,0,0,0,-,-,33.876220703125,-118.12949371337892,LOS ANGELES,BELLFLOWER,-118.12948608398438,33.876285552978516
91553953,2021,2021-08-25,9575,2021-08-16,1956,022651,NA,1,2,7,1942,0,1,1,NA,2,061,I-210 E/B (FOOTHILL FREEWAY),LA TUNA CANYON RD,1650,W,N,A,-,Y,NA,NA,210,NA,NA,NA,NA,NA,E,N,4,0,2,1,A,-,03,22350,NA,N,E,J,A,A,C,-,D,D,0,NA,NA,NA,NA,Y,NA,A,01,0,0,2,0,0,0,0,0,0,-,-,34.234588623046875,-118.29701995849608,LOS ANGELES,LOS ANGELES,-118.29701995849608,34.23456954956055
91553958,2021,2021-08-25,9525,2021-08-14,0230,021545,NA,6,3,9,1900,0,3,5,NA,2,003,RENAULT STREET (18100 BLOCK),LA PUENTE RD,400,W,N,A,-,N,NA,NA,NA,NA,NA,NA,NA,NA,NA,Y,3,0,1,2,A,-,08,22107,NA,N,C,E,A,A,H,-,C,D,0,NA,NA,NA,NA,Y,NA,D,22,0,1,0,0,0,0,0,0,0,-,-,34.01337814331055,-117.90550994873048,LOS ANGELES,UNINCORPORATED,-117.90540313720705,34.01337814331055
91553959,2021,2021-08-25,9550,2021-08-18,1749,022640,NA,3,2,9,1900,0,1,1,NA,2,650,INTERSTATE 605 SOUTHBOUND (SAN GABRIEL RIVER FREEW,DUNLAP CROSSING ROAD,500,N,N,B,-,Y,NA,NA,605,NA,NA,NA,NA,NA,S,N,4,0,1,2,A,-,03,22350,NA,N,C,C,A,A,H,-,A,D,0,NA,NA,NA,NA,Y,NA,A,01,0,0,1,0,0,0,0,0,0,-,-,33.98508071899414,-118.07227325439452,LOS ANGELES,UNINCORPORATED,-118.07230377197266,33.985103607177734