CASE_ID,ACCIDENT_YEAR,PROC_DATE,JURIS,COLLISION_DATE,COLLISION_TIME,OFFICER_ID,REPORTING_DISTRICT,DAY_OF_WEEK,CHP_SHIFT,POPULATION,CNTY_CITY_LOC,SPECIAL_COND,BEAT_TYPE,CHP_BEAT_TYPE,CITY_DIVISION_LAPD,CHP_BEAT_CLASS,BEAT_NUMBER,PRIMARY_RD,SECONDARY_RD,DISTANCE,DIRECTION,INTERSECTION,WEATHER_1,WEATHER_2,STATE_HWY_IND,CALTRANS_COUNTY,CALTRANS_DISTRICT,STATE_ROUTE,ROUTE_SUFFIX,POSTMILE_PREFIX,POSTMILE,LOCATION_TYPE,RAMP_INTERSECTION,SIDE_OF_HWY,TOW_AWAY,COLLISION_SEVERITY,NUMBER_KILLED,NUMBER_INJURED,PARTY_COUNT,PRIMARY_COLL_FACTOR,PCF_CODE_OF_VIOL,PCF_VIOL_CATEGORY,PCF_VIOLATION,PCF_VIOL_SUBSECTION,HIT_AND_RUN,TYPE_OF_COLLISION,MVIW,PED_ACTION,ROAD_SURFACE,ROAD_COND_1,ROAD_COND_2,LIGHTING,CONTROL_DEVICE,CHP_ROAD_TYPE,PEDESTRIAN_ACCIDENT,BICYCLE_ACCIDENT,MOTORCYCLE_ACCIDENT,TRUCK_ACCIDENT,NOT_PRIVATE_PROPERTY,ALCOHOL_INVOLVED,STWD_VEHTYPE_AT_FAULT,CHP_VEHTYPE_AT_FAULT,COUNT_SEVERE_INJ,COUNT_VISIBLE_INJ,COUNT_COMPLAINT_PAIN,COUNT_PED_KILLED,COUNT_PED_INJURED,COUNT_BICYCLIST_KILLED,COUNT_BICYCLIST_INJURED,COUNT_MC_KILLED,COUNT_MC_INJURED,PRIMARY_RAMP,SECONDARY_RAMP,LATITUDE,LONGITUDE,COUNTY,CITY,POINT_X,POINT_Y
91554892,2021,2021-08-26,9580,2021-08-25,1245,016413,NA,3,1,9,1900,0,3,5,NA,1,020,HILLSIDE DR. (21200 BLOCK),SR-27 (TOPANGA CANYON BLVD.),1109,W,N,A,-,N,NA,NA,NA,NA,NA,NA,NA,NA,NA,Y,4,0,1,1,A,-,08,22107,NA,N,E,I,A,A,E,-,A,D,0,NA,NA,NA,NA,Y,NA,A,01,0,0,1,0,0,0,0,0,0,-,-,34.10369873046875,-118.5927734375,LOS ANGELES,UNINCORPORATED,-118.59268188476564,34.10371017456055
91554910,2021,2021-08-26,9550,2021-08-17,0536,018187,NA,2,3,9,1900,0,2,4,NA,1,022,SCOTT AVE,LEFFINGWELL RD,0,NA,Y,A,-,N,NA,NA,NA,NA,NA,NA,NA,NA,NA,Y,4,0,1,2,A,-,09,21801,A,N,D,G,A,A,H,-,B,A,0,NA,Y,NA,NA,Y,NA,A,01,0,0,1,0,0,0,1,0,0,-,-,33.92940139770508,-118.0007781982422,LOS ANGELES,UNINCORPORATED,-118.00087738037108,33.92920684814453
91554931,2021,2021-08-26,9535,2021-08-16,1025,021538,NA,1,1,6,1922,0,1,1,NA,2,111,I-10 (SAN BERNARDINO FREEWAY) W/B (HOT),DURFEE AVE,1400,E,N,A,-,Y,NA,NA,NA,NA,NA,NA,NA,NA,NA,Y,4,0,1,2,A,-,03,22350,NA,N,C,C,A,A,H,-,A,D,0,NA,NA,NA,Y,Y,NA,A,01,0,0,1,0,0,0,0,0,0,-,-,34.076698303222656,-118.0023193359375,LOS ANGELES,EL MONTE,-118.00945281982422,34.064212799072266
91554935,2021,2021-08-26,9590,2021-08-17,2015,022369,NA,2,2,7,1942,0,1,1,NA,2,052,I-110 N/B (HAF),1ST STREET,400,N,N,A,-,Y,NA,NA,110,NA,NA,NA,NA,NA,N,N,4,0,1,2,A,-,03,22350,NA,N,C,C,A,A,H,-,D,D,0,NA,NA,NA,NA,Y,NA,A,01,0,0,1,0,0,0,0,0,0,-,-,34.060211181640625,-118.25132751464844,LOS ANGELES,LOS ANGELES,-118.25140380859376,34.060298919677734
91554945,2021,2021-08-26,9590,2021-08-15,0255,021912,NA,7,3,7,1942,0,1,1,NA,2,060,I-10 E/B (SANTA MONICA FREEWAY),LA BREA AVENUE,150,E,N,A,-,Y,NA,NA,10,NA,NA,NA,NA,NA,E,Y,2,0,1,2,A,-,01,23152,A,N,C,C,A,A,H,-,C,D,0,NA,NA,Y,NA,Y,Y,A,01,1,0,0,0,0,0,0,0,1,-,-,34.03424072265625,-118.34950256347656,LOS ANGELES,LOS ANGELES,-118.34950256347656,34.03424072265625
91554947,2021,2021-08-26,9590,2021-08-15,0000,021912,NA,7,3,7,1942,0,1,1,NA,2,052,I-110 N/B (HARBOR FREEWAY),2ND ST.,250,N,N,A,-,Y,NA,NA,110,NA,NA,NA,NA,NA,N,N,4,0,1,2,A,-,03,22350,NA,N,C,C,A,A,H,-,C,D,0,NA,NA,NA,NA,Y,Y,A,07,0,0,1,0,0,0,0,0,0,-,-,34.05801010131836,-118.25396728515624,LOS ANGELES,LOS ANGELES,-118.25398254394533,34.058021545410156
91554955,2021,2021-08-26,9550,2021-08-19,1230,015746,NA,4,1,9,1900,0,2,4,NA,1,051,NOGALES STREET,SAN JOSE AVENUE,150,N,N,A,-,N,NA,NA,NA,NA,NA,NA,NA,NA,NA,N,3,0,4,3,A,-,03,22350,NA,N,C,C,A,A,H,-,A,D,0,NA,NA,NA,NA,Y,NA,A,07,0,4,0,0,0,0,0,0,0,-,-,33.999481201171875,-117.88797760009766,LOS ANGELES,UNINCORPORATED,-117.88803100585938,33.999839782714844
91554999,2021,2021-08-26,9550,2021-08-19,0605,022430,NA,4,1,6,1920,0,1,1,NA,2,151,INTERSTATE 105 EASTBOUND,GARDENDALE STREET O/C,3,W,N,A,-,Y,NA,NA,105,NA,NA,NA,NA,NA,E,Y,3,0,1,1,A,-,08,22107,NA,N,E,I,A,A,H,-,A,D,0,NA,NA,NA,NA,Y,NA,A,01,0,1,0,0,0,0,0,0,0,-,-,33.91276931762695,-118.14697265625,LOS ANGELES,DOWNEY,-118.14697265625,33.91283416748047
91555001,2021,2021-08-26,9550,2021-08-19,1555,020037,NA,4,2,6,1920,0,1,1,NA,2,150,INTERSTATE 105 WESTBOUND (CENTURY FWY),BELLFLOWER BOULEVARD,600,E,N,A,-,Y,NA,NA,105,NA,NA,NA,NA,NA,W,N,4,0,1,3,A,-,03,22350,NA,N,C,C,A,A,H,-,A,D,0,NA,NA,NA,NA,Y,NA,A,01,0,0,1,0,0,0,0,0,0,-,-,33.91347122192383,-118.12299346923828,LOS ANGELES,DOWNEY,-118.12298583984376,33.913455963134766
91555003,2021,2021-08-26,9535,2021-08-16,0430,022254,NA,1,3,5,1959,0,1,1,NA,2,401,I-10 (SAN BERNARDINO FREEWAY) W/B,ROSEMEAD BLVD.,900,W,N,A,-,Y,NA,NA,10,NA,NA,NA,NA,NA,W,Y,2,0,1,2,A,-,07,21658,A,N,B,C,A,A,H,-,C,D,0,NA,NA,NA,NA,Y,NA,D,72,1,0,0,0,0,0,0,0,0,-,-,34.0723991394043,-118.07827758789064,LOS ANGELES,ROSEMEAD,-118.07827758789064,34.07233428955078
91555011,2021,2021-08-26,9565,2021-08-16,1915,022671,NA,1,2,9,1900,0,3,5,NA,2,002,BUDLONG AVENUE,99TH STREET,0,NA,Y,A,-,N,NA,NA,NA,NA,NA,NA,NA,NA,NA,N,4,0,2,2,A,-,09,21802,A,N,D,C,A,A,H,-,A,A,0,NA,NA,NA,NA,Y,NA,A,01,0,0,2,0,0,0,0,0,0,-,-,33.94596862792969,-118.29592895507813,LOS ANGELES,UNINCORPORATED,-118.2958984375,33.94595718383789
91555030,2021,2021-08-26,9590,2021-08-12,1500,022673,NA,4,2,7,1942,0,1,1,NA,2,085,I-5 S/B (GOLDEN STATE FREEWAY),LOZ FELIZ BOULEVARD,1000,N,N,A,-,Y,NA,NA,5,NA,NA,NA,NA,NA,S,Y,4,0,1,2,A,-,03,22350,NA,N,C,C,A,A,H,-,A,D,0,NA,NA,NA,NA,Y,NA,A,01,0,0,1,0,0,0,0,0,0,-,-,34.13064956665039,-118.27455902099608,LOS ANGELES,LOS ANGELES,-118.27458190917967,34.13064193725586
91555043,2021,2021-08-26,9535,2021-08-16,1006,021538,NA,1,1,6,1922,0,1,1,NA,2,401,I-10 (SAN BERNARDINO FREEWAY) W/B,COGSWELL RD.,500,E,N,A,-,Y,NA,NA,10,NA,NA,NA,NA,NA,W,N,4,0,2,2,A,-,03,22350,NA,N,C,C,A,A,H,-,A,D,0,NA,NA,NA,NA,Y,NA,A,01,0,0,2,0,0,0,0,0,0,-,-,34.06576919555664,-118.01631927490234,LOS ANGELES,EL MONTE,-118.0163345336914,34.06572341918945
91555044,2021,2021-08-26,9540,2021-08-15,0300,021905,NA,7,3,7,1942,0,1,1,NA,1,501,I-5 S/B,ROXFORD ST,5544,S,N,A,-,Y,NA,NA,5,NA,NA,NA,NA,NA,S,Y,4,0,1,2,A,-,01,23152,A,N,C,C,A,A,H,-,D,D,0,NA,NA,NA,NA,Y,Y,A,01,0,0,1,0,0,0,0,0,0,-,-,34.28995895385742,-118.46659088134766,LOS ANGELES,LOS ANGELES,-118.46659088134766,34.28995895385742
91555046,2021,2021-08-26,9550,2021-08-19,1545,022391,NA,4,2,9,1900,0,2,4,NA,1,015,SORENSEN AVENUE,GREYFORD STREET,200,N,N,A,-,N,NA,NA,NA,NA,NA,NA,NA,NA,NA,N,4,0,1,5,A,-,03,22350,NA,N,C,C,A,A,H,-,A,A,0,NA,NA,NA,NA,Y,NA,A,01,0,0,1,0,0,0,0,0,0,-,-,33.97121810913086,-118.05941009521484,LOS ANGELES,UNINCORPORATED,-118.05947113037108,33.971099853515625
91555049,2021,2021-08-26,9540,2021-08-17,1939,022405,NA,2,2,7,1942,0,1,1,NA,1,501,I-5 S/B (GOLDEN STATE FREEWAY),CHATSWORTH DR.,975,S,N,A,-,Y,NA,NA,5,NA,NA,NA,NA,NA,S,N,3,0,1,2,A,-,07,21658,A,F,F,A,A,A,H,-,A,D,0,NA,NA,Y,NA,Y,NA,-,99,0,1,0,0,0,0,0,0,1,-,-,34.27077865600586,-118.44780731201172,LOS ANGELES,LOS ANGELES,-118.4477996826172,34.27078628540039
91555050,2021,2021-08-26,9565,2021-08-14,1040,022219,NA,6,1,7,1942,0,1,1,NA,2,061,I-405 N/B (SAN DIEGO FREEWAY),HOWARD HUGHES PARKWAY,240,S,N,A,-,Y,NA,NA,405,NA,NA,NA,NA,NA,N,Y,3,0,2,2,A,-,03,22350,NA,N,C,C,A,A,H,-,A,D,0,NA,NA,NA,NA,Y,NA,A,07,0,2,0,0,0,0,0,0,0,-,-,33.97536849975586,-118.38450622558594,LOS ANGELES,LOS ANGELES,-118.38448333740234,33.97542953491211
91555079,2021,2021-08-26,9580,2021-08-25,0800,019319,NA,3,1,9,1900,0,1,2,NA,2,108,US-101 N/B FROM LIBERTY CANYON RD.,LIBERTY CANYON ROAD,300,N,N,A,-,Y,NA,NA,101,NA,NA,NA,R,NA,N,Y,4,0,1,2,A,-,03,22350,NA,N,C,C,A,A,H,-,A,A,0,NA,NA,NA,NA,Y,NA,A,01,0,0,1,0,0,0,0,0,0,-,-,34.13827896118164,-118.72566223144533,LOS ANGELES,UNINCORPORATED,-118.72566223144533,34.13827896118164
91555083,2021,2021-08-26,9590,2021-08-14,1215,021673,NA,6,1,7,1942,0,1,1,NA,2,083,I-5 S/B (GSF),RIVERSIDE DRIVE,2500,S,N,A,-,Y,NA,NA,5,NA,NA,NA,NA,NA,S,N,4,0,1,3,A,-,03,22350,NA,N,C,C,A,A,H,-,A,D,0,NA,NA,NA,NA,Y,NA,A,01,0,0,1,0,0,0,0,0,0,-,-,34.090179443359375,-118.23886108398438,LOS ANGELES,LOS ANGELES,-118.23883056640624,34.0902099609375
91555086,2021,2021-08-26,9580,2021-08-20,1139,022015,NA,5,1,7,1942,0,1,2,NA,2,101,US-101 N/B (VENTURA FREEWAY),WOODMAN AVE,1584,S,N,A,-,Y,NA,NA,101,NA,NA,NA,NA,NA,N,Y,4,0,2,3,A,-,03,22350,NA,N,C,C,A,A,H,-,A,D,0,NA,NA,NA,NA,Y,NA,A,01,0,0,2,0,0,0,0,0,0,-,-,34.15596008300781,-118.42561340332033,LOS ANGELES,LOS ANGELES,-118.42563629150392,34.156070709228516
91555088,2021,2021-08-26,9550,2021-06-13,1150,020014,NA,7,1,6,1920,0,1,1,NA,2,150,INTERSTATE 105 W/B,COLUMBIA WAY,200,W,N,A,-,Y,NA,NA,105,NA,NA,NA,NA,NA,W,N,4,0,2,5,A,-,03,22350,NA,N,C,C,A,A,H,-,A,D,0,NA,NA,NA,NA,Y,NA,A,08,0,0,2,0,0,0,0,0,0,-,-,33.91337966918945,-118.13494110107422,LOS ANGELES,DOWNEY,-118.13494110107422,33.913246154785156
91555089,2021,2021-08-26,9535,2021-08-17,0750,017943,NA,2,1,9,1900,0,1,1,NA,2,401,I-10 (SAN BERNARDINO FREEWAY) W/B,RIO HONDO RIVER,500,E,N,A,-,Y,NA,NA,NA,NA,NA,NA,NA,NA,NA,Y,4,0,1,3,A,-,04,21703,NA,N,C,C,A,A,H,-,A,D,0,NA,NA,NA,NA,Y,NA,A,01,0,0,1,0,0,0,0,0,0,-,-,34.07032012939453,-118.04737091064452,LOS ANGELES,UNINCORPORATED,-118.06438446044922,34.0726432800293
91555094,2021,2021-08-26,9575,2021-08-17,1519,017491,NA,2,2,6,1912,0,1,3,NA,2,044,SR-134 E/B (VENTURA FREEWAY),OLIVE AVENUE,55,E,N,A,-,Y,NA,NA,134,NA,NA,NA,NA,NA,E,Y,4,0,2,3,A,-,03,22350,NA,N,B,C,A,A,H,-,A,D,0,NA,NA,NA,NA,Y,NA,A,01,0,0,2,0,0,0,0,0,0,-,-,34.153160095214844,-118.33757019042967,LOS ANGELES,BURBANK,-118.33757781982422,34.153133392333984
91555100,2021,2021-08-26,9550,2021-08-23,0210,022426,NA,1,3,5,1919,0,1,1,NA,2,652,INTERSTATE 605 N/B,ALONDRA BOULEVARD,120,S,N,A,-,Y,NA,NA,605,NA,NA,NA,NA,NA,N,Y,3,0,1,1,A,-,01,23152,A,N,A,I,A,A,H,-,D,D,0,NA,NA,NA,NA,Y,Y,A,01,0,1,0,0,0,0,0,0,0,-,-,33.88706970214844,-118.1040267944336,LOS ANGELES,CERRITOS,-118.104248046875,33.88705825805664
91555114,2021,2021-08-26,9575,2021-08-10,2312,021283,NA,2,3,7,1942,0,1,3,NA,2,044,I-210 W/B (FOOTHILL FREEWAY),VAN NUYS BLVD.,680,W,N,A,-,Y,NA,NA,210,NA,NA,NA,NA,NA,W,Y,3,0,2,2,A,-,01,23152,A,N,C,C,A,A,D,-,A,D,0,NA,NA,NA,NA,Y,Y,A,07,0,1,1,0,0,0,0,0,0,-,-,34.283260345458984,-118.40226745605467,LOS ANGELES,LOS ANGELES,-118.40227508544922,34.28325271606445
91555117,2021,2021-08-26,9565,2021-08-14,2040,022099,NA,6,2,9,1900,0,3,5,NA,2,002,95TH ST,VERMONT AVE,280,W,N,A,-,N,NA,NA,NA,NA,NA,NA,NA,NA,NA,N,4,0,1,4,A,-,08,22107,NA,F,G,E,E,A,H,-,D,D,0,Y,NA,NA,NA,Y,NA,-,99,0,0,1,0,1,0,0,0,0,-,-,33.94969940185547,-118.29290771484376,LOS ANGELES,UNINCORPORATED,-118.29282379150392,33.9497184753418
91555134,2021,2021-08-26,9565,2021-08-16,1738,022672,NA,1,2,7,1942,0,1,1,NA,2,082,I-10 E/B (SANTA MONICA FREEWAY),BUNDY DRIVE,175,E,N,A,-,Y,NA,NA,10,NA,NA,NA,NA,NA,E,Y,3,0,1,2,A,-,07,21658,A,N,B,C,A,A,H,-,A,D,0,NA,NA,Y,NA,Y,NA,A,08,0,1,0,0,0,0,0,0,1,-,-,34.02840042114258,-118.4485321044922,LOS ANGELES,LOS ANGELES,-118.44852447509766,34.02836227416992
91555144,2021,2021-08-26,9565,2021-08-14,1347,022672,NA,6,1,7,1942,0,1,1,NA,2,064,I-405 S/B (SAN DIEGO FREEWAY),SEPULVEDA BLVD.,1740,S,N,A,-,Y,NA,NA,405,NA,NA,NA,NA,NA,S,N,4,0,2,2,A,-,03,22350,NA,N,C,C,A,A,H,-,A,D,0,NA,NA,NA,NA,Y,NA,D,22,0,0,2,0,0,0,0,0,0,-,-,34.09183120727539,-118.47608947753906,LOS ANGELES,LOS ANGELES,-118.47588348388672,34.09185791015625
91555150,2021,2021-08-26,9590,2021-05-27,2200,022281,NA,4,3,7,1942,0,1,1,NA,2,080,I-5 N/B (GSF) TO CESAR CHAVEZ AVE.,CESAR CHAVEZ AVE.,265,S,N,A,-,Y,NA,NA,5,NA,NA,NA,R,NA,N,N,4,0,1,1,C,-,18,NA,NA,N,E,I,A,A,H,-,C,D,0,NA,NA,NA,NA,Y,NA,-,-,0,0,1,0,0,0,0,0,0,-,-,34.0489501953125,-118.21385955810548,LOS ANGELES,LOS ANGELES,-118.21385955810548,34.0489501953125
91555152,2021,2022-03-02,9565,2021-08-16,1503,022672,NA,1,2,7,1942,0,1,1,NA,2,082,I-10 E/B (SANTA MONICA FREEWAY),GATEWAY BLVD.,700,E,N,A,-,Y,NA,NA,10,NA,NA,NA,NA,NA,E,N,4,0,1,4,A,-,03,22350,NA,N,C,C,A,A,H,-,A,D,0,NA,NA,NA,NA,Y,NA,D,22,0,0,1,0,0,0,0,0,0,-,-,34.03015899658203,-118.44048309326172,LOS ANGELES,LOS ANGELES,-118.44049072265624,34.03022384643555
91555153,2021,2021-08-26,9590,2021-08-18,1435,022673,NA,3,2,7,1942,0,1,2,NA,2,073,US 101 (HOLLYWOOD FREEWAY),HOLLYWOOD BOULEVARD,200,S,N,A,-,Y,NA,NA,NA,NA,NA,NA,NA,NA,NA,Y,4,0,1,2,A,-,03,22350,NA,N,C,C,A,A,H,-,A,D,0,NA,NA,NA,NA,Y,NA,A,01,0,0,1,0,0,0,0,0,0,-,-,34.10062026977539,-118.31616973876952,LOS ANGELES,LOS ANGELES,-118.31622314453124,34.1012077331543
91555169,2021,2021-08-26,9550,2021-08-20,0645,018854,NA,5,1,9,1900,0,1,3,NA,2,601,SR-60 E/B,AZUSA AVE.,2640,W,N,B,-,Y,NA,NA,60,NA,NA,NA,NA,NA,E,N,3,0,1,1,A,-,08,22107,NA,N,E,I,A,A,H,-,A,D,0,NA,NA,NA,NA,Y,NA,A,01,0,1,0,0,0,0,0,0,0,-,-,34.000728607177734,-117.94448089599608,LOS ANGELES,UNINCORPORATED,-117.94449615478516,34.000675201416016
91555184,2021,2021-08-26,9590,2021-08-18,2157,021998,NA,3,2,7,1942,0,1,1,NA,2,040,INTERSTATE 5 NORTHBOUND (SANTA ANA FREEWAY),EUCLID AVENUE,250,S,N,A,-,Y,NA,NA,5,NA,NA,NA,NA,NA,N,Y,3,0,1,1,A,-,01,23152,A,N,E,I,A,A,H,-,C,D,0,NA,NA,NA,NA,Y,Y,A,01,0,1,0,0,0,0,0,0,0,-,-,34.02677917480469,-118.2087631225586,LOS ANGELES,LOS ANGELES,-118.20881652832033,34.02664566040039
91555186,2021,2021-08-26,9565,2021-08-17,1210,022193,NA,2,1,6,1933,0,1,1,NA,2,060,I-405 N/B,HILLCREST BLVD,240,S,N,A,-,Y,NA,NA,405,NA,NA,NA,NA,NA,N,N,4,0,2,2,A,-,03,22350,NA,N,C,C,A,A,H,-,A,D,0,NA,NA,NA,NA,Y,NA,A,01,0,0,2,0,0,0,0,0,0,-,-,33.955810546875,-118.36924743652344,LOS ANGELES,INGLEWOOD,-118.36925506591795,33.955810546875
91555188,2021,2021-11-02,9590,2021-07-31,2228,022428,NA,6,3,7,1942,0,1,1,NA,2,012,SR-110 N/B (ARROYO SECO PARKWAY),AVENUE 52,435,N,N,A,-,Y,NA,NA,110,NA,NA,NA,NA,NA,N,Y,3,0,2,2,A,-,07,21658,A,N,B,C,A,A,H,-,C,D,0,NA,NA,NA,NA,Y,NA,-,-,0,2,0,0,0,0,0,0,0,-,-,34.10280990600586,-118.19480895996094,LOS ANGELES,LOS ANGELES,-118.19480895996094,34.102813720703125
91555195,2021,2021-08-26,9565,2021-08-14,1425,021473,NA,6,2,7,1942,0,1,1,NA,2,063,I-405 S/B (SAN DIEGO FWY),SANTA MONICA BLVD,250,S,N,A,-,Y,NA,NA,405,NA,NA,NA,NA,NA,S,Y,3,0,1,2,A,-,08,22107,NA,N,B,C,A,A,H,-,A,D,0,NA,NA,NA,NA,Y,NA,A,07,0,1,0,0,0,0,0,0,0,-,-,34.04637908935547,-118.44628143310548,LOS ANGELES,LOS ANGELES,-118.44629669189452,34.046363830566406
91555222,2021,2021-08-26,9590,2021-07-18,0950,022444,NA,7,1,7,1942,0,1,1,NA,2,051,I-110 S/B (HARBOR FREEWAY),MANCHESTER AVENUE,300,N,N,A,-,Y,NA,NA,110,NA,NA,NA,NA,NA,S,N,4,0,1,3,A,-,03,22350,NA,N,C,C,A,A,H,-,A,D,0,NA,NA,NA,NA,Y,NA,A,01,0,0,1,0,0,0,0,0,0,-,-,33.9604606628418,-118.28115844726564,LOS ANGELES,LOS ANGELES,-118.28092956542967,33.9604606628418
91555224,2021,2021-08-26,9575,2021-08-18,1022,021344,NA,3,1,6,1925,0,1,3,NA,2,090,SR-2 W/B (GLENDALE FREEWAY),STANCREST FRONTAGE ROAD,1615,S,N,B,-,Y,NA,NA,2,NA,NA,NA,NA,NA,W,N,4,0,1,2,A,-,07,21658,A,N,B,2,A,A,H,-,A,D,0,NA,NA,NA,NA,Y,NA,A,01,0,0,1,0,0,0,0,0,0,-,-,34.19673156738281,-118.22032165527344,LOS ANGELES,GLENDALE,-118.22032165527344,34.19673156738281
91555229,2021,2021-08-26,9525,2021-08-25,1015,015445,NA,3,1,5,1906,0,1,1,NA,2,103,I-10 W/B (SAN BERNARDINO FWY),PUENTE AVE,250,E,N,A,-,Y,NA,NA,10,NA,NA,NA,NA,NA,W,N,4,0,1,2,A,-,07,21658,A,N,C,C,A,A,H,-,A,D,0,NA,NA,NA,Y,Y,NA,G,55,0,0,1,0,0,0,0,0,0,-,-,34.07038879394531,-117.96121978759766,LOS ANGELES,BALDWIN PARK,-117.96121215820313,34.07033157348633
91555246,2021,2021-08-26,9590,2021-07-02,1405,022520,NA,5,2,7,1942,0,1,1,NA,2,052,I-110 N/B (HARBOR FREEWAY) TO US-101 N/B (HOLLYWOO,TEMPLE ST.,400,N,N,A,-,Y,NA,NA,110,NA,NA,NA,R,NA,N,N,4,0,1,2,A,-,07,21658,A,M,B,C,A,A,H,-,A,D,0,NA,NA,NA,NA,Y,NA,-,99,0,0,1,0,0,0,0,0,0,-,-,34.06222915649414,-118.24894714355467,LOS ANGELES,LOS ANGELES,-118.24894714355467,34.06222915649414
91555253,2021,2021-08-26,9590,2021-08-14,1845,022690,NA,6,2,7,1942,0,1,1,NA,2,061,I-10 W/B (SMF) COLLECTOR ROAD,WESTERN AVENUE,600,W,N,A,-,Y,NA,NA,10,NA,NA,NA,NA,NA,W,Y,4,0,2,3,A,-,03,22350,NA,N,C,C,A,A,H,-,A,D,0,NA,NA,NA,NA,Y,NA,D,22,0,0,2,0,0,0,0,0,0,-,-,34.03742980957031,-118.31124114990234,LOS ANGELES,LOS ANGELES,-118.31124114990234,34.03727340698242
91555260,2021,2021-08-26,9590,2021-08-18,1335,022701,NA,3,1,7,1942,0,1,2,NA,2,071,US-101 S/B (SANTA ANA FREEWAY),MISSION RD,300,N,N,B,-,Y,NA,NA,101,NA,NA,NA,NA,NA,S,N,4,0,1,3,A,-,03,22350,NA,N,C,C,A,A,H,-,A,D,0,NA,NA,NA,NA,Y,NA,D,22,0,0,1,0,0,0,0,0,0,-,-,34.053131103515625,-118.22844696044922,LOS ANGELES,LOS ANGELES,-118.2284698486328,34.052974700927734
91555265,2021,2021-08-26,9575,2021-08-12,1420,022651,NA,4,2,7,1942,0,1,1,NA,2,053,I-5 S/B (GOLDEN STATE FREEWAY),PAXTON ST,1000,N,N,A,-,Y,NA,NA,5,NA,NA,NA,NA,NA,S,N,3,0,1,1,A,-,08,22107,NA,N,E,I,A,A,H,-,A,D,0,NA,NA,Y,NA,Y,NA,C,02,0,1,0,0,0,0,0,0,1,-,-,34.265350341796875,-118.44277191162108,LOS ANGELES,LOS ANGELES,-118.44266510009766,34.26541519165039
91555274,2021,2021-08-26,9580,2021-08-20,1630,022566,NA,5,2,7,1942,0,1,2,NA,2,104,US-101 N/B (VENTURA FREEWAY),BALBOA BLVD,100,N,N,A,-,Y,NA,NA,101,NA,NA,NA,NA,NA,N,N,4,0,1,2,A,-,08,22107,NA,F,C,C,A,A,H,-,A,D,0,NA,NA,Y,NA,Y,NA,-,99,0,0,1,0,0,0,0,0,1,-,-,34.170841217041016,-118.50193786621094,LOS ANGELES,LOS ANGELES,-118.5019302368164,34.17086410522461
91555279,2021,2021-08-26,9525,2021-08-21,0715,019495,NA,6,1,9,1900,0,2,4,NA,2,045,VALLEY BLVD. (12400 BLOCK),I-605 S/B (SAN GABRIEL RIVER FWY),246,W,N,B,-,N,NA,NA,NA,NA,NA,NA,NA,NA,NA,Y,3,0,2,2,A,-,09,21804,A,N,D,C,A,A,H,-,A,A,0,NA,NA,NA,NA,Y,NA,A,01,0,2,0,0,0,0,0,0,0,-,-,34.05488967895508,-118.00518798828124,LOS ANGELES,UNINCORPORATED,-118.0049285888672,34.054786682128906
91555302,2021,2021-08-26,9590,2021-07-20,1508,022189,NA,2,2,7,1942,0,1,1,NA,2,083,I-5 S/B (GSF),BROADWAY,100,S,N,A,-,Y,NA,NA,NA,NA,NA,NA,NA,NA,NA,N,4,0,2,3,A,-,03,22350,NA,N,C,C,A,A,H,-,A,D,0,NA,NA,NA,NA,Y,NA,D,22,0,0,2,0,0,0,0,0,0,-,-,34.03715896606445,-118.27533721923828,LOS ANGELES,LOS ANGELES,-118.2191162109375,34.072208404541016
91555320,2021,2021-08-26,9525,2021-08-25,1250,015445,NA,3,1,6,1955,0,1,3,NA,2,071,SR-71 S/B (CHINO VALLEY FREEWAY),MISSION BLVD.,1500,N,N,A,-,Y,NA,NA,NA,NA,NA,NA,NA,NA,NA,N,4,0,2,3,A,-,03,22350,NA,N,C,C,A,A,H,-,A,D,0,NA,NA,NA,Y,Y,NA,F,25,0,0,2,0,0,0,0,0,0,-,-,34.05693054199219,-117.84649658203124,LOS ANGELES,POMONA,-117.78453063964844,34.056766510009766
91555335,2021,2021-11-30,9550,2021-08-16,0720,022203,NA,1,1,7,1941,0,1,3,NA,2,090,STATE ROUTE 91 W/B,CHERRY AVENUE,1400,E,N,A,-,Y,NA,NA,91,NA,NA,NA,NA,NA,W,Y,3,0,1,5,A,-,08,22107,NA,N,B,C,A,A,H,-,A,D,0,NA,NA,Y,NA,Y,NA,C,02,0,1,0,0,0,0,0,0,1,-,-,33.876068115234375,-118.16374206542967,LOS ANGELES,LONG BEACH,-118.16374206542967,33.87600326538086
91555344,2021,2021-08-26,9550,2021-08-17,1610,021100,NA,2,2,9,1900,0,2,4,NA,1,041,COLIMA ROAD,STIMSON AVE.,0,NA,Y,A,-,N,NA,NA,NA,NA,NA,NA,NA,NA,NA,Y,3,0,1,2,A,-,17,21451,A,N,D,C,A,A,H,-,A,A,0,NA,NA,NA,NA,Y,NA,A,08,0,1,0,0,0,0,0,0,0,-,-,33.982810974121094,-117.95957946777344,LOS ANGELES,UNINCORPORATED,-117.95961761474608,33.98292922973633
91555407,2021,2021-08-26,9535,2021-08-14,0550,022719,NA,6,3,5,1901,0,1,1,NA,2,420,I-10 (SAN BERNARDINO FREEWAY) E/B,FREMONT AVE.,1200,W,N,A,-,Y,NA,NA,10,NA,NA,NA,NA,NA,E,Y,3,0,1,2,A,-,01,23152,A,N,C,D,A,A,H,-,B,D,0,NA,NA,NA,Y,Y,Y,A,01,0,1,0,0,0,0,0,0,0,-,-,34.066471099853516,-118.15444946289064,LOS ANGELES,ALHAMBRA,-118.15444946289064,34.066471099853516