CASE_ID,ACCIDENT_YEAR,PROC_DATE,JURIS,COLLISION_DATE,COLLISION_TIME,OFFICER_ID,REPORTING_DISTRICT,DAY_OF_WEEK,CHP_SHIFT,POPULATION,CNTY_CITY_LOC,SPECIAL_COND,BEAT_TYPE,CHP_BEAT_TYPE,CITY_DIVISION_LAPD,CHP_BEAT_CLASS,BEAT_NUMBER,PRIMARY_RD,SECONDARY_RD,DISTANCE,DIRECTION,INTERSECTION,WEATHER_1,WEATHER_2,STATE_HWY_IND,CALTRANS_COUNTY,CALTRANS_DISTRICT,STATE_ROUTE,ROUTE_SUFFIX,POSTMILE_PREFIX,POSTMILE,LOCATION_TYPE,RAMP_INTERSECTION,SIDE_OF_HWY,TOW_AWAY,COLLISION_SEVERITY,NUMBER_KILLED,NUMBER_INJURED,PARTY_COUNT,PRIMARY_COLL_FACTOR,PCF_CODE_OF_VIOL,PCF_VIOL_CATEGORY,PCF_VIOLATION,PCF_VIOL_SUBSECTION,HIT_AND_RUN,TYPE_OF_COLLISION,MVIW,PED_ACTION,ROAD_SURFACE,ROAD_COND_1,ROAD_COND_2,LIGHTING,CONTROL_DEVICE,CHP_ROAD_TYPE,PEDESTRIAN_ACCIDENT,BICYCLE_ACCIDENT,MOTORCYCLE_ACCIDENT,TRUCK_ACCIDENT,NOT_PRIVATE_PROPERTY,ALCOHOL_INVOLVED,STWD_VEHTYPE_AT_FAULT,CHP_VEHTYPE_AT_FAULT,COUNT_SEVERE_INJ,COUNT_VISIBLE_INJ,COUNT_COMPLAINT_PAIN,COUNT_PED_KILLED,COUNT_PED_INJURED,COUNT_BICYCLIST_KILLED,COUNT_BICYCLIST_INJURED,COUNT_MC_KILLED,COUNT_MC_INJURED,PRIMARY_RAMP,SECONDARY_RAMP,LATITUDE,LONGITUDE,COUNTY,CITY,POINT_X,POINT_Y
91555426,2021,2021-08-26,9590,2021-08-14,0910,022710,NA,6,1,7,1942,0,1,2,NA,2,071,US 101 SOUTHBOUND (SAF),LOS ANGELES STREET,335,S,N,A,-,Y,NA,NA,NA,NA,NA,NA,NA,NA,NA,N,4,0,1,2,A,-,08,22107,NA,N,B,C,A,A,H,-,A,D,0,NA,NA,NA,NA,Y,NA,A,08,0,0,1,0,0,0,0,0,0,-,-,34.05434036254883,-118.23866271972656,LOS ANGELES,LOS ANGELES,-118.23851776123048,34.05448532104492
91555506,2021,2021-08-27,9565,2021-08-16,1445,019696,NA,1,2,7,1942,0,1,1,NA,2,062,I-405 N/B,NATIONAL BLVD,200,S,N,A,-,Y,NA,NA,405,NA,NA,NA,NA,NA,N,N,4,0,1,2,A,-,03,22350,NA,N,C,C,A,A,H,-,A,D,0,NA,NA,NA,NA,Y,NA,A,07,0,0,1,0,0,0,0,0,0,-,-,34.02429962158203,-118.42781829833984,LOS ANGELES,LOS ANGELES,-118.42786407470705,34.024261474609375
91556522,2021,2021-08-27,9550,2021-08-19,2115,021742,NA,4,2,6,1949,0,1,1,NA,2,651,I-605 SOUTHBOUND,THE ALONDRA BOULEVARD UNDERCROSSING,250,N,N,A,-,Y,NA,NA,605,NA,NA,NA,NA,NA,S,Y,3,0,3,2,A,-,03,22350,NA,N,B,C,A,A,H,-,C,D,0,NA,NA,NA,NA,Y,NA,A,01,0,2,1,0,0,0,0,0,0,-,-,33.888389587402344,-118.10456848144533,LOS ANGELES,NORWALK,-118.10459899902344,33.888389587402344
91556526,2021,2021-08-27,9525,2021-08-26,1530,018651,NA,4,2,5,1990,0,1,3,NA,2,574,SR-57 N/B (ORANGE FREEWAY),DIAMOND BAR BLVD.,350,N,N,A,-,Y,NA,NA,57,NA,NA,NA,NA,NA,N,Y,3,0,1,4,A,-,03,22350,NA,F,B,C,A,A,D,-,A,D,0,NA,NA,Y,NA,Y,NA,C,02,0,1,0,0,0,0,0,0,1,-,-,33.970481872558594,-117.84725952148438,LOS ANGELES,DIAMOND BAR,-117.8472137451172,33.97043991088867
91556722,2021,2021-08-27,9545,2021-08-26,2200,021640,NA,4,3,9,1900,0,3,5,NA,2,004,106TH ST E,AVENUE V,400,S,N,A,-,N,NA,NA,NA,NA,NA,NA,NA,NA,NA,Y,4,0,2,2,A,-,21,22106,NA,N,D,C,A,A,H,-,D,D,0,NA,NA,NA,NA,Y,NA,A,01,0,0,2,0,0,0,0,0,0,-,-,34.51316833496094,-117.94055938720705,LOS ANGELES,UNINCORPORATED,-117.94053649902344,34.51278305053711
91556729,2021,2021-08-27,9590,2021-05-20,1348,022304,NA,4,1,7,1942,0,1,2,NA,2,072,US-101 N/B (HOLLYWOOD FREEWAY),WILTON PLACE,225,S,N,A,-,Y,NA,NA,101,NA,NA,NA,NA,NA,N,N,2,0,1,2,A,-,11,21954,A,N,G,B,D,A,H,-,A,D,0,Y,NA,NA,NA,Y,NA,N,60,1,0,0,0,1,0,0,0,0,-,-,34.096439361572266,-118.31308746337892,LOS ANGELES,LOS ANGELES,-118.31307220458984,34.096458435058594
91556733,2021,2021-08-27,9590,2021-08-22,0318,022428,NA,7,3,7,1942,0,1,2,NA,2,070,US-101 N/B (HOLLYWOOD FREEWAY),VIRGIL AVENUE,134,S,N,A,-,Y,NA,NA,101,NA,NA,NA,NA,NA,N,N,4,0,1,2,A,-,03,22350,NA,N,C,C,A,A,H,-,C,D,0,NA,NA,NA,NA,Y,NA,A,01,0,0,1,0,0,0,0,0,0,-,-,34.0783805847168,-118.28646850585938,LOS ANGELES,LOS ANGELES,-118.28648376464844,34.07831573486328
91556737,2021,2021-08-27,9575,2021-08-17,1449,021006,NA,2,2,6,1925,0,1,3,NA,2,042,SR-134 E/B (VENTURA FREEWAY),PACIFIC AVENUE,500,E,N,A,-,Y,NA,NA,134,NA,NA,NA,NA,NA,E,N,3,0,1,2,A,-,03,22350,NA,N,C,C,A,A,H,-,A,D,0,NA,NA,NA,NA,Y,NA,A,07,0,1,0,0,0,0,0,0,0,-,-,34.15618896484375,-118.25914001464844,LOS ANGELES,GLENDALE,-118.25914001464844,34.156272888183594
91556750,2021,2021-08-27,9565,2021-08-22,1802,018804,NA,7,2,7,1942,0,1,1,NA,2,063,I-405 FWY. N/B,SANTA MONICA BLVD.,1200,S,N,A,-,Y,NA,NA,405,NA,NA,NA,NA,NA,N,Y,2,0,1,2,A,-,08,22107,NA,N,C,C,A,A,H,-,A,D,0,NA,NA,Y,NA,Y,NA,C,02,1,0,0,0,0,0,0,0,1,-,-,34.05091094970703,-118.4489974975586,LOS ANGELES,LOS ANGELES,-118.44901275634766,34.050907135009766
91556760,2021,2021-08-27,9575,2021-08-17,1105,019595,NA,2,1,7,1942,0,1,1,NA,2,052,I-5 S/B (GOLDEN STATE FREEWAY),ROSCOE BLVD.,250,N,N,A,-,Y,NA,NA,5,NA,NA,NA,NA,NA,S,N,4,0,1,3,A,-,07,21658,A,M,B,C,A,A,H,-,A,D,0,NA,NA,NA,NA,Y,NA,A,01,0,0,1,0,0,0,0,0,0,-,-,34.2216682434082,-118.36147308349608,LOS ANGELES,LOS ANGELES,-118.36147308349608,34.22163391113281
91556766,2021,2021-08-27,9540,2021-08-12,1650,021464,NA,4,2,7,1942,0,1,1,NA,1,502,I-5 NB (GOLDEN STATE FREEWAY),SR-14,1000,N,N,A,-,Y,NA,NA,NA,NA,NA,NA,NA,NA,NA,N,4,0,1,2,A,-,03,22350,NA,N,C,C,A,A,H,-,A,D,0,NA,NA,NA,NA,Y,NA,A,07,0,0,1,0,0,0,0,0,0,-,-,34.33702850341797,-118.51268005371094,LOS ANGELES,LOS ANGELES,-118.4727783203125,34.39139938354492
91556768,2021,2021-08-27,9540,2021-08-19,0525,021395,NA,4,3,7,1942,0,1,3,NA,2,147,SR-14 S/B (ANTELOPE VALLEY FREEWAY),AGUA DULCE CANYON ROAD,5280,S,N,A,-,Y,NA,NA,NA,NA,NA,NA,NA,NA,NA,N,3,0,1,2,A,-,03,22350,NA,N,C,C,A,A,H,-,B,D,0,NA,NA,NA,NA,Y,NA,A,01,0,1,0,0,0,0,0,0,0,-,-,34.46023178100586,-118.34417724609376,LOS ANGELES,LOS ANGELES,-118.33193206787108,34.46657943725586
91556787,2021,2021-08-27,9540,2021-08-19,0945,020451,NA,4,1,7,1942,0,1,1,NA,2,551,I-5 S/B (GOLDEN STATE FREEWAY),ROXFORD ST.,1056,N,N,A,-,Y,NA,NA,5,NA,NA,NA,NA,NA,S,Y,4,0,1,2,A,-,08,22107,NA,N,B,C,A,A,H,-,A,D,0,NA,NA,NA,NA,Y,NA,A,07,0,0,1,0,0,0,0,0,0,-,-,34.305721282958984,-118.48200225830078,LOS ANGELES,LOS ANGELES,-118.48206329345705,34.3056640625
91556791,2021,2021-08-27,9525,2021-08-23,1125,022605,NA,1,1,9,1900,0,3,5,NA,2,002,ARROW HWY,SUNFLOWER AVE,0,NA,Y,A,-,N,NA,NA,NA,NA,NA,NA,NA,NA,NA,Y,3,0,1,2,A,-,12,21453,A,N,D,C,A,A,H,-,A,A,0,NA,NA,NA,Y,Y,NA,A,01,0,1,0,0,0,0,0,0,0,-,-,34.10660934448242,-117.84645080566406,LOS ANGELES,UNINCORPORATED,-117.84637451171876,34.10673141479492
91556797,2021,2021-08-27,9530,2021-08-17,1235,014654,NA,2,1,7,1941,0,1,1,NA,2,420,I-405 (N/B) SAN DIEGO FREEWAY,SPRING ST,150,S,N,A,-,Y,NA,NA,405,NA,NA,NA,NA,NA,NA,Y,3,0,1,2,A,-,03,22350,NA,N,C,C,A,A,H,-,A,D,0,NA,NA,NA,NA,Y,NA,A,01,0,1,0,0,0,0,0,0,0,-,-,33.811370849609375,-118.1610107421875,LOS ANGELES,LONG BEACH,-118.16100311279295,33.81138610839844
91556806,2021,2021-08-27,9530,2021-08-17,1035,014654,NA,2,1,7,1941,0,1,1,NA,2,420,I-405 (S/B) SAN DIEGO FREEWAY,WARDLOW RD.,470,N,N,A,-,Y,NA,NA,405,NA,NA,NA,NA,NA,NA,Y,4,0,1,2,A,-,07,21658,A,N,B,C,A,A,H,-,A,D,0,NA,NA,NA,NA,Y,NA,A,07,0,0,1,0,0,0,0,0,0,-,-,33.82025909423828,-118.19328308105467,LOS ANGELES,LONG BEACH,-118.19324493408205,33.8203125
91556827,2021,2021-08-27,9550,2021-08-20,1715,022587,NA,5,2,7,1941,0,1,3,NA,2,090,SR-91 W/B,WALNUT AVE,115,E,N,A,-,Y,NA,NA,91,NA,NA,NA,NA,NA,W,N,4,0,1,2,A,-,07,21658,A,N,B,C,A,A,H,-,A,D,0,NA,NA,NA,Y,Y,NA,G,25,0,0,1,0,0,0,0,0,0,-,-,33.87696075439453,-118.17292022705078,LOS ANGELES,LONG BEACH,-118.17293548583984,33.876827239990234
91556837,2021,2021-08-27,9530,2021-08-17,2030,022453,NA,2,2,9,1900,0,3,5,NA,2,005,CRENSHAW BLVD (14400 BLOCK),144TH STREET,270,S,N,A,-,N,NA,NA,NA,NA,NA,NA,NA,NA,NA,N,4,0,1,2,A,-,05,21650,NA,N,B,G,A,A,H,-,C,D,0,NA,Y,NA,NA,Y,NA,L,04,0,0,1,0,0,0,1,0,0,-,-,33.900028228759766,-118.3266372680664,LOS ANGELES,UNINCORPORATED,-118.3265380859375,33.90007019042969
91556845,2021,2021-08-27,9525,2021-08-25,0130,021393,NA,3,3,5,1990,0,1,3,NA,2,602,SR-60 E/B (POMONA FWY),GRAND AVENUE,2400,W,N,A,-,Y,NA,NA,60,NA,NA,NA,NA,NA,E,Y,2,0,2,2,A,-,01,23152,A,F,C,C,A,A,H,-,C,D,0,NA,NA,NA,Y,Y,Y,A,01,1,1,0,0,0,0,0,0,0,-,-,34.00489044189453,-117.8289031982422,LOS ANGELES,DIAMOND BAR,-117.82894134521484,34.00495147705078
91556862,2021,2021-08-27,9550,2021-08-20,1440,022391,NA,5,2,6,1949,0,1,1,NA,2,651,I-605 NORTHBOUND,EXCELSIOR DRIVE,50,N,N,A,-,Y,NA,NA,605,NA,NA,NA,NA,NA,N,Y,3,0,1,2,A,-,08,22107,NA,F,E,I,A,A,H,-,A,D,0,NA,NA,NA,NA,Y,NA,-,99,0,1,0,0,0,0,0,0,0,-,-,33.896331787109375,-118.10472106933594,LOS ANGELES,NORWALK,-118.10468292236328,33.896331787109375
91556864,2021,2021-08-27,9540,2021-08-20,2245,021395,NA,5,3,9,1900,0,1,1,NA,2,509,I-5 S/B (GOLDEN STATE FREEWAY),PARKER ROAD,2640,S,N,A,-,Y,NA,NA,NA,NA,NA,NA,NA,NA,NA,Y,2,0,2,2,A,-,01,23152,A,N,C,C,A,A,H,-,C,D,0,NA,NA,NA,NA,Y,Y,A,01,1,1,0,0,0,0,0,0,0,-,-,34.38201141357422,-118.61493682861328,LOS ANGELES,UNINCORPORATED,-118.61520385742188,34.483272552490234
91556866,2021,2021-08-27,9590,2021-08-13,0705,020618,NA,5,1,7,1942,0,1,1,NA,2,062,I-10 (SMF) TO I-110 SB (HAF),CHERRY STREET,35,E,N,A,-,Y,NA,NA,10,NA,NA,NA,R,NA,NA,Y,4,0,1,4,A,-,03,22350,NA,N,C,C,A,A,H,-,A,D,0,NA,NA,NA,NA,Y,NA,A,01,0,0,1,0,0,0,0,0,0,-,-,34.03654098510742,-118.275390625,LOS ANGELES,LOS ANGELES,-118.275390625,34.03654098510742
91556868,2021,2021-08-27,9590,2021-07-01,0050,022428,NA,4,3,7,1942,0,1,1,NA,2,064,I-10 E/B (SANTA MONICA FREEWAY),LEMON STREET,150,W,N,A,-,Y,NA,NA,10,NA,NA,NA,NA,NA,E,Y,3,0,1,3,A,-,07,21658,A,M,B,C,A,A,H,-,C,D,0,NA,NA,NA,NA,Y,NA,-,99,0,1,0,0,0,0,0,0,0,-,-,34.02674865722656,-118.23406982421876,LOS ANGELES,LOS ANGELES,-118.23406219482422,34.02672576904297
91556934,2021,2021-08-27,9565,2021-08-17,0705,022193,NA,2,1,6,1933,0,1,1,NA,2,060,I-405 N/B,CENTURY BLVD,230,N,N,A,-,Y,NA,NA,405,NA,NA,NA,NA,NA,N,N,4,0,1,2,A,-,03,22350,NA,N,C,C,A,A,H,-,A,D,0,NA,NA,NA,NA,Y,NA,A,01,0,0,1,0,0,0,0,0,0,-,-,33.94623947143555,-118.36821746826172,LOS ANGELES,INGLEWOOD,-118.36823272705078,33.94623947143555
91556969,2021,2021-08-27,9530,2021-08-17,0840,022696,NA,2,1,7,1941,0,1,1,NA,2,430,I-405 N/B (SAN DIEGO FREEWAY),BELLFLOWER BLVD.,1584,S,N,A,-,Y,NA,NA,405,NA,NA,NA,NA,NA,N,N,4,0,1,3,A,-,03,22350,NA,F,C,C,A,A,H,-,A,D,0,NA,NA,NA,NA,Y,NA,D,22,0,0,1,0,0,0,0,0,0,-,-,33.802738189697266,-118.11908721923828,LOS ANGELES,LONG BEACH,-118.11908721923828,33.802757263183594
91557001,2021,2021-08-27,9575,2021-08-20,1440,021403,NA,5,2,6,1912,0,1,1,NA,2,051,I-5 N/B (GOLDEN STATE FREEWAY),ALAMEDA AVE.,528,S,N,A,-,Y,NA,NA,5,NA,NA,NA,NA,NA,N,Y,4,0,2,2,A,-,03,22350,NA,N,C,C,A,A,H,-,A,D,0,NA,NA,NA,NA,Y,NA,A,01,0,0,2,0,0,0,0,0,0,-,-,34.16933059692383,-118.30284118652344,LOS ANGELES,BURBANK,-118.30284118652344,34.16933059692383
91557003,2021,2021-08-27,9535,2021-08-17,1835,022235,NA,2,2,5,1969,0,1,1,NA,2,075,I-710 (LONG BEACH FREEWAY) S/B,IMPERIAL HWY,655,N,N,A,-,Y,NA,NA,710,NA,NA,NA,NA,NA,S,Y,2,0,1,1,A,-,13,22515,B,N,H,A,A,A,H,-,A,D,0,NA,NA,NA,NA,Y,NA,A,01,1,0,0,0,0,0,0,0,0,-,-,33.932708740234375,-118.17832946777344,LOS ANGELES,SOUTH GATE,-118.17830657958984,33.93269729614258
91557033,2021,2021-08-27,9550,2021-08-21,0855,022144,NA,6,1,6,1920,0,1,1,NA,2,150,INTERSTATE 105 E/B TO INTERSTATE 605 S/B,ROSECRANS AVENUE,2640,N,N,A,-,Y,NA,NA,NA,NA,NA,NA,NA,NA,NA,Y,4,0,1,1,A,-,08,22107,NA,N,B,I,A,A,H,-,A,D,0,NA,NA,NA,NA,Y,NA,A,01,0,0,1,0,0,0,0,0,0,-,-,33.90578079223633,-118.10543823242188,LOS ANGELES,DOWNEY,NA,NA
91557062,2021,2021-08-27,9575,2021-08-16,0900,019595,NA,1,1,7,1942,0,1,3,NA,2,070,SR-118 E/B TO PAXTON ST.,BRADLEY AVENUE,150,W,N,A,-,Y,NA,NA,118,NA,NA,NA,R,NA,E,Y,4,0,1,2,A,-,03,22350,NA,N,C,C,A,A,H,-,A,D,0,NA,NA,NA,Y,Y,NA,A,07,0,0,1,0,0,0,0,0,0,-,-,34.27482986450195,-118.42540740966795,LOS ANGELES,LOS ANGELES,-118.42540740966795,34.27482986450195
91557076,2021,2021-08-27,9535,2021-08-17,0855,022263,NA,2,1,5,1969,0,1,1,NA,2,074,I-710 (LONG BEACH FREEWAY) N/B,MILLER WAY,1056,N,N,A,-,Y,NA,NA,710,NA,NA,NA,NA,NA,N,N,4,0,1,2,A,-,03,22350,NA,N,C,C,A,A,H,-,A,D,0,NA,NA,NA,NA,Y,NA,A,01,0,0,1,0,0,0,0,0,0,-,-,33.94234848022461,-118.17105865478516,LOS ANGELES,SOUTH GATE,-118.17098999023438,33.94234085083008
91557094,2021,2021-08-27,9565,2021-07-07,0115,021648,NA,3,3,7,1942,0,1,1,NA,2,063,I-405 N/B,SANTA MONICA BLVD,548,N,N,A,-,Y,NA,NA,405,NA,NA,NA,NA,NA,N,Y,4,0,1,7,C,-,18,NA,NA,N,H,J,A,A,H,-,D,D,0,NA,NA,NA,Y,Y,NA,-,-,0,0,1,0,0,0,0,0,0,-,-,34.049198150634766,-118.4482192993164,LOS ANGELES,LOS ANGELES,-118.4482650756836,34.04917526245117
91557104,2021,2021-08-27,9590,2021-08-05,0911,022710,NA,4,1,7,1942,0,1,1,NA,2,084,I-5 SOUTHBOUND (GSF),WHITTIER BLVD.,250,S,N,A,-,Y,NA,NA,5,NA,NA,NA,NA,NA,S,N,4,0,1,2,A,-,03,22350,NA,N,C,C,A,A,H,-,A,D,0,NA,NA,NA,Y,Y,NA,F,26,0,0,1,0,0,0,0,0,0,-,-,34.035728454589844,-118.2209701538086,LOS ANGELES,LOS ANGELES,-118.22098541259766,34.03573989868164
91557115,2021,2021-08-27,9545,2021-08-02,1450,021695,NA,1,2,9,1900,0,3,5,NA,2,001,AVENUE H,70TH ST EAST,1426,W,N,A,-,N,NA,NA,NA,NA,NA,NA,NA,NA,NA,Y,3,0,1,2,A,-,09,21801,A,N,F,A,A,A,H,-,A,A,0,NA,NA,Y,NA,Y,NA,A,07,0,1,0,0,0,0,0,0,1,-,-,34.719268798828125,-118.0104522705078,LOS ANGELES,UNINCORPORATED,-118.01015472412108,34.719276428222656
91557144,2021,2021-08-27,9525,2021-08-19,0730,020216,NA,4,1,5,1990,0,1,3,NA,2,603,SR-60 W/B (POMONA FREEWAY),DIAMOND BAR BLVD.,1056,E,N,A,-,Y,NA,NA,60,NA,NA,NA,NA,NA,W,Y,4,0,1,2,A,-,03,22350,NA,N,C,C,A,A,H,-,A,D,0,NA,NA,NA,Y,Y,NA,F,27,0,0,1,0,0,0,0,0,0,-,-,34.02511978149414,-117.80828094482422,LOS ANGELES,DIAMOND BAR,-117.80825042724608,34.02503204345703
91557147,2021,2021-08-27,9530,2021-08-18,2255,021842,NA,3,3,7,1942,0,1,1,NA,2,200,I-105 E/B (GLENN ANDERSON FWY),STANFORD AVE.,250,W,N,A,-,Y,NA,NA,105,NA,NA,NA,NA,NA,E,N,4,0,2,3,A,-,03,22350,NA,N,C,C,A,A,H,-,D,D,0,NA,NA,NA,NA,Y,NA,A,07,0,0,2,0,0,0,0,0,0,-,-,33.92729187011719,-118.26261901855467,LOS ANGELES,LOS ANGELES,-118.26261901855467,33.92730712890625
91557152,2021,2022-01-05,9590,2021-08-18,2045,022683,NA,3,2,7,1942,0,1,1,NA,2,062,I-10 E/B SANTA MONICA FREEWAY,VERMONT AVENUE,400,W,N,A,-,Y,NA,NA,10,NA,NA,NA,NA,NA,E,N,4,0,1,5,A,-,03,22350,NA,M,C,C,A,A,H,-,C,D,0,NA,NA,NA,NA,Y,NA,A,07,0,0,1,0,0,0,0,0,0,-,-,34.03681945800781,-118.29003143310548,LOS ANGELES,LOS ANGELES,-118.29003143310548,34.03681945800781
91557156,2021,2021-08-27,9550,2021-06-27,0335,022430,NA,7,3,6,1949,0,1,1,NA,2,652,INTERSTATE 605 SOUTHBOUND,ALONDRA BOULEVARD,390,S,N,A,-,Y,NA,NA,605,NA,NA,NA,NA,NA,S,Y,4,0,1,1,A,-,08,22107,NA,M,E,8,A,A,H,-,C,D,0,NA,NA,NA,NA,Y,NA,A,07,0,0,1,0,0,0,0,0,0,-,-,33.88676834106445,-118.10469818115234,LOS ANGELES,NORWALK,-118.1045379638672,33.886783599853516
91557164,2021,2021-08-27,9545,2021-08-03,0445,021642,NA,2,3,6,1992,0,1,3,NA,2,011,SR-14 S/B FROM W/B AVE L,AVENUE L,215,S,N,A,-,Y,NA,NA,14,NA,NA,NA,R,NA,S,Y,4,0,1,1,C,-,18,NA,NA,N,E,I,A,D,G,-,D,D,0,NA,NA,NA,NA,Y,NA,-,-,0,0,1,0,0,0,0,0,0,-,-,34.6598014831543,-118.15337371826172,LOS ANGELES,LANCASTER,-118.15337371826172,34.6598014831543
91557183,2021,2021-08-27,9535,2021-08-19,1300,021538,NA,4,1,5,1906,0,1,1,NA,2,650,I-605 N/B TO I-10 E/B,I-10 (SAN BERNARDINO FREEWAY) E/B,1000,S,N,A,-,Y,NA,NA,605,NA,NA,NA,R,NA,N,N,4,0,1,1,A,-,08,22107,NA,N,E,I,A,A,H,-,A,D,0,NA,NA,NA,NA,Y,NA,A,01,0,0,1,0,0,0,0,0,0,-,-,34.06196975708008,-118.00022888183594,LOS ANGELES,BALDWIN PARK,-118.00022888183594,34.06196975708008
91557208,2021,2021-08-27,9535,2021-08-18,1727,022336,NA,3,2,9,1900,0,1,1,NA,2,070,I-710 (LONG BEACH FWY) N/B,WHITTIER BLVD.,2000,N,N,A,-,Y,NA,NA,710,NA,NA,NA,NA,NA,N,N,3,0,1,2,A,-,03,22350,NA,N,C,C,A,A,H,-,A,D,0,NA,NA,NA,NA,Y,NA,A,01,0,1,0,0,0,0,0,0,0,-,-,34.025848388671875,-118.17211151123048,LOS ANGELES,UNINCORPORATED,-118.17214965820313,34.02585220336914
91557214,2021,2021-08-27,9525,2021-08-15,1415,022645,NA,7,2,5,1990,0,1,3,NA,2,574,SR-57 N/B (ORANGE FWY),BREA CANYON ROAD,1584,N,N,A,-,Y,NA,NA,57,NA,NA,NA,NA,NA,N,N,4,0,1,2,A,-,08,22107,NA,N,D,C,A,A,D,-,A,D,0,NA,NA,NA,NA,Y,NA,A,01,0,0,1,0,0,0,0,0,0,-,-,33.96080017089844,-117.85466766357422,LOS ANGELES,DIAMOND BAR,-117.85467529296876,33.9608039855957
91557223,2021,2021-08-27,9550,2021-05-15,1415,022203,NA,6,2,5,1919,0,1,1,NA,2,652,INTERSTATE 605 N/B,STATE ROUTE 91,750,S,N,A,-,Y,NA,NA,605,NA,NA,NA,NA,NA,N,Y,3,0,1,3,A,-,03,22350,NA,F,C,C,A,A,H,-,A,D,0,NA,NA,NA,NA,Y,NA,A,08,0,1,0,0,0,0,0,0,0,-,-,33.870601654052734,-118.10021209716795,LOS ANGELES,CERRITOS,-118.10022735595705,33.8705940246582
91557234,2021,2021-08-27,9550,2021-08-21,1350,022477,NA,6,1,7,1941,0,1,3,NA,2,090,STATE ROUTE 91 E/B TO DOWNEY AVENUE OFF-RAMP,DOWNEY AVENUE,100,W,N,A,-,Y,NA,NA,91,NA,NA,NA,R,NA,E,Y,4,0,1,3,A,-,03,22350,NA,F,C,C,A,A,H,-,A,A,0,NA,NA,NA,NA,Y,NA,A,01,0,0,1,0,0,0,0,0,0,-,-,33.876739501953125,-118.1516571044922,LOS ANGELES,LONG BEACH,-118.1516571044922,33.876739501953125
91557239,2021,2021-08-27,9525,2021-08-20,0822,019632,NA,5,1,4,1905,0,1,1,NA,2,203,I-210 W/B (FOOTHILL FWY),CITRUS AVE,1584,W,N,A,-,Y,NA,NA,210,NA,NA,NA,NA,NA,W,Y,3,0,1,2,A,-,07,21658,A,N,B,C,A,A,H,-,A,D,0,NA,NA,Y,NA,Y,NA,A,01,0,1,0,0,0,0,0,0,1,-,-,34.121070861816406,-117.89566802978516,LOS ANGELES,AZUSA,-117.89566802978516,34.12108612060547
91557241,2021,2021-08-27,9545,2021-08-03,2145,021948,NA,2,2,9,1900,0,3,5,NA,1,006,AVENUE L-8,50TH ST W,0,NA,Y,A,-,N,NA,NA,NA,NA,NA,NA,NA,NA,NA,Y,4,0,2,2,A,-,09,21801,A,N,D,C,A,A,H,-,C,A,0,NA,NA,NA,NA,Y,NA,A,01,0,0,2,0,0,0,0,0,0,-,-,34.65296173095703,-118.21867370605467,LOS ANGELES,UNINCORPORATED,-118.21862030029295,34.652896881103516
91557302,2021,2021-08-27,9550,2021-08-21,1720,022048,NA,6,2,5,1919,0,1,3,NA,2,091,SR-91 WESTBOUND,GRIDLEY RD,1000,W,N,A,-,Y,NA,NA,91,NA,NA,NA,NA,NA,W,Y,4,0,1,3,A,-,03,22350,NA,N,C,C,A,A,H,-,A,D,0,NA,NA,NA,NA,Y,NA,A,01,0,0,1,0,0,0,0,0,0,-,-,33.87643814086914,-118.09474182128906,LOS ANGELES,CERRITOS,-118.09474182128906,33.87640380859375
91557327,2021,2021-08-27,9530,2021-08-18,0320,021871,NA,3,3,7,1942,0,1,1,NA,2,110,I-110 S/B (HARBOR FREEWAY),EL SEGUNDO BLVD.,595,N,N,A,-,Y,NA,NA,110,NA,NA,NA,NA,NA,S,Y,3,0,1,1,A,-,01,23152,A,N,E,I,A,A,H,-,C,D,0,NA,NA,NA,NA,Y,Y,A,07,0,1,0,0,0,0,0,0,0,-,-,33.91815185546875,-118.28530883789064,LOS ANGELES,LOS ANGELES,-118.28506469726564,33.9179801940918
91557380,2021,2021-08-27,9550,2021-08-14,1221,022376,NA,6,1,9,1900,0,3,5,NA,2,002,MILLS AVE,OVAL DR,0,NA,Y,A,-,N,NA,NA,NA,NA,NA,NA,NA,NA,NA,Y,4,0,2,2,A,-,09,21801,A,N,D,C,A,A,H,-,A,A,0,NA,NA,NA,NA,Y,NA,A,01,0,0,2,0,0,0,0,0,0,-,-,33.94377136230469,-118.02587127685548,LOS ANGELES,UNINCORPORATED,-118.02578735351564,33.943660736083984
91557383,2021,2021-08-27,9535,2021-08-22,1330,022235,NA,7,1,4,1907,0,1,1,NA,2,072,I-710 (LONG BEACH FREEWAY) N/B,CLARA ST,350,N,N,A,-,Y,NA,NA,710,NA,NA,NA,NA,NA,N,N,4,0,2,2,A,-,03,22350,NA,N,C,C,A,A,H,-,A,D,0,NA,NA,NA,NA,Y,NA,A,01,0,0,2,0,0,0,0,0,0,-,-,33.96453857421875,-118.1689910888672,LOS ANGELES,BELL,-118.1689682006836,33.96453094482422
91557395,2021,2021-09-17,9525,2021-08-26,1514,019550,NA,4,2,9,1900,0,3,5,NA,2,003,TEMPLE AVE,UNIVERSITY DRIVE,850,W,N,A,-,N,NA,NA,NA,NA,NA,NA,NA,NA,NA,Y,2,0,1,2,A,-,07,21658,A,N,B,C,A,A,H,-,A,D,0,NA,NA,Y,NA,Y,NA,A,01,1,0,0,0,0,0,0,0,1,-,-,34.05046081542969,-117.82318115234376,LOS ANGELES,UNINCORPORATED,-117.82347106933594,34.05059814453125