CASE_ID,ACCIDENT_YEAR,PROC_DATE,JURIS,COLLISION_DATE,COLLISION_TIME,OFFICER_ID,REPORTING_DISTRICT,DAY_OF_WEEK,CHP_SHIFT,POPULATION,CNTY_CITY_LOC,SPECIAL_COND,BEAT_TYPE,CHP_BEAT_TYPE,CITY_DIVISION_LAPD,CHP_BEAT_CLASS,BEAT_NUMBER,PRIMARY_RD,SECONDARY_RD,DISTANCE,DIRECTION,INTERSECTION,WEATHER_1,WEATHER_2,STATE_HWY_IND,CALTRANS_COUNTY,CALTRANS_DISTRICT,STATE_ROUTE,ROUTE_SUFFIX,POSTMILE_PREFIX,POSTMILE,LOCATION_TYPE,RAMP_INTERSECTION,SIDE_OF_HWY,TOW_AWAY,COLLISION_SEVERITY,NUMBER_KILLED,NUMBER_INJURED,PARTY_COUNT,PRIMARY_COLL_FACTOR,PCF_CODE_OF_VIOL,PCF_VIOL_CATEGORY,PCF_VIOLATION,PCF_VIOL_SUBSECTION,HIT_AND_RUN,TYPE_OF_COLLISION,MVIW,PED_ACTION,ROAD_SURFACE,ROAD_COND_1,ROAD_COND_2,LIGHTING,CONTROL_DEVICE,CHP_ROAD_TYPE,PEDESTRIAN_ACCIDENT,BICYCLE_ACCIDENT,MOTORCYCLE_ACCIDENT,TRUCK_ACCIDENT,NOT_PRIVATE_PROPERTY,ALCOHOL_INVOLVED,STWD_VEHTYPE_AT_FAULT,CHP_VEHTYPE_AT_FAULT,COUNT_SEVERE_INJ,COUNT_VISIBLE_INJ,COUNT_COMPLAINT_PAIN,COUNT_PED_KILLED,COUNT_PED_INJURED,COUNT_BICYCLIST_KILLED,COUNT_BICYCLIST_INJURED,COUNT_MC_KILLED,COUNT_MC_INJURED,PRIMARY_RAMP,SECONDARY_RAMP,LATITUDE,LONGITUDE,COUNTY,CITY,POINT_X,POINT_Y
91563777,2021,2021-09-07,9565,2021-09-02,1858,022251,NA,4,2,9,1900,0,3,5,NA,2,002,EL SEGUNDO BLVD,WESTERN AVE,370,E,N,A,-,N,NA,NA,NA,NA,NA,NA,NA,NA,NA,Y,3,0,1,2,A,-,01,23152,A,N,C,C,A,A,H,-,B,D,0,NA,NA,NA,NA,Y,Y,A,01,0,1,0,0,0,0,0,0,0,-,-,33.916500091552734,-118.30776977539064,LOS ANGELES,UNINCORPORATED,-118.307861328125,33.91645050048828
91563780,2021,2022-02-18,9550,2021-08-27,2050,022600,NA,5,2,9,1900,0,2,4,NA,1,013,NORWALK BLVD SOUTHBOUND,WASHINGTON BLVD.,100,N,N,A,-,N,NA,NA,NA,NA,NA,NA,NA,NA,NA,Y,4,0,1,2,A,-,01,23152,A,N,C,C,A,A,H,-,C,A,0,NA,NA,NA,NA,Y,Y,A,01,0,0,1,0,0,0,0,0,0,-,-,33.972900390625,-118.07420349121094,LOS ANGELES,UNINCORPORATED,-118.07412719726564,33.972747802734375
91563797,2021,2021-09-07,9530,2021-08-25,0720,022696,NA,3,1,9,1900,0,3,5,NA,2,001,COMPTON AVE. (8200 BLOCK),83RD ST.,30,N,N,A,-,N,NA,NA,NA,NA,NA,NA,NA,NA,NA,Y,4,0,1,2,A,-,03,22350,NA,N,C,C,A,A,H,-,A,A,0,NA,NA,NA,NA,Y,NA,A,01,0,0,1,0,0,0,0,0,0,-,-,33.963470458984375,-118.24774169921876,LOS ANGELES,UNINCORPORATED,-118.24768829345705,33.96337127685547
91563798,2021,2021-09-07,9575,2021-07-24,1635,022533,NA,6,2,9,1900,0,1,1,NA,2,062,I-210 EB (FOOTHILL FREEWAY),OCEAN VIEW BLVD.,495,E,N,A,-,Y,NA,NA,210,NA,NA,NA,NA,NA,E,Y,2,0,1,2,A,-,17,22109,NA,F,C,C,A,A,H,-,A,D,0,NA,NA,Y,NA,Y,NA,A,01,1,0,0,0,0,0,0,0,1,-,-,34.21099090576172,-118.226318359375,LOS ANGELES,UNINCORPORATED,-118.226318359375,34.210994720458984
91563805,2021,2021-09-07,9565,2021-08-25,2055,022014,NA,3,2,7,1942,0,1,1,NA,2,064,I-405 N/B TO SKIRBALL CENTER DRIVE,MULHOLLAND DR,948,S,N,A,-,Y,NA,NA,405,NA,NA,NA,R,NA,N,Y,2,0,1,1,A,-,03,22350,NA,N,E,8,A,A,H,-,C,A,0,NA,NA,NA,NA,Y,NA,A,01,1,0,0,0,0,0,0,0,0,-,-,34.124088287353516,-118.4767837524414,LOS ANGELES,LOS ANGELES,-118.4767837524414,34.124088287353516
91563806,2021,2021-09-07,9550,2021-08-30,1515,022048,NA,1,2,6,1949,0,1,1,NA,2,651,INTERSTATE 605 NORTH,ALONDRA BOULEVARD,150,N,N,A,-,Y,NA,NA,605,NA,NA,NA,NA,NA,NA,Y,4,0,1,2,A,-,08,22107,NA,N,D,C,A,A,H,-,A,D,0,NA,NA,NA,NA,Y,NA,A,01,0,0,1,0,0,0,0,0,0,-,-,33.888099670410156,-118.10433197021484,LOS ANGELES,NORWALK,-118.10428619384766,33.88810348510742
91563840,2021,2021-09-07,9580,2021-09-05,2140,021780,NA,7,2,9,1900,0,1,2,NA,2,106,US-101 N/B (VENTURA FREEWAY),MUREAU RD.,1056,S,N,A,-,Y,NA,NA,101,NA,NA,NA,NA,NA,N,N,3,0,1,1,A,-,03,22350,NA,N,H,A,A,A,H,-,D,D,0,NA,NA,Y,NA,Y,NA,C,02,0,1,0,0,0,0,0,0,1,-,-,34.1505012512207,-118.6618194580078,LOS ANGELES,UNINCORPORATED,-118.6618194580078,34.1505012512207
91563847,2021,2021-09-07,9545,2021-08-07,2145,021497,NA,6,2,9,1900,0,3,5,NA,2,004,AVENUE P,15TH STREET EAST,673,E,N,A,-,N,NA,NA,NA,NA,NA,NA,NA,NA,NA,Y,2,0,1,2,A,-,03,22350,NA,N,C,C,A,A,H,-,D,D,0,NA,NA,NA,NA,Y,NA,D,22,1,0,0,0,0,0,0,0,0,-,-,34.602230072021484,-118.10099792480467,LOS ANGELES,UNINCORPORATED,-118.1009521484375,34.60224914550781
91563861,2021,2021-09-07,9565,2021-08-26,0925,019779,NA,4,1,9,1900,0,2,4,NA,2,031,LA CIENEGA BLVD,SLAUSON AVE,1500,N,N,A,-,N,NA,NA,NA,NA,NA,NA,NA,NA,NA,N,4,0,1,2,A,-,03,22350,NA,N,H,G,A,A,H,-,A,D,0,NA,Y,NA,NA,Y,NA,A,01,0,0,1,0,0,0,1,0,0,-,-,33.9922981262207,-118.36881256103516,LOS ANGELES,UNINCORPORATED,-118.36914825439452,33.99158477783203
91563869,2021,2021-09-07,9530,2021-08-25,0905,022674,NA,3,1,9,1900,0,3,5,NA,2,002,WADSWORTH AVE. (11000 BLOCK),EL SEGUNDO BLVD,5,N,N,A,-,N,NA,NA,NA,NA,NA,NA,NA,NA,NA,N,4,0,2,3,A,-,10,21950,A,N,G,B,B,A,H,-,A,A,0,Y,NA,NA,NA,Y,NA,A,07,0,0,2,0,2,0,0,0,0,-,-,33.9163818359375,-118.259521484375,LOS ANGELES,UNINCORPORATED,-118.25953674316406,33.91637420654297
91563929,2021,2021-09-07,9525,2021-09-03,2330,021967,NA,5,3,4,1913,0,1,1,NA,2,209,SR-210 W/B (FOOTHILL FWY),TOWNE AVE,500,W,N,A,-,Y,NA,NA,210,NA,NA,NA,NA,NA,W,Y,3,0,2,2,A,-,03,22350,NA,F,C,C,A,A,H,-,D,D,0,NA,NA,NA,NA,Y,NA,D,22,0,2,0,0,0,0,0,0,0,-,-,34.12065887451172,-117.73751068115234,LOS ANGELES,CLAREMONT,-117.73751068115234,34.12062072753906
91563975,2021,2021-09-07,9575,2021-08-18,1613,022629,NA,3,2,7,1942,0,1,3,NA,2,043,SR-134 E/B (VENTURA FREEWAY),RIVERSIDE DRIVE,1584,E,N,A,-,Y,NA,NA,134,NA,NA,NA,NA,NA,E,Y,4,0,3,5,A,-,03,22350,NA,N,C,C,A,A,H,-,A,D,0,NA,NA,NA,NA,Y,NA,A,07,0,0,3,0,0,0,0,0,0,-,-,34.15456008911133,-118.3212890625,LOS ANGELES,LOS ANGELES,-118.3212890625,34.154563903808594
91563979,2021,2021-09-07,9550,2021-08-27,1416,022391,NA,5,2,9,1900,0,3,5,NA,2,005,BATSON AVENUE,COLIMA ROAD,266,N,N,A,-,N,NA,NA,NA,NA,NA,NA,NA,NA,NA,Y,2,0,1,1,A,-,08,22107,NA,N,E,I,A,A,H,-,A,A,0,NA,NA,NA,NA,Y,NA,A,07,1,0,0,0,0,0,0,0,0,-,-,33.98908996582031,-117.9035186767578,LOS ANGELES,UNINCORPORATED,-117.90384674072266,33.98899841308594
91564003,2021,2021-09-07,9575,2021-08-18,1715,022629,NA,3,2,7,1942,0,1,3,NA,2,044,SR-134 E/B (VENTURA FREEWAY),CAHUENGA BLVD.,1584,E,N,A,-,Y,NA,NA,134,NA,NA,NA,NA,NA,E,N,4,0,1,3,A,-,03,22350,NA,N,C,C,A,A,H,-,A,D,0,NA,NA,NA,NA,Y,NA,A,01,0,0,1,0,0,0,0,0,0,-,-,34.152889251708984,-118.35643768310548,LOS ANGELES,LOS ANGELES,-118.35643768310548,34.152889251708984
91564032,2021,2021-09-07,9565,2021-08-26,1125,017713,NA,4,1,6,1933,0,1,1,NA,2,060,I-405 N/B (SAN DIEGO FREEWAY),HILLCREST BLVD,800,S,N,A,-,Y,NA,NA,405,NA,NA,NA,NA,NA,N,N,3,0,1,2,A,-,03,22350,NA,N,C,C,A,A,H,-,A,D,0,NA,NA,NA,NA,Y,NA,A,01,0,1,0,0,0,0,0,0,0,-,-,33.954891204833984,-118.36933135986328,LOS ANGELES,INGLEWOOD,-118.36924743652344,33.95488739013672
91564044,2021,2021-11-02,9530,2021-08-24,0805,022696,NA,2,1,9,1900,0,3,5,NA,2,002,121ST ST. (1200 BLOCK),MAIN ST.,13,E,N,A,-,N,NA,NA,NA,NA,NA,NA,NA,NA,NA,N,3,0,1,2,A,-,10,21950,A,N,G,B,B,A,H,-,A,A,0,Y,NA,NA,NA,Y,NA,-,-,0,1,0,0,1,0,0,0,0,-,-,33.92247009277344,-118.27377319335938,LOS ANGELES,UNINCORPORATED,-118.2739715576172,33.922508239746094
91564045,2021,2021-09-07,9565,2021-06-12,1510,022014,NA,6,2,5,1965,0,1,1,NA,2,081,I-10 (SANTA MONICA FREEWAY),14TH STREET,100,W,N,A,-,Y,NA,NA,10,NA,NA,NA,NA,NA,NA,Y,3,0,2,3,A,-,03,22350,NA,N,C,C,A,A,H,-,A,D,0,NA,NA,NA,NA,Y,NA,A,01,0,1,1,0,0,0,0,0,0,-,-,34.01845169067383,-118.48088836669922,LOS ANGELES,SANTA MONICA,-118.48088836669922,34.01844787597656
91564069,2021,2021-09-07,9535,2021-08-20,0845,022719,NA,5,1,9,1900,0,2,4,NA,2,015,FLORAL DR. (2000 BLOCK),VANCOUVER AVE.,350,W,N,B,-,N,NA,NA,NA,NA,NA,NA,NA,NA,NA,Y,3,0,1,3,A,-,08,22107,NA,N,F,E,A,A,H,-,A,D,0,NA,NA,Y,NA,Y,NA,A,01,0,1,0,0,0,0,0,0,0,-,-,34.04425811767578,-118.15785980224608,LOS ANGELES,UNINCORPORATED,-118.15790557861328,34.04423141479492
91564077,2021,2021-09-07,9590,2021-08-25,1230,021606,NA,3,1,7,1942,0,1,1,NA,2,084,I-5 (GOLDEN STATE FREEWAY),LOS FELIZ BLVD.,500,N,N,A,-,Y,NA,NA,5,NA,NA,NA,NA,NA,NA,N,4,0,2,2,A,-,03,22350,NA,N,C,C,A,A,H,-,A,A,0,NA,NA,NA,NA,Y,NA,A,08,0,0,2,0,0,0,0,0,0,-,-,34.12337112426758,-118.27174377441406,LOS ANGELES,LOS ANGELES,-118.27223205566406,34.12321090698242
91564123,2021,2021-09-07,9550,2021-07-03,1630,022167,NA,6,2,5,1919,0,1,1,NA,2,652,I-605 S/B,ALONDRA BOULEVARD EAST,15,N,N,A,-,Y,NA,NA,605,NA,NA,NA,NA,NA,S,Y,4,0,1,4,A,-,07,21658,A,F,B,2,A,A,H,-,A,D,0,NA,NA,NA,NA,Y,NA,A,01,0,0,1,0,0,0,0,0,0,-,-,33.88753890991211,-118.10453033447266,LOS ANGELES,CERRITOS,-118.10455322265624,33.88753890991211
91564124,2021,2021-09-07,9530,2021-08-24,1520,022702,NA,2,2,7,1942,0,3,5,NA,2,001,COMPTON AVE (7000 BLOCK),70TH ST.,37,S,N,B,-,N,NA,NA,NA,NA,NA,NA,NA,NA,NA,N,3,0,3,2,A,-,08,22107,NA,N,C,E,A,A,H,-,A,A,0,NA,NA,NA,NA,Y,NA,A,01,0,2,1,0,0,0,0,0,0,-,-,33.97679138183594,-118.24749755859376,LOS ANGELES,LOS ANGELES,-118.24768829345705,33.976287841796875
91564126,2021,2021-09-07,9565,2021-06-18,1553,022576,NA,5,2,9,1900,0,3,5,NA,2,002,BUDLONG AVE,90TH ST,0,NA,Y,A,-,N,NA,NA,NA,NA,NA,NA,NA,NA,NA,Y,4,0,1,2,C,-,18,NA,NA,N,C,E,A,A,H,-,A,D,0,NA,NA,NA,NA,Y,NA,-,-,0,0,1,0,0,0,0,0,0,-,-,33.955848693847656,-118.29591369628906,LOS ANGELES,UNINCORPORATED,-118.2959213256836,33.955936431884766
91564128,2021,2021-09-07,9540,2021-08-25,1825,019853,NA,3,2,7,1942,0,1,1,NA,2,210,I-210 WB (FOOTHILL FWY.),YARNELL ST,1000,W,N,A,-,Y,NA,NA,210,NA,NA,NA,NA,NA,W,N,4,0,1,2,A,-,07,21658,A,F,B,C,A,A,D,-,A,D,0,NA,NA,NA,NA,Y,NA,-,99,0,0,1,0,0,0,0,0,0,-,-,34.32249069213867,-118.48116302490234,LOS ANGELES,LOS ANGELES,-118.4811553955078,34.32248306274414
91564148,2021,2021-09-07,9590,2021-06-01,0530,022569,NA,2,3,7,1942,0,1,1,NA,2,012,SR-110 N/B (ARROYO SECO PARKWAY),AVENUE 43,500,S,N,A,-,Y,NA,NA,110,NA,NA,NA,NA,NA,N,N,3,0,1,1,A,-,03,22350,NA,N,F,A,A,A,H,-,B,D,0,NA,NA,Y,NA,Y,NA,C,02,0,1,0,0,0,0,0,0,1,-,-,34.09103012084961,-118.20690155029295,LOS ANGELES,LOS ANGELES,-118.2069091796875,34.091033935546875
91564155,2021,2021-09-07,9550,2021-08-28,1920,022167,NA,6,2,9,1900,0,1,1,NA,2,650,I-605 N/B,ROSE HILLS ROAD,1480,N,N,A,-,Y,NA,NA,605,NA,NA,NA,NA,NA,N,Y,4,0,1,3,A,-,07,21658,A,F,B,C,A,A,H,-,D,D,0,NA,NA,NA,NA,Y,NA,-,99,0,0,1,0,0,0,0,0,0,-,-,34.01462936401367,-118.05577087402344,LOS ANGELES,UNINCORPORATED,-118.05576324462892,34.014625549316406
91564166,2021,2021-09-07,9565,2021-06-19,1300,022576,NA,6,1,9,1900,0,3,5,NA,2,004,LA CIENEGA BLVD,PACIFIC CONCOURSE DR,210,S,N,A,-,N,NA,NA,NA,NA,NA,NA,NA,NA,NA,N,3,0,1,1,A,-,03,22350,NA,N,F,A,A,A,H,-,A,D,0,NA,NA,Y,NA,Y,NA,C,02,0,1,0,0,0,0,0,0,1,-,-,33.925411224365234,-118.37003326416016,LOS ANGELES,UNINCORPORATED,-118.37008666992188,33.92564392089844
91564176,2021,2021-09-07,9565,2021-08-25,0905,017289,NA,3,1,5,1965,0,1,1,NA,2,081,I-10 E/B,17TH ST,210,E,N,A,-,Y,NA,NA,10,NA,NA,NA,NA,NA,E,N,4,0,6,3,C,-,18,NA,NA,N,H,A,A,A,C,-,A,D,0,NA,NA,NA,NA,Y,NA,-,-,0,0,6,0,0,0,0,0,0,-,-,34.022010803222656,-118.47650909423828,LOS ANGELES,SANTA MONICA,-118.47641754150392,34.021881103515625
91564198,2021,2021-09-07,9565,2021-07-19,1610,022219,NA,1,2,9,1900,0,2,4,NA,2,021,VERMONT AVE,117TH ST,0,NA,Y,A,-,N,NA,NA,NA,NA,NA,NA,NA,NA,NA,N,3,0,3,2,A,-,07,21658,A,N,D,C,A,A,H,-,A,D,0,NA,NA,NA,NA,Y,NA,A,01,0,3,0,0,0,0,0,0,0,-,-,33.9273796081543,-118.29193878173828,LOS ANGELES,UNINCORPORATED,-118.29193878173828,33.927337646484375
91564217,2021,2021-09-07,9535,2021-08-26,0740,022650,NA,4,1,9,1900,0,3,5,NA,2,001,DOZIER AVE.,GAGE AVE.,0,NA,Y,A,-,N,NA,NA,NA,NA,NA,NA,NA,NA,NA,N,4,0,1,2,A,-,09,21802,A,N,D,C,A,A,H,-,A,A,0,NA,NA,NA,NA,Y,NA,A,07,0,0,1,0,0,0,0,0,0,-,-,34.04145050048828,-118.18466949462892,LOS ANGELES,UNINCORPORATED,-118.18466186523438,34.041439056396484
91564219,2021,2021-09-07,9525,2021-08-27,0330,021545,NA,5,3,5,1926,0,1,1,NA,2,205,I-210 W/B (FOOTHILL FWY),GRAND AVE,600,W,N,A,-,Y,NA,NA,210,NA,NA,NA,NA,NA,W,Y,3,0,2,3,A,-,07,21658,A,N,C,B,A,A,H,-,C,D,0,NA,NA,NA,Y,Y,NA,A,01,0,1,1,0,0,0,0,0,0,-,-,34.1209716796875,-117.87700653076172,LOS ANGELES,GLENDORA,-117.87701416015624,34.1209602355957
91564258,2021,2021-09-07,9550,2021-07-31,0020,022512,NA,6,3,5,1919,0,1,1,NA,2,652,INTERSTATE 605 (SAN GABRIEL RIVER FREEWAY),SR-91 WESTBOUND,1780,N,N,A,-,Y,NA,NA,605,NA,NA,NA,NA,NA,NA,N,4,0,1,2,A,-,03,22350,NA,M,C,C,A,A,H,-,D,D,0,NA,NA,NA,NA,Y,NA,-,99,0,0,1,0,0,0,0,0,0,-,-,33.881439208984375,-118.10415649414064,LOS ANGELES,CERRITOS,-118.10408020019533,33.88145446777344
91564282,2021,2021-09-07,9575,2021-08-30,0715,021394,NA,1,1,9,1900,0,2,4,NA,2,024,WOODBURY RD.,EL SOL AVE.,0,NA,Y,A,-,N,NA,NA,NA,NA,NA,NA,NA,NA,NA,N,2,0,1,2,A,-,09,21801,A,N,H,G,A,A,H,-,A,D,0,NA,Y,NA,NA,Y,NA,A,01,1,0,0,0,0,0,1,0,0,-,-,34.18312072753906,-118.16639709472656,LOS ANGELES,UNINCORPORATED,-118.16641235351564,34.18302536010742
91564290,2021,2021-09-07,9525,2021-09-04,2330,021443,NA,6,3,9,1900,0,3,5,NA,2,004,BLACKWOOD ST.,SUNSET AVE.,0,NA,Y,A,-,N,NA,NA,NA,NA,NA,NA,NA,NA,NA,Y,3,0,1,2,A,-,09,21802,A,N,D,C,A,A,H,-,C,D,0,NA,NA,NA,NA,Y,NA,A,01,0,1,0,0,0,0,0,0,0,-,-,34.04623031616211,-117.9614715576172,LOS ANGELES,UNINCORPORATED,-117.9619140625,34.0464973449707
91564322,2021,2021-09-07,9525,2021-09-05,1245,022605,NA,7,1,1,1934,0,1,1,NA,2,651,I-605 S/B (SAN GABRIEL RIVER FWY),LIVE OAK AVE.,600,N,N,A,-,Y,NA,NA,605,NA,NA,NA,NA,NA,S,Y,4,0,1,2,A,-,08,22107,NA,N,E,I,A,A,H,-,A,D,0,NA,NA,NA,NA,Y,NA,A,01,0,0,1,0,0,0,0,0,0,-,-,34.11088180541992,-117.98030853271484,LOS ANGELES,IRWINDALE,-117.98029327392578,34.110870361328125
91564335,2021,2021-09-07,9580,2021-08-27,1010,019952,NA,5,1,3,1994,0,1,2,NA,2,106,US-101 N/B (VENTURA FREEWAY),LOST HILLS RD,1320,S,N,A,-,Y,NA,NA,NA,NA,NA,NA,NA,NA,NA,Y,3,0,1,2,A,-,07,21658,A,F,E,A,A,A,H,-,A,D,0,NA,NA,NA,NA,Y,Y,-,99,0,1,0,0,0,0,0,0,0,-,-,34.143768310546875,-118.70442962646484,LOS ANGELES,AGOURA HILLS,-118.71380615234376,34.13960647583008
91564385,2021,2021-09-07,9590,2021-08-26,0820,018345,NA,4,1,7,1942,0,1,1,NA,2,051,I-110 S/B (HAF),MARTIN LUTHER KING JR. BLVD.,600,S,N,A,-,Y,NA,NA,110,NA,NA,NA,NA,NA,S,N,3,0,1,2,A,-,03,22350,NA,F,C,D,A,A,H,-,A,D,0,NA,NA,NA,NA,Y,NA,A,01,0,1,0,0,0,0,0,0,0,-,-,34.0092887878418,-118.28128814697266,LOS ANGELES,LOS ANGELES,-118.28114318847656,34.0092887878418
91564389,2021,2021-09-07,9530,2021-07-28,1430,021792,NA,3,2,9,1900,0,3,5,NA,2,003,EL SEGUNDO BLVD,COOK ST,0,NA,Y,A,-,Y,NA,NA,NA,NA,NA,NA,NA,NA,NA,Y,2,0,1,2,A,-,09,21801,A,N,D,C,A,A,H,-,A,D,0,NA,NA,NA,NA,Y,NA,A,01,1,0,0,0,0,0,0,0,0,-,-,33.91640090942383,-118.27068328857422,LOS ANGELES,UNINCORPORATED,-118.27072143554688,33.916419982910156
91564422,2021,2021-09-07,9535,2021-08-26,0735,022694,NA,4,1,9,1900,0,3,5,NA,2,001,WORTH ST.,EASTERN AVE,0,NA,Y,A,-,N,NA,NA,NA,NA,NA,NA,NA,NA,NA,N,4,0,1,2,A,-,10,21950,A,N,G,B,B,A,H,-,A,D,0,Y,NA,NA,NA,Y,NA,J,48,0,0,1,0,1,0,0,0,0,-,-,34.06193161010742,-118.17916107177734,LOS ANGELES,UNINCORPORATED,-118.17908477783205,34.06227111816406
91564423,2021,2021-09-07,9530,2021-08-14,2340,022531,NA,6,3,9,1900,0,1,1,NA,2,110,I-110 S/B (HARBOR FREEWAY) TO I-405 S/B (LONG BEAC,190TH ST.,1245,S,N,A,-,Y,NA,NA,110,NA,NA,NA,R,NA,S,Y,3,0,2,3,A,-,03,22350,NA,N,C,C,A,A,H,-,C,D,0,NA,NA,NA,NA,Y,NA,A,01,0,2,0,0,0,0,0,0,0,-,-,33.85734176635742,-118.28594207763672,LOS ANGELES,UNINCORPORATED,-118.28594207763672,33.85734176635742
91564436,2021,2021-09-07,9565,2021-08-26,1918,022672,NA,4,2,4,1918,0,1,1,NA,2,061,I-405 S/B (SAN DIEGO FREEWAY),VENICE BLVD.,1175,S,N,A,-,Y,NA,NA,405,NA,NA,NA,NA,NA,S,N,4,0,1,2,A,-,03,22350,NA,N,C,C,A,A,H,-,A,D,0,NA,NA,NA,NA,Y,NA,A,01,0,0,1,0,0,0,0,0,0,-,-,34.0092887878418,-118.41635131835938,LOS ANGELES,CULVER CITY,-118.41629791259766,34.00932693481445
91564437,2021,2021-09-07,9575,2021-08-26,1520,017491,NA,4,2,6,1925,0,1,1,NA,2,050,I-5 S/B (GOLDEN STATE FREEWAY),WESTERN AVENUE,150,N,N,A,-,Y,NA,NA,5,NA,NA,NA,NA,NA,S,N,4,0,2,3,A,-,03,22350,NA,N,C,C,A,A,H,-,A,D,0,NA,NA,NA,NA,Y,NA,A,01,0,0,2,0,0,0,0,0,0,-,-,34.164859771728516,-118.29721069335938,LOS ANGELES,GLENDALE,-118.29715728759766,34.1649284362793
91564439,2021,2021-09-07,9535,2021-07-15,1325,022338,NA,4,1,9,1900,0,1,1,NA,2,500,I-5 N/B FROM DOWNEY RD.,DOWNEY RD.,400,N,N,A,-,Y,NA,NA,5,NA,NA,NA,R,NA,N,Y,4,0,4,2,A,-,03,22350,NA,M,C,C,A,A,H,-,A,A,0,NA,NA,NA,NA,Y,NA,A,01,0,0,4,0,0,0,0,0,0,-,-,34.02022171020508,-118.18148040771484,LOS ANGELES,UNINCORPORATED,-118.18148040771484,34.02022171020508
91564441,2021,2021-09-07,9530,2021-08-15,0250,022531,NA,7,3,7,1942,0,1,1,NA,2,110,I-110 S/B (HARBOR FREEWAY),FIGUEROA ST.,80,N,N,A,-,Y,NA,NA,110,NA,NA,NA,NA,NA,S,Y,3,0,1,1,A,-,08,22107,NA,N,E,I,A,A,H,-,C,D,0,NA,NA,NA,NA,Y,Y,A,01,0,1,0,0,0,0,0,0,0,-,-,33.920921325683594,-118.28240203857422,LOS ANGELES,LOS ANGELES,-118.28246307373048,33.920963287353516
91564446,2021,2021-09-07,9530,2021-08-15,0900,022636,NA,7,1,9,1900,0,3,5,NA,2,002,ALONDRA BLVD (700 BLOCK),HASKINS AVENUE,128,W,N,A,-,N,NA,NA,NA,NA,NA,NA,NA,NA,NA,N,4,0,1,2,D,-,00,NA,NA,N,C,C,A,A,H,-,A,D,0,NA,NA,NA,NA,Y,NA,-,-,0,0,1,0,0,0,0,0,0,-,-,33.88618850708008,-118.26183319091795,LOS ANGELES,UNINCORPORATED,-118.26139831542967,33.8862190246582
91564448,2021,2021-09-07,9525,2021-08-26,2340,021542,NA,4,3,4,1905,0,1,1,NA,2,203,SR-210 W/B (FOOTHILL FWY),VERNON AVENUE,500,W,N,A,-,Y,NA,NA,210,NA,NA,NA,NA,NA,W,Y,4,0,1,2,C,-,18,NA,NA,N,C,C,A,A,D,-,C,D,0,NA,NA,NA,NA,Y,NA,-,-,0,0,1,0,0,0,0,0,0,-,-,34.12913131713867,-117.92305755615234,LOS ANGELES,AZUSA,-117.92305755615234,34.12913131713867
91564449,2021,2021-09-07,9550,2021-08-27,0620,022376,NA,5,1,9,1900,0,3,5,NA,2,002,LAUREL AVE.,LANNING DR.,0,NA,Y,A,-,N,NA,NA,NA,NA,NA,NA,NA,NA,NA,N,2,0,1,2,A,-,09,21804,A,N,D,G,A,A,H,-,A,A,0,NA,Y,NA,NA,Y,NA,L,04,1,0,0,0,0,0,1,0,0,-,-,33.95344924926758,-118.03677368164064,LOS ANGELES,UNINCORPORATED,-118.03681182861328,33.953453063964844
91564473,2021,2021-09-07,9525,2021-09-04,2220,022617,NA,6,3,5,1906,0,1,1,NA,2,103,I-10 W/B (SAN BERNARDINO FWY),BALDWIN PARK BLVD,800,W,N,A,-,Y,NA,NA,10,NA,NA,NA,NA,NA,W,N,4,0,1,2,A,-,07,21658,A,N,B,C,A,A,H,-,C,D,0,NA,NA,NA,NA,Y,NA,A,01,0,0,1,0,0,0,0,0,0,-,-,34.06740188598633,-117.98438262939452,LOS ANGELES,BALDWIN PARK,-117.98435974121094,34.067283630371094
91564476,2021,2021-09-07,9530,2021-08-18,0950,022696,NA,3,1,7,1941,0,1,1,NA,2,430,I-405 N/B (SAN DIEGO FREEWAY),BELLFLOWER BLVD.,1584,S,N,B,-,Y,NA,NA,405,NA,NA,NA,NA,NA,N,Y,3,0,2,3,A,-,03,22350,NA,M,C,C,A,A,H,-,A,D,0,NA,NA,NA,NA,Y,NA,A,01,0,2,0,0,0,0,0,0,0,-,-,33.80278015136719,-118.11994171142578,LOS ANGELES,LONG BEACH,-118.11994171142578,33.802772521972656
91564485,2021,2021-09-07,9575,2021-09-01,2005,020542,NA,3,2,9,1900,0,2,4,NA,2,026,NEW YORK DR. (1400 BLOCK),HILL AVE.,300,E,N,B,-,N,NA,NA,NA,NA,NA,NA,NA,NA,NA,Y,3,0,1,2,A,-,09,21801,A,N,A,C,A,A,H,-,C,D,0,NA,NA,NA,NA,Y,NA,D,22,0,1,0,0,0,0,0,0,0,-,-,34.17852020263672,-118.12052154541016,LOS ANGELES,UNINCORPORATED,-118.12052154541016,34.178470611572266
91564498,2021,2021-09-07,9530,2021-08-18,1540,022702,NA,3,2,7,1942,0,1,1,NA,2,200,I-105 E/B (GLENN ANDERSON FWY),CENTRAL,900,W,N,A,-,Y,NA,NA,105,NA,NA,NA,NA,NA,E,Y,3,0,1,3,A,-,07,21658,A,F,C,C,A,A,H,-,A,D,0,NA,NA,Y,NA,Y,NA,-,99,0,1,0,0,0,0,0,0,1,-,-,33.92729187011719,-118.26432037353516,LOS ANGELES,LOS ANGELES,-118.26432037353516,33.92730712890625