CASE_ID,ACCIDENT_YEAR,PROC_DATE,JURIS,COLLISION_DATE,COLLISION_TIME,OFFICER_ID,REPORTING_DISTRICT,DAY_OF_WEEK,CHP_SHIFT,POPULATION,CNTY_CITY_LOC,SPECIAL_COND,BEAT_TYPE,CHP_BEAT_TYPE,CITY_DIVISION_LAPD,CHP_BEAT_CLASS,BEAT_NUMBER,PRIMARY_RD,SECONDARY_RD,DISTANCE,DIRECTION,INTERSECTION,WEATHER_1,WEATHER_2,STATE_HWY_IND,CALTRANS_COUNTY,CALTRANS_DISTRICT,STATE_ROUTE,ROUTE_SUFFIX,POSTMILE_PREFIX,POSTMILE,LOCATION_TYPE,RAMP_INTERSECTION,SIDE_OF_HWY,TOW_AWAY,COLLISION_SEVERITY,NUMBER_KILLED,NUMBER_INJURED,PARTY_COUNT,PRIMARY_COLL_FACTOR,PCF_CODE_OF_VIOL,PCF_VIOL_CATEGORY,PCF_VIOLATION,PCF_VIOL_SUBSECTION,HIT_AND_RUN,TYPE_OF_COLLISION,MVIW,PED_ACTION,ROAD_SURFACE,ROAD_COND_1,ROAD_COND_2,LIGHTING,CONTROL_DEVICE,CHP_ROAD_TYPE,PEDESTRIAN_ACCIDENT,BICYCLE_ACCIDENT,MOTORCYCLE_ACCIDENT,TRUCK_ACCIDENT,NOT_PRIVATE_PROPERTY,ALCOHOL_INVOLVED,STWD_VEHTYPE_AT_FAULT,CHP_VEHTYPE_AT_FAULT,COUNT_SEVERE_INJ,COUNT_VISIBLE_INJ,COUNT_COMPLAINT_PAIN,COUNT_PED_KILLED,COUNT_PED_INJURED,COUNT_BICYCLIST_KILLED,COUNT_BICYCLIST_INJURED,COUNT_MC_KILLED,COUNT_MC_INJURED,PRIMARY_RAMP,SECONDARY_RAMP,LATITUDE,LONGITUDE,COUNTY,CITY,POINT_X,POINT_Y
91567599,2021,2021-09-10,9565,2021-08-28,0200,021808,NA,6,3,7,1942,0,1,1,NA,2,063,I-405 S/B (SAN DIEGO FWY.),SANTA MONICA BLVD.,740,N,N,A,-,Y,NA,NA,405,NA,NA,NA,NA,NA,S,Y,4,0,1,1,A,-,01,23152,A,N,B,I,A,A,H,-,C,D,0,NA,NA,NA,NA,Y,Y,A,07,0,0,1,0,0,0,0,0,0,-,-,34.04869842529297,-118.44847106933594,LOS ANGELES,LOS ANGELES,-118.44831085205078,34.048805236816406
91567607,2021,2021-09-10,9525,2021-09-09,1505,019264,NA,4,2,9,1900,0,1,3,NA,2,574,SR-57 N/B (ORANGE FWY),BREA CANYON,275,S,N,A,-,Y,NA,NA,57,NA,NA,NA,NA,NA,N,Y,4,0,1,2,A,-,03,22350,NA,N,C,C,A,A,D,-,A,D,0,NA,NA,NA,NA,Y,NA,A,01,0,0,1,0,0,0,0,0,0,-,-,33.95692825317383,-117.8607177734375,LOS ANGELES,UNINCORPORATED,-117.86067199707033,33.95689010620117
91567632,2021,2021-09-10,9535,2021-08-30,2245,022234,NA,1,3,9,1900,0,1,1,NA,2,071,I-710 S/B (LONG BEACH FREEWAY) TO WHITTIER BLVD/OL,EASTERN AVE.,17,E,N,A,-,Y,NA,NA,710,NA,NA,NA,R,NA,S,Y,4,0,1,1,A,-,03,22350,NA,N,A,I,A,A,H,-,B,A,0,NA,NA,NA,NA,Y,NA,D,22,0,0,1,0,0,0,0,0,0,-,-,34.02170181274414,-118.17405700683594,LOS ANGELES,UNINCORPORATED,-118.17405700683594,34.02170181274414
91567675,2021,2021-09-10,9590,2021-08-08,1625,022431,NA,7,2,7,1942,0,1,1,NA,2,081,I-5 S/B (GOLDEN STATE FREEWAY),WHITTIER BOULEVARD,500,N,N,A,-,Y,NA,NA,NA,NA,NA,NA,NA,NA,NA,N,4,0,1,4,A,-,03,22350,NA,N,C,C,A,A,H,-,A,D,0,NA,NA,NA,NA,Y,NA,A,07,0,0,1,0,0,0,0,0,0,-,-,34.037879943847656,-118,LOS ANGELES,LOS ANGELES,-118.22007751464844,34.037776947021484
91567710,2021,2021-09-10,9545,2021-07-23,1800,022093,NA,5,2,9,1900,0,3,5,NA,1,006,60TH STREET WEST,AVENUE M,0,NA,Y,A,-,N,NA,NA,NA,NA,NA,NA,NA,NA,NA,Y,3,0,2,2,A,-,12,22450,A,N,D,C,A,A,H,-,A,A,0,NA,NA,NA,NA,Y,NA,A,01,0,2,0,0,0,0,0,0,0,-,-,34.64558029174805,-118.23605346679688,LOS ANGELES,UNINCORPORATED,-118.2360610961914,34.645599365234375
91567724,2021,2021-09-10,9525,2021-09-09,1500,021779,NA,4,2,9,1900,0,3,5,NA,2,003,GENDEL DR (300 BLOCK),VILLA PARK ST.,250,S,N,A,-,N,NA,NA,NA,NA,NA,NA,NA,NA,NA,N,4,0,1,2,A,-,09,21801,A,N,D,C,A,A,H,-,A,D,0,NA,NA,NA,NA,Y,NA,A,01,0,0,1,0,0,0,0,0,0,-,-,34.01121139526367,-117.89083862304688,LOS ANGELES,UNINCORPORATED,-117.89086151123048,34.011234283447266
91567739,2021,2021-09-10,9550,2021-09-09,0850,015382,NA,4,1,5,1908,0,1,3,NA,2,091,SR-91,I-605,528,W,N,A,-,Y,NA,NA,NA,NA,NA,NA,NA,NA,NA,Y,4,0,1,2,A,-,03,22350,NA,N,C,C,A,A,H,-,A,D,0,NA,NA,Y,NA,Y,NA,A,01,0,0,1,0,0,0,0,0,0,-,-,33.97631072998047,-118.10314178466795,LOS ANGELES,BELLFLOWER,-118.10406494140624,33.87627410888672
91567751,2021,2021-09-10,9525,2021-09-01,1610,021995,NA,3,2,6,1975,0,1,1,NA,2,103,I-10 W/B (SAN BERNARDINO FWY),SUNSET AVE,2000,E,N,B,-,Y,NA,NA,10,NA,NA,NA,NA,NA,W,Y,4,0,2,6,A,-,03,22350,NA,N,C,C,A,A,H,-,A,D,0,NA,NA,NA,NA,Y,NA,A,07,0,0,2,0,0,0,0,0,0,-,-,34.0725212097168,-117.92935180664064,LOS ANGELES,WEST COVINA,-117.92935180664064,34.07246017456055
91567788,2021,2021-09-10,9590,2021-08-30,2110,022087,NA,1,2,7,1942,0,1,1,NA,2,012,SR-110 NB (ASP) TO FIGUEROA ST.,FIGUEROA ST.,330,S,N,A,-,Y,NA,NA,NA,NA,NA,NA,NA,NA,NA,N,2,0,2,1,A,-,08,22107,NA,N,E,I,A,A,H,-,C,D,0,NA,NA,NA,NA,Y,NA,A,07,1,1,0,0,0,0,0,0,0,-,-,34.045501708984375,-118.13249969482422,LOS ANGELES,LOS ANGELES,-118.24497222900392,34.064979553222656
91567789,2021,2021-09-10,9550,2021-08-30,1625,022600,NA,1,2,9,1900,0,2,4,NA,1,022,LEFFINGWELL ROAD,SANTA GERTRUDES AVENUE,0,NA,Y,A,-,N,NA,NA,NA,NA,NA,NA,NA,NA,NA,Y,4,0,2,2,A,-,17,21451,A,N,D,C,A,A,H,-,A,A,0,NA,NA,NA,NA,Y,NA,A,01,0,0,2,0,0,0,0,0,0,-,-,33.93117904663086,-117.99321746826172,LOS ANGELES,UNINCORPORATED,-117.99323272705078,33.93118667602539
91567826,2021,2021-09-10,9525,2021-09-01,0520,017528,NA,3,3,5,1926,0,1,1,NA,2,205,I-210 WB (FOOTHILL FREEWAY),BARARNCA AVENUE,25,E,N,A,-,Y,NA,NA,210,NA,NA,NA,NA,NA,W,Y,2,0,1,3,A,-,03,22350,NA,N,C,C,A,A,H,-,D,D,0,NA,NA,NA,NA,Y,NA,J,49,1,0,0,0,0,0,0,0,0,-,-,34.121028900146484,-117.88141632080078,LOS ANGELES,GLENDORA,-117.88142395019533,34.12105941772461
91567840,2021,2021-09-10,9525,2021-09-08,1355,022655,NA,3,1,4,1905,0,1,1,NA,2,204,I-210 E/B (FOOTHILL FWY),VERNON AVENUE,1000,E,N,A,-,Y,NA,NA,210,NA,NA,NA,NA,NA,E,N,4,0,1,2,A,-,03,22350,NA,N,C,C,A,A,H,-,A,D,0,NA,NA,NA,NA,Y,NA,D,22,0,0,1,0,0,0,0,0,0,-,-,34.124000549316406,-117.9138412475586,LOS ANGELES,AZUSA,-117.91385650634766,34.12398147583008
91567845,2021,2021-09-13,9525,2021-09-05,1815,022009,NA,7,2,9,1900,0,3,5,NA,2,004,PUENTE AVE (14000 BLOCK),CAGLIERO ST.,112,N,N,A,-,N,NA,NA,NA,NA,NA,NA,NA,NA,NA,Y,4,0,1,1,A,-,01,23152,E,N,E,I,A,A,H,-,A,D,0,NA,NA,NA,NA,Y,Y,A,01,0,0,1,0,0,0,0,0,0,-,-,34.06000900268555,-117.97257995605467,LOS ANGELES,UNINCORPORATED,-117.97276306152344,34.060035705566406
91567847,2021,2021-09-13,9525,2021-08-24,0010,022509,NA,2,3,6,1975,0,1,1,NA,2,103,I-10 W/B (SAN BERNARDINO FWY),SUNSET AVE,125,E,N,A,-,Y,NA,NA,10,NA,NA,NA,NA,NA,W,Y,4,0,1,2,A,-,03,22350,NA,N,C,2,A,A,H,-,C,D,0,NA,NA,NA,NA,Y,NA,A,01,0,0,1,0,0,0,0,0,0,-,-,34.0726318359375,-117.93553924560548,LOS ANGELES,WEST COVINA,-117.93553924560548,34.072505950927734
91567857,2021,2021-09-13,9565,2021-08-29,1700,022206,NA,7,2,9,1900,0,2,4,NA,2,021,VERMONT AVENUE S/B,IMPERIAL HIGHWAY,400,N,N,A,-,N,NA,NA,NA,NA,NA,NA,NA,NA,NA,Y,3,0,1,3,A,-,01,23152,A,M,C,C,A,A,H,-,A,D,0,NA,NA,NA,Y,Y,Y,A,01,0,1,0,0,0,0,0,0,0,-,-,33.93212890625,-118.29192352294922,LOS ANGELES,UNINCORPORATED,-118.29193878173828,33.93207550048828
91567859,2021,2021-09-13,9575,2021-08-28,1405,021006,NA,6,2,9,1900,0,1,3,NA,2,301,SR-2 (ANGELES CREST HIGHWAY),SWITZER CAMP,1214,E,N,A,-,N,NA,NA,2,NA,NA,NA,NA,NA,NA,Y,2,0,1,2,A,-,03,22350,NA,N,F,C,A,A,H,-,A,D,0,NA,NA,Y,NA,Y,NA,C,02,1,0,0,0,0,0,0,0,1,-,-,34.26845169067383,-118.14492797851564,LOS ANGELES,UNINCORPORATED,-118.14493560791016,34.26844024658203
91568021,2021,2021-09-13,9525,2021-08-29,0030,021393,NA,7,3,6,1975,0,1,1,NA,2,105,I-10 W/B TO BARRANCA ST,BARRANCA ST.,500,E,N,A,-,Y,NA,NA,10,NA,NA,NA,R,NA,W,Y,4,0,1,1,A,-,03,22350,NA,N,E,8,A,A,H,-,C,D,0,NA,NA,NA,NA,Y,NA,A,01,0,0,1,0,0,0,0,0,0,-,-,34.07252883911133,-117.87873077392578,LOS ANGELES,WEST COVINA,-117.87873077392578,34.07252883911133
91568213,2021,2021-09-13,9550,2021-09-03,1540,022474,NA,5,2,9,1900,0,3,5,NA,2,001,NORWALK BOULEVARD,WADDELL STREET,200,N,N,A,-,N,NA,NA,NA,NA,NA,NA,NA,NA,NA,Y,4,0,2,4,A,-,03,22350,NA,N,C,C,A,A,H,-,A,D,0,NA,NA,NA,NA,Y,NA,A,01,0,0,2,0,0,0,0,0,0,-,-,33.96944046020508,-118.07212066650392,LOS ANGELES,UNINCORPORATED,-118.0717315673828,33.96883010864258
91568248,2021,2021-10-19,9550,2021-09-05,2120,022600,NA,7,2,9,1900,0,3,5,NA,2,002,COLIMA ROAD SOUTHBOUND (10800 BLOCK),DICKY STREET,50,S,N,A,-,N,NA,NA,NA,NA,NA,NA,NA,NA,NA,N,3,0,1,3,A,-,01,23152,G,N,B,E,A,A,H,-,C,D,0,NA,NA,NA,NA,Y,Y,A,01,0,1,0,0,0,0,0,0,0,-,-,33.934051513671875,-118.01779174804688,LOS ANGELES,UNINCORPORATED,-118.01771545410156,33.934043884277344
91568253,2021,2021-09-13,9550,2021-09-10,1850,022474,NA,5,2,9,1900,0,1,3,NA,2,600,STATE ROUTE 60 W/B,CROSSROADS PARKWAY,1200,E,N,A,-,Y,NA,NA,60,NA,NA,NA,NA,NA,W,N,4,0,1,2,A,-,08,22107,NA,F,C,C,A,A,H,-,A,D,0,NA,NA,NA,NA,Y,NA,A,01,0,0,1,0,0,0,0,0,0,-,-,34.02893829345703,-118.00299835205078,LOS ANGELES,UNINCORPORATED,-118.00300598144533,34.02891159057617
91568300,2021,2021-09-13,9580,2021-08-28,1825,022036,NA,6,2,7,1942,0,1,1,NA,2,405,I-405 S/B (SAN DIEGO FREEWAY),US-101 (VENTURA FREEWAY),750,S,N,A,-,Y,NA,NA,405,NA,NA,NA,NA,NA,S,N,4,0,1,2,A,-,03,22350,NA,M,C,C,A,A,H,-,A,D,0,NA,NA,NA,NA,Y,NA,A,07,0,0,1,0,0,0,0,0,0,-,-,34.157798767089844,-118.46939086914064,LOS ANGELES,LOS ANGELES,-118.4693603515625,34.157806396484375
91568314,2021,2021-09-13,9580,2021-08-31,0531,022663,NA,2,3,7,1942,0,1,3,NA,2,170,SR-170 N/B (HOLLYWOOD FWY.),STRATHERN ST,335,N,N,C,-,Y,NA,NA,170,NA,NA,NA,NA,NA,N,Y,2,0,2,2,A,-,03,22350,NA,N,C,2,A,B,H,-,D,D,0,NA,NA,NA,NA,Y,NA,D,22,1,1,0,0,0,0,0,0,0,-,-,34.216468811035156,-118.4086685180664,LOS ANGELES,LOS ANGELES,-118.40863037109376,34.21648025512695
91568315,2021,2021-09-13,9550,2021-08-31,1252,018187,NA,2,1,9,1900,0,3,5,NA,2,001,MINES BLVD,CEDARCLIFF AVE,265,W,N,B,-,N,NA,NA,NA,NA,NA,NA,NA,NA,NA,Y,4,0,1,2,A,-,03,22350,NA,N,C,C,A,A,H,-,A,A,0,NA,NA,NA,NA,Y,NA,A,07,0,0,1,0,0,0,0,0,0,-,-,33.97623062133789,-118.06279754638672,LOS ANGELES,UNINCORPORATED,-118.06278228759766,33.976165771484375
91568316,2021,2021-09-13,9580,2021-09-02,1935,021291,NA,4,2,9,1900,0,1,3,NA,2,171,SR-170 S/B (HOLLYWOOD FWY.),RIVERSIDE DR,350,S,N,A,-,Y,NA,NA,NA,NA,NA,NA,NA,NA,NA,N,4,0,4,2,A,-,07,21658,A,N,C,C,A,A,H,-,C,D,0,NA,NA,NA,NA,Y,NA,D,22,0,0,4,0,0,0,0,0,0,-,-,34.156681060791016,-118.37930297851564,LOS ANGELES,UNINCORPORATED,-118.37923431396484,34.1567497253418
91568331,2021,2021-09-13,9580,2021-09-11,0745,019715,NA,6,1,9,1900,0,1,3,NA,2,117,SR-118 W/B (RONALD REAGAN FWY.),WOODLEY AVE,400,W,N,A,-,Y,NA,NA,NA,NA,NA,NA,NA,NA,NA,Y,4,0,1,2,A,-,07,21658,A,N,C,C,A,A,H,-,A,D,0,NA,NA,NA,NA,Y,NA,A,01,0,0,1,0,0,0,0,0,0,-,-,34.269161224365234,-118.48618316650392,LOS ANGELES,UNINCORPORATED,-118.48570251464844,34.268653869628906
91568333,2021,2021-09-13,9580,2021-09-03,1105,020983,NA,5,1,7,1942,0,1,1,NA,2,404,I-405 N/B (SAN DIEGO FWY),HASKELL AVE,200,S,N,A,-,Y,NA,NA,405,NA,NA,NA,NA,NA,N,Y,3,0,1,4,A,-,03,22350,NA,N,C,C,A,D,H,-,A,D,0,NA,NA,NA,NA,Y,NA,A,07,0,1,0,0,0,0,0,0,0,-,-,34.161041259765625,-118.46949768066406,LOS ANGELES,LOS ANGELES,-118.46942138671876,34.161041259765625
91568383,2021,2021-09-13,9590,2021-08-27,0347,021346,NA,5,3,7,1942,0,1,1,NA,2,041,I-5 S/B (SANTA ANA FREEWAY),EUCLID AVENUE,300,S,N,A,-,Y,NA,NA,5,NA,NA,NA,NA,NA,S,N,4,0,1,2,A,-,11,21954,A,N,G,I,E,A,H,-,C,D,0,Y,NA,NA,NA,Y,NA,N,60,0,0,1,0,1,0,0,0,0,-,-,34.02640914916992,-118.20890808105467,LOS ANGELES,LOS ANGELES,-118.20884704589844,34.026554107666016
91568389,2021,2021-09-13,9530,2021-08-31,2020,020548,NA,2,2,7,1941,0,1,1,NA,2,420,I-405 N/B (SAN DIEGO FREEWAY),MCHELEN AVE,300,S,N,A,-,Y,NA,NA,405,NA,NA,NA,NA,NA,N,Y,4,0,1,2,A,-,03,22350,NA,N,C,C,A,A,H,-,C,D,0,NA,NA,NA,NA,Y,NA,A,01,0,0,1,0,0,0,0,0,0,-,-,33.825538635253906,-118.22104644775392,LOS ANGELES,LONG BEACH,-118.22105407714844,33.82533645629883
91568405,2021,2021-09-13,9540,2021-08-28,1900,021370,NA,6,2,6,1985,0,1,3,NA,2,147,STATE ROUTE 14 SOUTHBOUND,SOLEDAD CANYON RD,5280,N,N,A,-,Y,NA,NA,14,NA,NA,NA,NA,NA,S,Y,3,0,1,3,A,-,01,23152,A,F,C,C,A,A,H,-,B,D,0,NA,NA,NA,NA,Y,Y,D,22,0,1,0,0,0,0,0,0,0,-,-,34.43476104736328,-118.38185119628906,LOS ANGELES,SANTA CLARITA,-118.38182830810548,34.4346809387207
91568409,2021,2021-09-13,9550,2021-09-05,1550,022164,NA,7,2,9,1900,0,3,5,NA,2,004,MADELENA DRIVE,HACIENDA BOULEVARD,220,E,N,A,-,N,NA,NA,NA,NA,NA,NA,NA,NA,NA,N,3,0,1,2,A,-,08,22107,NA,N,A,E,A,A,H,-,A,D,0,NA,NA,NA,NA,Y,NA,A,01,0,1,0,0,0,0,0,0,0,-,-,33.94718933105469,-117.9639129638672,LOS ANGELES,UNINCORPORATED,-117.96383666992188,33.947181701660156
91568416,2021,2021-09-13,9580,2021-09-03,1109,022008,NA,5,1,7,1942,0,1,2,NA,2,102,US-101 N/B (VENTURA FREEWAY) TO HAYVENHURST AVE,HAYVENHURST AVE,20,S,N,A,-,Y,NA,NA,101,NA,NA,NA,R,NA,N,Y,4,0,1,2,A,-,06,21755,A,N,B,C,A,A,H,-,A,A,0,NA,NA,NA,Y,Y,NA,A,07,0,0,1,0,0,0,0,0,0,-,-,34.16582107543945,-118.49220275878906,LOS ANGELES,LOS ANGELES,-118.49220275878906,34.16582107543945
91568428,2021,2021-09-13,9550,2021-09-02,1850,022167,NA,4,2,6,1949,0,1,1,NA,2,651,I-605 N/B,FIRESTONE BOULEVARD,20,N,N,A,-,Y,NA,NA,605,NA,NA,NA,NA,NA,N,Y,4,0,1,3,A,-,03,22350,NA,N,C,C,A,A,H,-,A,D,0,NA,NA,NA,NA,Y,NA,A,07,0,0,1,0,0,0,0,0,0,-,-,33.92488098144531,-118.10389709472656,LOS ANGELES,NORWALK,-118.10390472412108,33.92488098144531
91568519,2021,2021-09-13,9550,2021-09-03,1650,021100,NA,5,2,9,1900,0,3,5,NA,2,004,STIMSON AVE.,KISKA AVE.,0,NA,Y,A,-,N,NA,NA,NA,NA,NA,NA,NA,NA,NA,Y,4,0,1,3,A,-,09,21801,A,N,D,C,A,A,H,-,A,D,0,NA,NA,NA,NA,Y,NA,A,07,0,0,1,0,0,0,0,0,0,-,-,33.9858512878418,-117.9621124267578,LOS ANGELES,UNINCORPORATED,-117.96234130859376,33.98568344116211
91568520,2021,2021-09-13,9580,2021-09-03,2045,022566,NA,5,2,7,1942,0,1,2,NA,2,101,US-101 S/B (VENTURA FREEWAY),COLDWATER CANYON AVE,25,S,N,A,-,Y,NA,NA,101,NA,NA,NA,NA,NA,S,N,4,0,3,2,A,-,03,22350,NA,N,C,C,A,A,H,-,C,D,0,NA,NA,NA,NA,Y,NA,A,01,0,0,3,0,0,0,0,0,0,-,-,34.15671920776367,-118.41380310058594,LOS ANGELES,LOS ANGELES,-118.41380310058594,34.156639099121094
91568568,2021,2021-09-13,9550,2021-09-04,0233,022588,NA,6,3,9,1900,0,1,1,NA,2,500,I-5 NB,I-605,750,N,N,A,-,Y,NA,NA,NA,NA,NA,NA,NA,NA,NA,N,4,0,1,3,A,-,03,22350,NA,F,C,C,A,A,H,-,D,D,0,NA,NA,NA,NA,Y,NA,A,08,0,0,1,0,0,0,0,0,0,-,-,33.94329071044922,-118.09789276123048,LOS ANGELES,UNINCORPORATED,-118.09770965576172,33.942996978759766
91568584,2021,2021-09-13,9535,2021-08-31,1420,022159,NA,2,2,9,1900,0,1,3,NA,2,620,SR-60 E/B (POMONA FREEWAY),ROSEMEAD BLVD.,1630,W,N,B,-,Y,NA,NA,NA,NA,NA,NA,NA,NA,NA,N,4,0,1,2,A,-,03,22350,NA,N,C,C,A,A,H,-,A,D,0,NA,NA,NA,NA,Y,NA,D,22,0,0,1,0,0,0,0,0,0,-,-,34.0312385559082,-118.06997680664064,LOS ANGELES,UNINCORPORATED,-118.0695571899414,34.041194915771484
91568605,2021,2021-09-13,9565,2021-08-31,0845,015587,NA,2,1,7,1942,0,1,1,NA,2,064,I-405 S/B (SAN DIEGO FREEWAY),SKIRBALL CENTER DRIVE,2260,S,N,B,-,Y,NA,NA,405,NA,NA,NA,NA,NA,S,N,4,0,1,3,A,-,03,22350,NA,N,C,C,A,A,H,-,A,D,0,NA,NA,NA,NA,Y,NA,A,01,0,0,1,0,0,0,0,0,0,-,-,34.11621856689453,-118.4821319580078,LOS ANGELES,LOS ANGELES,-118.48200988769533,34.1162109375
91568669,2021,2021-09-13,9535,2021-08-31,1650,022225,NA,2,2,5,1952,0,1,1,NA,2,104,I-105 (CENTURY FREEWAY) E/B,GARFIELD AVE.,1690,W,N,A,-,Y,NA,NA,105,NA,NA,NA,NA,NA,E,N,4,0,3,3,A,-,03,22350,NA,N,C,C,A,A,H,-,A,D,0,NA,NA,NA,Y,Y,NA,F,55,0,0,3,0,0,0,0,0,0,-,-,33.91061019897461,-118.17462921142578,LOS ANGELES,PARAMOUNT,-118.17454528808594,33.911102294921875
91568680,2021,2021-09-13,9535,2021-08-31,1940,022336,NA,2,2,9,1900,0,2,4,NA,2,022,OLYMPIC (4400 BLOCK),EASTERN AVE.,75,W,N,A,-,N,NA,NA,NA,NA,NA,NA,NA,NA,NA,N,4,0,1,2,A,-,07,21658,A,N,B,C,A,A,H,-,C,D,0,NA,NA,NA,NA,Y,NA,A,01,0,0,1,0,0,0,0,0,0,-,-,34.018959045410156,-118.17427825927734,LOS ANGELES,UNINCORPORATED,-118.17414855957033,34.0189094543457
91568687,2021,2021-09-13,9535,2021-08-31,0805,021599,NA,2,1,9,1900,0,1,1,NA,2,501,I-5 (SANTA ANA FREEWAY) S/B,NORTH ROAD EDGE OLYMPIC BLVD.,30,S,N,A,-,Y,NA,NA,5,NA,NA,NA,NA,NA,S,N,4,0,2,2,A,-,04,21703,NA,N,C,C,A,A,H,-,A,D,0,NA,NA,NA,NA,Y,NA,D,22,0,0,2,0,0,0,0,0,0,-,-,34.01874923706055,-118.17829895019533,LOS ANGELES,UNINCORPORATED,-118.17828369140624,34.018775939941406
91568713,2021,2021-09-13,9535,2021-09-01,0817,022298,NA,3,1,9,1900,0,2,4,NA,2,018,FORD BOULEVARD,3RD STREET,0,NA,Y,B,-,N,NA,NA,NA,NA,NA,NA,NA,NA,NA,Y,3,0,3,2,A,-,09,21801,A,N,A,C,A,A,H,-,A,A,0,NA,NA,NA,NA,Y,NA,A,01,0,2,1,0,0,0,0,0,0,-,-,34.03329086303711,-118.16927337646484,LOS ANGELES,UNINCORPORATED,-118.16918182373048,34.03322982788086
91568721,2021,2021-09-13,9580,2021-09-10,0938,022008,NA,5,1,7,1942,0,1,3,NA,2,171,SR-170 S/B (HOLLYWOOD FWY.),MAGNOLIA BLVD,528,S,N,A,-,Y,NA,NA,170,NA,NA,NA,NA,NA,S,Y,4,0,2,3,A,-,03,22350,NA,N,B,C,A,A,H,-,A,D,0,NA,NA,NA,NA,Y,NA,A,07,0,0,2,0,0,0,0,0,0,-,-,34.16320037841797,-118.38200378417967,LOS ANGELES,LOS ANGELES,-118.38206481933594,34.16317367553711
91568732,2021,2021-09-13,9545,2021-08-24,0850,022679,NA,2,1,6,1950,0,1,3,NA,2,021,SR-14 S/B TO AVENUE N,AVENUE N,0,NA,Y,A,-,N,NA,NA,14,NA,NA,NA,R,NA,S,Y,3,0,1,2,A,-,21,22106,NA,N,A,C,A,A,H,-,A,A,0,NA,NA,NA,NA,Y,NA,D,22,0,1,0,0,0,0,0,0,0,-,-,34.63113021850586,-118.15464782714844,LOS ANGELES,PALMDALE,-118.15464782714844,34.63113021850586
91568735,2021,2021-09-13,9580,2021-09-05,0030,022551,NA,7,3,7,1942,0,1,3,NA,2,170,SR-170 N/B (HOLLYWOOD FREEWAY),ROSCOE BLVD,475,N,N,A,-,Y,NA,NA,170,NA,NA,NA,NA,NA,N,Y,4,0,1,2,A,-,08,22107,NA,M,B,C,A,A,H,-,D,D,0,NA,NA,NA,NA,Y,NA,A,01,0,0,1,0,0,0,0,0,0,-,-,34.22322082519531,-118.41050720214844,LOS ANGELES,LOS ANGELES,-118.41046142578124,34.22323226928711
91568754,2021,2021-09-13,9535,2021-09-01,1800,022336,NA,3,2,5,1959,0,1,1,NA,2,401,I-10 (SAN BERNARDINO FREEWAY) W/B,TEMPLE CITY BLVD.,750,E,N,A,-,Y,NA,NA,10,NA,NA,NA,NA,NA,W,N,4,0,1,3,A,-,03,22350,NA,N,C,C,A,A,H,-,A,D,0,NA,NA,NA,NA,Y,NA,A,07,0,0,1,0,0,0,0,0,0,-,-,34.07276153564453,-118.05596160888672,LOS ANGELES,ROSEMEAD,-118.0559539794922,34.07270812988281
91568760,2021,2021-09-13,9535,2021-09-01,0820,022650,NA,3,1,6,1922,0,1,1,NA,2,401,I-10 (SAN BERNARDINO FREEWAY) W/B,SANTA ANITA AVE.,750,E,N,A,-,Y,NA,NA,10,NA,NA,NA,NA,NA,W,N,4,0,1,2,A,-,03,22350,NA,N,C,C,A,A,H,-,A,A,0,NA,NA,NA,Y,Y,NA,D,22,0,0,1,0,0,0,0,0,0,-,-,34.06842041015625,-118.03782653808594,LOS ANGELES,EL MONTE,-118.037841796875,34.06831741333008
91568761,2021,2021-09-13,9580,2021-09-09,1421,022437,NA,4,2,9,1900,0,1,2,NA,2,103,US-101 S/B (VENTURA FREEWAY),HAYVENHURST AVE,1056,S,N,A,-,Y,NA,NA,NA,NA,NA,NA,NA,NA,NA,N,4,0,1,2,A,-,07,21658,A,N,B,C,A,A,H,-,A,D,0,NA,NA,NA,NA,Y,NA,A,01,0,0,1,0,0,0,0,0,0,-,-,34.165130615234375,-118.4890594482422,LOS ANGELES,UNINCORPORATED,-118.49150848388672,34.165191650390625
91568832,2021,2021-09-13,9545,2021-08-26,1815,018058,NA,4,2,9,1900,0,3,5,NA,1,006,45TH ST  W,AVENUE L,38,N,N,A,-,N,NA,NA,NA,NA,NA,NA,NA,NA,NA,N,4,0,2,2,A,-,08,22107,NA,N,D,C,A,A,H,-,A,A,0,NA,NA,NA,NA,Y,NA,A,01,0,0,2,0,0,0,0,0,0,-,-,34.66035842895508,-118.2100830078125,LOS ANGELES,UNINCORPORATED,-118.21012115478516,34.66030502319336
91568922,2021,2021-09-13,9565,2021-08-31,1255,017648,NA,2,1,7,1942,0,1,1,NA,2,061,I-405 N/B,HOWARD HUGHES PARKWAY,1000,N,N,B,-,Y,NA,NA,405,NA,NA,NA,NA,NA,N,Y,4,0,1,2,A,-,07,21658,A,N,C,2,A,A,H,-,A,D,0,NA,NA,NA,NA,Y,NA,A,01,0,0,1,0,0,0,0,0,0,-,-,33.97724914550781,-118.38857269287108,LOS ANGELES,LOS ANGELES,-118.38853454589844,33.977333068847656
91568938,2021,2021-09-13,9590,2021-09-05,0640,018345,NA,7,1,7,1942,0,1,1,NA,2,062,I-10 EASTBOUND (SANTA MONICA FREEWAY),VERMONT AVE.,415,W,N,A,-,Y,NA,NA,10,NA,NA,NA,NA,NA,E,N,3,0,1,2,A,-,01,23152,F,N,B,C,A,A,H,-,A,D,0,NA,NA,NA,Y,Y,Y,A,01,0,1,0,0,0,0,0,0,0,-,-,34.03670120239258,-118.28713989257813,LOS ANGELES,LOS ANGELES,-118.28713989257813,34.03679275512695