CASE_ID,ACCIDENT_YEAR,PROC_DATE,JURIS,COLLISION_DATE,COLLISION_TIME,OFFICER_ID,REPORTING_DISTRICT,DAY_OF_WEEK,CHP_SHIFT,POPULATION,CNTY_CITY_LOC,SPECIAL_COND,BEAT_TYPE,CHP_BEAT_TYPE,CITY_DIVISION_LAPD,CHP_BEAT_CLASS,BEAT_NUMBER,PRIMARY_RD,SECONDARY_RD,DISTANCE,DIRECTION,INTERSECTION,WEATHER_1,WEATHER_2,STATE_HWY_IND,CALTRANS_COUNTY,CALTRANS_DISTRICT,STATE_ROUTE,ROUTE_SUFFIX,POSTMILE_PREFIX,POSTMILE,LOCATION_TYPE,RAMP_INTERSECTION,SIDE_OF_HWY,TOW_AWAY,COLLISION_SEVERITY,NUMBER_KILLED,NUMBER_INJURED,PARTY_COUNT,PRIMARY_COLL_FACTOR,PCF_CODE_OF_VIOL,PCF_VIOL_CATEGORY,PCF_VIOLATION,PCF_VIOL_SUBSECTION,HIT_AND_RUN,TYPE_OF_COLLISION,MVIW,PED_ACTION,ROAD_SURFACE,ROAD_COND_1,ROAD_COND_2,LIGHTING,CONTROL_DEVICE,CHP_ROAD_TYPE,PEDESTRIAN_ACCIDENT,BICYCLE_ACCIDENT,MOTORCYCLE_ACCIDENT,TRUCK_ACCIDENT,NOT_PRIVATE_PROPERTY,ALCOHOL_INVOLVED,STWD_VEHTYPE_AT_FAULT,CHP_VEHTYPE_AT_FAULT,COUNT_SEVERE_INJ,COUNT_VISIBLE_INJ,COUNT_COMPLAINT_PAIN,COUNT_PED_KILLED,COUNT_PED_INJURED,COUNT_BICYCLIST_KILLED,COUNT_BICYCLIST_INJURED,COUNT_MC_KILLED,COUNT_MC_INJURED,PRIMARY_RAMP,SECONDARY_RAMP,LATITUDE,LONGITUDE,COUNTY,CITY,POINT_X,POINT_Y
91570100,2021,2021-09-14,9590,2021-09-11,1035,019303,NA,6,1,7,1942,0,1,1,NA,2,061,I-10 W/B (SANTA MONICA FREEWAY),BALLONA CREEK,100,E,N,A,-,Y,NA,NA,10,NA,NA,NA,NA,NA,W,Y,3,0,1,2,A,-,01,23152,A,N,E,I,A,A,H,-,A,D,0,NA,NA,NA,NA,Y,Y,A,01,0,1,0,0,0,0,0,0,0,-,-,34.03593826293945,-118.37223052978516,LOS ANGELES,LOS ANGELES,-118.37223052978516,34.03593826293945
91570122,2021,2021-09-16,9550,2021-09-09,0449,019808,NA,4,3,9,1900,0,1,1,NA,2,501,I-5 SOUTHBOUND,ALONDRA BOULEVARD,528,N,N,A,-,Y,NA,NA,NA,NA,NA,NA,NA,NA,NA,Y,3,0,1,2,A,-,07,21658,A,N,C,C,A,A,H,-,C,D,0,NA,NA,NA,Y,Y,NA,G,27,0,1,0,0,0,0,0,0,0,-,-,33.88877868652344,-118.03769683837892,LOS ANGELES,UNINCORPORATED,-118.03780364990234,33.8886833190918
91570125,2021,2021-09-14,9550,2021-09-05,2010,021656,NA,7,2,5,1908,0,1,3,NA,2,091,STATE ROUTE 91 W/B,BELLFLOWER BOULEVARD,250,W,N,A,-,Y,NA,NA,91,NA,NA,NA,NA,NA,W,Y,4,0,1,1,A,-,08,22107,NA,N,E,I,A,A,H,-,D,D,0,NA,NA,NA,NA,Y,NA,A,01,0,0,1,0,0,0,0,0,0,-,-,33.87656021118164,-118.12621307373048,LOS ANGELES,BELLFLOWER,-118.12620544433594,33.876285552978516
91570129,2021,2021-09-14,9545,2021-08-22,1315,022093,NA,7,1,9,1900,0,1,3,NA,2,021,SR-14 NORTHBOUND FROM SIERRA HIGHWAY,SIERRRA HIGHWAY,800,N,N,A,-,Y,NA,NA,14,NA,NA,NA,R,NA,N,Y,3,0,1,1,A,-,03,22350,NA,N,E,8,A,A,H,-,A,D,0,NA,NA,NA,NA,Y,NA,A,01,0,1,0,0,0,0,0,0,0,-,-,34.51464080810547,-118.11018371582033,LOS ANGELES,UNINCORPORATED,-118.11018371582033,34.51464080810547
91570151,2021,2021-09-14,9540,2021-09-07,0820,018037,NA,2,1,9,1900,0,1,3,NA,1,143,SR-14 S/B (ANTELOPE VALLEY FREEWAY),SIERRA HIGHWAY U/C,1981,N,N,A,-,Y,NA,NA,14,NA,NA,NA,NA,NA,S,Y,4,0,2,2,A,-,03,22350,NA,N,C,C,A,A,H,-,A,D,0,NA,NA,NA,NA,Y,NA,A,07,0,0,2,0,0,0,0,0,0,-,-,34.34402847290039,-118.50498962402344,LOS ANGELES,UNINCORPORATED,-118.50504302978516,34.344051361083984
91570152,2021,2021-09-14,9535,2021-09-04,1941,022305,NA,6,2,9,1900,0,1,3,NA,2,620,SR-60 (POMONA FREEWAY) E/B,ROSEMEAD BLVD,125,E,N,A,-,Y,NA,NA,60,NA,NA,NA,NA,NA,E,N,4,0,1,2,C,-,18,NA,NA,N,D,C,A,A,H,-,D,D,0,NA,NA,NA,NA,Y,NA,-,-,0,0,1,0,0,0,0,0,0,-,-,34.04117965698242,-118.06365203857422,LOS ANGELES,UNINCORPORATED,-118.06365203857422,34.04118347167969
91570156,2021,2021-09-14,9550,2021-09-03,1838,020688,NA,5,2,9,1900,0,1,3,NA,2,601,STATE ROUTE 60 W/B,AZUSA AVENUE,600,E,N,A,-,Y,NA,NA,60,NA,NA,NA,NA,NA,W,Y,4,0,1,4,A,-,03,22350,NA,N,C,C,A,A,H,-,A,D,0,NA,NA,NA,NA,Y,NA,D,22,0,0,1,0,0,0,0,0,0,-,-,33.99665069580078,-117.92843627929688,LOS ANGELES,UNINCORPORATED,-117.92843627929688,33.99671173095703
91570157,2021,2021-09-14,9545,2021-08-22,1650,021569,NA,7,2,9,1900,0,1,3,NA,2,011,SR-14 S/B,AVENUE G,1895,N,N,A,-,Y,NA,NA,14,NA,NA,NA,NA,NA,S,N,4,0,1,2,A,-,07,21658,A,M,B,C,A,A,H,-,A,D,0,NA,NA,NA,NA,Y,NA,-,99,0,0,1,0,0,0,0,0,0,-,-,34.73843002319336,-118.17054748535156,LOS ANGELES,UNINCORPORATED,-118.17054748535156,34.73843002319336
91570165,2021,2021-09-14,9550,2021-09-05,2323,019808,NA,7,3,6,1949,0,1,1,NA,2,651,I-605 SOUTHBOUND TO I-105 WESTBOUND,IMPERIAL HIGHWAY,1584,N,N,A,-,Y,NA,NA,605,NA,NA,NA,R,NA,S,Y,3,0,2,2,A,-,08,22107,NA,N,C,C,A,A,H,-,C,D,0,NA,NA,NA,NA,Y,NA,A,01,0,2,0,0,0,0,0,0,0,-,-,33.922279357910156,-118.10472869873048,LOS ANGELES,NORWALK,-118.10472869873048,33.922279357910156
91570173,2021,2021-09-14,9535,2021-09-04,2120,022269,NA,6,2,9,1900,0,1,1,NA,2,500,I-5 (SANTA ANA FREEWAY) N/B,INDIANA ST.,100,S,N,A,-,Y,NA,NA,5,NA,NA,NA,NA,NA,N,N,4,0,2,3,A,-,04,21703,NA,N,C,C,A,A,H,-,C,D,0,NA,NA,NA,NA,Y,NA,A,01,0,0,2,0,0,0,0,0,0,-,-,34.02027130126953,-118.19190216064452,LOS ANGELES,UNINCORPORATED,-118.19190216064452,34.02025604248047
91570180,2021,2021-09-14,9550,2021-09-08,1650,021656,NA,3,2,7,1941,0,1,1,NA,2,653,INTERSTATE 605 N/B (SAN GABRIEL FREEWAY),CARSON STREET,2500,S,N,A,-,Y,NA,NA,605,NA,NA,NA,NA,NA,N,N,4,0,1,2,A,-,03,22350,NA,F,C,C,A,A,H,-,A,D,0,NA,NA,NA,NA,Y,NA,-,99,0,0,1,0,0,0,0,0,0,-,-,33.82558822631836,-118.08187103271484,LOS ANGELES,LONG BEACH,-118.08180236816406,33.825599670410156
91570215,2021,2021-09-14,9430,2021-09-13,1248,016825,NA,1,1,9,1900,0,1,1,NA,2,051,I-5 S/B,TEJON PASS,1618,N,N,A,-,Y,NA,NA,NA,NA,NA,NA,NA,NA,NA,Y,4,0,2,1,A,-,08,22107,NA,N,E,I,A,A,H,-,A,A,0,NA,NA,NA,NA,Y,NA,A,01,0,0,2,0,0,0,0,0,0,-,-,34.80506134033203,-118.87802886962892,LOS ANGELES,UNINCORPORATED,-118.87670135498048,34.80282974243164
91570292,2021,2021-09-14,9525,2021-09-05,0400,020216,NA,7,3,6,1955,0,1,1,NA,2,107,I-10 W/B TO SR-57 N/B,SR-57,1056,E,N,A,-,Y,NA,NA,10,NA,NA,NA,R,NA,W,Y,4,0,1,2,A,-,03,22350,NA,N,B,C,A,A,H,-,D,D,0,NA,NA,NA,NA,Y,NA,A,01,0,0,1,0,0,0,0,0,0,-,-,34.06782150268555,-117.80248260498048,LOS ANGELES,POMONA,-117.80248260498048,34.06782150268555
91570312,2021,2021-09-15,9525,2021-09-03,1620,022398,NA,5,2,6,1955,0,1,3,NA,2,606,SR-60 E/B (POMONA FWY),RESERVOIR ST.,1690,W,N,A,-,Y,NA,NA,60,NA,NA,NA,NA,NA,E,N,4,0,1,2,A,-,03,22350,NA,F,C,C,A,A,H,-,A,D,0,NA,NA,NA,NA,Y,NA,D,22,0,0,1,0,0,0,0,0,0,-,-,34.024620056152344,-117.73725128173828,LOS ANGELES,POMONA,-117.7372589111328,34.02479553222656
91570325,2021,2021-09-15,9550,2021-09-09,1945,022037,NA,4,2,6,1920,0,1,1,NA,2,150,INTERSTATE 105 W/B,COLUMBIA WAY OVERCROSSING,50,W,N,A,-,Y,NA,NA,105,NA,NA,NA,NA,NA,W,N,4,0,2,3,A,-,03,22350,NA,N,C,C,A,A,H,-,C,D,0,NA,NA,NA,Y,Y,NA,G,25,0,0,2,0,0,0,0,0,0,-,-,33.913299560546875,-118.13442230224608,LOS ANGELES,DOWNEY,-118.13442230224608,33.913246154785156
91570329,2021,2021-09-15,9565,2021-09-01,1440,021855,NA,3,2,9,1900,0,2,4,NA,1,041,HAWTHORNE BLVD N/B,104TH ST,100,N,N,A,-,N,NA,NA,NA,NA,NA,NA,NA,NA,NA,Y,4,0,1,2,A,-,01,23152,A,N,C,E,A,A,H,-,A,D,0,NA,NA,NA,NA,Y,Y,A,01,0,0,1,0,0,0,0,0,0,-,-,33.942230224609375,-118.35247802734376,LOS ANGELES,UNINCORPORATED,-118.35272979736328,33.94208526611328
91570330,2021,2021-11-02,9565,2021-08-31,1800,021892,NA,2,2,9,1900,0,3,5,NA,2,004,FREEMAN AVE,104TH ST,0,NA,Y,A,-,N,NA,NA,NA,NA,NA,NA,NA,NA,NA,N,4,0,1,2,A,-,12,22450,A,N,H,G,A,A,H,-,A,A,0,NA,Y,NA,NA,Y,NA,-,-,0,0,1,0,0,0,1,0,0,-,-,33.94178009033203,-118.3482666015625,LOS ANGELES,UNINCORPORATED,-118.34829711914064,33.94179916381836
91570564,2021,2021-09-15,9550,2021-09-03,2315,022139,NA,5,3,9,1900,0,1,1,NA,2,500,INTERSTATE 5 (SANTA ANA FREEWAY),INTERSTATE 605,500,N,N,A,-,Y,NA,NA,NA,NA,NA,NA,NA,NA,NA,Y,3,0,1,2,A,-,01,23152,A,N,B,C,A,A,H,-,D,D,0,NA,NA,NA,NA,Y,Y,A,01,0,1,0,0,0,0,0,0,0,-,-,33.943538665771484,-118.09828186035156,LOS ANGELES,UNINCORPORATED,-118.09751129150392,33.94239044189453
91570584,2021,2021-09-15,9530,2021-09-02,0758,020816,NA,4,1,5,1915,0,1,3,NA,2,310,SR-91 W/B (ARTESIA FREEWAY),CENTRAL AVE.,1575,E,N,B,-,Y,NA,NA,91,NA,NA,NA,NA,NA,W,N,4,0,3,3,A,-,03,22350,NA,N,C,C,A,A,H,-,A,D,0,NA,NA,NA,NA,Y,NA,A,01,0,0,3,0,0,0,0,0,0,-,-,33.87361145019531,-118.24324798583984,LOS ANGELES,COMPTON,-118.24324798583984,33.87361145019531
91570588,2021,2021-09-15,9590,2021-09-02,0715,022720,NA,4,1,7,1942,0,1,1,NA,2,061,I-10 W/B (SANTA MONICA FREEWAY),WEST BLVD.,538,W,N,B,-,Y,NA,NA,NA,NA,NA,NA,NA,NA,NA,N,4,0,1,3,A,-,07,21658,A,N,B,C,A,A,H,-,A,D,0,NA,NA,Y,NA,Y,NA,C,02,0,0,1,0,0,0,0,0,1,-,-,34.02050018310547,-118.2030029296875,LOS ANGELES,LOS ANGELES,-118.3417739868164,34.03478240966797
91570593,2021,2021-09-15,9545,2021-06-10,2245,021497,NA,4,3,6,1950,0,1,3,NA,2,021,SR-14 N/B,RANCHO VISTA BLVD,1100,S,N,A,-,Y,NA,NA,14,NA,NA,NA,NA,NA,N,Y,2,0,2,4,A,-,03,22350,NA,N,G,2,E,A,H,-,C,D,0,Y,NA,NA,Y,Y,Y,G,25,1,1,0,0,1,0,0,0,0,-,-,34.59962844848633,-118.1395263671875,LOS ANGELES,PALMDALE,-118.13953399658205,34.59962844848633
91570596,2021,2021-09-15,9540,2021-09-05,1050,021895,NA,7,1,6,1985,0,1,3,NA,2,147,SR-14 S/B,SAND CANYON RD,1056,N,N,A,-,Y,NA,NA,14,NA,NA,NA,NA,NA,S,Y,4,0,1,2,A,-,03,22350,NA,F,C,C,A,A,H,-,A,D,0,NA,NA,NA,NA,Y,NA,A,01,0,0,1,0,0,0,0,0,0,-,-,34.42776870727539,-118.4132080078125,LOS ANGELES,SANTA CLARITA,-118.4132080078125,34.427764892578125
91570597,2021,2021-09-15,9530,2021-09-02,0825,016842,NA,4,1,7,1941,0,1,1,NA,2,430,I-405 N/B (SAN DIEGO FREEWAY),STUDEBAKER RD. U/C,200,S,N,A,-,Y,NA,NA,405,NA,NA,NA,NA,NA,N,N,4,0,2,3,A,-,03,22350,NA,M,C,C,A,A,H,-,A,D,0,NA,NA,NA,NA,Y,NA,A,07,0,0,2,0,0,0,0,0,0,-,-,33.78995895385742,-118.09879302978516,LOS ANGELES,LONG BEACH,-118.0986557006836,33.79014587402344
91570598,2021,2021-09-15,9540,2021-08-28,2343,021882,NA,6,3,9,1900,0,1,3,NA,1,139,SR-138 E/B,I-5,4224,E,N,A,-,Y,NA,NA,NA,NA,NA,NA,NA,NA,NA,Y,3,0,1,2,A,-,08,22107,NA,N,D,C,A,A,H,-,D,D,0,NA,NA,NA,Y,Y,Y,F,24,0,1,0,0,0,0,0,0,0,-,-,34.43880081176758,-118.61213684082033,LOS ANGELES,UNINCORPORATED,-118.24342346191406,34.09437942504883
91570601,2021,2021-09-15,9540,2021-09-13,1835,019232,NA,1,2,9,1900,0,1,3,NA,2,148,SR-14 N/B,ESCONDIDO CYN RD,5280,N,N,A,-,Y,NA,NA,14,NA,NA,NA,NA,NA,N,Y,4,0,4,5,A,-,03,22350,NA,N,C,2,A,A,H,-,B,D,0,NA,NA,NA,NA,Y,NA,D,22,0,0,4,0,0,0,0,0,0,-,-,34.50223922729492,-118.2552490234375,LOS ANGELES,UNINCORPORATED,-118.25521087646484,34.502193450927734
91570602,2021,2021-09-15,9590,2021-09-02,1145,022065,NA,4,1,7,1942,0,1,1,NA,2,050,I-110 NORTHBOUND,GAGE AVE.,1584,S,N,A,-,Y,NA,NA,110,NA,NA,NA,NA,NA,N,N,4,0,1,2,A,-,03,22350,NA,N,C,C,A,A,H,-,A,D,0,NA,NA,NA,NA,Y,NA,A,01,0,0,1,0,0,0,0,0,0,-,-,33.9763298034668,-118.28069305419922,LOS ANGELES,LOS ANGELES,-118.28072357177734,33.9763298034668
91570615,2021,2021-09-15,9540,2021-09-08,0700,018037,NA,3,1,9,1900,0,1,3,NA,2,149,SR-14 S/B TO I-5 S/B (HOV),SAN FERNANDO RD. U/C,325,N,N,A,-,Y,NA,NA,NA,NA,NA,NA,NA,NA,NA,N,4,0,2,2,A,-,03,22350,NA,N,C,C,A,A,H,-,A,D,0,NA,NA,NA,NA,Y,NA,A,01,0,0,2,0,0,0,0,0,0,-,-,34.32633972167969,-118.50422668457033,LOS ANGELES,UNINCORPORATED,-118.50350189208984,34.36540985107422
91570631,2021,2021-09-15,9550,2021-09-08,0540,022613,NA,3,3,9,1900,0,2,4,NA,1,015,PIONEER BOULEVARD,SLAUSON AVENUE,10,N,N,A,-,N,NA,NA,NA,NA,NA,NA,NA,NA,NA,N,3,0,1,2,A,-,09,21804,A,N,D,G,A,A,H,-,C,A,0,NA,Y,NA,NA,Y,NA,L,04,0,1,0,0,0,0,1,0,0,-,-,33.96717834472656,-118.08219146728516,LOS ANGELES,UNINCORPORATED,-118.08224487304688,33.96705627441406
91570642,2021,2021-09-15,9550,2021-09-06,1730,020974,NA,1,2,7,1941,0,1,1,NA,2,653,I-605 S/B,KATELLA AVENUE,1300,N,N,A,-,Y,NA,NA,605,NA,NA,NA,NA,NA,S,N,3,0,1,1,C,-,18,NA,NA,F,E,I,A,A,H,-,A,D,0,NA,NA,Y,NA,Y,NA,-,-,0,1,0,0,0,0,0,0,1,-,-,33.807010650634766,-118.08148956298828,LOS ANGELES,LONG BEACH,-118.08158111572266,33.807010650634766
91570645,2021,2021-09-15,9575,2021-09-03,1910,022533,NA,5,2,9,1900,0,2,4,NA,2,013,PENNSYLVANIA AVE.,FOOTHILL BLVD.,15,S,N,A,-,N,NA,NA,NA,NA,NA,NA,NA,NA,NA,N,4,0,1,2,A,-,03,22350,NA,N,C,C,A,A,H,-,A,A,0,NA,NA,NA,NA,Y,NA,A,01,0,0,1,0,0,0,0,0,0,-,-,34.22930145263672,-118.24864959716795,LOS ANGELES,UNINCORPORATED,-118.24867248535156,34.22953796386719
91570666,2021,2021-09-15,9540,2021-09-13,2310,021802,NA,1,3,7,1942,0,1,1,NA,2,406,I-405 N/B (SAN DEIGO FREEWAY),RINALDI ST,1742,S,N,A,-,Y,NA,NA,405,NA,NA,NA,NA,NA,N,Y,4,0,1,1,A,-,08,22107,NA,N,E,I,A,A,H,-,D,D,0,NA,NA,NA,NA,Y,NA,A,07,0,0,1,0,0,0,0,0,0,-,-,34.27423095703125,-118.47128295898438,LOS ANGELES,LOS ANGELES,-118.47133636474608,34.27425003051758
91570683,2021,2021-11-02,9535,2021-08-27,0729,022719,NA,5,1,9,1900,0,1,3,NA,2,621,SR-60 W/B (POMONA FWY),SR-164 (ROSEMEAD BLVD.),1590,W,N,A,-,Y,NA,NA,60,NA,NA,NA,NA,NA,W,Y,3,0,1,7,A,-,03,22350,NA,M,C,C,A,A,H,-,A,D,0,NA,NA,NA,Y,Y,NA,-,-,0,1,0,0,0,0,0,0,0,-,-,34.041439056396484,-118.06983947753906,LOS ANGELES,UNINCORPORATED,-118.06983947753906,34.04137420654297
91570688,2021,2021-09-15,9525,2021-09-04,0200,022521,NA,6,3,1,1934,0,1,1,NA,2,651,I-605 S/B (SAN GABRIEL RIVER FWY),RAMONA BLVD.,2500,N,N,A,-,Y,NA,NA,605,NA,NA,NA,NA,NA,S,Y,4,0,2,2,A,-,03,22350,NA,F,C,2,A,A,H,-,D,D,0,NA,NA,NA,NA,Y,NA,A,01,0,0,2,0,0,0,0,0,0,-,-,34.08597183227539,-117.99627685546876,LOS ANGELES,IRWINDALE,-117.9963150024414,34.08598709106445
91570705,2021,2021-09-15,9525,2021-09-04,0925,017528,NA,6,1,5,1926,0,1,1,NA,2,206,I-210 E/B FOOTHILL FREEWAY,SUNFLOWER AVENUE,350,W,N,A,-,Y,NA,NA,210,NA,NA,NA,NA,NA,E,N,4,0,1,3,A,-,03,22350,NA,M,C,C,A,A,H,-,A,D,0,NA,NA,NA,NA,Y,NA,A,01,0,0,1,0,0,0,0,0,0,-,-,34.117469787597656,-117.84996795654295,LOS ANGELES,GLENDORA,-117.84996795654295,34.11751937866211
91570722,2021,2021-09-15,9580,2021-09-08,1955,021236,NA,3,2,7,1942,0,1,2,NA,2,105,US-101 S/B (VENTURA FREEWAY),SR-27 N/B (TOPANGA CYN. BLVD.),700,S,N,A,-,Y,NA,NA,101,NA,NA,NA,NA,NA,S,Y,3,0,1,2,A,-,03,22350,NA,N,C,C,A,A,H,-,C,D,0,NA,NA,NA,NA,Y,NA,D,22,0,1,0,0,0,0,0,0,0,-,-,34.168968200683594,-118.59488677978516,LOS ANGELES,LOS ANGELES,-118.59489440917967,34.16896438598633
91570727,2021,2021-09-15,9525,2021-09-04,1000,020216,NA,6,1,5,1926,0,1,3,NA,2,572,SR-57 N/B TO I-210 W/B,LONE HILL AVE.,1056,W,N,A,-,Y,NA,NA,57,NA,NA,NA,R,NA,N,Y,4,0,2,7,A,-,03,22350,NA,M,C,C,A,A,H,-,A,D,0,NA,NA,NA,Y,Y,NA,G,25,0,0,2,0,0,0,0,0,0,-,-,34.12131118774414,-117.83335876464844,LOS ANGELES,GLENDORA,-117.83335876464844,34.12131118774414
91570741,2021,2021-09-15,9535,2021-08-23,1950,022335,NA,1,2,9,1900,0,3,5,NA,2,002,STRANG STREET,BONNIE BEACH PLACE,0,NA,Y,A,-,N,NA,NA,NA,NA,NA,NA,NA,NA,NA,N,3,0,1,2,A,-,09,21804,A,N,D,G,A,A,H,-,C,D,0,NA,Y,NA,NA,Y,NA,L,04,0,1,0,0,0,0,1,0,0,-,-,34.031768798828125,-118.1816635131836,LOS ANGELES,UNINCORPORATED,-118.18155670166016,34.03178024291992
91570757,2021,2021-09-15,9550,2021-09-08,1750,022631,NA,3,2,6,1920,0,1,1,NA,2,651,I-605 SOUTHBOUND,FLORENCE AVENUE,50,S,N,A,-,Y,NA,NA,605,NA,NA,NA,NA,NA,S,N,4,0,1,2,A,-,07,21658,A,N,B,C,A,A,H,-,B,D,0,NA,NA,NA,Y,Y,NA,G,25,0,0,1,0,0,0,0,0,0,-,-,33.93764114379883,-118.09837341308594,LOS ANGELES,DOWNEY,-118.09854888916016,33.937740325927734
91570768,2021,2021-09-15,9550,2021-09-10,1550,022167,NA,5,2,6,1920,0,1,1,NA,2,150,I-105 E/B,WOODRUFF AVENUE,760,E,N,A,-,Y,NA,NA,105,NA,NA,NA,NA,NA,E,N,4,0,4,2,A,-,03,22350,NA,N,C,C,A,A,H,-,A,D,0,NA,NA,NA,Y,Y,NA,G,25,0,0,4,0,0,0,0,0,0,-,-,33.913700103759766,-118.114013671875,LOS ANGELES,DOWNEY,-118.114013671875,33.91368865966797
91570790,2021,2021-09-15,9550,2021-09-09,0210,018150,NA,4,3,9,1900,0,2,4,NA,1,013,NORWALK BLVD (N/B),SLAUSON AVENUE,220,S,N,A,-,N,NA,NA,NA,NA,NA,NA,NA,NA,NA,Y,3,0,1,1,A,-,01,23152,A,N,E,I,A,A,H,-,C,D,0,NA,NA,NA,NA,Y,Y,A,01,0,1,0,0,0,0,0,0,0,-,-,33.96397018432617,-118.07038116455078,LOS ANGELES,UNINCORPORATED,-118.07052612304688,33.9640998840332
91570808,2021,2021-09-15,9535,2021-08-25,1740,022721,NA,3,2,9,1900,0,3,5,NA,2,001,WORTH ST,EASTERN AVE.,0,NA,Y,A,-,N,NA,NA,NA,NA,NA,NA,NA,NA,NA,N,4,0,1,3,A,-,09,21802,A,N,B,C,A,A,H,-,A,D,0,NA,NA,NA,NA,Y,NA,A,01,0,0,1,0,0,0,0,0,0,-,-,34.06222915649414,-118.1790771484375,LOS ANGELES,UNINCORPORATED,-118.17908477783205,34.06227111816406
91570867,2021,2021-09-15,9535,2021-09-05,1115,022100,NA,7,1,5,1901,0,1,1,NA,2,421,I-10 (SAN BERNARDINO FREEWAY) W/B,FREMONT AVE.,15,E,N,A,-,Y,NA,NA,10,NA,NA,NA,NA,NA,W,N,3,0,1,2,A,-,07,21658,A,N,B,C,A,A,H,-,A,D,0,NA,NA,Y,NA,Y,NA,A,01,0,1,0,0,0,0,0,0,1,-,-,34.068721771240234,-118.15116119384766,LOS ANGELES,ALHAMBRA,-118.15110778808594,34.06862258911133
91570880,2021,2021-09-15,9580,2021-09-13,0846,017961,NA,1,1,7,1942,0,1,3,NA,2,116,SR-118 E/B (RONALD REAGAN FWY.),BALBOA BLVD,600,W,N,A,-,Y,NA,NA,118,NA,NA,NA,NA,NA,E,Y,4,0,1,2,A,-,03,22350,NA,N,C,C,A,A,H,-,A,D,0,NA,NA,NA,NA,Y,NA,A,01,0,0,1,0,0,0,0,0,0,-,-,34.278011322021484,-118.50283050537108,LOS ANGELES,LOS ANGELES,-118.50283050537108,34.27798080444336
91570882,2021,2021-09-15,9580,2021-09-12,0925,021654,NA,7,1,7,1942,0,1,1,NA,2,405,I-405 S/B (SAN DIEGO FREEWAY),BURBANK BLVD,400,N,N,A,-,Y,NA,NA,405,NA,NA,NA,NA,NA,S,Y,4,0,1,2,A,-,07,21658,A,N,B,C,A,A,H,-,A,D,0,NA,NA,NA,NA,Y,NA,A,07,0,0,1,0,0,0,0,0,0,-,-,34.17707824707031,-118.46843719482422,LOS ANGELES,LOS ANGELES,-118.4684829711914,34.17706298828125
91570885,2021,2021-09-15,9530,2021-08-25,0730,022696,NA,3,1,9,1900,0,3,5,NA,2,001,HOOPER AVE.,GAGE AVE.,0,NA,Y,A,-,N,NA,NA,NA,NA,NA,NA,NA,NA,NA,Y,4,0,1,2,A,-,09,21801,A,N,A,C,A,A,H,-,A,A,0,NA,NA,NA,NA,Y,NA,A,01,0,0,1,0,0,0,0,0,0,-,-,33.98210144042969,-118.25202178955078,LOS ANGELES,UNINCORPORATED,-118.25208282470705,33.98210144042969
91570887,2021,2021-09-15,9580,2021-09-12,1810,021985,NA,7,2,9,1900,0,1,3,NA,1,271,SR-27 S/B (TOPANGA CYN. BLVD.),SR-1 N/B (PACIFIC COAST HWY.),0,NA,Y,A,-,N,NA,NA,27,NA,NA,NA,NA,NA,S,Y,4,0,1,3,A,-,01,23152,F,N,D,D,A,A,H,-,B,A,0,NA,NA,NA,NA,Y,NA,A,01,0,0,1,0,0,0,0,0,0,-,-,34.04011154174805,-118.5793228149414,LOS ANGELES,UNINCORPORATED,-118.57926177978516,34.040103912353516
91570904,2021,2021-09-15,9535,2021-09-05,1525,022338,NA,7,2,5,1947,0,1,3,NA,2,620,SR-60 E/B (POMONA FREEWAY),PARAMOUNT BLVD.,1584,W,N,A,-,Y,NA,NA,60,NA,NA,NA,NA,NA,E,Y,3,0,2,2,A,-,04,21703,NA,N,C,C,A,A,H,-,A,D,0,NA,NA,NA,NA,Y,NA,A,01,0,1,1,0,0,0,0,0,0,-,-,34.03575897216797,-118.09899139404295,LOS ANGELES,MONTEBELLO,-118.09899139404295,34.035682678222656
91570908,2021,2021-09-15,9540,2021-09-09,0900,021895,NA,4,1,7,1942,0,1,1,NA,1,502,I-5 N/B,SAN FERNANDO RD,700,S,N,A,-,Y,NA,NA,5,NA,NA,NA,NA,NA,N,Y,4,0,1,2,A,-,03,22350,NA,N,C,C,A,A,H,-,A,D,0,NA,NA,NA,NA,Y,NA,A,01,0,0,1,0,0,0,0,0,0,-,-,34.32408142089844,-118.50102996826172,LOS ANGELES,LOS ANGELES,-118.50113677978516,34.323883056640625
91570917,2021,2021-09-15,9530,2021-07-31,1300,020816,NA,6,1,9,1900,0,3,5,NA,2,001,BANDERA ST.,88TH ST.,0,NA,Y,A,-,N,NA,NA,NA,NA,NA,NA,NA,NA,NA,Y,3,0,1,3,A,-,21,22106,NA,N,B,C,A,A,H,-,A,D,0,NA,NA,NA,NA,Y,NA,A,01,0,1,0,0,0,0,0,0,0,-,-,33.9569206237793,-118.23870849609376,LOS ANGELES,UNINCORPORATED,-118.2397003173828,33.956947326660156
91570988,2021,2021-09-15,9535,2021-08-29,1220,022085,NA,7,1,1,1932,0,1,1,NA,2,651,I-605 N/B (SAN GABRIEL RIVER FREEWAY),SAN JOSE BRIDGE,500,N,N,A,-,Y,NA,NA,605,NA,NA,NA,NA,NA,N,Y,4,0,1,3,A,-,03,22350,NA,M,C,C,A,A,H,-,A,D,0,NA,NA,NA,NA,Y,NA,A,01,0,0,1,0,0,0,0,0,0,-,-,34.03813934326172,-118.02166748046876,LOS ANGELES,INDUSTRY,-118.02164459228516,34.03810119628906