CASE_ID,ACCIDENT_YEAR,PROC_DATE,JURIS,COLLISION_DATE,COLLISION_TIME,OFFICER_ID,REPORTING_DISTRICT,DAY_OF_WEEK,CHP_SHIFT,POPULATION,CNTY_CITY_LOC,SPECIAL_COND,BEAT_TYPE,CHP_BEAT_TYPE,CITY_DIVISION_LAPD,CHP_BEAT_CLASS,BEAT_NUMBER,PRIMARY_RD,SECONDARY_RD,DISTANCE,DIRECTION,INTERSECTION,WEATHER_1,WEATHER_2,STATE_HWY_IND,CALTRANS_COUNTY,CALTRANS_DISTRICT,STATE_ROUTE,ROUTE_SUFFIX,POSTMILE_PREFIX,POSTMILE,LOCATION_TYPE,RAMP_INTERSECTION,SIDE_OF_HWY,TOW_AWAY,COLLISION_SEVERITY,NUMBER_KILLED,NUMBER_INJURED,PARTY_COUNT,PRIMARY_COLL_FACTOR,PCF_CODE_OF_VIOL,PCF_VIOL_CATEGORY,PCF_VIOLATION,PCF_VIOL_SUBSECTION,HIT_AND_RUN,TYPE_OF_COLLISION,MVIW,PED_ACTION,ROAD_SURFACE,ROAD_COND_1,ROAD_COND_2,LIGHTING,CONTROL_DEVICE,CHP_ROAD_TYPE,PEDESTRIAN_ACCIDENT,BICYCLE_ACCIDENT,MOTORCYCLE_ACCIDENT,TRUCK_ACCIDENT,NOT_PRIVATE_PROPERTY,ALCOHOL_INVOLVED,STWD_VEHTYPE_AT_FAULT,CHP_VEHTYPE_AT_FAULT,COUNT_SEVERE_INJ,COUNT_VISIBLE_INJ,COUNT_COMPLAINT_PAIN,COUNT_PED_KILLED,COUNT_PED_INJURED,COUNT_BICYCLIST_KILLED,COUNT_BICYCLIST_INJURED,COUNT_MC_KILLED,COUNT_MC_INJURED,PRIMARY_RAMP,SECONDARY_RAMP,LATITUDE,LONGITUDE,COUNTY,CITY,POINT_X,POINT_Y
91572045,2021,2021-09-16,9545,2021-08-21,1012,019951,NA,6,1,9,1900,0,1,3,NA,2,031,SR-14 N/B TO SIERRA HIGHWAY,SIERRA HIGHWAY,0,NA,Y,A,-,Y,NA,NA,14,NA,NA,NA,R,NA,N,Y,3,0,2,2,A,-,09,21802,A,N,D,C,A,A,H,-,A,A,0,NA,NA,NA,NA,Y,NA,A,07,0,2,0,0,0,0,0,0,0,-,-,34.50920867919922,-118.11106872558594,LOS ANGELES,UNINCORPORATED,-118.11106872558594,34.50920867919922
91572063,2021,2021-09-16,9575,2021-09-06,1245,019990,NA,1,1,9,1900,0,2,4,NA,2,310,BIG TUJUNGA CYN RD,BIG TUJUNGA CYN BRIDGE,1320,W,N,A,-,N,NA,NA,NA,NA,NA,NA,NA,NA,NA,Y,3,0,1,1,A,-,03,22350,NA,N,E,I,A,A,H,-,A,D,0,NA,NA,NA,NA,Y,NA,A,07,0,1,0,0,0,0,0,0,0,-,-,34.28374099731445,-118.20326232910156,LOS ANGELES,UNINCORPORATED,-118.19031524658205,34.288536071777344
91572065,2021,2021-09-16,9565,2021-09-03,1640,019696,NA,5,2,7,1942,0,1,1,NA,2,063,I-405 S/B,MONTANA AVE,500,S,N,A,-,Y,NA,NA,NA,NA,NA,NA,NA,NA,NA,N,4,0,1,2,A,-,03,22350,NA,N,C,C,A,A,H,-,A,D,0,NA,NA,NA,NA,Y,NA,A,01,0,0,1,0,0,0,0,0,0,-,-,34.06584167480469,-118.45065307617188,LOS ANGELES,LOS ANGELES,-118.46076202392578,34.06591033935547
91572115,2021,2021-09-16,9545,2021-08-15,0816,019951,NA,7,1,9,1900,0,1,3,NA,2,031,SR-14 S/B,CROWN VALLEY ROAD,1320,S,N,A,-,Y,NA,NA,14,NA,NA,NA,NA,NA,S,Y,3,0,1,2,A,-,03,22350,NA,N,C,C,A,A,H,-,A,D,0,NA,NA,NA,NA,Y,NA,A,08,0,1,0,0,0,0,0,0,0,-,-,34.49150085449219,-118.2032470703125,LOS ANGELES,UNINCORPORATED,-118.20325469970705,34.4914665222168
91572143,2021,2021-09-16,9530,2021-08-10,1915,022132,NA,2,2,6,1972,0,1,1,NA,2,400,I-405 S/B (SAN DIEGO FREEWAY),WESTERN AVE.,1540,N,N,A,-,Y,NA,NA,405,NA,NA,NA,NA,NA,S,N,3,0,1,2,A,-,07,21658,A,N,C,C,A,A,H,-,A,D,0,NA,NA,NA,NA,Y,NA,A,07,0,1,0,0,0,0,0,0,0,-,-,33.86085891723633,-118.31423950195313,LOS ANGELES,TORRANCE,-118.3142547607422,33.860801696777344
91572148,2021,2021-09-16,9545,2021-08-23,0830,022679,NA,1,1,9,1900,0,3,5,NA,2,001,SIERRA HIGHWAY,AVENUE F,0,NA,Y,A,-,N,NA,NA,NA,NA,NA,NA,NA,NA,NA,Y,3,0,1,2,A,-,06,21750,NA,N,D,C,A,A,H,-,A,D,0,NA,NA,Y,NA,Y,NA,C,02,0,1,0,0,0,0,0,0,1,-,-,34.74797821044922,-118.14456176757813,LOS ANGELES,UNINCORPORATED,-118.14453887939452,34.74797439575195
91572171,2021,2021-09-16,9575,2021-09-08,0842,022558,NA,3,1,6,1925,0,1,3,NA,2,042,SR-134 W/B (VENTURA FREEWAY),SAN FERNANDO RD.,950,E,N,A,-,Y,NA,NA,134,NA,NA,NA,NA,NA,W,N,4,0,1,3,A,-,03,22350,NA,N,C,C,A,A,H,-,A,D,0,NA,NA,NA,NA,Y,NA,A,01,0,0,1,0,0,0,0,0,0,-,-,34.1546516418457,-118.27234649658205,LOS ANGELES,GLENDALE,-118.27234649658205,34.154640197753906
91572172,2021,2021-09-16,9530,2021-06-20,1620,022592,NA,7,2,9,1900,0,3,5,NA,2,001,HOOPER AVE. (BLOCK 1250),59TH ST. (BLOCK 1240),120,N,N,A,-,N,NA,NA,NA,NA,NA,NA,NA,NA,NA,N,4,0,2,2,A,-,09,21804,A,N,D,C,A,A,H,-,A,D,0,NA,NA,NA,NA,Y,NA,A,07,0,0,2,0,0,0,0,0,0,-,-,33.98746871948242,-118.25213623046876,LOS ANGELES,UNINCORPORATED,-118.25212860107422,33.987388610839844
91572205,2021,2021-09-16,9530,2021-07-05,1415,022109,NA,1,2,9,1900,0,3,5,NA,2,001,FLORENCE AVENUE (2500 BLOCK),RUGBY AVENUE,15,E,N,A,-,N,NA,NA,NA,NA,NA,NA,NA,NA,NA,N,4,0,2,2,A,-,03,22350,NA,F,C,C,A,A,H,-,A,D,0,NA,NA,NA,NA,Y,NA,-,99,0,0,2,0,0,0,0,0,0,-,-,33.97433090209961,-118.22644805908205,LOS ANGELES,UNINCORPORATED,-118.22647094726564,33.974334716796875
91572212,2021,2021-09-16,9535,2021-09-07,1325,022338,NA,2,1,5,1943,0,1,1,NA,2,075,I-710 SB (LONG BEACH FRW) TO I-105 (CENTURY FWY),MARTIN LUTHER KING JR BOULEVARD,985,N,N,A,-,Y,NA,NA,710,NA,NA,NA,R,NA,S,N,4,0,1,2,A,-,03,22350,NA,N,C,C,A,A,H,-,A,D,0,NA,NA,NA,NA,Y,NA,D,22,0,0,1,0,0,0,0,0,0,-,-,33.921661376953125,-118.1785125732422,LOS ANGELES,LYNWOOD,-118.1785125732422,33.921661376953125
91572230,2021,2021-09-16,9545,2021-08-23,1611,020547,NA,1,2,9,1900,0,3,5,NA,2,001,AVENUE L,48TH STREET WEST,152,W,N,A,-,N,NA,NA,NA,NA,NA,NA,NA,NA,NA,Y,4,0,1,2,A,-,03,22350,NA,N,C,C,A,A,H,-,A,B,0,NA,NA,NA,NA,Y,NA,A,01,0,0,1,0,0,0,0,0,0,-,-,34.6602897644043,-118.21720886230467,LOS ANGELES,UNINCORPORATED,-118.2171630859375,34.660255432128906
91572250,2021,2021-09-16,9535,2021-09-07,1805,019550,NA,2,2,9,1900,0,2,4,NA,2,025,ATLANTIC BLVD.(1300 BLOCK),UNION PACIFIC AVE,500,S,N,A,-,N,NA,NA,NA,NA,NA,NA,NA,NA,NA,N,4,0,2,2,A,-,03,22350,NA,N,C,C,A,A,H,-,A,D,0,NA,NA,NA,NA,Y,NA,A,01,0,0,2,0,0,0,0,0,0,-,-,34.01396942138672,-118.15949249267578,LOS ANGELES,UNINCORPORATED,-118.15940856933594,34.01276779174805
91572270,2021,2021-09-16,9535,2021-09-03,1526,022338,NA,5,2,3,1914,0,1,1,NA,2,500,I-5 N/B (SANTA ANA FREEWAY),ATLANTIC BLVD,4752,S,N,A,-,Y,NA,NA,NA,NA,NA,NA,NA,NA,NA,Y,3,0,1,2,A,-,08,22107,NA,F,B,C,A,A,H,-,A,D,0,NA,NA,Y,NA,Y,NA,A,07,0,1,0,0,0,0,0,0,1,-,-,33.99734878540039,-118.14836120605467,LOS ANGELES,COMMERCE,-118.14809417724608,33.99953842163086
91572273,2021,2021-09-16,9550,2021-09-05,1340,022167,NA,7,1,9,1900,0,2,4,NA,1,042,COLIMA ROAD,MANOR GATE ROAD,215,W,N,A,-,N,NA,NA,NA,NA,NA,NA,NA,NA,NA,Y,3,0,2,3,A,-,03,22350,NA,N,C,C,A,A,H,-,A,D,0,NA,NA,NA,NA,Y,NA,A,01,0,1,1,0,0,0,0,0,0,-,-,33.99087142944336,-117.93372344970705,LOS ANGELES,UNINCORPORATED,-117.9352798461914,33.990989685058594
91572279,2021,2021-09-16,9550,2021-08-25,2100,022587,NA,3,2,5,1908,0,1,3,NA,2,091,SR-91 E/B,CLARK AVE.,150,E,N,A,-,Y,NA,NA,91,NA,NA,NA,NA,NA,E,Y,4,0,1,2,A,-,03,22350,NA,F,C,C,A,A,H,-,D,D,0,NA,NA,NA,NA,Y,NA,-,99,0,0,1,0,0,0,0,0,0,-,-,33.87688064575195,-118.13329315185548,LOS ANGELES,BELLFLOWER,-118.13329315185548,33.87686538696289
91572283,2021,2021-09-16,9550,2021-08-29,0450,022439,NA,7,3,9,1900,0,1,1,NA,2,500,INTERSTATE 5 S/B,PARAMOUNT BOULEVARD,1400,S,N,A,-,Y,NA,NA,NA,NA,NA,NA,NA,NA,NA,Y,4,0,1,2,A,-,07,21658,A,N,B,C,A,A,H,-,C,D,0,NA,NA,NA,Y,Y,NA,F,26,0,0,1,0,0,0,0,0,0,-,-,33.96210861206055,-118.11788940429688,LOS ANGELES,UNINCORPORATED,-118.1169662475586,33.961524963378906
91572296,2021,2021-09-16,9535,2021-09-08,0645,017943,NA,3,1,5,1906,0,1,1,NA,2,651,I-605 (SAN GABRIEL RIVER FREEWAY) S/B,WALNUT CREEK BRIDGE,190,S,N,A,-,Y,NA,NA,605,NA,NA,NA,NA,NA,S,Y,4,0,1,2,A,-,07,21658,A,M,B,C,A,A,H,-,A,D,0,NA,NA,NA,NA,Y,NA,-,99,0,0,1,0,0,0,0,0,0,-,-,34.05978012084961,-118.00167083740234,LOS ANGELES,BALDWIN PARK,-118.00157165527344,34.05974578857422
91572308,2021,2021-09-16,9535,2021-09-07,1700,022159,NA,2,2,9,1900,0,1,1,NA,2,420,I-10 E/B (SAN BERNARDINO FREEWAY),CAMPUS RD,50,W,N,A,-,Y,NA,NA,10,NA,NA,NA,NA,NA,E,N,4,0,1,2,A,-,04,21703,NA,N,C,C,A,A,H,-,A,D,0,NA,NA,NA,NA,Y,NA,A,07,0,0,1,0,0,0,0,0,0,-,-,34.06150817871094,-118.17137908935548,LOS ANGELES,UNINCORPORATED,-118.17132568359376,34.061275482177734
91572313,2021,2021-09-16,9550,2021-09-07,0535,022587,NA,2,3,9,1900,0,3,5,NA,2,002,MILLS AVENUE,REIS STREET,0,NA,Y,A,-,N,NA,NA,NA,NA,NA,NA,NA,NA,NA,N,4,0,1,2,A,-,12,22450,A,F,D,C,A,A,H,-,B,A,0,NA,NA,NA,NA,Y,NA,-,99,0,0,1,0,0,0,0,0,0,-,-,33.939720153808594,-118.03479766845705,LOS ANGELES,UNINCORPORATED,-118.03446197509766,33.93979263305664
91572318,2021,2021-09-16,9550,2021-09-07,0839,020025,NA,2,1,9,1900,0,3,5,NA,2,005,GALE AVE,NOGALES ST,400,W,N,A,-,N,NA,NA,NA,NA,NA,NA,NA,NA,NA,Y,4,0,2,2,A,-,09,21804,A,N,D,C,A,A,H,-,A,A,0,NA,NA,NA,NA,Y,NA,A,01,0,0,2,0,0,0,0,0,0,-,-,33.99618148803711,-117.8898468017578,LOS ANGELES,UNINCORPORATED,-117.8896942138672,33.99613571166992
91572326,2021,2021-09-16,9535,2021-09-08,1320,018687,NA,3,1,5,1952,0,1,1,NA,2,104,I-105 E/B,LOS ANGELES RIVER,700,E,N,A,-,Y,NA,NA,105,NA,NA,NA,NA,NA,E,Y,4,0,1,2,A,-,04,21703,NA,N,C,C,A,A,H,-,A,D,0,NA,NA,NA,NA,Y,NA,A,01,0,0,1,0,0,0,0,0,0,-,-,33.91093063354492,-118.17291259765624,LOS ANGELES,PARAMOUNT,-118.17290496826172,33.910987854003906
91572330,2021,2021-09-16,9545,2021-08-26,0910,020140,NA,4,1,9,1900,0,3,5,NA,2,002,20TH STREET WEST,AVENUE M,0,NA,Y,A,-,N,NA,NA,NA,NA,NA,NA,NA,NA,NA,Y,3,0,2,2,D,-,00,NA,NA,N,D,C,A,A,H,-,A,A,0,NA,NA,NA,NA,Y,NA,-,-,0,2,0,0,0,0,0,0,0,-,-,34.645721435546875,-118.16555786132813,LOS ANGELES,UNINCORPORATED,-118.1655731201172,34.64575958251953
91572351,2021,2021-09-16,9525,2021-09-07,1720,021355,NA,2,2,5,1926,0,1,1,NA,2,206,I-210 E/B (FOOTHILL FWY),GRAND AVE.,1056,W,N,A,-,Y,NA,NA,210,NA,NA,NA,NA,NA,E,N,4,0,1,2,A,-,03,22350,NA,N,C,C,A,A,H,-,A,A,0,NA,NA,NA,NA,Y,NA,A,01,0,0,1,0,0,0,0,0,0,-,-,34.120750427246094,-117.87696075439452,LOS ANGELES,GLENDORA,-117.87696075439452,34.12078094482422
91572357,2021,2021-09-16,9575,2021-09-03,1540,022533,NA,5,2,9,1900,0,2,4,NA,2,310,BIG TUJUNGA CYN. RD.,CLEARCREEK TRUCK TRAIL,5438,W,N,A,-,N,NA,NA,NA,NA,NA,NA,NA,NA,NA,Y,4,0,1,1,A,-,03,22350,NA,N,E,I,A,A,H,-,A,D,0,NA,NA,NA,NA,Y,NA,A,01,0,0,1,0,0,0,0,0,0,-,-,34.28403854370117,-118.20841979980467,LOS ANGELES,UNINCORPORATED,NA,NA
91572366,2021,2021-09-16,9540,2021-09-07,0354,021882,NA,2,3,7,1942,0,1,1,NA,2,551,I-5 S/B (GOLDEN STATE FREEWAY),ROXFORD ST,2640,S,N,A,-,Y,NA,NA,5,NA,NA,NA,NA,NA,S,Y,3,0,1,1,C,-,18,NA,NA,N,E,J,A,A,H,-,D,D,0,NA,NA,NA,NA,Y,NA,-,-,0,1,0,0,0,0,0,0,0,-,-,34.299949645996094,-118.47576141357422,LOS ANGELES,LOS ANGELES,-118.47613525390624,34.29957580566406
91572367,2021,2021-09-16,9545,2021-09-03,0940,016523,NA,5,1,9,1900,0,3,5,NA,2,001,90TH STREET WEST,WOOD AVE,133,S,N,A,-,N,NA,NA,NA,NA,NA,NA,NA,NA,NA,Y,3,0,4,2,A,-,08,22107,NA,N,D,C,A,A,H,-,A,D,0,NA,NA,NA,NA,Y,NA,A,01,0,3,1,0,0,0,0,0,0,-,-,34.74879837036133,-118.28997039794922,LOS ANGELES,UNINCORPORATED,-118.28993988037108,34.74879455566406
91572370,2021,2021-09-16,9545,2021-09-03,1620,022679,NA,5,2,9,1900,0,3,5,NA,2,004,AVENUE U,82ND STREET EAST,0,NA,Y,A,-,N,NA,NA,NA,NA,NA,NA,NA,NA,NA,Y,3,0,1,2,A,-,09,21801,A,N,D,C,A,A,H,-,A,A,0,NA,NA,NA,NA,Y,NA,A,01,0,1,0,0,0,0,0,0,0,-,-,34.528289794921875,-117.98374176025392,LOS ANGELES,UNINCORPORATED,-117.98368072509766,34.5283203125
91572379,2021,2021-09-16,9545,2021-08-23,2500,017305,NA,1,4,9,1900,0,3,5,NA,2,004,116TH STREET EAST,AVENUE T,398,N,N,A,-,N,NA,NA,NA,NA,NA,NA,NA,NA,NA,N,2,0,1,1,A,-,08,22107,NA,N,F,A,A,A,H,-,D,D,0,NA,NA,NA,NA,Y,NA,D,22,1,0,0,0,0,0,0,0,0,-,-,34.54402160644531,-117.92301177978516,LOS ANGELES,UNINCORPORATED,-117.9228973388672,34.54389190673828
91572388,2021,2021-09-16,9540,2021-09-07,1435,022415,NA,2,2,7,1942,0,1,1,NA,2,213,I-210 E/B,MACLAY ST,1140,W,N,A,-,Y,NA,NA,210,NA,NA,NA,NA,NA,E,Y,3,0,2,3,A,-,03,22350,NA,N,C,C,A,A,D,E,A,A,0,NA,NA,NA,NA,Y,NA,A,01,0,2,0,0,0,0,0,0,0,-,-,34.3029899597168,-118.4235610961914,LOS ANGELES,LOS ANGELES,-118.42356872558594,34.302982330322266
91572389,2021,2021-09-16,9535,2021-09-08,1410,022159,NA,3,2,3,1914,0,1,1,NA,2,073,I-710 S/B (LONG BEACH FREEWAY),BANDINI BLVD.,200,N,N,A,-,Y,NA,NA,710,NA,NA,NA,NA,NA,S,N,4,0,2,2,A,-,04,21703,NA,N,C,C,A,A,H,-,A,D,0,NA,NA,NA,NA,Y,NA,A,01,0,0,2,0,0,0,0,0,0,-,-,34.00162887573242,-118.1743621826172,LOS ANGELES,COMMERCE,-118.17437744140624,34.00164031982422
91572400,2021,2021-09-16,9540,2021-09-14,0738,020862,NA,2,1,9,1900,0,2,4,NA,2,010,THE OLD RD SOUTHBOUND,CALGROVE BLVD,5280,S,N,A,-,N,NA,NA,NA,NA,NA,NA,NA,NA,NA,N,3,0,1,2,A,-,08,22107,NA,N,G,B,E,A,H,-,A,D,0,Y,NA,NA,NA,Y,NA,A,07,0,1,0,0,1,0,0,0,0,-,-,34.35026168823242,-118.54419708251952,LOS ANGELES,UNINCORPORATED,-118.5466537475586,34.351043701171875
91572408,2021,2021-09-16,9550,2021-09-04,1835,021100,NA,6,2,9,1900,0,2,4,NA,1,041,LUJON ST.,STIMSON AVE.,10,W,N,A,-,N,NA,NA,NA,NA,NA,NA,NA,NA,NA,N,3,0,1,2,A,-,09,21804,A,N,D,C,A,A,H,-,A,A,0,NA,NA,NA,NA,Y,NA,M,94,0,1,0,0,0,0,0,0,0,-,-,33.999900817871094,-117.9616470336914,LOS ANGELES,UNINCORPORATED,-117.96153259277344,33.999820709228516
91572424,2021,2021-09-16,9540,2021-09-03,0200,021447,NA,5,3,9,1900,0,1,3,NA,2,147,SR-14 S/B (ANTELOPE VALLEY FWY),AGUA DULCE CYN RD,5280,N,N,A,-,Y,NA,NA,14,NA,NA,NA,NA,NA,S,Y,3,0,2,2,A,-,03,22350,NA,N,C,C,A,A,H,-,D,D,0,NA,NA,NA,NA,Y,NA,D,22,0,2,0,0,0,0,0,0,0,-,-,34.47303009033203,-118.31140899658205,LOS ANGELES,UNINCORPORATED,-118.31139373779295,34.472984313964844
91572439,2021,2021-09-16,9535,2021-09-09,0900,021772,NA,4,1,5,1948,0,1,1,NA,2,070,I-710 (LONG BEACH FREEWAY) N/B,FLORAL DR.,2112,N,N,A,-,Y,NA,NA,710,NA,NA,NA,NA,NA,N,N,3,0,1,2,A,-,01,23152,G,N,E,I,A,A,H,-,A,D,0,NA,NA,NA,NA,Y,Y,A,01,0,1,0,0,0,0,0,0,0,-,-,34.05025863647461,-118.16529846191406,LOS ANGELES,MONTEREY PARK,-118.1654052734375,34.05034637451172
91572466,2021,2021-11-02,9545,2021-08-27,1747,015589,NA,5,2,9,1900,0,3,5,NA,2,004,AVENUE U,82ND ST  E,0,NA,Y,A,-,N,NA,NA,NA,NA,NA,NA,NA,NA,NA,Y,4,0,1,2,A,-,09,21802,A,N,D,C,A,A,H,-,A,A,0,NA,NA,NA,NA,Y,NA,-,-,0,0,1,0,0,0,0,0,0,-,-,34.5283203125,-117.98370361328124,LOS ANGELES,UNINCORPORATED,-117.98368072509766,34.5283203125
91572468,2021,2021-09-16,9535,2021-09-09,1755,022159,NA,4,2,5,1959,0,1,1,NA,2,400,I-10 E/B (SAN BERNARDINO FREEWAY) FROM WALNUT GROV,WALNUT GROVE AVE.,147,W,N,A,-,Y,NA,NA,10,NA,NA,NA,R,NA,E,N,4,0,1,2,A,-,03,22350,NA,N,C,C,A,A,H,-,A,D,0,NA,NA,NA,NA,Y,NA,A,01,0,0,1,0,0,0,0,0,0,-,-,34.070960998535156,-118.08255767822266,LOS ANGELES,ROSEMEAD,-118.08255767822266,34.070960998535156
91572473,2021,2021-09-16,9545,2021-08-27,2015,021695,NA,5,2,9,1900,0,3,5,NA,2,003,ANGELES FOREST HWY,MILL CREEK,7920,S,N,A,-,N,NA,NA,NA,NA,NA,NA,NA,NA,NA,Y,4,0,1,1,A,-,08,22107,NA,N,E,I,A,A,H,-,D,D,0,NA,NA,NA,NA,Y,NA,A,01,0,0,1,0,0,0,0,0,0,-,-,34.38584899902344,-118.09535980224608,LOS ANGELES,UNINCORPORATED,NA,NA
91572490,2021,2021-09-16,9545,2021-08-27,1150,017305,NA,5,1,9,1900,0,1,3,NA,1,042,SR-138 E/B,195TH STREET EAST,800,E,N,A,-,Y,NA,NA,138,NA,NA,NA,NA,NA,E,N,3,0,2,1,A,-,08,22107,NA,N,F,A,A,A,H,-,A,D,0,NA,NA,NA,NA,Y,NA,A,01,0,2,0,0,0,0,0,0,0,-,-,34.4986686706543,-117.78112030029295,LOS ANGELES,UNINCORPORATED,-117.78112030029295,34.498600006103516
91572506,2021,2021-09-16,9535,2021-09-10,2055,022335,NA,5,2,9,1900,0,2,4,NA,2,025,ATLANTIC BOULEVARD (1300 BLOCK),UNION PACIFIC AVENUE,30,S,N,A,-,N,NA,NA,NA,NA,NA,NA,NA,NA,NA,N,4,0,1,2,A,-,03,22350,NA,N,C,C,A,A,H,-,C,D,0,NA,NA,NA,NA,Y,NA,A,07,0,0,1,0,0,0,0,0,0,-,-,34.01398849487305,-118.15921783447266,LOS ANGELES,UNINCORPORATED,-118.1592254638672,34.014041900634766
91572535,2021,2021-09-16,9540,2021-09-03,1734,021118,NA,5,2,9,1900,0,1,1,NA,2,511,I-5 S/B,TEMPLIN HWY,21120,N,N,A,-,Y,NA,NA,5,NA,NA,NA,NA,NA,S,Y,3,0,1,2,A,-,08,22107,NA,N,D,2,A,A,H,-,A,D,0,NA,NA,NA,NA,Y,NA,A,01,0,1,0,0,0,0,0,0,0,-,-,34.618141174316406,-118.7158203125,LOS ANGELES,UNINCORPORATED,-118.71583557128906,34.618133544921875
91572584,2021,2022-02-22,9550,2021-09-14,2335,022268,NA,2,3,5,1908,0,1,3,NA,2,091,SR-91 W/B,BELLFLOWER BLVD.,800,E,N,A,-,Y,NA,NA,91,NA,NA,NA,NA,NA,W,N,3,0,2,2,A,-,01,23152,A,N,C,C,A,A,H,-,C,D,0,NA,NA,NA,NA,Y,Y,D,22,0,2,0,0,0,0,0,0,0,-,-,33.8763313293457,-118.1188507080078,LOS ANGELES,BELLFLOWER,-118.1188507080078,33.87633514404297
91572587,2021,2021-09-17,9545,2021-09-08,1805,018058,NA,3,2,9,1900,0,3,5,NA,2,001,10TH ST  E,AVENUE G,180,N,N,A,-,N,NA,NA,NA,NA,NA,NA,NA,NA,NA,Y,2,0,1,1,A,-,01,23152,A,N,E,I,A,A,H,-,A,A,0,NA,NA,NA,NA,Y,Y,A,01,1,0,0,0,0,0,0,0,0,-,-,34.73418045043945,-118.11282348632813,LOS ANGELES,UNINCORPORATED,-118.11289978027344,34.73402404785156
91572846,2021,2021-09-17,9540,2021-09-04,1549,022405,NA,6,2,9,1900,0,1,1,NA,2,507,I-5 S/B (GOLDEN STATE FREEWAY),LYONS AVE.,2900,N,N,A,-,Y,NA,NA,5,NA,NA,NA,NA,NA,S,Y,3,0,1,2,A,-,07,21658,A,N,E,I,A,A,H,-,A,D,0,NA,NA,NA,NA,Y,NA,A,01,0,1,0,0,0,0,0,0,0,-,-,34.386329650878906,-118.56916046142578,LOS ANGELES,UNINCORPORATED,-118.5692138671875,34.38630676269531
91572852,2021,2021-09-17,9540,2021-09-09,1720,021464,NA,4,2,7,1942,0,1,3,NA,1,142,SR-14 NB (ANTELOPE VALLEY FREEWAY),NEWHALL AVE,5280,S,N,A,-,Y,NA,NA,NA,NA,NA,NA,NA,NA,NA,Y,4,0,1,4,A,-,03,22350,NA,N,C,C,A,A,H,-,A,D,0,NA,NA,NA,Y,Y,NA,F,26,0,0,1,0,0,0,0,0,0,-,-,34.350341796875,-118.50399017333984,LOS ANGELES,LOS ANGELES,-118.50440979003906,34.351287841796875
91572859,2021,2021-09-17,9590,2021-09-01,1655,022701,NA,3,2,7,1942,0,1,1,NA,2,083,I-5 S/B (GOLDEN STATE FREEWAY),MISSION RD,500,N,N,A,-,Y,NA,NA,5,NA,NA,NA,NA,NA,S,Y,4,0,1,2,A,-,03,22350,NA,N,C,C,A,A,H,-,A,D,0,NA,NA,Y,NA,Y,NA,C,02,0,0,1,0,0,0,0,0,1,-,-,34.06631088256836,-118.21645355224608,LOS ANGELES,LOS ANGELES,-118.21640014648438,34.06631088256836
91572860,2021,2021-09-17,9575,2021-09-07,1920,017491,NA,2,2,7,1942,0,1,3,NA,2,043,SR-134 W/B (VENTURA FREEWAY),FOREST LAWN DRIVE,200,W,N,A,-,Y,NA,NA,134,NA,NA,NA,NA,NA,W,N,4,0,3,2,D,-,00,NA,NA,N,B,C,A,A,H,-,B,D,0,NA,NA,NA,NA,Y,NA,-,-,0,0,3,0,0,0,0,0,0,-,-,34.15483856201172,-118.31162261962892,LOS ANGELES,LOS ANGELES,-118.31163024902344,34.15488052368164
91572864,2021,2021-09-17,9590,2021-09-01,2340,021535,NA,3,3,7,1942,0,1,1,NA,2,052,I-110 N/B (HAF) TO US-101 N/B (HOF),TEMPLE STREET,20,S,N,A,-,Y,NA,NA,110,NA,NA,NA,R,NA,N,Y,3,0,2,2,A,-,03,22350,NA,N,C,C,A,A,H,-,C,A,0,NA,NA,NA,NA,Y,NA,A,01,0,1,1,0,0,0,0,0,0,-,-,34.06119918823242,-118.25003051757813,LOS ANGELES,LOS ANGELES,-118.25003051757813,34.06119918823242
91572885,2021,2021-09-17,9540,2021-09-03,1545,022405,NA,5,2,9,1900,0,1,3,NA,2,148,SR-14 NB (ANTELOPE VALLEY FREEWAY),ESCONDIDO CANYON RD,6600,N,N,A,-,Y,NA,NA,14,NA,NA,NA,NA,NA,N,Y,2,0,6,4,A,-,03,22350,NA,N,C,C,A,A,H,-,A,D,0,NA,NA,NA,NA,Y,NA,D,22,2,1,3,0,0,0,0,0,0,-,-,34.497840881347656,-118.26451110839844,LOS ANGELES,UNINCORPORATED,-118.26451110839844,34.497867584228516
91572890,2021,2021-09-17,9565,2021-09-07,1339,016074,NA,2,1,7,1942,0,1,1,NA,2,063,I-405 N/B (SAN DIEGO FWY),SUNSET BLVD,1000,S,N,A,-,Y,NA,NA,405,NA,NA,NA,NA,NA,N,Y,4,0,2,2,A,-,03,22350,NA,N,C,C,A,A,H,-,A,D,0,NA,NA,NA,NA,Y,NA,A,01,0,0,2,0,0,0,0,0,0,-,-,34.07078170776367,-118.46456909179688,LOS ANGELES,LOS ANGELES,-118.46469116210938,34.07067108154297
91572907,2021,2021-09-17,9565,2021-09-06,0240,022014,NA,1,3,9,1900,0,1,1,NA,2,060,I-405 S/B TO I-105,INGLEWOOD AVE,200,W,N,A,-,Y,NA,NA,NA,NA,NA,NA,NA,NA,NA,Y,3,0,1,1,A,-,01,23152,A,N,E,I,A,A,H,-,C,D,0,NA,NA,NA,NA,Y,Y,A,01,0,1,0,0,0,0,0,0,0,-,-,33.93117904663086,-118.36202239990234,LOS ANGELES,UNINCORPORATED,-118.36181640625,33.89115524291992