CASE_ID,ACCIDENT_YEAR,PROC_DATE,JURIS,COLLISION_DATE,COLLISION_TIME,OFFICER_ID,REPORTING_DISTRICT,DAY_OF_WEEK,CHP_SHIFT,POPULATION,CNTY_CITY_LOC,SPECIAL_COND,BEAT_TYPE,CHP_BEAT_TYPE,CITY_DIVISION_LAPD,CHP_BEAT_CLASS,BEAT_NUMBER,PRIMARY_RD,SECONDARY_RD,DISTANCE,DIRECTION,INTERSECTION,WEATHER_1,WEATHER_2,STATE_HWY_IND,CALTRANS_COUNTY,CALTRANS_DISTRICT,STATE_ROUTE,ROUTE_SUFFIX,POSTMILE_PREFIX,POSTMILE,LOCATION_TYPE,RAMP_INTERSECTION,SIDE_OF_HWY,TOW_AWAY,COLLISION_SEVERITY,NUMBER_KILLED,NUMBER_INJURED,PARTY_COUNT,PRIMARY_COLL_FACTOR,PCF_CODE_OF_VIOL,PCF_VIOL_CATEGORY,PCF_VIOLATION,PCF_VIOL_SUBSECTION,HIT_AND_RUN,TYPE_OF_COLLISION,MVIW,PED_ACTION,ROAD_SURFACE,ROAD_COND_1,ROAD_COND_2,LIGHTING,CONTROL_DEVICE,CHP_ROAD_TYPE,PEDESTRIAN_ACCIDENT,BICYCLE_ACCIDENT,MOTORCYCLE_ACCIDENT,TRUCK_ACCIDENT,NOT_PRIVATE_PROPERTY,ALCOHOL_INVOLVED,STWD_VEHTYPE_AT_FAULT,CHP_VEHTYPE_AT_FAULT,COUNT_SEVERE_INJ,COUNT_VISIBLE_INJ,COUNT_COMPLAINT_PAIN,COUNT_PED_KILLED,COUNT_PED_INJURED,COUNT_BICYCLIST_KILLED,COUNT_BICYCLIST_INJURED,COUNT_MC_KILLED,COUNT_MC_INJURED,PRIMARY_RAMP,SECONDARY_RAMP,LATITUDE,LONGITUDE,COUNTY,CITY,POINT_X,POINT_Y
91578240,2021,2021-09-23,9550,2021-09-15,1430,022480,NA,3,2,9,1900,0,2,4,NA,1,021,CARMENITA RD.,SUNSHINE AVE.,0,NA,Y,A,-,N,NA,NA,NA,NA,NA,NA,NA,NA,NA,Y,4,0,3,2,A,-,09,21802,A,N,D,C,A,A,H,-,A,D,0,NA,NA,NA,NA,Y,NA,D,22,0,0,3,0,0,0,0,0,0,-,-,33.92192077636719,-118.0465087890625,LOS ANGELES,UNINCORPORATED,-118.04659271240234,33.92190933227539
91578245,2021,2021-09-23,9550,2021-09-15,1528,022480,NA,3,2,9,1900,0,3,5,NA,2,002,FLORENCE AVE,INEZ ST.,0,NA,Y,A,-,N,NA,NA,NA,NA,NA,NA,NA,NA,NA,Y,4,0,4,2,A,-,09,21802,A,N,D,C,A,A,H,-,A,D,0,NA,NA,NA,NA,Y,NA,A,01,0,0,4,0,0,0,0,0,0,-,-,33.936519622802734,-118.044189453125,LOS ANGELES,UNINCORPORATED,-118.04417419433594,33.93645477294922
91578246,2021,2021-09-23,9565,2021-09-11,0900,022193,NA,6,1,9,1900,0,3,5,NA,2,002,VAN NESS AVENUE,111TH STREET,0,NA,Y,A,-,N,NA,NA,NA,NA,NA,NA,NA,NA,NA,N,3,0,1,2,A,-,09,21802,A,N,D,C,A,A,H,-,A,A,0,NA,NA,NA,NA,Y,NA,A,07,0,1,0,0,0,0,0,0,0,-,-,33.93349075317383,-118.31777954101564,LOS ANGELES,UNINCORPORATED,-118.31777954101564,33.93349075317383
91578257,2021,2021-09-23,9550,2021-09-16,1915,020037,NA,4,2,5,1908,0,1,3,NA,2,091,STATE ROUTE 91 EASTBOUND (ARTESIA FWY),CLARK AVENUE,600,W,N,A,-,Y,NA,NA,91,NA,NA,NA,NA,NA,E,Y,4,0,3,5,A,-,03,22350,NA,N,C,C,A,A,H,-,B,D,0,NA,NA,NA,NA,Y,NA,A,01,0,0,3,0,0,0,0,0,0,-,-,33.87709045410156,-118.13604736328124,LOS ANGELES,BELLFLOWER,-118.13604736328124,33.877105712890625
91578293,2021,2021-09-23,9525,2021-09-12,0950,021074,NA,7,1,6,1955,0,1,1,NA,2,117,I-10 W/B (SAN BERNARDINO FREEWAY),KELLOGG DR.,500,E,N,A,-,Y,NA,NA,10,NA,NA,NA,NA,NA,W,Y,4,0,2,2,A,-,07,21658,A,F,E,A,A,A,H,-,A,D,0,NA,NA,NA,NA,Y,NA,-,99,0,0,2,0,0,0,0,0,0,-,-,34.064090728759766,-117.81034088134766,LOS ANGELES,POMONA,-117.81037902832033,34.06428909301758
91578303,2021,2021-09-23,9590,2021-09-12,0027,022357,NA,7,3,7,1942,0,1,1,NA,2,065,I-110 S/B (HARBOR FREEWAY),VENICE BOULEVARD,50,S,N,A,-,Y,NA,NA,110,NA,NA,NA,NA,NA,S,N,4,0,1,2,A,-,03,22350,NA,N,C,C,A,A,H,-,C,D,0,NA,NA,NA,NA,Y,NA,A,01,0,0,1,0,0,0,0,0,0,-,-,34.03900909423828,-118.27397918701172,LOS ANGELES,LOS ANGELES,-118.27399444580078,34.03901290893555
91578329,2021,2021-09-23,9535,2021-09-10,1825,022641,NA,5,2,9,1900,0,1,3,NA,2,600,SR-60 EASTBOUND (POMONA FREEWAY) TO DOWNEY ROAD,DOWNEY RD,387,W,N,B,-,Y,NA,NA,60,NA,NA,NA,R,NA,E,N,2,0,1,2,A,-,01,23152,A,N,C,C,A,A,H,-,A,A,0,NA,NA,NA,NA,Y,Y,A,07,1,0,0,0,0,0,0,0,0,-,-,34.03208923339844,-118.1824188232422,LOS ANGELES,UNINCORPORATED,-118.1824188232422,34.03208923339844
91578349,2021,2021-09-23,9535,2021-09-11,0950,022250,NA,6,1,9,1900,0,1,1,NA,2,071,I-710 (LONG BEACH FREEWAY) S/B,OLYMPIC BLVD.,200,N,N,A,-,Y,NA,NA,710,NA,NA,NA,NA,NA,S,Y,4,0,2,3,A,-,07,21658,A,N,C,C,A,A,H,-,A,D,0,NA,NA,NA,NA,Y,NA,A,01,0,0,2,0,0,0,0,0,0,-,-,34.01959991455078,-118.1734619140625,LOS ANGELES,UNINCORPORATED,-118.17353057861328,34.01959991455078
91578363,2021,2021-09-23,9550,2021-09-01,2020,022664,NA,3,2,9,1900,0,2,4,NA,1,051,NOGALES ST.,RIDGEVIEW AVE.,25,N,N,A,-,N,NA,NA,NA,NA,NA,NA,NA,NA,NA,Y,4,0,1,1,A,-,01,23152,A,N,E,J,A,A,H,-,C,D,0,NA,NA,NA,NA,Y,Y,A,01,0,0,1,0,0,0,0,0,0,-,-,33.975059509277344,-117.88739776611328,LOS ANGELES,UNINCORPORATED,-117.887451171875,33.97490692138672
91578366,2021,2021-09-23,9535,2021-09-11,1530,022641,NA,6,2,1,1932,0,1,1,NA,2,655,I-605 SOUTHBOUND (SAN GABRIEL RIVER FREEWAY),SR-60 (POMONA FREEWAY),1500,N,N,A,-,Y,NA,NA,605,NA,NA,NA,NA,NA,S,N,3,0,2,2,A,-,03,22350,NA,N,C,C,A,A,H,-,A,D,0,NA,NA,NA,NA,Y,NA,A,01,0,2,0,0,0,0,0,0,0,-,-,34.040321350097656,-118.01674652099608,LOS ANGELES,INDUSTRY,-118.01677703857422,34.04037857055664
91578370,2021,2021-09-23,9535,2021-09-13,2008,019550,NA,1,2,9,1900,0,2,4,NA,2,018,BEVERLY BLVD,GERHART AVE,0,NA,Y,A,-,N,NA,NA,NA,NA,NA,NA,NA,NA,NA,N,4,0,1,2,A,-,09,21801,A,N,D,C,A,A,H,-,A,A,0,NA,NA,NA,NA,Y,NA,A,01,0,0,1,0,0,0,0,0,0,-,-,34.02634811401367,-118.14404296875,LOS ANGELES,UNINCORPORATED,-118.14414215087892,34.02651596069336
91578371,2021,2021-09-23,9535,2021-09-12,1730,022277,NA,7,2,5,1901,0,1,1,NA,2,420,I-10 (SAN BERNARDINO FREEWAY) E/B,WARWICK ROAD P.O.C.,100,E,N,A,-,Y,NA,NA,10,NA,NA,NA,NA,NA,E,Y,3,0,4,3,A,-,03,22350,NA,N,C,C,A,A,H,-,A,D,0,NA,NA,NA,NA,Y,NA,A,01,0,1,3,0,0,0,0,0,0,-,-,34.06486892700195,-118.1575164794922,LOS ANGELES,ALHAMBRA,-118.15750885009766,34.064842224121094
91578386,2021,2021-09-23,9550,2021-08-24,1540,020948,NA,2,2,9,1900,0,1,3,NA,2,600,SR-60 EASTBOUND,TURNBULL CANYON ROAD,750,E,N,A,-,Y,NA,NA,60,NA,NA,NA,NA,NA,E,Y,3,0,4,8,A,-,01,23152,F,N,B,C,A,A,H,-,A,D,0,NA,NA,Y,Y,Y,NA,D,22,0,1,3,0,0,0,0,0,0,-,-,34.01029968261719,-117.9756088256836,LOS ANGELES,UNINCORPORATED,-117.97562408447266,34.01025390625
91578421,2021,2021-09-24,9550,2021-09-16,1340,022600,NA,4,1,9,1900,0,3,5,NA,2,003,FLAMSTEAD DRIVE,WEDGEWORTH DRIVE,50,W,N,A,-,N,NA,NA,NA,NA,NA,NA,NA,NA,NA,N,4,0,1,2,A,-,08,22107,NA,N,C,E,A,A,H,-,A,D,0,NA,NA,NA,NA,Y,NA,A,01,0,0,1,0,0,0,0,0,0,-,-,33.998931884765625,-117.95393371582033,LOS ANGELES,UNINCORPORATED,-117.95381927490234,33.99898910522461
91578431,2021,2021-09-24,9565,2021-09-11,1958,021372,NA,6,2,9,1900,0,3,5,NA,2,004,111TH STREET,ACACIA AVENUE,124,E,N,A,-,N,NA,NA,NA,NA,NA,NA,NA,NA,NA,N,3,0,1,2,A,-,05,21650,NA,F,A,C,A,A,H,-,C,D,0,NA,NA,NA,NA,Y,NA,-,99,0,1,0,0,0,0,0,0,0,-,-,33.9345588684082,-118.35096740722656,LOS ANGELES,UNINCORPORATED,-118.35101318359376,33.9345703125
91578435,2021,2021-09-24,9565,2021-09-11,2005,022206,NA,6,2,5,1965,0,1,1,NA,2,081,I-10 E/B (SANTA MONICA FREEWAY),LINCOLN BOULEVARD,235,E,N,A,-,Y,NA,NA,10,NA,NA,NA,NA,NA,E,N,3,0,1,2,A,-,07,21658,A,N,B,C,A,A,H,-,C,D,0,NA,NA,Y,NA,Y,NA,A,01,0,1,0,0,0,0,0,0,1,-,-,34.01525115966797,-118.48506927490234,LOS ANGELES,SANTA MONICA,-118.4850616455078,34.01523208618164
91578439,2021,2021-09-24,9565,2021-09-12,2005,016074,NA,7,2,7,1942,0,1,1,NA,2,082,I-10 E/B,GATEWAY BLVD,1000,W,N,A,-,Y,NA,NA,10,NA,NA,NA,NA,NA,E,N,4,0,2,2,A,-,03,22350,NA,F,C,C,A,A,H,-,A,D,0,NA,NA,NA,NA,Y,NA,A,01,0,0,2,0,0,0,0,0,0,-,-,34.02994155883789,-118.44219207763672,LOS ANGELES,LOS ANGELES,-118.4421844482422,34.029911041259766
91578441,2021,2021-09-24,9565,2021-09-11,1458,022251,NA,6,2,9,1900,0,3,5,NA,2,003,FAIRLAND BOULEVARD,FAIRWAY BOULEVARD,75,S,N,A,-,N,NA,NA,NA,NA,NA,NA,NA,NA,NA,Y,3,0,1,2,A,-,08,22107,NA,N,C,E,A,A,H,-,A,D,0,NA,NA,NA,NA,Y,NA,A,07,0,1,0,0,0,0,0,0,0,-,-,34.00128173828125,-118.33587646484376,LOS ANGELES,UNINCORPORATED,-118.33587646484376,34.001216888427734
91578630,2021,2021-09-24,9575,2021-09-14,0430,022496,NA,2,3,6,1925,0,1,1,NA,2,050,I-5 S/B (GOLDEN STATE FREEWAY),WESTERN AVENUE,660,N,N,A,-,Y,NA,NA,5,NA,NA,NA,NA,NA,S,N,3,0,1,1,A,-,01,23152,F,M,E,I,A,A,H,-,D,D,0,NA,NA,NA,NA,Y,NA,A,01,0,1,0,0,0,0,0,0,0,-,-,34.165740966796875,-118.29842376708984,LOS ANGELES,GLENDALE,-118.29837036132813,34.165809631347656
91578633,2021,2021-09-24,9540,2021-09-18,0015,021349,NA,6,3,9,1900,0,2,4,NA,1,201,SIERRA HIGHWAY (15100 BLOCK),DAVENPORT RD,4200,S,N,A,-,N,NA,NA,NA,NA,NA,NA,NA,NA,NA,Y,3,0,2,2,A,-,09,21804,A,N,D,C,A,A,H,-,D,D,0,NA,NA,NA,NA,Y,NA,A,01,0,1,1,0,0,0,0,0,0,-,-,34.4716796875,-118.39401245117188,LOS ANGELES,UNINCORPORATED,-118.39401245117188,34.47170639038086
91578656,2021,2021-09-24,9535,2021-09-14,1145,021599,NA,2,1,9,1900,0,1,1,NA,2,421,I-10 (SAN BERNARDINO FREEWAY) W/B,ALMONSOR STREET,500,E,N,A,-,Y,NA,NA,NA,NA,NA,NA,NA,NA,NA,Y,4,0,2,4,A,-,03,22350,NA,N,C,C,A,A,H,-,A,D,0,NA,NA,NA,NA,Y,NA,A,07,0,0,2,0,0,0,0,0,0,-,-,34.0718994140625,-118.1156005859375,LOS ANGELES,UNINCORPORATED,-118.11563110351564,34.0718994140625
91578657,2021,2021-09-24,9540,2021-09-11,2310,021370,NA,6,3,9,1900,0,1,1,NA,2,508,INTERSTATE 5 NORTHBOUND,TEMPLIN HIGHWAY,10560,S,N,A,-,Y,NA,NA,5,NA,NA,NA,NA,NA,N,Y,3,0,1,3,A,-,03,22350,NA,N,C,2,A,A,H,-,D,D,0,NA,NA,NA,NA,Y,NA,A,01,0,1,0,0,0,0,0,0,0,-,-,34.547950744628906,-118.66738128662108,LOS ANGELES,UNINCORPORATED,-118.66736602783205,34.5479736328125
91578660,2021,2021-09-24,9580,2021-09-15,2100,022566,NA,3,2,7,1942,0,1,3,NA,2,170,SR-170 N/B (HOLLYWOOD FWY),MAGNOLIA BLVD,740,S,N,A,-,Y,NA,NA,170,NA,NA,NA,NA,NA,N,N,4,0,1,2,A,-,13,21718,A,N,C,C,A,A,H,-,C,D,0,NA,NA,NA,NA,Y,NA,A,07,0,0,1,0,0,0,0,0,0,-,-,34.1628303527832,-118.38176727294922,LOS ANGELES,LOS ANGELES,-118.38167572021484,34.162872314453125
91578669,2021,2021-09-24,9540,2021-09-20,0213,021802,NA,1,3,9,1900,0,1,3,NA,2,146,SR-14 N/B (ANTELOPE VALLEY FREEWAY),ESCONDIDO CANYON RD.,792,S,N,A,-,Y,NA,NA,14,NA,NA,NA,NA,NA,N,Y,3,0,1,1,A,-,01,23152,A,N,E,I,A,A,H,-,C,D,0,NA,NA,NA,NA,Y,Y,A,01,0,1,0,0,0,0,0,0,0,-,-,34.49026107788086,-118.28556823730467,LOS ANGELES,UNINCORPORATED,-118.28565979003906,34.49034118652344
91578670,2021,2021-09-24,9565,2021-09-14,1615,021429,NA,2,2,9,1900,0,1,1,NA,2,060,I-405 S/B,W. 120TH STREET,100,S,N,A,-,Y,NA,NA,405,NA,NA,NA,NA,NA,S,N,4,0,1,2,A,-,07,21658,A,N,B,C,A,A,H,-,A,D,0,NA,NA,NA,Y,Y,NA,A,01,0,0,1,0,0,0,0,0,0,-,-,33.92340087890625,-118.3688507080078,LOS ANGELES,UNINCORPORATED,-118.36879730224608,33.92338943481445
91578671,2021,2021-09-24,9525,2021-09-23,0340,019966,NA,4,3,6,1955,0,1,1,NA,2,108,I-10 EB (SAN BERNARDINO FREEWAY),DUDLEY ST.,1000,W,N,B,-,Y,NA,NA,10,NA,NA,NA,NA,NA,E,N,4,0,1,2,A,-,07,21658,A,M,B,2,A,A,H,-,D,D,0,NA,NA,NA,NA,Y,NA,-,99,0,0,1,0,0,0,0,0,0,-,-,34.07268142700195,-117.78192901611328,LOS ANGELES,POMONA,-117.78192901611328,34.072818756103516
91578708,2021,2021-09-24,9540,2021-09-16,2030,021464,NA,4,2,3,1961,0,1,1,NA,2,210,I-210 WB (FOOTHILL FREEWAY),HUBBARD ST,1056,E,N,A,-,Y,NA,NA,NA,NA,NA,NA,NA,NA,NA,N,4,0,2,2,A,-,03,22350,NA,N,B,C,A,A,H,-,C,D,0,NA,NA,NA,Y,Y,NA,G,25,0,0,2,0,0,0,0,0,0,-,-,34.30414962768555,-118.42455291748048,LOS ANGELES,SAN FERNANDO,-118.42849731445313,34.307621002197266
91578711,2021,2021-09-24,9565,2021-09-14,0923,020796,NA,2,1,9,1900,0,3,5,NA,2,003,GOLDLEAF CIR,SOUTH KINGS ROAD,170,E,N,A,-,N,NA,NA,NA,NA,NA,NA,NA,NA,NA,N,4,0,1,2,A,-,10,21950,A,N,G,B,C,A,H,-,A,D,0,Y,NA,NA,NA,Y,NA,A,07,0,0,1,0,1,0,0,0,0,-,-,33.988258361816406,-118.36647033691406,LOS ANGELES,UNINCORPORATED,-118.36717987060548,33.98762893676758
91578736,2021,2021-09-24,9550,2021-09-15,2153,022588,NA,3,2,6,1949,0,1,1,NA,2,651,I-605 SOUTHBOUND,ROSECRANS AVENUE,230,S,N,A,-,Y,NA,NA,605,NA,NA,NA,NA,NA,S,Y,4,0,1,3,A,-,08,22107,NA,N,D,C,A,A,H,-,D,D,0,NA,NA,NA,NA,Y,NA,D,22,0,0,1,0,0,0,0,0,0,-,-,33.90132141113281,-118.10529327392578,LOS ANGELES,NORWALK,-118.10532379150392,33.90131759643555
91578740,2021,2021-09-24,9530,2021-05-11,1215,014654,NA,2,1,7,1941,0,1,1,NA,2,430,I-405 S/B (SAN DIEGO FREEWAY),WOODRUFF AVE.,975,N,N,A,-,Y,NA,NA,405,NA,NA,NA,NA,NA,S,N,3,0,2,2,A,-,07,21658,A,N,D,C,A,A,H,-,A,D,0,NA,NA,NA,NA,Y,NA,A,01,0,2,0,0,0,0,0,0,0,-,-,33.802581787109375,-118.11782836914064,LOS ANGELES,LONG BEACH,-118.11782836914064,33.802574157714844
91578754,2021,2021-09-24,9550,2021-09-23,0850,018854,NA,4,1,3,1964,0,1,1,NA,2,650,INTERSTATE 605 NORTHBOUND,SLAUSON AVENUE,1320,S,N,A,-,Y,NA,NA,605,NA,NA,NA,NA,NA,N,N,4,0,1,2,A,-,03,22350,NA,N,C,C,A,A,H,-,A,D,0,NA,NA,NA,NA,Y,NA,J,48,0,0,1,0,0,0,0,0,0,-,-,33.96417999267578,-118.08364868164064,LOS ANGELES,SANTA FE SPRINGS,-118.0843505859375,33.96446990966797
91578770,2021,2021-09-24,9540,2021-09-16,1539,021118,NA,4,2,9,1900,0,1,3,NA,2,126,SR-126 W/B,I-5 SB TO SR-126,30,E,N,A,-,Y,NA,NA,126,NA,NA,NA,NA,NA,W,Y,4,0,1,2,A,-,04,21703,NA,N,C,C,A,A,H,-,A,D,0,NA,NA,NA,NA,Y,NA,A,01,0,0,1,0,0,0,0,0,0,-,-,34.44240951538086,-118.60713958740234,LOS ANGELES,UNINCORPORATED,-118.60717010498048,34.44246292114258
91578774,2021,2021-09-24,9525,2021-09-07,0512,016677,NA,2,3,5,1990,0,1,3,NA,2,611,SR-60 EB (POMONA FREEWAY),DIAMOND BAR BLVD.,3000,E,N,A,-,Y,NA,NA,60,NA,NA,NA,NA,NA,E,Y,4,0,1,2,A,-,07,21658,A,N,B,C,A,A,H,-,C,D,0,NA,NA,NA,Y,Y,NA,A,01,0,0,1,0,0,0,0,0,0,-,-,34.0264892578125,-117.80252838134766,LOS ANGELES,DIAMOND BAR,-117.80254364013672,34.02653121948242
91578780,2021,2021-09-24,9575,2021-06-06,0024,021932,NA,7,3,7,1942,0,1,1,NA,2,052,I-5 S/B (GOLDEN STATE FREEWAY),PEORIA STREET,672,S,N,A,-,Y,NA,NA,5,NA,NA,NA,NA,NA,S,N,1,1,0,2,A,-,03,22350,NA,F,G,B,E,A,H,-,D,D,0,Y,NA,NA,NA,Y,NA,-,99,0,0,0,1,0,0,0,0,0,-,-,34.22795867919922,-118.3914794921875,LOS ANGELES,LOS ANGELES,-118.39146423339844,34.22800064086914
91578784,2021,2021-09-24,9590,2021-09-11,0825,022569,NA,6,1,7,1942,0,1,3,NA,2,030,SR-60 E/B (POMONA FREEWAY),EUCLID AVE.,300,E,N,A,-,Y,NA,NA,60,NA,NA,NA,NA,NA,E,N,4,0,1,3,A,-,07,21658,A,N,B,C,A,A,H,-,A,D,0,NA,NA,NA,NA,Y,NA,A,01,0,0,1,0,0,0,0,0,0,-,-,34.028018951416016,-118.20870208740234,LOS ANGELES,LOS ANGELES,-118.20870208740234,34.02800750732422
91578792,2021,2021-09-24,9590,2021-09-02,2100,022417,NA,4,2,7,1942,0,1,1,NA,2,013,SR-110 S/B (ARROYO SECO PARKWAY) FROM AVENUE 52,AVENUE 52,240,S,N,A,-,Y,NA,NA,110,NA,NA,NA,R,NA,S,N,4,0,3,3,A,-,03,22350,NA,N,C,C,A,A,H,-,C,A,0,NA,NA,NA,NA,Y,NA,A,01,0,0,3,0,0,0,0,0,0,-,-,34.102928161621094,-118.1974868774414,LOS ANGELES,LOS ANGELES,-118.1974868774414,34.102928161621094
91578794,2021,2021-09-24,9525,2021-09-23,0320,021545,NA,4,3,6,1955,0,1,3,NA,2,606,SR-60 E/B (POMONA FWY),GAREY AVE,200,E,N,A,-,Y,NA,NA,60,NA,NA,NA,NA,NA,E,Y,4,0,1,1,A,-,08,22107,NA,N,E,I,A,A,H,-,C,D,0,NA,NA,NA,NA,Y,NA,A,01,0,0,1,0,0,0,0,0,0,-,-,34.02334976196289,-117.74693298339844,LOS ANGELES,POMONA,-117.74693298339844,34.02338409423828
91578804,2021,2021-09-24,9530,2021-09-16,1813,017860,NA,4,2,7,1941,0,1,1,NA,2,420,I-405 N/B TO LONG BEACH BLVD,LONG BEACH BLVD.,568,S,N,A,-,Y,NA,NA,405,NA,NA,NA,R,NA,N,Y,3,0,1,1,A,-,08,22107,NA,N,F,A,A,A,H,-,A,D,0,NA,NA,Y,NA,Y,NA,C,02,0,1,0,0,0,0,0,0,1,-,-,33.81679153442383,-118.18779754638672,LOS ANGELES,LONG BEACH,-118.18779754638672,33.81679153442383
91578805,2021,2021-09-24,9575,2021-06-06,0023,021932,NA,7,3,7,1942,0,1,1,NA,2,052,I-5 S/B (GOLDEN STATE FREEWAY),PEORIA STREET,662,S,N,A,-,Y,NA,NA,5,NA,NA,NA,NA,NA,S,N,2,0,1,2,A,-,11,21954,A,N,G,B,E,A,H,-,D,D,0,Y,NA,NA,Y,Y,NA,N,60,1,0,0,0,1,0,0,0,0,-,-,34.228050231933594,-118.39143371582033,LOS ANGELES,LOS ANGELES,-118.39145660400392,34.227996826171875
91578817,2021,2021-09-24,9550,2021-09-15,2235,022439,NA,3,3,9,1900,0,2,4,NA,1,052,COLIMA ROAD,JELLICK AVENUE,0,NA,Y,A,-,N,NA,NA,NA,NA,NA,NA,NA,NA,NA,Y,3,0,1,2,D,-,00,NA,NA,N,D,C,A,A,H,-,C,A,0,NA,NA,NA,NA,Y,NA,-,-,0,1,0,0,0,0,0,0,0,-,-,33.98807907104492,-117.90120697021484,LOS ANGELES,UNINCORPORATED,-117.90119934082033,33.98810577392578
91578839,2021,2021-09-24,9535,2021-09-14,1455,022225,NA,2,2,1,1973,0,3,5,NA,2,007,DOWNEY ROAD,FRUITLAND AVENUE,0,NA,Y,A,-,N,NA,NA,NA,NA,NA,NA,NA,NA,NA,N,4,0,2,3,A,-,09,21801,A,N,A,C,A,A,H,-,A,A,0,NA,NA,NA,NA,Y,NA,A,08,0,0,2,0,0,0,0,0,0,-,-,33.996639251708984,-118.20465087890624,LOS ANGELES,VERNON,-118.20468139648438,33.99666213989258
91578841,2021,2021-09-24,9550,2021-09-15,2330,022387,NA,3,3,9,1900,0,3,5,NA,2,003,TURNBULL CANYON ROAD,PALM AVENUE,180,N,N,A,-,N,NA,NA,NA,NA,NA,NA,NA,NA,NA,Y,3,0,1,1,A,-,08,22107,NA,N,A,I,A,A,H,-,C,D,0,NA,NA,NA,NA,Y,NA,A,01,0,1,0,0,0,0,0,0,0,-,-,34.01211166381836,-117.97762298583984,LOS ANGELES,UNINCORPORATED,-117.97755432128906,34.011985778808594
91578848,2021,2021-09-24,9530,2021-09-17,0815,022388,NA,5,1,7,1942,0,1,1,NA,2,200,I-105,STANFORD AVE. U/C,347,E,N,A,-,Y,NA,NA,105,NA,NA,NA,NA,NA,NA,Y,4,0,1,3,A,-,03,22350,NA,N,C,C,A,A,H,-,A,D,0,NA,NA,NA,NA,Y,NA,A,01,0,0,1,0,0,0,0,0,0,-,-,33.92763900756836,-118.2609634399414,LOS ANGELES,LOS ANGELES,-118.2609634399414,33.927650451660156
91578854,2021,2021-09-24,9535,2021-09-14,1530,022335,NA,2,2,5,1952,0,1,1,NA,2,074,INTERSTATE 710 NORTHBOUND (LONG BEACH FREEWAY),ROSECRANS AVENUE,640,S,N,A,-,Y,NA,NA,710,NA,NA,NA,NA,NA,N,N,4,0,1,2,A,-,03,22350,NA,N,C,C,A,A,H,-,A,D,0,NA,NA,NA,NA,Y,NA,A,01,0,0,1,0,0,0,0,0,0,-,-,33.901878356933594,-118.18621826171876,LOS ANGELES,PARAMOUNT,-118.18622589111328,33.90188217163086
91578866,2021,2021-09-24,9535,2021-09-14,1619,021976,NA,2,2,9,1900,0,2,4,NA,2,024,WHITTIER BLVD. W/B(5700 BLOCK),SIMMONS AVE,70,W,N,A,-,N,NA,NA,NA,NA,NA,NA,NA,NA,NA,N,4,0,1,2,A,-,09,21804,A,N,H,C,A,A,H,-,A,D,0,NA,NA,NA,NA,Y,NA,D,22,0,0,1,0,0,0,0,0,0,-,-,34.018218994140625,-118.14697265625,LOS ANGELES,UNINCORPORATED,-118.14649200439452,34.018131256103516
91578898,2021,2021-09-24,9535,2021-09-14,1630,022338,NA,2,2,9,1900,0,3,5,NA,2,002,EASTERN AVE (700 BLOCK),WHITTIER BLVD.,259,N,N,A,-,N,NA,NA,NA,NA,NA,NA,NA,NA,NA,N,4,0,1,2,A,-,03,22350,NA,N,B,C,A,A,H,-,A,D,0,NA,NA,NA,NA,Y,NA,D,22,0,0,1,0,0,0,0,0,0,-,-,34.02476119995117,-118.77403259277344,LOS ANGELES,UNINCORPORATED,-118.17397308349608,34.02463150024414
91578903,2021,2021-09-24,9530,2021-08-30,0420,021123,NA,1,3,9,1900,0,3,5,NA,2,002,COMPTON BLVD. (200 BLOCK),STAFF CT.,400,E,N,A,-,N,NA,NA,NA,NA,NA,NA,NA,NA,NA,N,3,0,1,2,A,-,11,21954,A,N,G,B,D,A,H,-,C,D,0,Y,NA,NA,NA,Y,NA,N,60,0,1,0,0,1,0,0,0,0,-,-,33.89495086669922,-118.27400970458984,LOS ANGELES,UNINCORPORATED,-118.27357482910156,33.89494705200195
91578989,2021,2021-09-24,9565,2021-09-14,1335,017332,NA,2,1,9,1900,0,2,4,NA,1,054,ADMIRALTY WAY,MINDANAO WAY,0,NA,Y,A,-,N,NA,NA,NA,NA,NA,NA,NA,NA,NA,N,4,0,1,2,A,-,08,22107,NA,F,H,G,A,A,H,-,A,A,0,NA,Y,NA,NA,Y,NA,-,99,0,0,1,0,0,0,1,0,0,-,-,33.97985076904297,-118.44010162353516,LOS ANGELES,UNINCORPORATED,-118.44010925292967,33.97985076904297
91579029,2021,2021-09-24,9550,2021-09-14,0818,022376,NA,2,1,5,1908,0,1,3,NA,2,091,SR-91 WB,CLARK AVE.,700,E,N,A,-,Y,NA,NA,91,NA,NA,NA,NA,NA,W,N,4,0,1,2,A,-,08,22107,NA,N,B,C,A,A,H,-,A,D,0,NA,NA,NA,Y,Y,NA,G,25,0,0,1,0,0,0,0,0,0,-,-,33.87617874145508,-118.1308135986328,LOS ANGELES,BELLFLOWER,-118.13077545166016,33.87641906738281
91579063,2021,2021-09-24,9535,2021-09-16,1310,022085,NA,4,1,5,1969,0,1,1,NA,2,074,I-710 (LONG BEACH FREEWAY) S/B,LOS ANGELES RIVER,175,N,N,A,-,Y,NA,NA,710,NA,NA,NA,NA,NA,S,N,4,0,1,2,A,-,07,21658,A,N,B,C,A,A,H,-,A,D,0,NA,NA,NA,Y,Y,NA,G,27,0,0,1,0,0,0,0,0,0,-,-,33.936519622802734,-118.17405700683594,LOS ANGELES,SOUTH GATE,-118.17413330078124,33.936622619628906