CASE_ID,ACCIDENT_YEAR,PROC_DATE,JURIS,COLLISION_DATE,COLLISION_TIME,OFFICER_ID,REPORTING_DISTRICT,DAY_OF_WEEK,CHP_SHIFT,POPULATION,CNTY_CITY_LOC,SPECIAL_COND,BEAT_TYPE,CHP_BEAT_TYPE,CITY_DIVISION_LAPD,CHP_BEAT_CLASS,BEAT_NUMBER,PRIMARY_RD,SECONDARY_RD,DISTANCE,DIRECTION,INTERSECTION,WEATHER_1,WEATHER_2,STATE_HWY_IND,CALTRANS_COUNTY,CALTRANS_DISTRICT,STATE_ROUTE,ROUTE_SUFFIX,POSTMILE_PREFIX,POSTMILE,LOCATION_TYPE,RAMP_INTERSECTION,SIDE_OF_HWY,TOW_AWAY,COLLISION_SEVERITY,NUMBER_KILLED,NUMBER_INJURED,PARTY_COUNT,PRIMARY_COLL_FACTOR,PCF_CODE_OF_VIOL,PCF_VIOL_CATEGORY,PCF_VIOLATION,PCF_VIOL_SUBSECTION,HIT_AND_RUN,TYPE_OF_COLLISION,MVIW,PED_ACTION,ROAD_SURFACE,ROAD_COND_1,ROAD_COND_2,LIGHTING,CONTROL_DEVICE,CHP_ROAD_TYPE,PEDESTRIAN_ACCIDENT,BICYCLE_ACCIDENT,MOTORCYCLE_ACCIDENT,TRUCK_ACCIDENT,NOT_PRIVATE_PROPERTY,ALCOHOL_INVOLVED,STWD_VEHTYPE_AT_FAULT,CHP_VEHTYPE_AT_FAULT,COUNT_SEVERE_INJ,COUNT_VISIBLE_INJ,COUNT_COMPLAINT_PAIN,COUNT_PED_KILLED,COUNT_PED_INJURED,COUNT_BICYCLIST_KILLED,COUNT_BICYCLIST_INJURED,COUNT_MC_KILLED,COUNT_MC_INJURED,PRIMARY_RAMP,SECONDARY_RAMP,LATITUDE,LONGITUDE,COUNTY,CITY,POINT_X,POINT_Y
91582943,2021,2021-09-29,9550,2021-09-27,1915,022480,NA,1,2,3,1964,0,1,1,NA,2,650,INTERSTATE 605 S/B,TELEGRAPH RD.,2000,N,N,A,-,Y,NA,NA,605,NA,NA,NA,NA,NA,S,Y,4,0,1,2,A,-,03,22350,NA,N,C,C,A,A,H,-,B,D,0,NA,NA,NA,NA,Y,NA,A,01,0,0,1,0,0,0,0,0,0,-,-,33.95486068725586,-118.0890884399414,LOS ANGELES,SANTA FE SPRINGS,-118.0890655517578,33.9548454284668
91582965,2021,2021-09-29,9530,2021-09-20,1550,022427,NA,1,2,9,1900,0,3,5,NA,2,004,ALAMEDA ST. (19600 BLOCK),VISTA INDUSTRIA,850,N,N,A,-,N,NA,NA,NA,NA,NA,NA,NA,NA,NA,N,4,0,1,2,A,-,21,22106,NA,N,B,C,A,A,H,-,A,D,0,NA,NA,NA,Y,Y,NA,A,07,0,0,1,0,0,0,0,0,0,-,-,33.85227966308594,-118.21808624267578,LOS ANGELES,UNINCORPORATED,-118.21812438964844,33.852264404296875
91583038,2021,2021-09-29,9525,2021-09-26,1812,022605,NA,7,2,9,1900,0,1,3,NA,2,573,S BREA CANYON RD. (4700 BLOCK),SR-57 S/B (ORANGE FWY),3696,W,N,A,-,N,NA,NA,NA,NA,NA,NA,NA,NA,NA,Y,3,0,1,1,A,-,08,22107,NA,N,E,A,A,A,H,-,B,D,0,NA,NA,NA,NA,Y,NA,A,07,0,1,0,0,0,0,0,0,0,-,-,33.948978424072266,-117.86830139160156,LOS ANGELES,UNINCORPORATED,-117.86808776855467,33.9493522644043
91583123,2021,2021-09-29,9535,2021-08-15,0240,022418,NA,7,3,9,1900,0,1,3,NA,2,620,STATE ROUTE 60 (POMONA FREEWAY) EASTBOUND,PARAMOUNT BOULEVARD,1230,E,N,A,-,Y,NA,NA,NA,NA,NA,NA,NA,NA,NA,Y,4,0,3,2,A,-,01,23152,A,N,C,C,A,A,H,-,C,D,0,NA,NA,NA,NA,Y,Y,A,01,0,0,3,0,0,0,0,0,0,-,-,34.03696823120117,-118.08872985839844,LOS ANGELES,UNINCORPORATED,-118.08890533447266,34.03693771362305
91583124,2021,2021-09-29,9550,2021-09-21,0740,015449,NA,2,1,6,1920,0,1,1,NA,2,500,I-5 S/B FROM PARAMOUNT BLVD.,PARAMOUNT BLVD.,160,S,N,A,-,Y,NA,NA,5,NA,NA,NA,R,NA,S,Y,4,0,1,2,A,-,03,22350,NA,N,C,C,A,A,G,-,A,A,0,NA,NA,NA,NA,Y,NA,D,22,0,0,1,0,0,0,0,0,0,-,-,33.963680267333984,-118.12004089355467,LOS ANGELES,DOWNEY,-118.12004089355467,33.963680267333984
91583129,2021,2021-09-29,9535,2021-09-20,1745,022336,NA,1,2,5,1943,0,1,1,NA,2,074,I-710 (LONG BEACH FREEWAY) N/B,MARTIN LUTHER KING JR BLVD.,1115,N,N,A,-,Y,NA,NA,710,NA,NA,NA,NA,NA,N,N,4,0,1,2,A,-,03,22350,NA,N,C,C,A,A,H,-,A,D,0,NA,NA,NA,NA,Y,NA,A,01,0,0,1,0,0,0,0,0,0,-,-,33.92189025878906,-118.17797088623048,LOS ANGELES,LYNWOOD,-118.17803192138672,33.921905517578125
91583132,2021,2021-09-30,9550,2021-09-20,2110,020795,NA,1,2,5,1919,0,1,3,NA,2,092,STATE ROUTE 91 EB,CARMENITA ROAD,1000,W,N,A,-,Y,NA,NA,91,NA,NA,NA,NA,NA,E,Y,3,0,1,1,A,-,08,22107,NA,N,E,I,A,A,H,-,D,A,0,NA,NA,NA,NA,Y,NA,A,01,0,1,0,0,0,0,0,0,0,-,-,33.86566162109375,-118.04933166503906,LOS ANGELES,CERRITOS,-118.04924774169922,33.865787506103516
91583140,2021,2021-09-30,9535,2021-09-20,1840,022225,NA,1,2,4,1907,0,1,1,NA,2,073,I-710 (LONG BEACH FREEWAY) S/B,SLAUSON AVENUE,50,S,N,A,-,Y,NA,NA,710,NA,NA,NA,NA,NA,S,N,3,0,1,2,A,-,07,21658,A,M,C,C,A,A,H,-,D,D,0,NA,NA,NA,NA,Y,NA,-,99,0,1,0,0,0,0,0,0,0,-,-,33.986419677734375,-118.16985321044922,LOS ANGELES,BELL,-118.16976165771484,33.986473083496094
91583146,2021,2021-09-30,9565,2021-09-17,1735,016545,NA,5,2,7,1942,0,1,1,NA,2,083,I-10 W/B,ROBERTSON BLVD,1000,E,N,A,-,Y,NA,NA,10,NA,NA,NA,NA,NA,W,N,4,0,1,2,A,-,08,22107,NA,N,B,C,A,A,H,-,A,D,0,NA,NA,NA,NA,Y,NA,A,01,0,0,1,0,0,0,0,0,0,-,-,34.03337097167969,-118.3864288330078,LOS ANGELES,LOS ANGELES,-118.38655090332033,34.0335693359375
91583171,2021,2021-09-30,9565,2021-09-17,1612,022251,NA,5,2,4,1918,0,1,1,NA,2,061,I-405 S/B (SAN DIEGO FREEWAY),WASHINGTON BLVD.,150,N,N,A,-,Y,NA,NA,405,NA,NA,NA,NA,NA,S,Y,2,0,1,2,A,-,07,21658,A,N,B,C,A,A,H,-,A,D,0,NA,NA,Y,NA,Y,NA,A,07,1,0,0,0,0,0,0,0,1,-,-,34.006221771240234,-118.4137725830078,LOS ANGELES,CULVER CITY,-118.413818359375,34.00617980957031
91583308,2021,2021-09-30,9545,2021-09-26,0340,022246,NA,7,3,9,1900,0,3,5,NA,2,004,50TH ST. EAST,AVENUE O,2006,S,N,A,-,N,NA,NA,NA,NA,NA,NA,NA,NA,NA,N,3,0,1,1,A,-,01,23152,A,N,E,I,A,A,H,-,D,D,0,NA,NA,NA,NA,Y,Y,A,01,0,1,0,0,0,0,0,0,0,-,-,34.61109924316406,-118.04083251953124,LOS ANGELES,UNINCORPORATED,-118.04096221923828,34.61118698120117
91583309,2021,2021-09-30,9545,2021-09-18,0444,022246,NA,6,3,9,1900,0,1,3,NA,2,031,SR-14 N/B,CROWN VALLEY RD.,2055,E,N,A,-,Y,NA,NA,14,NA,NA,NA,NA,NA,N,N,4,0,1,1,A,-,01,23152,A,N,F,A,A,A,H,-,D,D,0,NA,NA,NA,NA,Y,Y,A,01,0,0,1,0,0,0,0,0,0,-,-,34.49108123779297,-118.20513153076172,LOS ANGELES,UNINCORPORATED,-118.2051010131836,34.4912109375
91583345,2021,2021-09-30,9540,2021-09-25,0008,021151,NA,6,3,9,1900,0,3,5,NA,2,200,LITTLE TUJUNGA CANYON ROAD,SANTA CLARA TRUCK TRAIL,200,N,N,A,-,N,NA,NA,NA,NA,NA,NA,NA,NA,NA,N,2,0,2,1,A,-,08,22107,NA,N,E,I,A,A,H,-,D,D,0,NA,NA,NA,NA,Y,NA,D,22,1,1,0,0,0,0,0,0,0,-,-,34.361019134521484,-118.39305877685548,LOS ANGELES,UNINCORPORATED,-118.39315795898438,34.3604850769043
91583349,2021,2021-09-30,9590,2021-09-08,1600,021757,NA,3,2,7,1942,0,1,1,NA,2,053,I-110 S/B (HARBOR FREEWAY),WILSHIRE BLVD,130,N,N,A,-,Y,NA,NA,110,NA,NA,NA,NA,NA,S,N,4,0,1,4,A,-,03,22350,NA,N,C,C,A,A,H,-,A,D,0,NA,NA,NA,NA,Y,NA,A,01,0,0,1,0,0,0,0,0,0,-,-,34.051570892333984,-118.26065826416016,LOS ANGELES,LOS ANGELES,-118.26068878173828,34.051612854003906
91583356,2021,2021-09-30,9530,2021-09-18,1730,022716,NA,6,2,7,1942,0,1,3,NA,1,470,SR-47 N/B (VINCENT THOMAS BRIDGE),HARBOR BLVD.,2112,N,N,A,-,Y,NA,NA,47,NA,NA,NA,NA,NA,N,Y,3,0,1,2,A,-,03,22350,NA,N,C,C,A,A,H,-,A,D,0,NA,NA,NA,NA,Y,NA,A,07,0,1,0,0,0,0,0,0,0,-,-,33.749839782714844,-118.2736587524414,LOS ANGELES,LOS ANGELES,-118.27367401123048,33.749755859375
91583377,2021,2021-09-30,9580,2021-09-25,0315,019876,NA,6,3,7,1942,0,1,2,NA,2,104,US-101 N/B (VENTURA FREEWAY),CANOGA AVE,1000,S,N,A,-,Y,NA,NA,101,NA,NA,NA,NA,NA,N,Y,4,0,1,2,A,-,01,23152,A,N,C,C,A,A,H,-,D,D,0,NA,NA,NA,Y,Y,Y,A,07,0,0,1,0,0,0,0,0,0,-,-,34.169029235839844,-118.59388732910156,LOS ANGELES,LOS ANGELES,-118.59389495849608,34.169002532958984
91583387,2021,2021-09-30,9540,2021-09-22,0920,018037,NA,3,1,9,1900,0,1,3,NA,1,143,SR-14 S/B (ANTELOPE VALLEY FREEWAY),LOS PINETOS RD. U/C,175,N,N,A,-,Y,NA,NA,NA,NA,NA,NA,NA,NA,NA,Y,3,0,2,4,A,-,03,22350,NA,N,C,C,A,A,H,-,A,D,0,NA,NA,NA,NA,Y,NA,D,22,0,2,0,0,0,0,0,0,0,-,-,34.350860595703125,-118.50450134277344,LOS ANGELES,UNINCORPORATED,NA,NA
91583399,2021,2021-09-30,9530,2021-09-18,1215,021490,NA,6,1,7,1941,0,1,3,NA,2,320,SR-91 E/B (ARTESIA FREEWAY),LONG BEACH BLVD.,1056,E,N,A,-,Y,NA,NA,91,NA,NA,NA,NA,NA,E,Y,3,0,2,3,A,-,03,22350,NA,N,C,C,A,A,H,-,A,D,0,NA,NA,NA,NA,Y,NA,D,22,0,1,1,0,0,0,0,0,0,-,-,33.87282943725586,-118.19980621337892,LOS ANGELES,LONG BEACH,-118.19979858398438,33.8727912902832
91583400,2021,2021-09-30,9535,2021-09-20,2150,022081,NA,1,2,5,1901,0,1,1,NA,2,420,I-10 (SAN BERNARDINO FREEWAY) E/B,FREEMONT AVE,300,W,N,A,-,Y,NA,NA,10,NA,NA,NA,NA,NA,E,N,3,0,2,4,A,-,03,22350,NA,N,C,C,A,A,H,-,D,B,0,NA,NA,NA,NA,Y,NA,D,22,0,2,0,0,0,0,0,0,0,-,-,34.0677490234375,-118.15190887451172,LOS ANGELES,ALHAMBRA,-118.15193939208984,34.067806243896484
91583416,2021,2021-09-30,9530,2021-09-18,2020,022380,NA,6,2,9,1900,0,3,5,NA,2,001,VERANO WAY (7500 BLOCK),WALNUT TERRACE,270,N,N,A,-,N,NA,NA,NA,NA,NA,NA,NA,NA,NA,N,3,0,1,2,A,-,01,23152,A,N,A,E,A,A,H,-,C,A,0,NA,NA,NA,NA,Y,Y,A,01,0,1,0,0,0,0,0,0,0,-,-,33.97119903564453,-118.23211669921876,LOS ANGELES,UNINCORPORATED,-118.23211669921876,33.971153259277344
91583426,2021,2021-09-30,9530,2021-09-17,2000,022696,NA,5,2,9,1900,0,1,1,NA,2,120,I-110 S/B (HARBOR FREEWAY) TO 223RD ST.,223RD,260,N,N,A,-,Y,NA,NA,110,NA,NA,NA,R,NA,S,Y,3,0,1,2,A,-,03,22350,NA,N,C,C,A,A,H,-,D,A,0,NA,NA,NA,NA,Y,NA,A,01,0,1,0,0,0,0,0,0,0,-,-,33.82527160644531,-118.28775024414064,LOS ANGELES,UNINCORPORATED,-118.28775024414064,33.82527160644531
91583429,2021,2021-11-03,9530,2021-09-20,2345,022197,NA,1,3,9,1900,0,3,5,NA,2,001,HOOPER AVE.,GAGE AVE.,0,NA,Y,A,-,N,NA,NA,NA,NA,NA,NA,NA,NA,NA,Y,3,0,3,2,A,-,12,21453,A,N,D,C,A,A,H,-,C,A,0,NA,NA,NA,NA,Y,NA,-,-,0,3,0,0,0,0,0,0,0,-,-,33.98215103149414,-118.25209045410156,LOS ANGELES,UNINCORPORATED,-118.25208282470705,33.98210144042969
91583433,2021,2021-09-30,9565,2021-09-19,1230,022615,NA,7,1,9,1900,0,3,5,NA,2,002,108TH ST,DENKER AVE,30,W,N,A,-,N,NA,NA,NA,NA,NA,NA,NA,NA,NA,N,4,0,1,2,A,-,03,22350,NA,N,C,C,A,A,H,-,A,A,0,NA,NA,NA,NA,Y,NA,A,01,0,0,1,0,0,0,0,0,0,-,-,33.938209533691406,-118.30484771728516,LOS ANGELES,UNINCORPORATED,-118.30478668212892,33.938209533691406
91583437,2021,2021-09-30,9535,2021-09-20,2050,022225,NA,1,2,4,1907,0,1,1,NA,2,072,I-710 (LONG BEACH FREEWAY) N/B,ATLANTIC BLVD.,1471,S,N,A,-,Y,NA,NA,710,NA,NA,NA,NA,NA,N,N,3,0,1,1,A,-,08,22107,NA,N,F,A,A,A,H,-,C,D,0,NA,NA,NA,NA,Y,NA,A,07,0,1,0,0,0,0,0,0,0,-,-,33.993560791015625,-118.17607879638672,LOS ANGELES,BELL,-118.17610168457033,33.9935417175293
91583442,2021,2021-09-30,9530,2021-09-18,2257,022687,NA,6,3,7,1941,0,1,1,NA,2,071,I-710 S/B TO PACIFIC COAST HWY W/B,PACIFIC COAST HWY.,580,N,N,A,-,Y,NA,NA,710,NA,NA,NA,R,NA,S,Y,4,0,1,1,A,-,08,22107,NA,N,E,I,A,A,H,-,D,D,0,NA,NA,NA,NA,Y,NA,A,07,0,0,1,0,0,0,0,0,0,-,-,33.791629791259766,-118.20802307128906,LOS ANGELES,LONG BEACH,-118.20802307128906,33.791629791259766
91583443,2021,2022-01-04,9565,2021-09-19,0723,022615,NA,7,1,7,1942,0,1,1,NA,2,083,I-10 EASTBOUND,ROBERTSON BLVD,1470,W,N,A,-,Y,NA,NA,10,NA,NA,NA,NA,NA,E,Y,4,0,1,2,A,-,08,22107,NA,N,E,8,A,A,H,-,A,D,0,NA,NA,NA,NA,Y,NA,A,01,0,0,1,0,0,0,0,0,0,-,-,34.02912139892578,-118.39459991455078,LOS ANGELES,LOS ANGELES,-118.39461517333984,34.02922058105469
91583451,2021,2021-09-30,9575,2021-09-20,1350,020182,NA,1,1,9,1900,0,3,5,NA,2,002,WASHINGTON BLVD.,MARTELO AVE.,15,W,N,A,-,N,NA,NA,NA,NA,NA,NA,NA,NA,NA,N,4,0,1,2,A,-,08,22107,NA,N,C,C,A,A,H,-,A,D,0,NA,NA,NA,NA,Y,NA,D,22,0,0,1,0,0,0,0,0,0,-,-,34.16913986206055,-118.1029815673828,LOS ANGELES,UNINCORPORATED,-118.10286712646484,34.16912841796875
91583490,2021,2021-09-30,9575,2021-09-20,1400,022448,NA,1,2,6,1912,0,1,1,NA,2,052,I-5 N/B (GOLDEN STATE FREEWAY),BURBANK BLVD.,50,N,N,A,-,Y,NA,NA,5,NA,NA,NA,NA,NA,N,N,4,0,1,2,A,-,03,22350,NA,N,C,C,A,A,H,-,A,D,0,NA,NA,NA,NA,Y,NA,D,22,0,0,1,0,0,0,0,0,0,-,-,34.18593978881836,-118.31812286376952,LOS ANGELES,BURBANK,-118.31815338134766,34.185874938964844
91583576,2021,2021-09-30,9535,2021-09-21,0724,022263,NA,2,1,9,1900,0,3,5,NA,2,002,ARIZONA AVE,VERONA ST,0,NA,Y,A,-,N,NA,NA,NA,NA,NA,NA,NA,NA,NA,N,3,0,1,2,A,-,09,21801,A,N,D,C,A,A,H,-,A,D,0,NA,NA,NA,NA,Y,NA,A,01,0,1,0,0,0,0,0,0,0,-,-,34.02067947387695,-118.16754913330078,LOS ANGELES,UNINCORPORATED,-118.16766357421876,34.020694732666016
91583589,2021,2021-09-30,9590,2021-09-18,1125,019008,NA,6,1,7,1942,0,1,1,NA,2,085,I-5 SOUTHBOUND (GOLDEN STATE FREEWAY),FLETCHER DRIVE,500,N,N,A,-,Y,NA,NA,5,NA,NA,NA,NA,NA,S,N,4,0,2,2,A,-,03,22350,NA,N,C,C,A,A,H,-,A,D,0,NA,NA,NA,NA,Y,NA,A,01,0,0,2,0,0,0,0,0,0,-,-,34.10770034790039,-118.25798797607422,LOS ANGELES,LOS ANGELES,-118.25799560546876,34.10769271850586
91583595,2021,2021-11-15,9550,2021-09-20,0435,022012,NA,1,3,9,1900,0,1,3,NA,2,600,SR-60 E/B,SEVENTH AVENUE,2000,E,N,A,-,Y,NA,NA,60,NA,NA,NA,NA,NA,E,Y,3,0,2,2,A,-,03,22350,NA,N,C,C,A,A,H,-,D,D,0,NA,NA,NA,NA,Y,NA,A,08,0,1,1,0,0,0,0,0,0,-,-,34.01428985595703,-117.98329925537108,LOS ANGELES,UNINCORPORATED,-117.98329925537108,34.01428985595703
91583596,2021,2021-09-30,9540,2021-09-29,1830,019232,NA,3,2,9,1900,0,2,4,NA,1,201,SIERRA HWY,SHANNONDALE RD,100,S,N,A,-,N,NA,NA,NA,NA,NA,NA,NA,NA,NA,Y,4,0,3,3,A,-,03,22350,NA,N,D,C,A,A,H,-,D,D,0,NA,NA,NA,NA,Y,NA,A,07,0,0,3,0,0,0,0,0,0,-,-,34.51472854614258,-118.23824310302734,LOS ANGELES,UNINCORPORATED,-118.2378158569336,34.51424789428711
91583598,2021,2021-10-25,9580,2021-09-29,1510,021852,NA,3,2,7,1942,0,1,1,NA,2,406,I-405 S/B (SAN DIEGO FWY),PLUMMER STREET,10,N,N,A,-,Y,NA,NA,405,NA,NA,NA,NA,NA,S,N,4,0,2,3,A,-,03,22350,NA,N,C,C,A,A,H,-,A,D,0,NA,NA,NA,NA,Y,NA,A,07,0,0,2,0,0,0,0,0,0,-,-,34.24298858642578,-118.4731674194336,LOS ANGELES,LOS ANGELES,-118.47310638427734,34.24298858642578
91583599,2021,2021-10-06,9580,2021-09-25,1835,022663,NA,6,2,7,1942,0,1,2,NA,2,102,US-101 N/B (VENTURA FREEWAY),WOODMAN AVE,1750,N,N,A,-,Y,NA,NA,101,NA,NA,NA,NA,NA,N,Y,4,0,3,3,A,-,03,22350,NA,N,C,C,A,A,H,-,B,D,0,NA,NA,NA,NA,Y,NA,A,07,0,0,3,0,0,0,0,0,0,-,-,34.15571975708008,-118.43911743164064,LOS ANGELES,LOS ANGELES,-118.43912506103516,34.15574645996094
91583634,2021,2021-09-30,9535,2021-09-21,1210,020902,NA,2,1,9,1900,0,3,5,NA,2,001,HERBERT AVE,MICHIGAN AVE,0,NA,Y,A,-,N,NA,NA,NA,NA,NA,NA,NA,NA,NA,N,4,0,1,2,A,-,09,21802,A,N,D,C,A,A,H,-,A,A,0,NA,NA,NA,NA,Y,NA,A,01,0,0,1,0,0,0,0,0,0,-,-,34.03813171386719,-118.18345642089844,LOS ANGELES,UNINCORPORATED,-118.18345642089844,34.038116455078125
91583649,2021,2021-09-30,9590,2021-09-18,1400,022417,NA,6,2,7,1942,0,1,2,NA,2,070,US-101 N/B (HOLLYWOOD FREEWAY),BENTON WAY,100,N,N,A,-,Y,NA,NA,101,NA,NA,NA,NA,NA,N,N,4,0,1,2,A,-,03,22350,NA,N,C,C,A,A,H,-,A,D,0,NA,NA,NA,NA,Y,NA,A,01,0,0,1,0,0,0,0,0,0,-,-,34.0753288269043,-118.27456665039064,LOS ANGELES,LOS ANGELES,-118.27456665039064,34.07533645629883
91583652,2021,2021-09-30,9590,2021-09-23,1630,021622,NA,4,2,7,1942,0,1,2,NA,2,071,US-101 S/B (HOLLYWOOD FREEWAY),EDGEWARE ROAD,750,S,N,A,-,Y,NA,NA,101,NA,NA,NA,NA,NA,S,N,4,0,1,2,A,-,03,22350,NA,N,C,C,A,A,H,-,A,D,0,NA,NA,NA,NA,Y,NA,D,22,0,0,1,0,0,0,0,0,0,-,-,34.065608978271484,-118.25251007080078,LOS ANGELES,LOS ANGELES,-118.25250244140624,34.06562423706055
91583654,2021,2021-09-30,9550,2021-09-22,0235,021578,NA,3,3,9,1900,0,1,1,NA,2,650,I-605 S/B,ROSE HILLS RD.,1000,S,N,A,-,Y,NA,NA,605,NA,NA,NA,NA,NA,S,Y,4,0,1,1,A,-,08,22107,NA,N,E,I,A,A,H,-,D,D,0,NA,NA,NA,NA,Y,NA,A,01,0,0,1,0,0,0,0,0,0,-,-,34.01443099975586,-118.05605316162108,LOS ANGELES,UNINCORPORATED,-118.0561065673828,34.01445770263672
91583666,2021,2021-09-30,9535,2021-09-21,1330,021976,NA,2,1,6,1922,0,1,3,NA,2,620,SR-60 (POMONA FREEWAY) E/B,SANTA ANITA AVE,580,E,N,A,-,Y,NA,NA,NA,NA,NA,NA,NA,NA,NA,N,4,0,1,2,A,-,07,21658,A,N,C,C,A,A,H,-,A,D,0,NA,NA,NA,Y,Y,NA,A,01,0,0,1,0,0,0,0,0,0,-,-,34.03927993774414,-118.05010986328124,LOS ANGELES,EL MONTE,-118.05020141601564,34.03934860229492
91583671,2021,2021-09-30,9575,2021-09-20,2210,022490,NA,1,3,9,1900,0,3,5,NA,2,003,LITTLE TUJUNGA CANYON RD.,GOLD CREEK RD.,3168,S,N,A,-,N,NA,NA,NA,NA,NA,NA,NA,NA,NA,Y,3,0,1,1,A,-,08,22107,NA,N,E,J,A,A,H,-,D,D,0,NA,NA,NA,NA,Y,NA,A,01,0,1,0,0,0,0,0,0,0,-,-,34.30915832519531,-118.34625244140624,LOS ANGELES,UNINCORPORATED,-118.34606170654295,34.30930709838867
91583673,2021,2021-09-30,9590,2021-09-18,1735,021622,NA,6,2,7,1942,0,1,1,NA,2,063,I-10 W/B (SANTA MONICA FREEWAY),FLOWER STREET,125,E,N,A,-,Y,NA,NA,10,NA,NA,NA,NA,NA,W,N,3,0,1,2,A,-,03,22350,NA,N,C,C,A,A,H,-,A,D,0,NA,NA,NA,NA,Y,NA,D,22,0,1,0,0,0,0,0,0,0,-,-,34.035850524902344,-118.26895904541016,LOS ANGELES,LOS ANGELES,-118.26898193359376,34.03581237792969
91583684,2021,2021-09-30,9580,2021-09-24,1915,017427,NA,5,2,9,1900,0,1,3,NA,1,121,SR-1 S/B (PACIFIC COAST HWY.),MULHOLLAND HWY,448,N,N,A,-,Y,NA,NA,1,NA,NA,NA,NA,NA,S,Y,2,0,1,2,A,-,08,22107,NA,N,D,C,A,A,H,-,C,D,0,NA,NA,NA,NA,Y,NA,A,01,1,0,0,0,0,0,0,0,0,-,-,34.044891357421875,-118.93666076660156,LOS ANGELES,UNINCORPORATED,-118.93665313720705,34.04483413696289
91583719,2021,2021-09-30,9575,2021-09-20,1714,017491,NA,1,2,7,1942,0,1,1,NA,2,053,I-5 N/B (GOLDEN STATE FREEWAY),VAN NUYS BOULEVARD,492,N,N,A,-,Y,NA,NA,5,NA,NA,NA,NA,NA,N,N,4,0,1,2,A,-,03,22350,NA,N,C,C,A,A,H,-,A,D,0,NA,NA,NA,NA,Y,NA,A,07,0,0,1,0,0,0,0,0,0,-,-,34.257999420166016,-118.43611145019533,LOS ANGELES,LOS ANGELES,-118.43620300292967,34.25790023803711
91583752,2021,2021-09-30,9550,2021-09-20,1205,022613,NA,1,1,4,1936,0,1,1,NA,2,501,I-5 NB,COYOTE CREEK,1320,N,N,A,-,Y,NA,NA,5,NA,NA,NA,NA,NA,N,Y,2,0,1,1,A,-,08,22107,NA,N,E,I,A,A,H,-,A,D,0,NA,NA,Y,NA,Y,NA,C,02,1,0,0,0,0,0,0,0,1,-,-,33.87957000732422,-118.0204620361328,LOS ANGELES,LA MIRADA,-118.02044677734376,33.87959289550781
91583753,2021,2021-09-30,9565,2021-09-20,1755,022251,NA,1,2,9,1900,0,3,5,NA,2,004,EL SEGUNDO BLVD,OCEAN GATE AVE,25,W,N,A,-,N,NA,NA,NA,NA,NA,NA,NA,NA,NA,N,4,0,1,2,A,-,07,21658,A,N,B,C,A,A,H,-,A,D,0,NA,NA,NA,NA,Y,NA,D,22,0,0,1,0,0,0,0,0,0,-,-,33.9163818359375,-118.36724853515624,LOS ANGELES,UNINCORPORATED,-118.36724090576172,33.91640090942383
91583754,2021,2021-09-30,9530,2021-09-20,1640,022427,NA,1,2,7,1941,0,1,1,NA,2,073,I-710 N/B (LONG BEACH FREEWAY),PACIFIC COAST HWY.,900,S,N,A,-,Y,NA,NA,710,NA,NA,NA,NA,NA,N,Y,4,0,1,3,A,-,07,21658,A,N,C,C,A,A,H,-,A,D,0,NA,NA,Y,NA,Y,NA,A,07,0,0,1,0,0,0,0,0,1,-,-,33.78712844848633,-118.20758819580078,LOS ANGELES,LONG BEACH,-118.2075424194336,33.78713607788086
91583782,2021,2021-09-30,9535,2021-08-10,2340,022214,NA,2,3,9,1900,0,2,4,NA,2,025,ATLANTIC BLVD. ATLANTIC BLVD. (300 BLOCK),4TH ST,150,N,N,A,-,N,NA,NA,NA,NA,NA,NA,NA,NA,NA,Y,3,0,1,1,A,-,01,23152,A,N,E,I,A,A,H,-,C,D,0,NA,NA,NA,NA,Y,Y,A,01,0,1,0,0,0,0,0,0,0,-,-,34.02994155883789,-118.1545181274414,LOS ANGELES,UNINCORPORATED,-118.15444946289064,34.02978515625
91583789,2021,2021-09-30,9575,2021-09-19,2230,021879,NA,7,3,7,1942,0,1,1,NA,2,053,I-5 N/B (GOLDEN STATE FREEWAY),TERRA BELLA ST.,1400,S,N,A,-,Y,NA,NA,5,NA,NA,NA,NA,NA,N,Y,4,0,3,3,A,-,07,21658,A,M,B,C,A,A,H,-,C,D,0,NA,NA,NA,NA,Y,NA,-,99,0,0,3,0,0,0,0,0,0,-,-,34.248470306396484,-118.42620849609376,LOS ANGELES,LOS ANGELES,-118.42623901367188,34.24843978881836
91583807,2021,2021-09-30,9590,2021-09-18,2015,021757,NA,6,2,7,1942,0,1,1,NA,2,050,I-110 N/B (HARBOR FREEWAY),MANCHESTER AVE,500,N,N,A,-,Y,NA,NA,110,NA,NA,NA,NA,NA,N,N,3,0,1,3,A,-,03,22350,NA,F,C,C,A,A,H,-,D,D,0,NA,NA,NA,NA,Y,NA,A,01,0,1,0,0,0,0,0,0,0,-,-,33.96158981323242,-118.28057098388672,LOS ANGELES,LOS ANGELES,-118.28072357177734,33.96158981323242
91583812,2021,2021-09-30,9565,2021-09-20,0510,020796,NA,1,3,9,1900,0,2,4,NA,2,031,LA CIENEGA BLVD SB,SLAUSON AVENUE,372,N,N,A,-,N,NA,NA,NA,NA,NA,NA,NA,NA,NA,N,4,0,1,1,A,-,08,22107,NA,N,E,I,A,A,H,-,C,D,0,NA,NA,NA,NA,Y,NA,A,01,0,0,1,0,0,0,0,0,0,-,-,33.9888916015625,-118.37004852294922,LOS ANGELES,UNINCORPORATED,-118.37042999267578,33.98870086669922