CASE_ID,ACCIDENT_YEAR,PROC_DATE,JURIS,COLLISION_DATE,COLLISION_TIME,OFFICER_ID,REPORTING_DISTRICT,DAY_OF_WEEK,CHP_SHIFT,POPULATION,CNTY_CITY_LOC,SPECIAL_COND,BEAT_TYPE,CHP_BEAT_TYPE,CITY_DIVISION_LAPD,CHP_BEAT_CLASS,BEAT_NUMBER,PRIMARY_RD,SECONDARY_RD,DISTANCE,DIRECTION,INTERSECTION,WEATHER_1,WEATHER_2,STATE_HWY_IND,CALTRANS_COUNTY,CALTRANS_DISTRICT,STATE_ROUTE,ROUTE_SUFFIX,POSTMILE_PREFIX,POSTMILE,LOCATION_TYPE,RAMP_INTERSECTION,SIDE_OF_HWY,TOW_AWAY,COLLISION_SEVERITY,NUMBER_KILLED,NUMBER_INJURED,PARTY_COUNT,PRIMARY_COLL_FACTOR,PCF_CODE_OF_VIOL,PCF_VIOL_CATEGORY,PCF_VIOLATION,PCF_VIOL_SUBSECTION,HIT_AND_RUN,TYPE_OF_COLLISION,MVIW,PED_ACTION,ROAD_SURFACE,ROAD_COND_1,ROAD_COND_2,LIGHTING,CONTROL_DEVICE,CHP_ROAD_TYPE,PEDESTRIAN_ACCIDENT,BICYCLE_ACCIDENT,MOTORCYCLE_ACCIDENT,TRUCK_ACCIDENT,NOT_PRIVATE_PROPERTY,ALCOHOL_INVOLVED,STWD_VEHTYPE_AT_FAULT,CHP_VEHTYPE_AT_FAULT,COUNT_SEVERE_INJ,COUNT_VISIBLE_INJ,COUNT_COMPLAINT_PAIN,COUNT_PED_KILLED,COUNT_PED_INJURED,COUNT_BICYCLIST_KILLED,COUNT_BICYCLIST_INJURED,COUNT_MC_KILLED,COUNT_MC_INJURED,PRIMARY_RAMP,SECONDARY_RAMP,LATITUDE,LONGITUDE,COUNTY,CITY,POINT_X,POINT_Y
91586437,2021,2021-10-04,9430,2021-09-28,0515,016681,NA,2,3,9,1900,0,1,1,NA,2,051,I-5 N/B,GORMAN SCHOOL ROAD U/C.,4224,N,N,C,-,Y,NA,NA,5,NA,NA,NA,NA,NA,N,N,3,0,3,2,A,-,07,21658,A,F,B,C,A,B,H,-,D,D,0,NA,NA,NA,NA,Y,NA,A,01,0,3,0,0,0,0,0,0,0,-,-,34.797210693359375,-118.86798095703124,LOS ANGELES,UNINCORPORATED,-118.86799621582033,34.79713821411133
91586533,2021,2022-01-31,9575,2021-09-19,0730,022435,NA,7,1,7,1942,0,1,1,NA,2,052,I-5 N/B (GOLDEN STATE FREEWAY),SUNLAND BLVD,1325,N,N,A,-,Y,NA,NA,5,NA,NA,NA,NA,NA,N,Y,4,0,2,2,A,-,08,22107,NA,N,B,C,A,A,H,-,A,D,0,NA,NA,NA,NA,Y,NA,A,01,0,0,2,0,0,0,0,0,0,-,-,34.22296905517578,-118.37097930908205,LOS ANGELES,LOS ANGELES,-118.37094879150392,34.223026275634766
91586540,2021,2021-10-04,9575,2021-09-24,0733,022651,NA,5,1,7,1942,0,1,1,NA,2,053,I-5 S/B (GOLDEN STATE FREEWAY),OSBORNE ST,1330,N,N,A,-,Y,NA,NA,5,NA,NA,NA,NA,NA,S,Y,4,0,2,2,A,-,03,22350,NA,N,C,C,A,A,H,-,A,D,0,NA,NA,NA,NA,Y,NA,A,07,0,0,2,0,0,0,0,0,0,-,-,34.24782180786133,-118.42575073242188,LOS ANGELES,LOS ANGELES,-118.42579650878906,34.247772216796875
91586552,2021,2021-10-04,9575,2021-09-22,1653,021784,NA,3,2,7,1942,0,1,1,NA,2,060,I-210 E/B (FOOTHILL FREEWAY),SUNLAND BLVD.,2480,E,N,A,-,Y,NA,NA,210,NA,NA,NA,NA,NA,E,Y,4,0,1,2,A,-,07,21658,A,N,C,C,A,A,H,-,A,D,0,NA,NA,NA,NA,Y,NA,D,22,0,0,1,0,0,0,0,0,0,-,-,34.254188537597656,-118.32476043701172,LOS ANGELES,LOS ANGELES,-118.32473754882813,34.25421142578125
91586578,2021,2021-10-04,9545,2021-09-18,1620,022679,NA,6,2,9,1900,0,3,5,NA,2,002,AVENUE S,5TH STREET EAST,117,E,N,A,-,N,NA,NA,NA,NA,NA,NA,NA,NA,NA,Y,2,0,1,1,A,-,01,23152,A,N,E,I,A,A,H,-,A,A,0,NA,NA,NA,NA,Y,Y,A,07,1,0,0,0,0,0,0,0,0,-,-,34.55287170410156,-118.1199188232422,LOS ANGELES,UNINCORPORATED,-118.12002563476564,34.55799102783203
91586605,2021,2023-03-06,9545,2021-08-26,1615,021340,NA,4,2,9,1900,0,3,5,NA,2,004,90TH ST EAST,AVENUE R,600,S,N,A,-,N,NA,NA,NA,NA,NA,NA,NA,NA,NA,N,3,0,1,2,A,-,09,21804,A,N,D,C,A,A,H,-,A,D,0,NA,NA,Y,NA,Y,NA,A,07,0,1,0,0,0,0,0,0,1,-,-,34.57044982910156,-117.96981048583984,LOS ANGELES,UNINCORPORATED,-117.9697723388672,34.57068634033203
91586667,2021,2021-10-04,9540,2021-09-25,2000,021190,NA,6,2,7,1942,0,1,1,NA,2,210,I-210 W/B TO I-5 N/B TRUCK ROUTE,BALBOA BLVD.,558,S,N,A,-,Y,NA,NA,NA,NA,NA,NA,NA,NA,NA,Y,2,0,1,1,A,-,08,22107,NA,N,E,I,A,A,H,-,C,D,0,NA,NA,Y,NA,Y,NA,C,02,1,0,0,0,0,0,0,0,1,-,-,34.11211013793945,-118.22310638427734,LOS ANGELES,LOS ANGELES,NA,NA
91586668,2021,2021-10-04,9540,2021-09-25,1205,021895,NA,6,1,7,1942,0,1,1,NA,1,501,I-5 SOUTHBOUND,RINALDI ST,100,S,N,A,-,Y,NA,NA,5,NA,NA,NA,NA,NA,S,N,4,0,1,1,A,-,03,22350,NA,N,E,I,A,A,H,-,A,D,0,NA,NA,NA,NA,Y,NA,A,08,0,0,1,0,0,0,0,0,0,-,-,34.278839111328125,-118.45530700683594,LOS ANGELES,LOS ANGELES,-118.45518493652344,34.278934478759766
91586671,2021,2021-10-04,9540,2021-09-26,1610,022415,NA,7,2,7,1942,0,1,1,NA,2,213,I-210 E/B,ARROYO ST,600,W,N,A,-,Y,NA,NA,210,NA,NA,NA,NA,NA,E,Y,4,0,1,2,A,-,03,22350,NA,N,C,C,A,A,H,-,A,D,0,NA,NA,NA,NA,Y,NA,A,01,0,0,1,0,0,0,0,0,0,-,-,34.294960021972656,-118.41510772705078,LOS ANGELES,LOS ANGELES,-118.41507720947266,34.29499816894531
91586672,2021,2021-10-04,9540,2021-09-25,0950,018513,NA,6,1,9,1900,0,1,3,NA,1,143,SR-14 S/B TO I-5 SB,SAN FERNANDO RD,2640,N,N,A,-,Y,NA,NA,14,NA,NA,NA,R,NA,S,Y,4,0,2,4,A,-,03,22350,NA,N,C,C,A,A,H,-,A,D,0,NA,NA,NA,NA,Y,NA,A,01,0,0,2,0,0,0,0,0,0,-,-,34.331668853759766,-118.50750732421876,LOS ANGELES,UNINCORPORATED,-118.50750732421876,34.331668853759766
91586684,2021,2021-10-04,9565,2021-09-22,1250,017289,NA,3,1,4,1918,0,1,1,NA,2,061,I-405 N/B,WASHINGTON PLACE,65,S,N,A,-,Y,NA,NA,405,NA,NA,NA,NA,NA,N,Y,4,0,2,2,A,-,03,22350,NA,N,C,C,A,A,H,-,A,D,0,NA,NA,NA,NA,Y,NA,A,01,0,0,2,0,0,0,0,0,0,-,-,34.007930755615234,-118.41494750976564,LOS ANGELES,CULVER CITY,-118.41494750976564,34.007930755615234
91586693,2021,2021-10-04,9580,2021-09-21,2058,021236,NA,2,2,7,1942,0,1,1,NA,2,407,I-405 (SAN DIEGO FREEAWY) S/B,NORDHOFF ST,2500,N,N,A,-,Y,NA,NA,405,NA,NA,NA,NA,NA,S,Y,4,0,2,2,A,-,03,22350,NA,N,C,C,A,A,H,-,D,D,0,NA,NA,NA,NA,Y,NA,A,01,0,0,2,0,0,0,0,0,0,-,-,34.24443817138672,-118.47308349609376,LOS ANGELES,LOS ANGELES,-118.47309112548828,34.244441986083984
91586699,2021,2021-10-04,9565,2021-09-22,1500,021473,NA,3,2,9,1900,0,1,1,NA,2,012,I-105 E/B (CENTURY FWY),VAN NESS AVE,200,E,N,A,-,Y,NA,NA,NA,NA,NA,NA,NA,NA,NA,N,4,0,1,2,A,-,08,22107,NA,N,C,C,A,A,H,-,A,D,0,NA,NA,NA,NA,Y,NA,A,01,0,0,1,0,0,0,0,0,0,-,-,33.925270080566406,-118.31765747070313,LOS ANGELES,UNINCORPORATED,-118.31771087646484,33.925289154052734
91586700,2021,2021-10-04,9580,2021-10-02,0800,021654,NA,6,1,7,1942,0,1,3,NA,2,170,SR-170 N/B (HOLLYWOOD FWY.),TUJUNGA AVENUE,200,S,N,A,-,Y,NA,NA,NA,NA,NA,NA,NA,NA,NA,N,4,0,1,2,A,-,08,22107,NA,N,B,C,A,A,H,-,A,D,0,NA,NA,NA,NA,Y,NA,A,01,0,0,1,0,0,0,0,0,0,-,-,NA,NA,LOS ANGELES,LOS ANGELES,-118.37898254394533,34.15680694580078
91586706,2021,2021-10-04,9530,2021-09-22,1410,022380,NA,3,2,9,1900,0,3,5,NA,2,006,VERMONT AVE.,TORRANCE BLVD,0,NA,Y,A,-,N,NA,NA,NA,NA,NA,NA,NA,NA,NA,N,3,0,1,2,D,-,00,NA,NA,N,D,C,A,A,H,-,A,A,0,NA,NA,NA,NA,Y,NA,-,-,0,1,0,0,0,0,0,0,0,-,-,33.842041015625,-118.29003143310548,LOS ANGELES,UNINCORPORATED,-118.2900390625,33.84203338623047
91586710,2021,2021-10-04,9580,2021-09-24,1243,019544,NA,5,1,9,1900,0,2,4,NA,1,129,KANAN DUME RD,LATIGO CANYON RD,1320,S,N,A,-,N,NA,NA,NA,NA,NA,NA,NA,NA,NA,Y,3,0,1,1,A,-,03,22350,NA,N,E,I,A,A,H,-,A,D,0,NA,NA,NA,NA,Y,NA,A,07,0,1,0,0,0,0,0,0,0,-,-,34.086360931396484,-119.81670379638672,LOS ANGELES,UNINCORPORATED,-118.81659698486328,34.08671188354492
91586718,2021,2021-10-04,9540,2021-09-27,1310,018037,NA,1,1,9,1900,0,1,3,NA,2,146,SR-14 N/B (ANTELOPE VALLEY FREEWAY),OAK SPRINGS CANYON RD U/C,1917,N,N,A,-,Y,NA,NA,NA,NA,NA,NA,NA,NA,NA,N,2,0,1,1,A,-,08,22107,NA,N,E,I,A,A,H,-,A,D,0,NA,NA,NA,NA,Y,NA,A,01,1,0,0,0,0,0,0,0,0,-,-,34.427528381347656,-118.40879058837892,LOS ANGELES,UNINCORPORATED,-118.41522979736328,34.42763900756836
91586724,2021,2021-10-04,9530,2021-09-22,0748,022302,NA,3,1,5,1915,0,1,3,NA,2,310,SR-91 W/B (ARTESIA FREEWAY),ALAMEDA ST.,100,E,N,A,-,Y,NA,NA,91,NA,NA,NA,NA,NA,W,Y,4,0,1,3,A,-,03,22350,NA,N,C,C,A,A,H,-,A,D,0,NA,NA,NA,NA,Y,NA,D,22,0,0,1,0,0,0,0,0,0,-,-,33.87348937988281,-118.21629333496094,LOS ANGELES,COMPTON,-118.21629333496094,33.87356948852539
91586753,2021,2021-10-04,9540,2021-09-27,1435,021078,NA,1,2,6,1985,0,1,3,NA,1,145,SR-14 S/B (ANTELOPE VALLEY FWY.),SAND CANYON RD.,2000,S,N,B,-,Y,NA,NA,14,NA,NA,NA,NA,NA,S,N,4,0,1,3,D,-,00,NA,NA,N,B,C,A,A,H,-,A,D,0,NA,NA,NA,Y,Y,NA,-,-,0,0,1,0,0,0,0,0,0,-,-,34.42253875732422,-118.4297332763672,LOS ANGELES,SANTA CLARITA,-118.4297103881836,34.42249298095703
91586764,2021,2021-10-04,9530,2021-07-04,0001,022083,NA,7,3,9,1900,0,3,5,NA,2,006,VERMONT AVENUE,LOMITA BOULEVARD,0,NA,Y,B,-,N,NA,NA,NA,NA,NA,NA,NA,NA,NA,N,2,0,1,2,A,-,12,21453,A,F,D,G,A,A,H,-,C,D,0,NA,Y,NA,NA,Y,NA,L,04,1,0,0,0,0,0,1,0,0,-,-,33.79772186279297,-118.29083251953124,LOS ANGELES,UNINCORPORATED,-118.29087829589844,33.79782485961914
91586765,2021,2021-12-06,9525,2021-09-24,0432,021545,NA,5,3,5,1990,0,1,3,NA,2,604,SR-60 E/B (POMONA FWY),GOLDEN SPRINGS DRIVE,50,E,N,A,-,Y,NA,NA,60,NA,NA,NA,NA,NA,E,Y,4,0,1,2,A,-,07,21658,A,N,B,C,A,A,H,-,C,D,0,NA,NA,NA,NA,Y,NA,A,01,0,0,1,0,0,0,0,0,0,-,-,34.02764892578125,-117.79588317871094,LOS ANGELES,DIAMOND BAR,-117.79588317871094,34.02765655517578
91586772,2021,2021-10-04,9590,2021-07-21,1233,022569,NA,3,1,7,1942,0,1,1,NA,2,052,I-110 N/B (HARBOR FREEWAY),JEFFERSON BLVD,200,N,N,A,-,Y,NA,NA,110,NA,NA,NA,NA,NA,N,N,4,0,1,3,A,-,03,22350,NA,N,C,C,A,A,H,-,A,D,0,NA,NA,NA,NA,Y,NA,A,01,0,0,1,0,0,0,0,0,0,-,-,34.02008819580078,-118.27848815917967,LOS ANGELES,LOS ANGELES,-118.27857971191406,34.02014923095703
91586779,2021,2021-10-04,9525,2021-09-25,0345,022645,NA,6,3,1,1934,0,1,1,NA,2,203,I-210 W/B (FOOTHILL FWY),IRWINDALE AVENUE,1000,E,N,A,-,Y,NA,NA,210,NA,NA,NA,NA,NA,W,Y,4,0,1,2,A,-,03,22350,NA,N,C,C,A,A,H,-,D,D,0,NA,NA,NA,NA,Y,NA,A,07,0,0,1,0,0,0,0,0,0,-,-,34.130958557128906,-117.92835235595705,LOS ANGELES,IRWINDALE,-117.92835235595705,34.130897521972656
91586782,2021,2021-10-04,9565,2021-09-22,1903,020209,NA,3,2,7,1942,0,1,1,NA,2,062,I-405 S/B,I-10,10,S,N,A,-,Y,NA,NA,405,NA,NA,NA,NA,NA,S,Y,4,0,2,3,A,-,03,22350,NA,N,C,C,A,A,H,-,C,D,0,NA,NA,NA,NA,Y,NA,A,01,0,0,2,0,0,0,0,0,0,-,-,34.03107833862305,-118.43350219726564,LOS ANGELES,LOS ANGELES,-118.43353271484376,34.03105163574219
91586786,2021,2021-10-04,9550,2021-09-23,1750,020974,NA,4,2,5,1919,0,1,1,NA,2,652,I-605 S/B,SR-91,500,S,N,B,-,Y,NA,NA,605,NA,NA,NA,NA,NA,S,N,4,0,1,4,A,-,17,23114,A,N,E,J,A,A,H,-,B,D,0,NA,NA,NA,NA,Y,NA,E,22,0,0,1,0,0,0,0,0,0,-,-,33.87480163574219,-118.10204315185548,LOS ANGELES,CERRITOS,-118.10206604003906,33.87479019165039
91586796,2021,2021-10-04,9590,2021-09-15,0219,021848,NA,3,3,7,1942,0,1,2,NA,2,073,US-101 S/B (HOLLYWOOD FREEWAY),CAHUNEGA BOULEVARD,300,N,N,A,-,Y,NA,NA,101,NA,NA,NA,NA,NA,S,N,4,0,2,2,A,-,07,21658,A,F,B,C,A,A,H,-,C,D,0,NA,NA,NA,NA,Y,NA,-,99,0,0,2,0,0,0,0,0,0,-,-,34.108428955078125,-118.33180236816406,LOS ANGELES,LOS ANGELES,-118.33179473876952,34.10844421386719
91586812,2021,2021-10-04,9575,2021-09-27,1643,017491,NA,1,2,6,1912,0,1,1,NA,2,051,I-5 N/B (GOLDEN STATE FREEWAY),BUENA VISTA STREET,657,S,N,B,-,Y,NA,NA,5,NA,NA,NA,NA,NA,N,N,4,0,2,3,A,-,03,22350,NA,N,C,C,A,A,D,-,A,D,0,NA,NA,NA,NA,Y,NA,A,07,0,0,2,0,0,0,0,0,0,-,-,34.19752883911133,-118.3362274169922,LOS ANGELES,BURBANK,-118.33617401123048,34.197601318359375
91586824,2021,2021-10-04,9590,2021-09-22,2343,022673,NA,3,3,7,1942,0,1,2,NA,2,071,US-101 S/B (HOF),BEAUDRY AVENUE,700,S,N,A,-,Y,NA,NA,101,NA,NA,NA,NA,NA,S,N,3,0,2,1,A,-,01,23152,A,N,E,I,A,A,H,-,C,D,0,NA,NA,Y,NA,Y,Y,C,02,0,2,0,0,0,0,0,0,2,-,-,34.06270980834961,-118.24897003173828,LOS ANGELES,LOS ANGELES,-118.24898529052734,34.06269836425781
91586826,2021,2021-10-04,9580,2021-09-30,1450,021627,NA,4,2,7,1942,0,1,1,NA,2,404,I-405 N/B (SAN DIEGO FWY),SEPULVEDA BLVD,80,N,N,A,-,Y,NA,NA,405,NA,NA,NA,NA,NA,N,N,4,0,1,2,A,-,03,22350,NA,M,C,C,A,A,H,-,A,D,0,NA,NA,NA,NA,Y,NA,-,99,0,0,1,0,0,0,0,0,0,-,-,34.14896011352539,-118.46897888183594,LOS ANGELES,LOS ANGELES,-118.4689712524414,34.14895248413086
91586834,2021,2021-10-04,9590,2021-10-04,0302,022136,NA,1,3,7,1942,0,1,2,NA,2,071,US-101 S/B (HOLLYWOOD FREEWAY),E. EDGEWARE RD.,100,N,N,A,-,Y,NA,NA,101,NA,NA,NA,NA,NA,S,N,2,0,1,1,A,-,08,22107,NA,N,E,I,A,A,H,-,C,D,0,NA,NA,NA,NA,Y,NA,A,01,1,0,0,0,0,0,0,0,0,-,-,34.06705093383789,-118.25449371337892,LOS ANGELES,LOS ANGELES,-118.25450897216795,34.067012786865234
91586841,2021,2021-10-04,9530,2021-09-13,2310,022669,NA,1,3,9,1900,0,3,5,NA,2,002,WILLOWBROOK AVE.,WAYSIDE ST,20,S,N,A,-,N,NA,NA,NA,NA,NA,NA,NA,NA,NA,Y,4,0,1,2,A,-,03,22350,NA,F,C,C,A,A,H,-,C,D,0,NA,NA,NA,NA,Y,NA,A,01,0,0,1,0,0,0,0,0,0,-,-,33.91365051269531,-118.23039245605467,LOS ANGELES,UNINCORPORATED,-118.23032379150392,33.91360092163086
91586847,2021,2021-10-04,9565,2021-09-23,0600,019779,NA,4,1,6,1933,0,1,1,NA,2,060,I-405 N/B,ARBOR VITAE STREET,350,N,N,A,-,Y,NA,NA,405,NA,NA,NA,NA,NA,N,Y,3,0,1,2,A,-,03,22350,NA,N,C,C,A,A,H,-,B,D,0,NA,NA,NA,Y,Y,NA,F,26,0,1,0,0,0,0,0,0,0,-,-,33.953521728515625,-118.36920928955078,LOS ANGELES,INGLEWOOD,-118.36925506591795,33.95351791381836
91586853,2021,2021-10-04,9580,2021-09-29,2325,022561,NA,3,3,7,1942,0,1,3,NA,1,120,CA-118 (VENTURA FREEWAY) E/B,DE SOTO AVE,600,W,N,A,-,Y,NA,NA,NA,NA,NA,NA,NA,NA,NA,Y,2,0,2,1,A,-,03,22350,NA,N,F,I,A,A,H,-,C,D,0,NA,NA,Y,NA,Y,NA,C,02,2,0,0,0,0,0,0,0,2,-,-,34.273399353027344,-118.5930633544922,LOS ANGELES,LOS ANGELES,-118.59226989746094,34.2735481262207
91586861,2021,2021-10-04,9525,2021-10-01,0755,020216,NA,5,1,1,1934,0,1,1,NA,2,651,I-605 S/B (SAN GABRIEL RIVER FREEWAY),RAMONA BLVD.,2640,N,N,A,-,Y,NA,NA,605,NA,NA,NA,NA,NA,S,N,4,0,2,2,A,-,03,22350,NA,N,C,C,A,A,H,-,A,D,0,NA,NA,NA,NA,Y,NA,A,01,0,0,2,0,0,0,0,0,0,-,-,34.08216857910156,-117.99778747558594,LOS ANGELES,IRWINDALE,-117.99768829345705,34.082149505615234
91586865,2021,2021-10-04,9580,2021-09-26,1005,021592,NA,7,1,9,1900,0,1,3,NA,1,121,MULHOLLAND HWY,SR-1 N/B (PACIFIC COAST HWY.),10,E,N,A,-,Y,NA,NA,NA,NA,NA,NA,NA,NA,NA,N,3,0,1,2,A,-,08,22107,NA,N,D,E,A,A,H,-,A,A,0,NA,Y,NA,NA,Y,NA,L,04,0,1,0,0,0,0,1,0,0,-,-,34.04513168334961,-118.9349365234375,LOS ANGELES,UNINCORPORATED,-118.93492126464844,34.04515075683594
91586869,2021,2021-10-04,9590,2021-09-07,0852,022569,NA,2,1,7,1942,0,1,3,NA,2,031,SR-60 W/B (POMONA FREEWAY),SOTO ST.,200,E,N,A,-,Y,NA,NA,60,NA,NA,NA,NA,NA,W,N,4,0,2,4,A,-,03,22350,NA,N,C,C,A,A,H,-,A,D,0,NA,NA,NA,NA,Y,NA,E,22,0,0,2,0,0,0,0,0,0,-,-,34.029701232910156,-118.21701049804688,LOS ANGELES,LOS ANGELES,-118.21701049804688,34.02967834472656
91586870,2021,2021-10-04,9535,2021-09-20,1735,022286,NA,1,2,9,1900,0,1,1,NA,2,651,I-605 N/B FROM VALLEY BLVD,VALLEY BLVD,40,N,N,A,-,Y,NA,NA,NA,NA,NA,NA,NA,NA,NA,N,4,0,1,3,A,-,07,21658,A,M,C,C,A,A,H,-,A,D,0,NA,NA,NA,NA,Y,NA,-,99,0,0,1,0,0,0,0,0,0,-,-,34.05363082885742,-118,LOS ANGELES,UNINCORPORATED,-118.00409698486328,34.05441665649414
91586883,2021,2021-11-03,9580,2021-09-27,1550,022663,NA,1,2,7,1942,0,1,2,NA,2,103,US-101 S/B (VENTURA FREEWAY),HASKELL AVE ON-RAMP,485,S,N,A,-,Y,NA,NA,101,NA,NA,NA,NA,NA,S,Y,4,0,1,3,A,-,07,21658,A,N,B,C,A,A,H,-,A,D,0,NA,NA,NA,NA,Y,NA,-,-,0,0,1,0,0,0,0,0,0,-,-,34.16421127319336,-118.47328186035156,LOS ANGELES,LOS ANGELES,-118.4732666015625,34.16423034667969
91586890,2021,2021-12-29,9590,2021-09-15,2220,022690,NA,3,3,7,1942,0,1,1,NA,2,013,SR-110 SB (ARROYO SECO PARKWAY),AVENUE 60,850,N,N,A,-,Y,NA,NA,110,NA,NA,NA,NA,NA,S,N,2,0,1,1,A,-,08,22107,NA,N,F,I,A,A,H,-,C,D,0,NA,NA,NA,NA,Y,NA,A,07,1,0,0,0,0,0,0,0,0,-,-,34.10987091064453,-118.18491363525392,LOS ANGELES,LOS ANGELES,-118.18491363525392,34.10987091064453
91586896,2021,2021-10-04,9575,2021-09-27,0345,021712,NA,1,3,7,1942,0,1,3,NA,2,041,SR-134 W/B (VENTURA FREEWAY) TO SR-2 (GLENDALE FRE,SR-2 N/B,1963,E,N,A,-,Y,NA,NA,134,NA,NA,NA,R,NA,W,Y,3,0,1,1,A,-,08,22107,NA,N,E,I,A,A,H,-,C,D,0,NA,NA,NA,NA,Y,NA,A,07,0,1,0,0,0,0,0,0,0,-,-,34.145591735839844,-118.21968841552734,LOS ANGELES,LOS ANGELES,-118.21968841552734,34.145591735839844
91586905,2021,2021-10-04,9580,2021-09-29,0555,016690,NA,3,3,3,1994,0,1,2,NA,2,108,US-101 N/B (VENTURA FREEWAY),KANAN RD,2000,N,N,A,-,Y,NA,NA,101,NA,NA,NA,NA,NA,N,Y,3,0,1,2,A,-,01,23152,F,N,C,C,A,A,H,-,A,D,0,NA,NA,NA,Y,Y,NA,A,07,0,1,0,0,0,0,0,0,0,-,-,34.147090911865234,-118.76676177978516,LOS ANGELES,AGOURA HILLS,-118.76678466796876,34.14688491821289
91586923,2021,2021-10-04,9590,2021-09-17,1345,022520,NA,5,1,7,1942,0,1,1,NA,2,052,I-110 N/B (HARBOR FREEWAY),7TH STREET,200,S,N,A,-,Y,NA,NA,110,NA,NA,NA,NA,NA,N,N,4,0,1,2,A,-,07,21658,A,N,C,C,A,A,H,-,A,D,0,NA,NA,Y,NA,Y,NA,A,07,0,0,1,0,0,0,0,0,1,-,-,34.049869537353516,-118.26331329345705,LOS ANGELES,LOS ANGELES,-118.26329040527344,34.049842834472656
91586942,2021,2021-10-04,9580,2021-09-28,1450,022437,NA,2,2,7,1942,0,1,1,NA,2,404,I-405 N/B (SAN DIEGO FWY),VENTURA BLVD,2100,S,N,A,-,Y,NA,NA,NA,NA,NA,NA,NA,NA,NA,Y,4,0,1,3,A,-,08,22107,NA,N,B,C,A,A,H,-,A,D,0,NA,NA,NA,NA,Y,NA,A,08,0,0,1,0,0,0,0,0,0,-,-,NA,NA,LOS ANGELES,LOS ANGELES,-118.46791839599608,34.1539192199707
91586957,2021,2021-10-04,9550,2021-09-24,0810,020531,NA,5,1,9,1900,0,3,5,NA,2,003,7TH AVENUE,STATE ROUTE 60,220,S,N,A,-,N,NA,NA,NA,NA,NA,NA,NA,NA,NA,N,4,0,1,2,A,-,09,21801,A,N,A,C,A,A,H,-,A,D,0,NA,NA,NA,NA,Y,NA,A,01,0,0,1,0,0,0,0,0,0,-,-,34.018550872802734,-117.9885711669922,LOS ANGELES,UNINCORPORATED,-117.98851776123048,34.0187873840332
91586961,2021,2021-10-04,9565,2021-09-22,0915,016943,NA,3,1,5,1965,1,4,S,NA,2,901,OLYMPIC DR,4TH ST,0,NA,Y,A,-,N,NA,NA,NA,NA,NA,NA,NA,NA,NA,N,4,0,1,2,A,-,12,21453,A,N,D,C,A,A,H,-,A,A,0,NA,NA,NA,NA,Y,NA,A,07,0,0,1,0,0,0,0,0,0,-,-,34.01203155517578,-118.49002075195313,LOS ANGELES,SANTA MONICA,-118.49002838134766,34.012054443359375
91586972,2021,2021-10-04,9580,2021-09-27,2130,022550,NA,1,2,7,1942,0,1,3,NA,2,171,SR-170 S/B (HOLLYWOOD FREEWAY),US-101 S/B (VENTURA FREEWAY),30,N,N,B,-,Y,NA,NA,170,NA,NA,NA,NA,NA,S,N,4,0,1,3,A,-,03,22350,NA,N,C,C,A,A,H,-,D,D,0,NA,NA,NA,NA,Y,NA,A,01,0,0,1,0,0,0,0,0,0,-,-,34.1533088684082,-118.37679290771484,LOS ANGELES,LOS ANGELES,-118.37677001953124,34.153324127197266
91586981,2021,2021-10-04,9580,2021-09-28,0724,022015,NA,2,1,7,1942,0,1,3,NA,2,171,SR-170 S/B (HOLLYWOOD FWY.),MAGNOLIA BLVD,1848,N,N,A,-,Y,NA,NA,170,NA,NA,NA,NA,NA,S,N,4,0,1,2,A,-,03,22350,NA,N,C,C,A,A,H,-,B,D,0,NA,NA,NA,NA,Y,NA,A,01,0,0,1,0,0,0,0,0,0,-,-,34.16986083984375,-118.38574981689452,LOS ANGELES,LOS ANGELES,-118.38579559326172,34.16980743408203
91586983,2021,2021-10-04,9535,2021-09-22,1550,022277,NA,3,2,9,1900,0,3,5,NA,2,002,EAGLE ST,OAKFORD DRIVE,0,NA,Y,A,-,N,NA,NA,NA,NA,NA,NA,NA,NA,NA,Y,3,0,4,3,A,-,12,22450,A,N,D,C,A,A,H,-,A,A,0,NA,NA,NA,NA,Y,NA,A,01,0,2,2,0,0,0,0,0,0,-,-,34.02650833129883,-118.15223693847656,LOS ANGELES,UNINCORPORATED,-118.15225982666016,34.02650833129883
91586999,2021,2021-10-04,9575,2021-09-25,1355,021403,NA,6,1,7,1942,0,1,1,NA,2,053,I-5 N/B (GOLDEN STATE FREEWAY),VAN NUYS BLVD.,170,N,N,A,-,Y,NA,NA,5,NA,NA,NA,NA,NA,N,Y,4,0,2,3,A,-,03,22350,NA,N,C,C,A,A,H,-,A,D,0,NA,NA,NA,NA,Y,NA,A,01,0,0,2,0,0,0,0,0,0,-,-,34.25727081298828,-118.43537902832033,LOS ANGELES,LOS ANGELES,-118.43545532226564,34.2571907043457
91587004,2021,2021-10-04,9565,2021-09-23,0835,019779,NA,4,1,6,1933,0,1,1,NA,2,060,I-405 N/B,CENTURY BLVD,1300,S,N,A,-,Y,NA,NA,NA,NA,NA,NA,NA,NA,NA,Y,3,0,2,2,A,-,03,22350,NA,N,C,C,A,A,H,-,A,D,0,NA,NA,NA,NA,Y,NA,A,01,0,1,1,0,0,0,0,0,0,-,-,33.937870025634766,-118.3682098388672,LOS ANGELES,INGLEWOOD,-118.36824798583984,33.941864013671875