CASE_ID,ACCIDENT_YEAR,PROC_DATE,JURIS,COLLISION_DATE,COLLISION_TIME,OFFICER_ID,REPORTING_DISTRICT,DAY_OF_WEEK,CHP_SHIFT,POPULATION,CNTY_CITY_LOC,SPECIAL_COND,BEAT_TYPE,CHP_BEAT_TYPE,CITY_DIVISION_LAPD,CHP_BEAT_CLASS,BEAT_NUMBER,PRIMARY_RD,SECONDARY_RD,DISTANCE,DIRECTION,INTERSECTION,WEATHER_1,WEATHER_2,STATE_HWY_IND,CALTRANS_COUNTY,CALTRANS_DISTRICT,STATE_ROUTE,ROUTE_SUFFIX,POSTMILE_PREFIX,POSTMILE,LOCATION_TYPE,RAMP_INTERSECTION,SIDE_OF_HWY,TOW_AWAY,COLLISION_SEVERITY,NUMBER_KILLED,NUMBER_INJURED,PARTY_COUNT,PRIMARY_COLL_FACTOR,PCF_CODE_OF_VIOL,PCF_VIOL_CATEGORY,PCF_VIOLATION,PCF_VIOL_SUBSECTION,HIT_AND_RUN,TYPE_OF_COLLISION,MVIW,PED_ACTION,ROAD_SURFACE,ROAD_COND_1,ROAD_COND_2,LIGHTING,CONTROL_DEVICE,CHP_ROAD_TYPE,PEDESTRIAN_ACCIDENT,BICYCLE_ACCIDENT,MOTORCYCLE_ACCIDENT,TRUCK_ACCIDENT,NOT_PRIVATE_PROPERTY,ALCOHOL_INVOLVED,STWD_VEHTYPE_AT_FAULT,CHP_VEHTYPE_AT_FAULT,COUNT_SEVERE_INJ,COUNT_VISIBLE_INJ,COUNT_COMPLAINT_PAIN,COUNT_PED_KILLED,COUNT_PED_INJURED,COUNT_BICYCLIST_KILLED,COUNT_BICYCLIST_INJURED,COUNT_MC_KILLED,COUNT_MC_INJURED,PRIMARY_RAMP,SECONDARY_RAMP,LATITUDE,LONGITUDE,COUNTY,CITY,POINT_X,POINT_Y
91595304,2021,2021-10-13,9535,2021-10-04,1130,018687,NA,1,1,4,1907,0,1,1,NA,2,072,I-710 N/B TO ATLANTIC BLVD.,ATLANTIC BLVD.,200,S,N,A,-,Y,NA,NA,710,NA,NA,NA,R,NA,N,N,4,0,2,2,A,-,03,22350,NA,N,C,C,A,A,H,-,A,D,0,NA,NA,NA,NA,Y,NA,A,01,0,0,2,0,0,0,0,0,0,-,-,33.99745178222656,-118.17632293701172,LOS ANGELES,BELL,-118.17632293701172,33.99745178222656
91595318,2021,2021-10-13,9535,2021-10-04,0940,018633,NA,1,1,5,1901,0,1,1,NA,2,421,I-10 (SAN BERNARDINO FREEWAY)W/B,FREMONT AVE,300,E,N,A,-,Y,NA,NA,10,NA,NA,NA,NA,NA,NA,Y,4,0,4,3,A,-,03,22350,NA,N,C,C,A,A,H,-,A,D,0,NA,NA,NA,NA,Y,NA,A,07,0,0,4,0,0,0,0,0,0,-,-,34.071048736572266,-118.14674377441406,LOS ANGELES,ALHAMBRA,-118.1467056274414,34.070980072021484
91595320,2021,2021-10-13,9550,2021-10-05,1440,022037,NA,2,2,9,1900,0,1,3,NA,2,601,SR-60 EASTBOUND,HACIENDA BOULEVARD UNDERCROSSING,600,E,N,A,-,Y,NA,NA,60,NA,NA,NA,NA,NA,E,Y,4,0,3,3,A,-,03,22350,NA,N,C,C,A,A,H,-,A,D,0,NA,NA,NA,Y,Y,NA,F,26,0,0,3,0,0,0,0,0,0,-,-,34.00624084472656,-117.96244049072266,LOS ANGELES,UNINCORPORATED,-117.9624481201172,34.00621032714844
91595349,2021,2021-10-13,9565,2021-10-01,0751,019362,NA,5,1,5,1928,0,1,1,NA,2,010,I-405 S/B FROM I-105,120TH STREET,200,S,N,A,-,Y,NA,NA,405,NA,NA,NA,R,NA,S,Y,3,0,3,1,A,-,08,22107,NA,N,F,A,A,A,H,-,A,D,0,NA,NA,NA,NA,Y,NA,A,07,0,3,0,0,0,0,0,0,0,-,-,33.92327117919922,-118.36917114257813,LOS ANGELES,HAWTHORNE,-118.36917114257813,33.92327117919922
91595363,2021,2021-10-13,9550,2021-10-05,0420,018150,NA,2,3,6,1920,0,1,1,NA,2,651,I-605 (S/B) FROM FLORENCE AVENUE,FLORENCE AVENUE,800,S,N,B,C,Y,NA,NA,605,NA,NA,NA,R,NA,NA,Y,2,0,1,3,A,-,11,21954,A,N,G,B,E,B,H,-,C,D,0,Y,NA,NA,NA,Y,Y,N,60,1,0,0,0,1,0,0,0,0,-,-,33.935909271240234,-118.09970855712892,LOS ANGELES,DOWNEY,-118.09970855712892,33.935909271240234
91595373,2021,2021-10-13,9565,2021-10-01,0900,016941,NA,5,1,7,1942,0,1,1,NA,2,083,I-10 W/B,LA CIENEGA BLVD,450,W,N,A,-,Y,NA,NA,10,NA,NA,NA,NA,NA,W,Y,3,0,1,2,A,-,08,22107,NA,N,C,C,A,A,H,-,A,D,0,NA,NA,NA,NA,Y,NA,A,07,0,1,0,0,0,0,0,0,0,-,-,34.03656005859375,-118.38136291503906,LOS ANGELES,LOS ANGELES,-118.38134765625,34.03653335571289
91595378,2021,2021-10-13,9550,2021-10-05,1240,018854,NA,2,1,9,1900,0,3,5,NA,2,004,ATITLAN DR.,LOS ALTOS DR.,150,N,N,A,-,N,NA,NA,NA,NA,NA,NA,NA,NA,NA,N,3,0,1,2,A,-,08,22107,NA,N,C,E,A,A,H,-,A,D,0,NA,NA,NA,NA,Y,NA,A,01,0,1,0,0,0,0,0,0,0,-,-,33.985530853271484,-117.96630096435548,LOS ANGELES,UNINCORPORATED,-117.96627044677734,33.98548126220703
91595412,2021,2021-10-13,9530,2021-10-02,0628,022302,NA,6,1,5,1977,0,1,1,NA,2,410,I-405 N/B (SAN DIEGO FREEWAY),DEL AMO BLVD.,750,N,N,E,-,Y,NA,NA,405,NA,NA,NA,NA,NA,N,Y,4,0,1,2,A,-,07,21658,A,N,C,C,A,A,H,-,B,D,0,NA,NA,NA,NA,Y,NA,A,01,0,0,1,0,0,0,0,0,0,-,-,33.84785842895508,-118.27249145507813,LOS ANGELES,CARSON,-118.2724380493164,33.847938537597656
91595418,2021,2021-10-13,9550,2021-10-05,1324,013729,NA,2,1,5,1976,1,4,S,NA,2,901,LIGHT AVE. (S/B),LA CUARTA ST.,102,N,N,A,-,N,NA,NA,NA,NA,NA,NA,NA,NA,NA,N,4,0,1,2,A,-,03,22350,NA,N,B,C,A,A,H,-,A,D,0,NA,NA,NA,NA,Y,Y,A,07,0,0,1,0,0,0,0,0,0,-,-,33.96860122680664,-118.03621673583984,LOS ANGELES,WHITTIER,NA,NA
91595428,2021,2021-10-13,9565,2021-10-01,1828,021429,NA,5,2,7,1942,0,1,1,NA,2,060,I-405 N/B TO LA TIJERA BLVD,LA TIJERA BLVD,45,S,N,A,-,Y,NA,NA,405,NA,NA,NA,R,NA,N,Y,4,0,1,3,A,-,01,23152,A,N,C,C,A,A,H,-,B,A,0,NA,NA,NA,NA,Y,Y,A,07,0,0,1,0,0,0,0,0,0,-,-,33.97201919555664,-118.37741088867188,LOS ANGELES,LOS ANGELES,-118.37741088867188,33.97201919555664
91595458,2021,2021-10-13,9530,2021-10-04,1545,017755,NA,1,2,9,1900,0,1,1,NA,2,410,I-405 S/B (SAN DIEGO FREEWAY),VERMONT AVE.,85,S,N,B,-,Y,NA,NA,405,NA,NA,NA,NA,NA,S,N,4,0,1,2,A,-,03,22350,NA,N,C,C,A,A,H,-,A,D,0,NA,NA,NA,NA,Y,NA,A,01,0,0,1,0,0,0,0,0,0,-,-,33.859230041503906,-118.29013824462892,LOS ANGELES,UNINCORPORATED,-118.29014587402344,33.85920715332031
91595486,2021,2021-10-13,9530,2021-09-20,1129,022406,NA,1,1,9,1900,0,1,1,NA,2,110,I-110 S/B TO I-405,SR-91,335,S,N,A,-,Y,NA,NA,NA,NA,NA,NA,NA,NA,NA,Y,2,0,2,2,A,-,07,21658,A,N,B,2,A,A,H,-,A,D,0,NA,NA,NA,Y,Y,NA,F,26,1,1,0,0,0,0,0,0,0,-,-,33.87181091308594,-118.28517150878906,LOS ANGELES,UNINCORPORATED,-118.2851104736328,33.87177276611328
91595502,2021,2021-10-13,9535,2021-10-02,0152,022694,NA,6,3,5,1901,0,1,1,NA,2,421,I-10 W/B (SAN BERNARDINO FREEWAY),FREMONT AVE,528,E,N,A,-,Y,NA,NA,10,NA,NA,NA,NA,NA,W,Y,4,0,1,1,A,-,08,22107,NA,N,E,I,A,A,H,-,C,D,0,NA,NA,NA,NA,Y,NA,A,01,0,0,1,0,0,0,0,0,0,-,-,34.068809509277344,-118.15119934082033,LOS ANGELES,ALHAMBRA,-118.1511001586914,34.068626403808594
91595507,2021,2021-10-13,9550,2021-10-02,1305,022387,NA,6,1,5,1919,0,1,3,NA,2,091,SR-91 WB TO I-605 NB,SR-91,1000,N,N,A,-,Y,NA,NA,NA,NA,NA,NA,NA,NA,NA,Y,3,0,2,1,A,-,03,22350,NA,N,E,I,A,A,H,-,A,D,0,NA,NA,NA,NA,Y,NA,A,07,0,1,1,0,0,0,0,0,0,-,-,33.87923049926758,-118.1030731201172,LOS ANGELES,CERRITOS,NA,NA
91595526,2021,2021-10-13,9530,2021-10-02,1120,018278,NA,6,1,7,1941,0,1,1,NA,2,430,I-405 SOUTHBOUND,WOODRUFF AVE.,1214,N,N,A,-,Y,NA,NA,NA,NA,NA,NA,NA,NA,NA,Y,4,0,1,3,A,-,03,22350,NA,N,C,C,A,A,H,-,A,D,0,NA,NA,NA,NA,Y,NA,A,08,0,0,1,0,0,0,0,0,0,-,-,33.4894905090332,-118.7927017211914,LOS ANGELES,LONG BEACH,-118.1156768798828,33.802188873291016
91595545,2021,2021-10-13,9525,2021-10-12,1600,019264,NA,2,2,1,1934,0,1,1,NA,2,652,I-605 N/B (SAN GABRIEL RIVER FWY),ARROW HWY,1056,N,N,A,-,Y,NA,NA,605,NA,NA,NA,NA,NA,N,Y,3,0,1,2,A,-,03,22350,NA,N,C,2,A,A,H,-,A,D,0,NA,NA,NA,NA,Y,NA,A,01,0,1,0,0,0,0,0,0,0,-,-,34.116939544677734,-117.97537994384766,LOS ANGELES,IRWINDALE,-117.97534942626952,34.11688232421875
91595559,2021,2021-10-13,9565,2021-10-01,2153,022145,NA,5,2,5,1965,0,1,1,NA,2,081,I-10 EASTBOUND (SANTA MONICA FREEWAY),PICO BOULEVARD,660,E,N,A,-,Y,NA,NA,10,NA,NA,NA,NA,NA,E,Y,4,0,3,2,A,-,01,23152,A,N,C,C,A,A,H,-,A,D,0,NA,NA,NA,NA,Y,Y,A,01,0,0,3,0,0,0,0,0,0,-,-,34.027591705322266,-118.45626831054688,LOS ANGELES,SANTA MONICA,-118.45626831054688,34.0275764465332
91595565,2021,2021-10-13,9525,2021-10-07,0555,018992,NA,4,3,5,1906,0,1,1,NA,2,651,I-605 S/B (SAN GABRIEL RIVER FREEWAY),RAMONA BLVD.,300,N,N,A,-,Y,NA,NA,605,NA,NA,NA,NA,NA,S,Y,4,0,2,3,A,-,03,22350,NA,N,C,C,A,A,H,-,A,D,0,NA,NA,NA,NA,Y,NA,A,01,0,0,2,0,0,0,0,0,0,-,-,34.078208923339844,-117.99810791015624,LOS ANGELES,BALDWIN PARK,-117.9981689453125,34.07821273803711
91595574,2021,2021-10-13,9550,2021-10-13,0740,016109,NA,3,1,9,1900,0,1,3,NA,2,600,STATE ROUTE 60,SEVENTH AVENUE,1000,E,N,A,-,Y,NA,NA,60,NA,NA,NA,NA,NA,NA,N,4,0,1,2,A,-,03,22350,NA,N,C,C,A,A,H,-,A,D,0,NA,NA,NA,NA,Y,NA,A,01,0,0,1,0,0,0,0,0,0,-,-,34.01335906982422,-117.98177337646484,LOS ANGELES,UNINCORPORATED,-117.98185729980467,34.013240814208984
91595590,2021,2021-10-13,9550,2021-10-07,1800,020037,NA,4,2,5,1919,0,1,3,NA,2,091,STATE ROUTE 91 WESTBOUND (ARTESIA FWY),STUDEBAKER ROAD,1600,E,N,B,-,Y,NA,NA,91,NA,NA,NA,NA,NA,W,Y,4,0,2,2,A,-,08,22107,NA,N,C,E,A,A,H,-,A,D,0,NA,NA,NA,NA,Y,NA,A,07,0,0,2,0,0,0,0,0,0,-,-,33.87656021118164,-118.09403228759766,LOS ANGELES,CERRITOS,-118.09403228759766,33.876407623291016
91595595,2021,2021-10-13,9575,2021-09-19,1203,020702,NA,7,1,9,1900,0,2,4,NA,2,320,ANGELES FOREST HIGHWAY,ANGELES CREST HIGHWAY,20,N,N,A,-,N,NA,NA,NA,NA,NA,NA,NA,NA,NA,Y,3,0,1,2,A,-,06,21755,A,N,D,C,A,A,H,-,A,D,0,NA,NA,Y,NA,Y,NA,C,02,0,1,0,0,0,0,0,0,1,-,-,34.27043914794922,-118.15348052978516,LOS ANGELES,UNINCORPORATED,-118.15343475341795,34.270301818847656
91595613,2021,2021-10-13,9575,2021-10-02,1740,022582,NA,6,2,9,1900,0,2,4,NA,2,024,FAIR OAKS AVENUE,WOODBURY ROAD,0,NA,Y,A,-,N,NA,NA,NA,NA,NA,NA,NA,NA,NA,N,3,0,1,2,A,-,10,21950,A,N,G,B,B,A,H,-,A,A,0,Y,NA,NA,NA,Y,NA,A,07,0,1,0,0,1,0,0,0,0,-,-,34.183349609375,-118.15068817138672,LOS ANGELES,UNINCORPORATED,-118.1508331298828,34.18324279785156
91595633,2021,2021-10-13,9535,2021-10-02,1938,022025,NA,6,2,6,1922,0,1,1,NA,2,401,I-10 (SAN BERNARDINO FREEWAY) W/B,PECK RD,1600,W,N,A,-,Y,NA,NA,10,NA,NA,NA,NA,NA,W,Y,3,0,1,2,A,-,04,21703,NA,N,C,C,A,A,H,-,D,D,0,NA,NA,NA,NA,Y,NA,A,01,0,1,0,0,0,0,0,0,0,-,-,34.06806945800781,-118.03395080566406,LOS ANGELES,EL MONTE,-118.03395080566406,34.068058013916016
91595642,2021,2021-10-13,9550,2021-10-05,1625,020974,NA,2,2,9,1900,0,2,4,NA,1,013,NORWALK BOULEVARD S/B,PLEASANT WAY,0,NA,Y,A,-,N,NA,NA,NA,NA,NA,NA,NA,NA,NA,N,3,0,2,2,A,-,09,21804,A,N,A,C,A,A,H,-,A,D,0,NA,NA,NA,NA,Y,NA,A,01,0,2,0,0,0,0,0,0,0,-,-,33.989601135253906,-118.06443786621094,LOS ANGELES,UNINCORPORATED,-118.06437683105467,33.98954391479492
91595664,2021,2021-10-13,9525,2021-10-06,1309,021355,NA,3,1,9,1900,0,3,5,NA,2,004,DON JULIAN RD. (13200 BLOCK),KARNS AVE.,30,E,N,A,-,N,NA,NA,NA,NA,NA,NA,NA,NA,NA,N,4,0,1,2,A,-,08,22107,NA,N,C,E,A,A,H,-,A,D,0,NA,NA,NA,NA,Y,NA,A,01,0,0,1,0,0,0,0,0,0,-,-,34.0442008972168,-118.00258636474608,LOS ANGELES,UNINCORPORATED,-118.00285339355467,34.04438781738281
91595675,2021,2022-01-20,9575,2021-10-07,1415,022503,NA,4,2,5,1902,0,1,1,NA,2,065,I-210 E/B (FOOTHILL FREEWAY),MICHILLINDA AVE.,1335,E,N,B,-,Y,NA,NA,210,NA,NA,NA,NA,NA,E,Y,4,0,3,4,A,-,07,21658,A,N,B,C,A,A,H,-,A,D,0,NA,NA,NA,NA,Y,NA,D,22,0,0,3,0,0,0,0,0,0,-,-,34.1485595703125,-118.06324768066406,LOS ANGELES,ARCADIA,-118.06324768066406,34.148582458496094
91595681,2021,2021-10-13,9535,2021-10-06,1140,022298,NA,3,1,4,1907,0,1,1,NA,2,073,I-710 S/B (LONG BEACH FREEWAY) FROM FLORENCE AVENU,FLORENCE AVENUE,730,S,N,B,-,Y,NA,NA,710,NA,NA,NA,R,NA,S,N,4,0,1,2,A,-,03,22350,NA,N,C,C,A,A,H,-,A,D,0,NA,NA,NA,Y,Y,NA,G,25,0,0,1,0,0,0,0,0,0,-,-,33.96614074707031,-118.16860961914064,LOS ANGELES,BELL,-118.16860961914064,33.96614074707031
91595686,2021,2021-10-13,9550,2021-10-05,1815,022023,NA,2,2,6,1949,0,1,1,NA,2,150,I-105 EASTBOUND,BELLFLOWER BLVD.,500,E,N,A,-,Y,NA,NA,NA,NA,NA,NA,NA,NA,NA,N,4,0,1,2,A,-,03,22350,NA,N,C,C,A,A,H,-,A,D,0,NA,NA,NA,NA,Y,NA,A,01,0,0,1,0,0,0,0,0,0,-,-,33.91292190551758,-118.13545989990234,LOS ANGELES,NORWALK,-118.1237564086914,33.913108825683594
91595731,2021,2021-10-13,9545,2021-08-09,0454,021434,NA,1,3,9,1900,0,1,3,NA,1,042,STATE ROUTE 138,126TH STREET EAST,630,W,N,A,-,Y,NA,NA,138,NA,NA,NA,NA,NA,NA,Y,1,1,1,2,A,-,08,22107,NA,N,D,C,A,A,H,-,C,D,0,NA,NA,NA,NA,Y,NA,A,01,1,0,0,0,0,0,0,0,0,-,-,34.506431579589844,-117.90740203857422,LOS ANGELES,UNINCORPORATED,-117.90740203857422,34.50644302368164
91595789,2021,2021-10-13,9575,2021-10-06,0328,022626,NA,3,3,9,1900,0,2,4,NA,2,029,E. MENDOCINO ST.  (1700 BLOCK),MORSLAY RD.,340,W,N,A,-,N,NA,NA,NA,NA,NA,NA,NA,NA,NA,Y,3,0,1,2,A,-,08,22107,NA,N,C,E,A,A,H,-,C,D,0,NA,NA,NA,NA,Y,NA,A,01,0,1,0,0,0,0,0,0,0,-,-,34.185970306396484,-118.11418914794922,LOS ANGELES,UNINCORPORATED,-118.11412811279295,34.18589782714844
91595793,2021,2021-10-13,9525,2021-10-02,0135,022521,NA,6,3,1,1934,0,1,1,NA,2,652,I-605 N/B (SAN GABRIEL RIVER FWY),LOS ANGELES ST.,1584,S,N,A,-,Y,NA,NA,605,NA,NA,NA,NA,NA,N,Y,4,0,1,2,A,-,01,23152,A,N,C,C,A,A,H,-,C,D,0,NA,NA,NA,Y,Y,Y,A,01,0,0,1,0,0,0,0,0,0,-,-,34.087379455566406,-117.99520874023438,LOS ANGELES,IRWINDALE,-117.99524688720705,34.08740234375
91595815,2021,2021-10-14,9575,2021-10-11,1730,020542,NA,1,2,5,1902,0,1,1,NA,2,065,EB I-210 (FOOTHILL FWY),SANTA ANITA AVE.,150,W,N,B,-,Y,NA,NA,210,NA,NA,NA,NA,NA,NA,N,4,0,1,2,A,-,03,22350,NA,N,C,C,A,A,H,-,A,D,0,NA,NA,NA,NA,Y,NA,A,01,0,0,1,0,0,0,0,0,0,-,-,34.147918701171875,-118.03250122070313,LOS ANGELES,ARCADIA,-118.03250885009766,34.14787292480469
91595854,2021,2021-10-14,9565,2021-10-04,0925,021524,NA,1,1,6,1933,0,1,1,NA,2,060,I-405 N/B TO LA CIENEGA BOULEVARD,MANCHESTER BOULEVARD,1500,S,N,A,-,Y,NA,NA,405,NA,NA,NA,R,NA,N,N,4,0,1,2,A,-,03,22350,NA,N,C,C,A,A,H,-,A,D,0,NA,NA,NA,NA,Y,NA,A,07,0,0,1,0,0,0,0,0,0,-,-,33.957698822021484,-118.36904907226564,LOS ANGELES,INGLEWOOD,-118.36904907226564,33.957698822021484
91595855,2021,2021-10-14,9565,2021-10-03,1335,022104,NA,7,1,7,1942,0,1,1,NA,2,062,I-405 S/B (SAN DIEGO FREEWAY),NATIONAL BLVD.,1100,S,N,A,-,Y,NA,NA,405,NA,NA,NA,NA,NA,S,Y,3,0,1,2,A,-,03,22350,NA,N,C,C,A,A,H,-,A,D,0,NA,NA,NA,NA,Y,NA,A,01,0,1,0,0,0,0,0,0,0,-,-,34.02410125732422,-118.42809295654295,LOS ANGELES,LOS ANGELES,-118.42804718017578,34.02413558959961
91595969,2021,2021-10-14,9540,2021-10-03,1820,022405,NA,7,2,6,1985,0,1,3,NA,1,144,SR-14 N/B (ANTELOPE VALLEY FREEWAY),LOST CANYON RD.,1800,S,N,A,-,Y,NA,NA,14,NA,NA,NA,NA,NA,N,Y,3,0,1,1,A,-,01,23152,A,N,E,I,A,A,H,-,B,D,0,NA,NA,NA,NA,Y,Y,A,01,0,1,0,0,0,0,0,0,0,-,-,34.416839599609375,-118.44236755371094,LOS ANGELES,SANTA CLARITA,-118.44210815429688,34.416439056396484
91595971,2021,2021-10-14,9540,2021-10-03,0105,021849,NA,7,3,7,1942,0,1,1,NA,1,503,I-5 S/B (GOLDEN STATE FREEWAY),ROXFORD ST,2957,N,N,A,-,Y,NA,NA,5,NA,NA,NA,NA,NA,S,Y,3,0,1,1,A,-,01,23152,A,N,E,J,A,A,H,-,C,D,0,NA,NA,NA,NA,Y,Y,A,01,0,1,0,0,0,0,0,0,0,-,-,34.309608459472656,-118.48606872558594,LOS ANGELES,LOS ANGELES,-118.48589324951172,34.30976104736328
91595972,2021,2021-10-14,9540,2021-10-05,1540,022415,NA,2,2,9,1900,0,3,5,NA,2,003,CHIQUITO CANYON RD,CENTRAL AVE,0,NA,Y,A,-,N,NA,NA,NA,NA,NA,NA,NA,NA,NA,N,4,0,1,2,A,-,09,21802,A,N,D,C,A,A,H,-,A,A,0,NA,NA,NA,NA,Y,NA,A,01,0,0,1,0,0,0,0,0,0,-,-,34.445701599121094,-118.65763854980467,LOS ANGELES,UNINCORPORATED,-118.65769958496094,34.44563674926758
91595975,2021,2021-10-14,9540,2021-10-04,1112,018037,NA,1,1,6,1985,0,1,3,NA,1,144,SR-14 N/B (ANTELOPE VALLEY FREEWAY),CEDAR VALLEY WAY O/C,1139,S,N,A,-,Y,NA,NA,14,NA,NA,NA,NA,NA,N,Y,2,0,1,3,A,-,03,22350,NA,F,D,2,A,A,H,-,A,D,0,NA,NA,NA,NA,Y,NA,-,99,1,0,0,0,0,0,0,0,0,-,-,34.39815902709961,-118.4621810913086,LOS ANGELES,SANTA CLARITA,-118.46224212646484,34.39825439453125
91595976,2021,2021-10-14,9580,2021-10-01,2015,017427,NA,5,2,9,1900,0,1,3,NA,1,270,SR-27 S/B (TOPANGA CYN. BLVD.),ENTRADO CANYON RD.,42,N,N,A,-,Y,NA,NA,27,NA,NA,NA,NA,NA,S,N,2,0,1,1,A,-,03,22350,NA,N,F,J,A,A,H,-,D,D,0,NA,NA,Y,NA,Y,NA,C,02,1,0,0,0,0,0,0,0,1,-,-,34.124080657958984,-118.59874725341795,LOS ANGELES,UNINCORPORATED,-118.59873962402344,34.12409591674805
91595977,2021,2021-10-14,9540,2021-10-03,1126,019254,NA,7,1,9,1900,0,1,1,NA,2,509,I-5 S/B (GOLDEN STATE FREEWAY),LAKE HUGHES ROAD,4224,N,N,A,-,Y,NA,NA,NA,NA,NA,NA,NA,NA,NA,Y,3,0,3,2,A,-,08,22107,NA,N,D,C,A,A,H,-,A,D,0,NA,NA,NA,Y,Y,NA,A,01,0,2,1,0,0,0,0,0,0,-,-,34.50735092163086,-118.26914978027344,LOS ANGELES,UNINCORPORATED,-118.62384033203124,34.49586486816406
91595982,2021,2021-10-14,9540,2021-10-12,0807,014277,NA,2,1,9,1900,0,1,1,NA,2,509,I-5 SOUTHBOUND,CHP ROAD,3696,S,N,A,G,Y,NA,NA,5,NA,NA,NA,NA,NA,S,Y,2,0,1,2,A,-,03,22350,NA,N,C,C,A,A,H,-,A,D,0,NA,NA,NA,Y,Y,NA,F,26,1,0,0,0,0,0,0,0,0,-,-,34.54296875,-118.65248870849608,LOS ANGELES,UNINCORPORATED,-118.65244293212892,34.54302215576172
91595986,2021,2021-10-14,9540,2021-10-08,0650,019853,NA,5,1,9,1900,0,2,4,NA,1,104,SAN FRANCISQUITO CANYON RD,RUNNER RD,237,N,N,B,C,N,NA,NA,NA,NA,NA,NA,NA,NA,NA,N,4,0,1,1,A,-,03,22350,NA,N,E,I,A,B,H,-,B,D,0,NA,NA,NA,NA,Y,NA,A,01,0,0,1,0,0,0,0,0,0,-,-,34.592830657958984,-118.45240020751952,LOS ANGELES,UNINCORPORATED,-118.45359802246094,34.5928955078125
91595989,2021,2021-10-14,9525,2021-10-08,1840,022546,NA,5,2,6,1955,0,1,3,NA,2,071,SR-71 S/B (CHINO VALLEY FWY),HOLT AVE,2000,N,N,A,-,Y,NA,NA,71,NA,NA,NA,NA,NA,S,Y,4,0,1,2,A,-,03,22350,NA,N,C,C,A,A,H,-,C,D,0,NA,NA,NA,NA,Y,NA,A,01,0,0,1,0,0,0,0,0,0,-,-,34.06452178955078,-117.79666137695313,LOS ANGELES,POMONA,-117.79668426513672,34.064453125
91596004,2021,2021-10-14,9565,2021-08-05,1805,016545,NA,4,2,4,1918,0,1,1,NA,2,061,I-405 S/B,SOUTH OF BALLONA CREEK,1000,S,N,A,-,Y,NA,NA,405,NA,NA,NA,NA,NA,S,N,4,0,1,2,A,-,03,22350,NA,N,C,C,A,A,H,-,A,D,0,NA,NA,NA,NA,Y,NA,A,01,0,0,1,0,0,0,0,0,0,-,-,33.99449920654297,-118.40447235107422,LOS ANGELES,CULVER CITY,-118.404541015625,33.994441986083984
91596007,2021,2021-10-14,9530,2021-10-02,1928,022438,NA,6,2,9,1900,0,3,5,NA,2,001,FIRESTONE BOULEVARD,HOLMES AVENUE,0,NA,Y,A,-,N,NA,NA,NA,NA,NA,NA,NA,NA,NA,Y,3,0,1,2,A,-,09,21801,A,N,D,C,A,A,H,-,C,A,0,NA,NA,NA,NA,Y,NA,A,01,0,1,0,0,0,0,0,0,0,-,-,33.960201263427734,-118.24040222167967,LOS ANGELES,UNINCORPORATED,-118.2408447265625,33.96015167236328
91596026,2021,2021-10-14,9550,2021-10-13,1619,020037,NA,3,2,5,1919,0,1,3,NA,2,091,STATE ROUTE 91 WESTBOUND (ARTESIA FWY),INTERSTATE 605 SOUTHBOUND,300,W,N,A,-,Y,NA,NA,91,NA,NA,NA,NA,NA,W,Y,3,0,3,3,A,-,03,22350,NA,N,C,C,A,A,H,-,A,D,0,NA,NA,NA,NA,Y,NA,A,01,0,1,2,0,0,0,0,0,0,-,-,33.87649154663086,-118.10385131835938,LOS ANGELES,CERRITOS,-118.10385131835938,33.87636947631836
91596028,2021,2021-10-14,9565,2021-10-02,1645,021473,NA,6,2,7,1942,0,1,1,NA,2,062,I-405 N/B (SAN DIEGO FWY),PALMS BLVD,700,N,N,A,-,Y,NA,NA,405,NA,NA,NA,NA,NA,N,N,4,0,1,2,A,-,03,22350,NA,N,C,C,A,A,H,-,A,D,0,NA,NA,NA,NA,Y,NA,A,07,0,0,1,0,0,0,0,0,0,-,-,34.020118713378906,-118.42453002929688,LOS ANGELES,LOS ANGELES,-118.42456817626952,34.02009201049805
91596040,2021,2021-10-14,9530,2021-09-25,1500,022702,NA,6,2,9,1900,0,1,3,NA,2,310,SR-91 E/B (ARTESIA FREEWAY),SUSANA RD.,600,W,N,A,-,Y,NA,NA,91,NA,NA,NA,NA,NA,E,Y,3,0,2,3,A,-,03,22350,NA,N,C,C,A,A,H,-,A,D,0,NA,NA,NA,NA,Y,NA,A,01,0,2,0,0,0,0,0,0,0,-,-,33.87303924560547,-118.20565032958984,LOS ANGELES,UNINCORPORATED,-118.20565795898438,33.87301254272461
91596048,2021,2021-10-14,9530,2021-10-03,0630,022388,NA,7,1,5,1943,0,1,1,NA,2,210,I-105 E/B (GLENN ANDERSON FREEWAY),STATE ST. U/C,38,E,N,A,-,Y,NA,NA,105,NA,NA,NA,NA,NA,E,N,2,0,1,1,A,-,08,22107,NA,N,E,I,A,A,H,-,B,D,0,NA,NA,NA,NA,Y,NA,A,01,1,0,0,0,0,0,0,0,0,-,-,33.92789840698242,-118.21685791015624,LOS ANGELES,LYNWOOD,-118.21691131591795,33.92778015136719
91596055,2021,2021-10-14,9530,2021-10-01,1314,022079,NA,5,1,9,1900,0,3,5,NA,2,003,ATLANTTIC AVE. (15700 BLOCK),LINSLEY ST.,130,S,N,A,-,N,NA,NA,NA,NA,NA,NA,NA,NA,NA,N,3,0,1,2,A,-,03,22350,NA,F,C,C,A,A,H,-,A,D,0,NA,NA,NA,NA,Y,NA,-,99,0,1,0,0,0,0,0,0,0,-,-,33.890220642089844,-118.19309997558594,LOS ANGELES,UNINCORPORATED,-118.19301605224608,33.890254974365234