CASE_ID,ACCIDENT_YEAR,PROC_DATE,JURIS,COLLISION_DATE,COLLISION_TIME,OFFICER_ID,REPORTING_DISTRICT,DAY_OF_WEEK,CHP_SHIFT,POPULATION,CNTY_CITY_LOC,SPECIAL_COND,BEAT_TYPE,CHP_BEAT_TYPE,CITY_DIVISION_LAPD,CHP_BEAT_CLASS,BEAT_NUMBER,PRIMARY_RD,SECONDARY_RD,DISTANCE,DIRECTION,INTERSECTION,WEATHER_1,WEATHER_2,STATE_HWY_IND,CALTRANS_COUNTY,CALTRANS_DISTRICT,STATE_ROUTE,ROUTE_SUFFIX,POSTMILE_PREFIX,POSTMILE,LOCATION_TYPE,RAMP_INTERSECTION,SIDE_OF_HWY,TOW_AWAY,COLLISION_SEVERITY,NUMBER_KILLED,NUMBER_INJURED,PARTY_COUNT,PRIMARY_COLL_FACTOR,PCF_CODE_OF_VIOL,PCF_VIOL_CATEGORY,PCF_VIOLATION,PCF_VIOL_SUBSECTION,HIT_AND_RUN,TYPE_OF_COLLISION,MVIW,PED_ACTION,ROAD_SURFACE,ROAD_COND_1,ROAD_COND_2,LIGHTING,CONTROL_DEVICE,CHP_ROAD_TYPE,PEDESTRIAN_ACCIDENT,BICYCLE_ACCIDENT,MOTORCYCLE_ACCIDENT,TRUCK_ACCIDENT,NOT_PRIVATE_PROPERTY,ALCOHOL_INVOLVED,STWD_VEHTYPE_AT_FAULT,CHP_VEHTYPE_AT_FAULT,COUNT_SEVERE_INJ,COUNT_VISIBLE_INJ,COUNT_COMPLAINT_PAIN,COUNT_PED_KILLED,COUNT_PED_INJURED,COUNT_BICYCLIST_KILLED,COUNT_BICYCLIST_INJURED,COUNT_MC_KILLED,COUNT_MC_INJURED,PRIMARY_RAMP,SECONDARY_RAMP,LATITUDE,LONGITUDE,COUNTY,CITY,POINT_X,POINT_Y
91605658,2021,2021-10-25,9525,2021-10-22,1347,021080,NA,5,1,5,1990,0,1,3,NA,2,572,SR-57 N/B TO DIAMOND BAR BLVD.,DIAMOND BAR BLVD.,528,N,N,A,-,Y,NA,NA,NA,NA,NA,NA,NA,NA,NA,N,4,0,3,2,A,-,03,22350,NA,N,C,C,A,A,H,-,A,D,0,NA,NA,NA,NA,Y,NA,A,07,0,0,3,0,0,0,0,0,0,-,-,33.9665412902832,-117.83992004394533,LOS ANGELES,DIAMOND BAR,-117.84815979003906,33.969295501708984
91605660,2021,2021-10-25,9530,2021-10-15,1124,021004,NA,5,1,9,1900,0,1,1,NA,2,400,I-405 N/B (SAN DIEGO FREEWAY),HAWTHORNE  BLVD,902,S,N,A,-,Y,NA,NA,NA,NA,NA,NA,NA,NA,NA,N,4,0,1,2,A,-,03,22350,NA,N,C,C,A,A,H,-,A,D,0,NA,NA,NA,NA,Y,NA,A,01,0,0,1,0,0,0,0,0,0,-,-,33,-118,LOS ANGELES,UNINCORPORATED,-118.3507080078125,33.8834114074707
91605675,2021,2021-10-25,9525,2021-10-22,1755,020907,NA,5,2,5,1990,0,1,S,NA,2,801,SR-60 W/B (POMONA FREEWAY),DIAMOND BAR BLVD.,2500,W,N,A,-,Y,NA,NA,60,NA,NA,NA,NA,NA,W,N,4,0,1,3,A,-,03,22350,NA,N,C,C,A,A,H,-,A,D,0,NA,NA,NA,NA,Y,NA,A,01,0,0,1,0,0,0,0,0,0,-,-,34.018638610839844,-117.8158721923828,LOS ANGELES,DIAMOND BAR,-117.81610107421876,34.0188102722168
91605741,2021,2021-10-25,9590,2021-10-22,1245,018345,NA,5,1,7,1942,0,1,1,NA,2,063,I-10 WESTBOUND (SMF),NORMADIE AVE.,220,W,N,A,-,Y,NA,NA,10,NA,NA,NA,NA,NA,W,N,4,0,1,2,A,-,08,22107,NA,N,B,C,A,A,H,-,A,D,0,NA,NA,NA,NA,Y,NA,A,08,0,0,1,0,0,0,0,0,0,-,-,34.03728103637695,-118.29711151123048,LOS ANGELES,LOS ANGELES,-118.29711151123048,34.03712463378906
91605751,2021,2021-10-25,9550,2021-10-15,1845,021656,NA,5,2,5,1919,0,1,1,NA,2,652,INTERSTATE 605 N/B (SAN GABRIEL RIVER FREEWAY),DEL AMO BOULEVARD,500,N,N,A,-,Y,NA,NA,605,NA,NA,NA,NA,NA,N,N,4,0,1,3,A,-,03,22350,NA,N,C,C,A,A,H,-,C,D,0,NA,NA,NA,NA,Y,NA,A,01,0,0,1,0,0,0,0,0,0,-,-,33.84714889526367,-118.09288024902344,LOS ANGELES,CERRITOS,-118.09291839599608,33.847129821777344
91605771,2021,2021-10-25,9550,2021-10-17,0105,022587,NA,7,3,6,1949,0,1,1,NA,2,651,I-605 S/B TO I-105,DOWNEY NORWALK ROAD,780,S,N,A,-,Y,NA,NA,605,NA,NA,NA,R,NA,S,Y,3,0,1,1,A,-,01,23152,A,N,E,I,A,A,H,-,D,D,0,NA,NA,NA,NA,Y,Y,A,01,0,1,0,0,0,0,0,0,0,-,-,33.9204216003418,-118.1051788330078,LOS ANGELES,NORWALK,-118.1051788330078,33.9204216003418
91605776,2021,2021-10-25,9550,2021-10-19,2255,022260,NA,2,3,6,1920,0,1,1,NA,2,151,I-105,DOWNEY AVENUE,290,W,N,A,-,Y,NA,NA,NA,NA,NA,NA,NA,NA,NA,Y,4,0,2,2,A,-,01,23152,A,N,C,C,A,A,H,-,D,D,0,NA,NA,NA,NA,Y,Y,A,01,0,0,2,0,0,0,0,0,0,-,-,33.912071228027344,-118.15603637695313,LOS ANGELES,DOWNEY,-118.15335845947266,33.91265106201172
91605778,2021,2021-10-25,9525,2021-10-23,1458,020891,NA,6,2,6,1975,0,1,1,NA,2,103,I-10 W/B (SAN BERNARDINO FWY),PACIFIC AVE.,300,E,N,B,-,Y,NA,NA,10,NA,NA,NA,NA,NA,W,Y,4,0,1,2,A,-,03,22350,NA,N,C,C,A,A,H,-,A,D,0,NA,NA,NA,NA,Y,NA,A,01,0,0,1,0,0,0,0,0,0,-,-,34.07242965698242,-117.9414520263672,LOS ANGELES,WEST COVINA,-117.9414520263672,34.07243728637695
91605794,2021,2021-10-25,9535,2021-10-17,1805,022694,NA,7,2,9,1900,0,1,3,NA,2,601,SR-60 W/B (POMONA FREEWAY),INDIANA ST.,528,E,N,A,-,Y,NA,NA,60,NA,NA,NA,NA,NA,W,Y,4,0,1,3,A,-,03,22350,NA,N,C,C,A,A,H,-,B,D,0,NA,NA,NA,NA,Y,NA,A,01,0,0,1,0,0,0,0,0,0,-,-,34.03179931640625,-118.18781280517578,LOS ANGELES,UNINCORPORATED,-118.18781280517578,34.031837463378906
91605797,2021,2021-10-25,9550,2021-10-14,1930,022391,NA,4,2,1,1932,0,1,3,NA,2,600,SR-60 WESTBOUND,CROSSROADS PARKWAY,1584,E,N,A,-,Y,NA,NA,60,NA,NA,NA,NA,NA,W,Y,4,0,2,4,A,-,03,22350,NA,N,C,C,A,A,H,-,C,D,0,NA,NA,NA,NA,Y,NA,A,01,0,0,2,0,0,0,0,0,0,-,-,34.02912902832031,-118.00685119628906,LOS ANGELES,INDUSTRY,-118.00685119628906,34.02925491333008
91605815,2021,2021-10-25,9525,2021-10-23,2315,021545,NA,6,3,5,1990,0,1,3,NA,2,574,SR-57 N/B (ORANGE FWY),SR-60 W/B (POMONA FWY),400,S,N,A,-,Y,NA,NA,57,NA,NA,NA,NA,NA,N,N,4,0,1,2,A,-,07,21658,A,N,B,C,A,A,H,-,C,D,0,NA,NA,NA,NA,Y,NA,A,07,0,0,1,0,0,0,0,0,0,-,-,33.995811462402344,-117.84049987792967,LOS ANGELES,DIAMOND BAR,-117.84047698974608,33.99578857421875
91605828,2021,2021-10-25,9565,2021-08-06,1518,022576,NA,5,2,4,1918,0,1,1,NA,2,061,I-405 N/B,WASHINGTON PL,550,N,N,A,-,Y,NA,NA,405,NA,NA,NA,NA,NA,N,Y,4,0,1,2,A,-,03,22350,NA,N,C,C,A,A,H,-,A,D,0,NA,NA,NA,NA,Y,NA,D,22,0,0,1,0,0,0,0,0,0,-,-,34.00941848754883,-118.4161376953125,LOS ANGELES,CULVER CITY,-118.41612243652344,34.00943374633789
91605832,2021,2021-10-25,9535,2021-10-14,0905,022100,NA,4,1,6,1922,0,1,1,NA,2,401,I-10 (SAN BERNARDINO FREEWAY) W/B,PECK RD.,165,W,N,A,-,Y,NA,NA,10,NA,NA,NA,NA,NA,W,Y,4,0,6,7,A,-,08,22107,NA,N,B,C,A,A,H,-,A,D,0,NA,NA,NA,NA,Y,NA,A,01,0,0,6,0,0,0,0,0,0,-,-,34.068031311035156,-118.02967071533205,LOS ANGELES,EL MONTE,-118.02967071533205,34.06806945800781
91605880,2021,2021-10-25,9525,2021-10-01,0032,022627,NA,5,3,9,1900,0,2,4,NA,2,022,ARROW HWY (19000 BLOCK),GRAND AVE,1056,E,N,A,-,N,NA,NA,NA,NA,NA,NA,NA,NA,NA,N,3,0,1,3,A,-,08,22107,NA,M,C,E,A,A,H,-,C,D,0,NA,NA,NA,Y,Y,Y,A,01,0,1,0,0,0,0,0,0,0,-,-,34.10649871826172,-117.86795043945313,LOS ANGELES,UNINCORPORATED,-117.86923217773438,34.1064567565918
91605886,2021,2021-10-25,9525,2021-10-15,0850,019632,NA,5,1,4,1905,0,1,1,NA,2,204,I-210 E/B (FOOTHILL FWY),VERNON AVENUE,2640,W,N,A,-,Y,NA,NA,210,NA,NA,NA,NA,NA,E,N,4,0,1,3,A,-,03,22350,NA,N,C,C,A,A,H,-,A,D,0,NA,NA,NA,NA,Y,NA,A,01,0,0,1,0,0,0,0,0,0,-,-,34.12934112548828,-117.92408752441406,LOS ANGELES,AZUSA,-117.92408752441406,34.129337310791016
91605893,2021,2021-10-25,9550,2021-10-16,1035,018360,NA,6,1,9,1900,0,2,4,NA,1,031,HACIENDA BLVD.,LA MONDE STREET,75,N,N,A,-,N,NA,NA,NA,NA,NA,NA,NA,NA,NA,N,4,0,2,2,A,-,07,21658,A,N,B,C,A,A,H,-,A,A,0,NA,NA,NA,NA,Y,NA,A,07,0,0,2,0,0,0,0,0,0,-,-,33.99496078491211,-117.96842193603516,LOS ANGELES,UNINCORPORATED,-117.96856689453124,33.994956970214844
91605904,2021,2021-10-25,9550,2021-10-16,1725,022167,NA,6,2,7,1941,0,1,3,NA,2,090,SR-91 E/B,WALNUT AVE,40,W,N,A,-,Y,NA,NA,91,NA,NA,NA,NA,NA,E,Y,3,0,1,2,A,-,03,22350,NA,N,C,C,A,A,H,-,A,D,0,NA,NA,NA,NA,Y,NA,A,01,0,1,0,0,0,0,0,0,0,-,-,33.876731872558594,-118.17324829101564,LOS ANGELES,LONG BEACH,-118.17324066162108,33.876853942871094
91605917,2021,2021-10-25,9525,2021-10-18,2145,015988,NA,1,2,6,1955,0,1,3,NA,2,571,SR-57 S/B TO I-10 E/B,VIA VERDE,6336,S,N,B,-,Y,NA,NA,NA,NA,NA,NA,NA,NA,NA,Y,3,0,1,2,A,-,03,22350,NA,F,C,C,A,A,H,-,D,D,0,NA,NA,NA,NA,Y,Y,A,08,0,1,0,0,0,0,0,0,0,-,-,34.0660514831543,-117.80314636230467,LOS ANGELES,POMONA,-117.80580902099608,34.06251525878906
91605923,2021,2021-10-25,9525,2021-10-25,1455,020216,NA,1,2,9,1900,0,3,5,NA,2,003,VALINDA AVE.,ALWOOD ST.,0,NA,Y,B,C,N,NA,NA,NA,NA,NA,NA,NA,NA,NA,N,4,0,1,2,A,-,03,22350,NA,N,C,C,A,B,H,-,A,D,0,NA,NA,NA,NA,Y,NA,A,01,0,0,1,0,0,0,0,0,0,-,-,34.04914093017578,-117.92562866210938,LOS ANGELES,UNINCORPORATED,-117.92562103271484,34.04888916015625
91605925,2021,2021-10-25,9550,2021-10-17,0048,022426,NA,7,3,6,1949,0,1,1,NA,2,652,INTERSTATE 605 N/B,STUDEBAKER ROAD,400,N,N,A,-,Y,NA,NA,NA,NA,NA,NA,NA,NA,NA,N,4,0,1,2,A,-,03,22350,NA,F,C,C,A,A,H,-,D,D,0,NA,NA,NA,NA,Y,NA,-,99,0,0,1,0,0,0,0,0,0,-,-,33.869049072265625,-118.09979248046876,LOS ANGELES,NORWALK,-118.0996551513672,33.86891174316406
91605926,2021,2021-10-25,9565,2021-10-14,1943,022104,NA,4,2,6,1933,0,1,1,NA,2,060,I-405 N/B TO MANCHESTER BLVD.,MANCHESTER BLVD.,1250,S,N,A,-,Y,NA,NA,405,NA,NA,NA,R,NA,N,Y,3,0,2,2,A,-,03,22350,NA,N,C,C,A,A,H,-,D,D,0,NA,NA,NA,NA,Y,NA,A,07,0,2,0,0,0,0,0,0,0,-,-,33.95804977416992,-118.36897277832033,LOS ANGELES,INGLEWOOD,-118.36897277832033,33.95804977416992
91605939,2021,2021-10-26,9525,2021-10-24,1900,022521,NA,7,2,9,1900,0,3,5,NA,2,004,WORKMAN MILL RD.,LOMITAS AVE.,0,NA,Y,A,-,N,NA,NA,NA,NA,NA,NA,NA,NA,NA,Y,3,0,5,2,A,-,01,23152,A,N,A,C,A,A,H,-,C,A,0,NA,NA,NA,NA,Y,Y,A,01,0,3,2,0,0,0,0,0,0,-,-,34.03902053833008,-118.0016632080078,LOS ANGELES,UNINCORPORATED,-118.00189208984376,34.03947448730469
91605962,2021,2021-10-26,9525,2021-10-20,1730,021995,NA,3,2,6,1955,0,1,1,NA,2,110,I-10 E/B (SAN BERNARDINO FWY),TOWNE AVE,500,W,N,B,-,Y,NA,NA,10,NA,NA,NA,NA,NA,E,N,4,0,1,2,A,-,03,22350,NA,N,C,C,A,A,H,-,A,D,0,NA,NA,NA,NA,Y,NA,A,07,0,0,1,0,0,0,0,0,0,-,-,34.07585906982422,-117.74671936035156,LOS ANGELES,POMONA,-117.74678802490234,34.07603454589844
91605964,2021,2021-10-26,9575,2021-10-13,2030,021403,NA,3,2,9,1900,0,3,5,NA,2,003,LITTLE TUJUNGA CANYON ROAD,ANGELES FOREST RANGE,5280,S,N,A,-,N,NA,NA,NA,NA,NA,NA,NA,NA,NA,Y,3,0,1,2,A,-,01,23152,A,N,B,C,A,A,H,-,D,D,0,NA,NA,NA,NA,Y,Y,A,01,0,1,0,0,0,0,0,0,0,-,-,34.286720275878906,-118.36910247802734,LOS ANGELES,UNINCORPORATED,NA,NA
91605976,2021,2021-10-26,9550,2021-10-17,0350,022600,NA,7,3,9,1900,0,1,3,NA,2,601,STATE ROUTE 60 EASTBOUND,STIMSON AVENUE,2640,E,N,A,-,Y,NA,NA,60,NA,NA,NA,NA,NA,E,N,4,0,1,2,A,-,01,23152,A,N,B,C,A,A,H,-,C,D,0,NA,NA,NA,NA,Y,Y,D,22,0,0,1,0,0,0,0,0,0,-,-,34.00331115722656,-117.95298004150392,LOS ANGELES,UNINCORPORATED,-117.95298004150392,34.003299713134766
91606146,2021,2021-10-26,9565,2021-10-14,0746,017648,NA,4,1,9,1900,0,1,1,NA,2,012,I-105 W/B,WESTERN AVE.,1200,E,N,A,-,Y,NA,NA,105,NA,NA,NA,NA,NA,W,N,4,0,2,3,A,-,03,22350,NA,F,C,C,A,A,H,-,A,D,0,NA,NA,NA,NA,Y,NA,A,01,0,0,2,0,0,0,0,0,0,-,-,33.92620849609375,-118.30683135986328,LOS ANGELES,UNINCORPORATED,-118.30683135986328,33.92621612548828
91606164,2021,2021-10-26,9540,2021-10-13,0130,021849,NA,3,3,9,1900,0,1,3,NA,2,146,SR-14 N/B (ANTELOPE VALLEY FREEWAY),PURITAN MINE RD,1214,N,N,A,-,Y,NA,NA,14,NA,NA,NA,NA,NA,N,Y,3,0,1,1,A,-,01,23152,A,N,E,I,A,A,H,-,D,D,0,NA,NA,NA,NA,Y,Y,A,01,0,1,0,0,0,0,0,0,0,-,-,34.50347137451172,-118.24146270751952,LOS ANGELES,UNINCORPORATED,-118.2414321899414,34.50358581542969
91606190,2021,2021-10-26,9540,2021-10-21,0905,020862,NA,4,1,7,1942,0,1,1,NA,2,551,I-5 SOUTHBOUND(GOLDEN STATE FWY),I-405,10,S,N,A,-,Y,NA,NA,5,NA,NA,NA,NA,NA,S,Y,4,0,1,2,A,-,03,22350,NA,N,C,C,A,A,H,-,A,D,0,NA,NA,NA,NA,Y,NA,A,01,0,0,1,0,0,0,0,0,0,-,-,34.29085922241211,-118.46739196777344,LOS ANGELES,LOS ANGELES,-118.46743774414064,34.29081726074219
91606204,2021,2021-10-26,9565,2021-10-14,1358,021892,NA,4,1,7,1942,0,1,1,NA,2,012,I-105 W/B TO NASH ST.,I-105,200,N,N,A,-,Y,NA,NA,105,NA,NA,NA,R,NA,W,N,3,0,1,1,C,-,18,NA,NA,N,E,I,A,D,B,-,A,D,0,NA,NA,NA,NA,Y,NA,-,-,0,1,0,0,0,0,0,0,0,-,-,33.932411193847656,-118.38768005371094,LOS ANGELES,LOS ANGELES,-118.38768005371094,33.932411193847656
91606218,2021,2021-10-26,9590,2021-09-12,0526,022698,NA,7,3,7,1942,0,1,1,NA,2,064,I-10 E/B (SANTA MONICA FREEWAY),NAOMI AVENUE,135,W,N,A,-,Y,NA,NA,10,NA,NA,NA,NA,NA,E,Y,3,0,2,2,A,-,08,22107,NA,N,C,C,A,A,H,-,D,D,0,NA,NA,NA,NA,Y,NA,A,01,0,2,0,0,0,0,0,0,0,-,-,34.02473831176758,-118.24730682373048,LOS ANGELES,LOS ANGELES,-118.24730682373048,34.024749755859375
91606219,2021,2021-10-26,9565,2021-10-14,1928,022104,NA,4,2,6,1933,0,1,1,NA,2,060,I-405 N/B TO MANCHESTER BLVD.,MANCHESTER BLVD.,1270,S,N,A,-,Y,NA,NA,405,NA,NA,NA,R,NA,N,Y,3,0,1,2,A,-,03,22350,NA,F,C,C,A,A,H,-,D,D,0,NA,NA,NA,NA,Y,NA,-,-,0,1,0,0,0,0,0,0,0,-,-,33.958011627197266,-118.36898040771484,LOS ANGELES,INGLEWOOD,-118.36898040771484,33.958011627197266
91606222,2021,2021-10-26,9530,2021-09-27,0720,018278,NA,1,1,7,1942,0,1,1,NA,2,400,I-405 S/B (SAN DIEGO FREEWAY),VERMONT AVE.,1109,N,N,B,-,Y,NA,NA,NA,NA,NA,NA,NA,NA,NA,Y,4,0,1,2,A,-,08,22107,NA,N,B,D,A,A,H,-,B,D,0,NA,NA,NA,NA,Y,NA,A,01,0,0,1,0,0,0,0,0,0,-,-,33.51350021362305,-118.17476654052734,LOS ANGELES,LOS ANGELES,-118.29412841796876,33.8597412109375
91606230,2021,2021-10-26,9550,2021-10-17,1320,022167,NA,7,1,5,1919,0,1,1,NA,2,652,I-605 N/B,195TH ST,400,N,N,A,-,Y,NA,NA,605,NA,NA,NA,NA,NA,N,N,4,0,1,3,A,-,03,22350,NA,F,C,C,A,A,H,-,A,D,0,NA,NA,NA,NA,Y,NA,-,99,0,0,1,0,0,0,0,0,0,-,-,33.85445022583008,-118.0950927734375,LOS ANGELES,CERRITOS,-118.09507751464844,33.854454040527344
91606231,2021,2021-10-26,9545,2021-10-13,1735,019345,NA,3,2,9,1900,0,3,5,NA,2,003,ANGELES FOREST HIGHWAY,SIERRA HIGHWAY,20,S,N,A,-,N,NA,NA,NA,NA,NA,NA,NA,NA,NA,N,3,0,1,2,A,-,03,22350,NA,N,C,C,A,A,H,-,A,A,0,NA,NA,NA,NA,Y,NA,D,22,0,1,0,0,0,0,0,0,0,-,-,34.50933837890625,-118.11087036132813,LOS ANGELES,UNINCORPORATED,-118.11107635498048,34.50917053222656
91606237,2021,2021-10-26,9565,2021-10-14,1325,022193,NA,4,1,9,1900,0,3,5,NA,2,002,VAN NESS AVE,CENTURY BLVD,12,S,N,A,-,N,NA,NA,NA,NA,NA,NA,NA,NA,NA,N,4,0,2,2,A,-,08,22107,NA,N,B,C,A,A,H,-,A,A,0,NA,NA,NA,NA,Y,NA,E,22,0,0,2,0,0,0,0,0,0,-,-,33.94546127319336,-118.31773376464844,LOS ANGELES,UNINCORPORATED,-118.31771850585938,33.94542694091797
91606241,2021,2021-10-26,9550,2021-10-15,1548,022597,NA,5,2,9,1900,0,2,4,NA,1,023,MULBERRY DR.,GUNN AVE.,0,NA,Y,A,-,N,NA,NA,NA,NA,NA,NA,NA,NA,NA,Y,3,0,5,3,A,-,17,21451,A,N,B,C,A,A,H,-,A,A,0,NA,NA,NA,NA,Y,NA,A,01,0,3,2,0,0,0,0,0,0,-,-,33.94573974609375,-118.03134155273438,LOS ANGELES,UNINCORPORATED,-118.03134918212892,33.9456672668457
91606246,2021,2021-10-26,9545,2021-10-17,0330,019414,NA,7,3,9,1900,0,3,5,NA,2,001,AVENUE I,65TH ST  E,885,W,N,A,-,N,NA,NA,NA,NA,NA,NA,NA,NA,NA,N,2,0,1,1,A,-,08,22107,NA,N,E,J,A,A,H,-,D,D,0,NA,NA,NA,NA,Y,NA,A,01,1,0,0,0,0,0,0,0,0,-,-,34.70458984375,-118.0173797607422,LOS ANGELES,UNINCORPORATED,-118.01739501953124,34.70461654663086
91606247,2021,2021-10-26,9580,2021-10-16,0830,020879,NA,6,1,7,1942,0,1,2,NA,2,102,US-101 NB (VENTURA FWY),VAN NUYS BL,500,S,N,A,-,Y,NA,NA,101,NA,NA,NA,NA,NA,N,Y,3,0,1,1,A,-,08,22107,NA,N,E,8,A,A,H,-,A,D,0,NA,NA,NA,NA,Y,NA,A,08,0,1,0,0,0,0,0,0,0,-,-,34.15642166137695,-118.44699096679688,LOS ANGELES,LOS ANGELES,-118.44700622558594,34.15637969970703
91606248,2021,2021-10-26,9545,2021-10-17,0028,022678,NA,7,3,9,1900,0,3,5,NA,2,001,AVENUE R,90TH STREET EAST,1056,W,N,A,-,N,NA,NA,NA,NA,NA,NA,NA,NA,NA,Y,3,0,3,1,A,-,01,23152,A,N,E,I,A,A,H,-,C,A,0,NA,NA,NA,NA,Y,Y,A,01,0,2,1,0,0,0,0,0,0,-,-,38.819801330566406,-121.02760314941406,LOS ANGELES,UNINCORPORATED,-117.97329711914064,34.572322845458984
91606257,2021,2021-10-26,9565,2021-10-14,1548,021892,NA,4,2,9,1900,0,1,1,NA,2,012,I-105 E/B,WESTERN AVE,500,E,N,A,-,Y,NA,NA,105,NA,NA,NA,NA,NA,E,N,4,0,1,2,A,-,03,22350,NA,N,C,C,A,A,H,-,A,D,0,NA,NA,NA,NA,Y,NA,A,01,0,0,1,0,0,0,0,0,0,-,-,33.925819396972656,-118.30655670166016,LOS ANGELES,UNINCORPORATED,-118.30657196044922,33.92588806152344
91606258,2021,2021-10-26,9580,2021-10-17,1215,019451,NA,7,1,7,1942,0,1,2,NA,2,103,US-101 S/B (VENTURA FREEWAY),HAYVENHURST AVE,1056,S,N,A,-,Y,NA,NA,101,NA,NA,NA,NA,NA,S,Y,3,0,1,2,A,-,03,22350,NA,N,C,C,A,A,H,-,A,D,0,NA,NA,NA,NA,Y,NA,A,01,0,1,0,0,0,0,0,0,0,-,-,34.16505813598633,-118.48509216308594,LOS ANGELES,LOS ANGELES,-118.48509216308594,34.165164947509766
91606263,2021,2021-10-26,9580,2021-10-17,1735,022437,NA,7,2,7,1942,0,1,1,NA,2,404,I-405 N/B (SAN DIEGO FWY),MULHOLLAND DR,250,N,N,A,-,Y,NA,NA,405,NA,NA,NA,NA,NA,N,Y,4,0,1,3,A,-,03,22350,NA,N,C,C,A,A,H,-,A,D,0,NA,NA,NA,NA,Y,NA,A,01,0,0,1,0,0,0,0,0,0,-,-,34.12715148925781,-118.47470092773438,LOS ANGELES,LOS ANGELES,-118.47475433349608,34.1271858215332
91606270,2021,2021-10-26,9580,2021-10-16,1330,021966,NA,6,1,7,1942,0,1,1,NA,2,405,I-405 S/B (SAN DIEGO FWY),THE NORTH ROAD EDGE OF BURBANK BLVD.,25,S,N,A,-,Y,NA,NA,405,NA,NA,NA,NA,NA,S,Y,3,0,1,3,A,-,03,22350,NA,N,C,C,A,A,H,-,A,D,0,NA,NA,NA,NA,Y,NA,A,01,0,1,0,0,0,0,0,0,0,-,-,34.172149658203125,-118.46778106689452,LOS ANGELES,LOS ANGELES,-118.46778106689452,34.172149658203125
91606285,2021,2021-10-26,9530,2021-10-15,1845,021709,NA,5,2,7,1941,0,1,1,NA,2,430,I-405 N/B (SAN DIEGO FREEWAY),STEARNS ST.,50,S,N,A,-,Y,NA,NA,405,NA,NA,NA,NA,NA,N,N,4,0,2,3,A,-,03,22350,NA,N,C,C,A,A,H,-,C,D,0,NA,NA,Y,NA,Y,NA,A,07,0,0,2,0,0,0,0,0,1,-,-,33.7952995300293,-118.1055908203125,LOS ANGELES,LONG BEACH,-118.10556793212892,33.79533004760742
91606292,2021,2021-10-26,9550,2021-10-15,2240,022631,NA,5,3,9,1900,0,1,1,NA,2,652,I-605 NORTHBOUND TO WHITTIER BLVD.,WHITTIER BOULEVARD,40,S,N,A,-,Y,NA,NA,605,NA,NA,NA,R,NA,N,N,4,0,1,2,A,-,03,22350,NA,N,C,C,A,A,H,-,C,B,0,NA,NA,NA,NA,Y,NA,A,01,0,0,1,0,0,0,0,0,0,-,-,33.9923210144043,-118.06809997558594,LOS ANGELES,UNINCORPORATED,-118.06809997558594,33.9923210144043
91606298,2021,2022-01-12,9565,2021-10-14,0745,017648,NA,4,1,9,1900,0,1,1,NA,2,012,I-105 W/B,WESTERN AVE.,1056,E,N,A,-,Y,NA,NA,105,NA,NA,NA,NA,NA,W,Y,2,0,1,2,A,-,07,21658,A,N,B,C,A,A,H,-,A,D,0,NA,NA,Y,NA,Y,NA,A,01,1,0,0,0,0,0,0,0,1,-,-,33.926239013671875,-118.30771636962892,LOS ANGELES,UNINCORPORATED,-118.30768585205078,33.926048278808594
91606314,2021,2021-10-26,9580,2021-10-21,0735,022653,NA,4,1,7,1942,0,1,2,NA,2,102,US-101 N/B (VENTURA FREEWAY),HASKELL AVE,528,S,N,A,-,Y,NA,NA,101,NA,NA,NA,NA,NA,N,Y,4,0,1,2,A,-,08,22107,NA,N,B,C,A,A,H,-,A,D,0,NA,NA,NA,NA,Y,NA,D,22,0,0,1,0,0,0,0,0,0,-,-,34.16102981567383,-118.46952056884766,LOS ANGELES,LOS ANGELES,-118.46953582763672,34.16100311279297
91606319,2021,2021-10-26,9525,2021-10-19,1647,021080,NA,2,2,9,1900,0,3,5,NA,2,003,MAPLEGROVE ST.,BANNON AVE.,0,NA,Y,A,-,N,NA,NA,NA,NA,NA,NA,NA,NA,NA,N,3,0,1,2,A,-,09,21801,A,N,D,C,A,A,H,-,A,D,0,NA,NA,NA,NA,Y,NA,D,22,0,1,0,0,0,0,0,0,0,-,-,34.04534912109375,-117.9439697265625,LOS ANGELES,UNINCORPORATED,-117.94399261474608,34.045352935791016
91606335,2021,2021-10-26,9580,2021-10-21,2325,022663,NA,4,3,7,1942,0,1,3,NA,2,115,SR-118 W/B (RONALD REAGAN FWY.),RESEDA BLVD,3696,E,N,A,-,Y,NA,NA,118,NA,NA,NA,NA,NA,W,Y,4,0,1,1,A,-,01,23152,A,N,B,I,A,A,H,-,D,D,0,NA,NA,NA,NA,Y,Y,A,01,0,0,1,0,0,0,0,0,0,-,-,34.27838897705078,-118.52462005615234,LOS ANGELES,LOS ANGELES,-118.52462005615234,34.278377532958984
91606362,2021,2022-02-07,9540,2021-10-13,1917,022415,NA,3,2,7,1942,0,1,1,NA,2,210,I-210 W/B,MACLAY ST,150,W,N,A,-,Y,NA,NA,210,NA,NA,NA,NA,NA,W,N,4,0,1,2,A,-,01,23152,A,N,C,C,A,A,H,-,D,D,0,NA,NA,NA,NA,Y,Y,D,22,0,0,1,0,0,0,0,0,0,-,-,34.29964828491211,-118.41960144042967,LOS ANGELES,LOS ANGELES,-118.41961669921876,34.29963302612305