CASE_ID,ACCIDENT_YEAR,PROC_DATE,JURIS,COLLISION_DATE,COLLISION_TIME,OFFICER_ID,REPORTING_DISTRICT,DAY_OF_WEEK,CHP_SHIFT,POPULATION,CNTY_CITY_LOC,SPECIAL_COND,BEAT_TYPE,CHP_BEAT_TYPE,CITY_DIVISION_LAPD,CHP_BEAT_CLASS,BEAT_NUMBER,PRIMARY_RD,SECONDARY_RD,DISTANCE,DIRECTION,INTERSECTION,WEATHER_1,WEATHER_2,STATE_HWY_IND,CALTRANS_COUNTY,CALTRANS_DISTRICT,STATE_ROUTE,ROUTE_SUFFIX,POSTMILE_PREFIX,POSTMILE,LOCATION_TYPE,RAMP_INTERSECTION,SIDE_OF_HWY,TOW_AWAY,COLLISION_SEVERITY,NUMBER_KILLED,NUMBER_INJURED,PARTY_COUNT,PRIMARY_COLL_FACTOR,PCF_CODE_OF_VIOL,PCF_VIOL_CATEGORY,PCF_VIOLATION,PCF_VIOL_SUBSECTION,HIT_AND_RUN,TYPE_OF_COLLISION,MVIW,PED_ACTION,ROAD_SURFACE,ROAD_COND_1,ROAD_COND_2,LIGHTING,CONTROL_DEVICE,CHP_ROAD_TYPE,PEDESTRIAN_ACCIDENT,BICYCLE_ACCIDENT,MOTORCYCLE_ACCIDENT,TRUCK_ACCIDENT,NOT_PRIVATE_PROPERTY,ALCOHOL_INVOLVED,STWD_VEHTYPE_AT_FAULT,CHP_VEHTYPE_AT_FAULT,COUNT_SEVERE_INJ,COUNT_VISIBLE_INJ,COUNT_COMPLAINT_PAIN,COUNT_PED_KILLED,COUNT_PED_INJURED,COUNT_BICYCLIST_KILLED,COUNT_BICYCLIST_INJURED,COUNT_MC_KILLED,COUNT_MC_INJURED,PRIMARY_RAMP,SECONDARY_RAMP,LATITUDE,LONGITUDE,COUNTY,CITY,POINT_X,POINT_Y
91607047,2021,2021-10-27,9550,2021-10-19,1720,022037,NA,2,2,9,1900,0,2,4,NA,1,051,NOGALES STREET,GALE AVENUE,500,N,N,A,-,N,NA,NA,NA,NA,NA,NA,NA,NA,NA,N,4,0,2,2,A,-,21,22106,NA,N,C,C,A,A,H,-,A,A,0,NA,NA,NA,NA,Y,NA,A,07,0,0,2,0,0,0,0,0,0,-,-,33.99773025512695,-117.88829803466795,LOS ANGELES,UNINCORPORATED,-117.88825988769533,33.99767303466797
91607216,2021,2021-10-27,9540,2021-10-15,2055,021370,NA,5,2,9,1900,0,1,1,NA,2,510,INTERSTATE 5 NORTHBOUND,TEMPLIN HWY,5280,N,N,A,-,Y,NA,NA,5,NA,NA,NA,NA,NA,N,Y,2,0,1,2,A,-,01,23152,A,M,B,C,A,A,H,-,D,D,0,NA,NA,NA,NA,Y,Y,D,22,1,0,0,0,0,0,0,0,0,-,-,34.578128814697266,-118.70128631591795,LOS ANGELES,UNINCORPORATED,-118.70134735107422,34.57808303833008
91607218,2021,2021-10-27,9540,2021-10-17,1950,022189,NA,7,2,7,1942,0,2,4,NA,1,201,SIERRA HWY,SAND CANYON RD,0,NA,Y,A,-,N,NA,NA,NA,NA,NA,NA,NA,NA,NA,N,3,0,1,2,A,-,09,21804,A,N,E,C,A,A,H,-,C,A,0,NA,NA,Y,NA,Y,NA,A,01,0,1,0,0,0,0,0,0,1,-,-,34.44990158081055,-118.42366027832033,LOS ANGELES,LOS ANGELES,-118.42363739013672,34.44980239868164
91607221,2021,2021-10-27,9540,2021-10-17,1335,022189,NA,7,1,7,1942,0,1,1,NA,2,210,I-210 W/B,MACLAY ST,500,E,N,A,-,Y,NA,NA,210,NA,NA,NA,NA,NA,W,N,4,0,1,2,A,-,07,21658,A,F,B,C,A,A,H,-,A,D,0,NA,NA,NA,NA,Y,NA,-,99,0,0,1,0,0,0,0,0,0,-,-,34.298091888427734,-118.41806030273438,LOS ANGELES,LOS ANGELES,-118.41802215576172,34.29813003540039
91607237,2021,2021-10-27,9540,2021-10-25,1605,019232,NA,1,2,9,1900,0,1,3,NA,2,146,SR-14 N/B,SAND CYN RD,2640,N,N,C,-,Y,NA,NA,NA,NA,NA,NA,NA,NA,NA,N,4,0,1,3,A,-,04,21703,NA,N,C,C,A,B,H,-,A,D,0,NA,NA,NA,NA,Y,NA,D,22,0,0,1,0,0,0,0,0,0,-,-,34.42766189575195,-118.40776824951172,LOS ANGELES,UNINCORPORATED,-118.41559600830078,34.427650451660156
91607248,2021,2021-10-27,9535,2021-09-21,0130,022719,NA,2,3,9,1900,0,2,4,NA,2,024,WHITTIER BLVD. (6500 BLOCK),VIA DEL ORO,200,E,N,A,-,N,NA,NA,NA,NA,NA,NA,NA,NA,NA,Y,2,0,1,4,A,-,03,22350,NA,N,A,E,A,A,H,-,C,A,0,NA,NA,NA,NA,Y,NA,A,01,1,0,0,0,0,0,0,0,0,-,-,34.01509094238281,-118.1318817138672,LOS ANGELES,UNINCORPORATED,-118.13194274902344,34.01506423950195
91607274,2021,2021-10-27,9525,2021-10-19,0818,018992,NA,2,1,1,1934,0,1,1,NA,2,203,I-210 W/B (FOOTHILL FWY),I-605 N/B (SAN GABRIEL RIVER FWY),400,E,N,A,-,Y,NA,NA,210,NA,NA,NA,NA,NA,W,N,4,0,1,3,A,-,03,22350,NA,N,C,C,A,A,H,-,A,D,0,NA,NA,NA,NA,Y,NA,A,01,0,0,1,0,0,0,0,0,0,-,-,34.133888244628906,-117.95545959472656,LOS ANGELES,IRWINDALE,-117.95545959472656,34.133888244628906
91607279,2021,2021-10-27,9565,2021-10-15,1709,022206,NA,5,2,9,1900,0,3,5,NA,2,003,ESCALON AVENUE,ATHENIAN WAY,0,NA,Y,A,-,N,NA,NA,NA,NA,NA,NA,NA,NA,NA,N,2,0,1,2,A,-,11,21954,A,N,G,B,E,A,H,-,A,D,0,Y,NA,NA,NA,Y,NA,N,60,1,0,0,0,1,0,0,0,0,-,-,33.99877166748047,-118.34602355957033,LOS ANGELES,UNINCORPORATED,-118.3459930419922,33.9987678527832
91607287,2021,2021-10-27,9545,2021-10-13,1425,018058,NA,3,2,9,1900,0,1,3,NA,2,011,SR-14 N/B AEROSPACE HIGHWAY,AVENUE A,2270,S,N,A,-,Y,NA,NA,14,NA,NA,NA,NA,NA,N,N,4,0,1,1,A,-,08,22107,NA,N,E,I,A,A,H,-,A,D,0,NA,NA,NA,NA,Y,NA,A,07,0,0,1,0,0,0,0,0,0,-,-,34.8142204284668,-118.17015838623048,LOS ANGELES,UNINCORPORATED,-118.17042541503906,34.81422805786133
91607292,2021,2021-10-27,9525,2021-10-21,0005,022630,NA,4,3,9,1900,0,1,3,NA,1,024,SR-39 (SAN GABRIEL COUNTY RD),RINCON FIRE STATION,12778,N,N,A,-,N,NA,NA,39,NA,NA,NA,NA,NA,NA,N,4,0,2,1,A,-,03,22350,NA,N,E,I,A,A,H,-,D,D,0,NA,NA,NA,NA,Y,NA,A,01,0,0,2,0,0,0,0,0,0,-,-,34.2624397277832,-117.85082244873048,LOS ANGELES,UNINCORPORATED,-117.85084533691406,34.262420654296875
91607293,2021,2021-10-27,9545,2021-10-18,1825,018058,NA,1,2,9,1900,0,2,4,NA,1,013,ELIZABETH LAKE RD,MUNZ RANCH ROAD,262,W,N,A,-,N,NA,NA,NA,NA,NA,NA,NA,NA,NA,Y,3,0,1,1,A,-,08,22107,NA,N,E,I,A,A,H,-,C,D,0,NA,NA,NA,NA,Y,NA,A,01,0,1,0,0,0,0,0,0,0,-,-,34.66838073730469,-118.39639282226564,LOS ANGELES,UNINCORPORATED,-118.39630889892578,34.6683235168457
91607323,2021,2021-10-27,9525,2021-10-17,1525,021080,NA,7,2,5,1926,0,1,3,NA,2,572,SR-57 NB TO I-210 WB,SUNFLOWER AVE.,3696,E,N,A,-,Y,NA,NA,57,NA,NA,NA,R,NA,N,N,4,0,1,2,A,-,03,22350,NA,N,C,C,A,A,H,-,A,D,0,NA,NA,NA,NA,Y,NA,A,01,0,0,1,0,0,0,0,0,0,-,-,34.12113952636719,-117.83441925048828,LOS ANGELES,GLENDORA,-117.83441925048828,34.12113952636719
91607333,2021,2021-10-27,9580,2021-10-15,0755,018580,NA,5,1,7,1942,0,1,3,NA,2,116,SR-118 E/B (RONALD REAGAN FWY.),HAYVENHURST AVENUE,200,W,N,A,-,Y,NA,NA,118,NA,NA,NA,NA,NA,E,Y,3,0,3,2,A,-,03,22350,NA,N,C,C,A,A,H,-,A,D,0,NA,NA,NA,NA,Y,NA,A,01,0,1,2,0,0,0,0,0,0,-,-,34.275089263916016,-118.4940185546875,LOS ANGELES,LOS ANGELES,-118.49396514892578,34.27515411376953
91607348,2021,2021-10-27,9575,2021-10-15,1625,020182,NA,5,2,6,1953,0,1,1,NA,2,065,I-210 W/B (FOOTHILL FREEWAY),SIERRA MADRE VILLA AVE,200,E,N,A,-,Y,NA,NA,210,NA,NA,NA,NA,NA,W,N,4,0,1,2,A,-,03,22350,NA,N,C,C,A,A,H,-,A,D,0,NA,NA,NA,NA,Y,NA,D,22,0,0,1,0,0,0,0,0,0,-,-,34.147911071777344,-118.0811004638672,LOS ANGELES,PASADENA,-118.0811004638672,34.1479606628418
91607355,2021,2021-10-27,9530,2021-10-18,0725,022302,NA,1,1,9,1900,0,3,5,NA,2,002,EL SEGUNDO BOULEVARD,CARLTON AVENUE,0,NA,Y,B,-,N,NA,NA,NA,NA,NA,NA,NA,NA,NA,Y,4,0,1,2,A,-,03,22350,NA,N,C,C,A,A,H,-,A,D,0,NA,NA,NA,NA,Y,NA,A,01,0,0,1,0,0,0,0,0,0,-,-,33.91645812988281,-118.27278900146484,LOS ANGELES,UNINCORPORATED,-118.2728271484375,33.91640853881836
91607360,2021,2021-10-27,9580,2021-10-15,0756,018580,NA,5,1,7,1942,0,1,3,NA,2,116,SR-118 E/B (RONALD REAGAN FWY.),HAYVENHURST AVENUE,335,W,N,A,-,Y,NA,NA,118,NA,NA,NA,NA,NA,E,N,4,0,1,2,A,-,03,22350,NA,N,C,C,A,A,H,-,A,D,0,NA,NA,NA,NA,Y,NA,E,22,0,0,1,0,0,0,0,0,0,-,-,34.2753791809082,-118.4945831298828,LOS ANGELES,LOS ANGELES,-118.49446105957033,34.27553939819336
91607364,2021,2021-10-27,9580,2021-10-20,0945,017961,NA,3,1,7,1942,0,1,3,NA,2,116,SR-118 E/B (RONALD REAGAN FWY.),WOODLEY AVE,50,W,N,A,-,Y,NA,NA,NA,NA,NA,NA,NA,NA,NA,N,4,0,1,1,A,-,08,22107,NA,N,E,I,A,A,H,-,A,D,0,NA,NA,NA,NA,Y,NA,A,01,0,0,1,0,0,0,0,0,0,-,-,34.16048049926758,-118.2907485961914,LOS ANGELES,LOS ANGELES,-118.48485565185548,34.267730712890625
91607375,2021,2021-10-27,9535,2021-03-17,2125,022335,NA,3,2,9,1900,0,2,4,NA,2,021,EASTERN AVENUE (400 S BLOCK),E 5TH STREET,165,N,N,A,-,N,NA,NA,NA,NA,NA,NA,NA,NA,NA,Y,1,1,1,2,A,-,11,21954,A,N,G,B,D,A,H,-,C,D,0,Y,NA,NA,NA,Y,NA,N,60,0,0,1,1,0,0,0,0,0,-,-,34.02919006347656,-118.17411041259766,LOS ANGELES,UNINCORPORATED,-118.17400360107422,34.02913284301758
91607382,2021,2022-05-04,9540,2021-07-16,0113,021845,NA,5,3,9,1900,0,1,3,NA,2,146,SR-14 N/B,PURITAN MINE ROAD,740,N,N,A,-,Y,NA,NA,14,NA,NA,NA,NA,NA,N,Y,1,1,2,2,A,-,01,23152,A,N,C,C,A,A,H,-,C,D,0,NA,NA,NA,NA,Y,Y,A,07,1,1,0,0,0,0,0,0,0,-,-,34.504398345947266,-118.24507904052734,LOS ANGELES,UNINCORPORATED,-118.24507904052734,34.5044059753418
91607389,2021,2021-10-27,9580,2021-10-21,0845,017961,NA,4,1,7,1942,0,1,3,NA,2,119,SR-118 W/B (RONALD REAGAN FWY.),CANOGA AVE,500,E,N,A,-,Y,NA,NA,NA,NA,NA,NA,NA,NA,NA,N,4,0,1,2,A,-,07,21658,A,N,B,C,A,A,H,-,A,D,0,NA,NA,NA,NA,Y,NA,D,22,0,0,1,0,0,0,0,0,0,-,-,34.16300964355469,-118.32147216796876,LOS ANGELES,LOS ANGELES,-118.59452056884766,34.27418518066406
91607394,2021,2021-10-27,9580,2021-10-23,1845,021291,NA,6,2,7,1942,0,1,3,NA,2,116,SR-118V E/B (RONALD REAGAN FREEWAY) TO DE SOTO AVE,DE SOTO AVE,600,E,N,A,-,Y,NA,NA,118,NA,NA,NA,R,NA,E,N,4,0,1,1,A,-,08,22107,NA,N,E,I,A,A,H,-,C,D,0,NA,NA,NA,NA,Y,NA,A,07,0,0,1,0,0,0,0,0,0,-,-,34.273311614990234,-118.59246063232422,LOS ANGELES,LOS ANGELES,-118.59246063232422,34.273311614990234
91607396,2021,2021-10-27,9530,2021-10-16,1101,022687,NA,6,1,9,1900,0,3,5,NA,2,001,MIRAMONTE BLVD. (7600S BLOCK),76TH ST.,52,N,N,A,-,N,NA,NA,NA,NA,NA,NA,NA,NA,NA,N,4,0,1,2,A,-,10,21954,B,F,G,B,D,A,H,-,A,D,0,Y,NA,NA,NA,Y,NA,-,99,0,0,1,0,1,0,0,0,0,-,-,33.97187042236328,-118.24550628662108,LOS ANGELES,UNINCORPORATED,-118.2454833984375,33.97179412841797
91607406,2021,2021-10-27,9530,2021-10-18,1805,022585,NA,1,2,9,1900,0,3,5,NA,2,006,NORMADIE AVE. (23200 BLOCK),SEPULVEDA BLVD.,950,N,N,A,-,N,NA,NA,NA,NA,NA,NA,NA,NA,NA,N,3,0,1,3,A,-,03,22350,NA,N,G,C,E,A,H,-,B,D,0,Y,NA,NA,Y,Y,NA,A,07,0,1,0,0,1,0,0,0,0,-,-,33.815181732177734,-118.2981185913086,LOS ANGELES,UNINCORPORATED,-118.29819488525392,33.815635681152344
91607420,2021,2021-10-27,9575,2021-10-15,1752,022503,NA,5,2,7,1942,0,1,3,NA,2,070,I-5 (GOLDEN STATE FREEWAY) S/B FROM SR-118 (RONAL,HADDON AVE. PED. U/C,930,W,N,A,-,Y,NA,NA,NA,NA,NA,NA,NA,NA,NA,Y,4,0,2,2,A,-,08,22107,NA,N,B,C,A,A,H,-,A,D,0,NA,NA,NA,NA,Y,NA,A,01,0,0,2,0,0,0,0,0,0,-,-,34.26792907714844,-118.43946075439452,LOS ANGELES,LOS ANGELES,-118.39530181884766,34.229671478271484
91607441,2021,2021-10-27,9525,2021-10-16,0400,022509,NA,6,3,9,1900,0,3,5,NA,2,002,CITRUS AVE,MAUNA LOA AVE,0,NA,Y,A,-,N,NA,NA,NA,NA,NA,NA,NA,NA,NA,Y,4,0,1,1,A,-,08,22107,NA,N,E,I,A,A,H,-,A,A,0,NA,NA,NA,NA,Y,NA,A,01,0,0,1,0,0,0,0,0,0,-,-,34.125118255615234,-117.89024353027344,LOS ANGELES,UNINCORPORATED,-117.89012908935548,34.12510299682617
91607445,2021,2021-10-27,9580,2021-10-25,1120,016690,NA,1,1,3,1989,0,1,2,NA,2,107,US 101 SB (VENTURA FREEWAY),LOST HILLS ROAD,1750,S,N,B,C,Y,NA,NA,NA,NA,NA,NA,NA,NA,NA,N,4,0,1,1,A,-,03,22350,NA,N,E,I,A,B,H,-,A,D,0,NA,NA,NA,NA,Y,NA,A,01,0,0,1,0,0,0,0,0,0,-,-,34.1432991027832,-118.70404815673828,LOS ANGELES,CALABASAS,-118.71504974365234,34.13901901245117
91607449,2021,2021-10-27,9580,2021-10-25,1045,022653,NA,1,1,7,1942,0,1,1,NA,2,404,I-405 N/B (SAN DIEGO FWY),VENTURA BLVD,1056,S,N,C,-,Y,NA,NA,405,NA,NA,NA,NA,NA,N,Y,3,0,1,1,A,-,03,22350,NA,N,E,J,A,B,H,-,A,D,0,NA,NA,NA,NA,Y,NA,A,01,0,1,0,0,0,0,0,0,0,-,-,34.151729583740234,-118.46804809570313,LOS ANGELES,LOS ANGELES,-118.4679718017578,34.15171813964844
91607474,2021,2021-10-27,9530,2021-10-15,2045,022670,NA,5,2,9,1900,0,3,5,NA,2,001,ALAMEDA ST. (8700 BLOCK),88TH ST.,50,S,N,A,-,N,NA,NA,NA,NA,NA,NA,NA,NA,NA,Y,4,0,1,3,A,-,03,22350,NA,N,C,C,A,A,H,-,C,D,0,NA,NA,NA,NA,Y,NA,A,01,0,0,1,0,0,0,0,0,0,-,-,33.95677947998047,-118.23078918457033,LOS ANGELES,UNINCORPORATED,-118.23088073730467,33.95686340332031
91607476,2021,2021-10-27,9535,2021-10-17,0245,022335,NA,7,3,9,1900,0,2,4,NA,2,012,CITY TERRACE DRIVE (3300 BLOCK),MEISNER STREET,250,S,N,A,-,N,NA,NA,NA,NA,NA,NA,NA,NA,NA,Y,3,0,1,4,A,-,01,23152,A,N,A,E,A,A,H,-,C,D,0,NA,NA,NA,NA,Y,Y,A,01,0,1,0,0,0,0,0,0,0,-,-,34.05012893676758,-118.18901824951172,LOS ANGELES,UNINCORPORATED,-118.1889190673828,34.05018615722656
91607551,2021,2021-10-27,9530,2021-10-17,2315,022670,NA,7,3,9,1900,0,3,5,NA,2,001,ALAMEDA ST.,FIRESTONE BLVD.,0,NA,Y,A,-,N,NA,NA,NA,NA,NA,NA,NA,NA,NA,N,4,0,1,2,A,-,11,21950,B,N,G,B,B,A,H,-,C,A,0,Y,NA,NA,NA,Y,NA,N,60,0,0,1,0,1,0,0,0,0,-,-,33.95795822143555,-118.23114776611328,LOS ANGELES,UNINCORPORATED,-118.2310791015625,33.95779037475586
91607606,2021,2021-10-27,9550,2021-10-20,0815,021977,NA,3,1,5,1908,0,1,3,NA,2,090,STATE ROUTE 91 W/B,LAKEWOOD BOULEVARD,500,E,N,A,-,Y,NA,NA,91,NA,NA,NA,NA,NA,W,Y,4,0,1,4,A,-,03,22350,NA,M,C,C,A,A,H,-,A,D,0,NA,NA,NA,NA,Y,NA,D,22,0,0,1,0,0,0,0,0,0,-,-,33.877349853515625,-118.14151000976564,LOS ANGELES,BELLFLOWER,-118.14151000976564,33.87725830078125
91607607,2021,2021-10-27,9565,2021-10-15,0900,021729,NA,5,1,7,1942,0,1,1,NA,2,061,I-405 N/B,JEFFERSON BLVD,500,S,N,A,-,Y,NA,NA,405,NA,NA,NA,NA,NA,N,N,4,0,3,2,A,-,03,22350,NA,N,C,C,A,A,H,-,A,D,0,NA,NA,NA,Y,Y,NA,G,27,0,0,3,0,0,0,0,0,0,-,-,33.98503875732422,-118.39685821533205,LOS ANGELES,LOS ANGELES,-118.3968505859375,33.98504638671875
91607611,2021,2021-10-27,9575,2021-10-18,1330,022558,NA,1,1,7,1942,0,1,1,NA,2,053,I-5 N/B (GOLDEN STATE FREEWAY),VAN NUYS BLVD.,900,N,N,B,-,Y,NA,NA,5,NA,NA,NA,NA,NA,N,Y,4,0,1,3,A,-,08,22107,NA,N,B,C,A,A,H,-,A,D,0,NA,NA,NA,Y,Y,NA,A,01,0,0,1,0,0,0,0,0,0,-,-,34.25878143310547,-118.43695068359376,LOS ANGELES,LOS ANGELES,-118.4370346069336,34.258689880371094
91607616,2021,2021-10-27,9535,2021-10-18,1805,021772,NA,1,2,9,1900,0,1,1,NA,2,650,SR-60 (POMONA FREEWAY) W/B,MARIANA AVENUE PEDESTRIAN OVER CROSSING,225,W,N,A,-,Y,NA,NA,60,NA,NA,NA,NA,NA,W,N,3,0,1,2,A,-,07,21658,A,N,B,C,A,A,H,-,B,D,0,NA,NA,Y,NA,Y,NA,A,01,0,1,0,0,0,0,0,0,1,-,-,34.034698486328125,-118.17639923095705,LOS ANGELES,UNINCORPORATED,-118.17640686035156,34.034759521484375
91607619,2021,2021-10-27,9535,2021-10-18,0230,022721,NA,1,3,9,1900,0,2,4,NA,2,024,WHITTIER BOULEVARD,ATLANTIC BOULEVARD,0,NA,Y,A,-,N,NA,NA,NA,NA,NA,NA,NA,NA,NA,N,4,0,1,2,A,-,12,21453,A,N,D,C,A,A,H,-,C,A,0,NA,NA,NA,NA,Y,NA,-,-,0,0,1,0,0,0,0,0,0,-,-,34.01129913330078,-118.09259796142578,LOS ANGELES,UNINCORPORATED,-118.15729522705078,34.02041244506836
91607639,2021,2021-10-27,9535,2021-04-28,0214,022321,NA,3,3,5,1947,0,1,3,NA,2,601,SR-60 WESTBOUND (POMONA FREEWAY),GREENWOOD AVENUE,2365,W,N,A,-,Y,NA,NA,60,NA,NA,NA,NA,NA,W,Y,1,1,0,2,A,-,11,21954,A,F,G,B,E,A,H,-,D,D,0,Y,NA,NA,NA,Y,NA,N,60,0,0,0,1,0,0,0,0,0,-,-,34.033409118652344,-118.11348724365234,LOS ANGELES,MONTEBELLO,-118.11348724365234,34.033447265625
91607641,2021,2021-10-27,9575,2021-10-18,1440,017491,NA,1,2,7,1942,0,1,1,NA,2,052,I-5 S/B (GOLDEN STATE FREEWAY),HOLLYWOOD WAY,604,N,N,A,-,Y,NA,NA,5,NA,NA,NA,NA,NA,S,Y,4,0,2,3,A,-,03,22350,NA,N,C,C,A,A,H,-,A,D,0,NA,NA,NA,NA,Y,NA,A,01,0,0,2,0,0,0,0,0,0,-,-,34.213279724121094,-118.35005950927734,LOS ANGELES,LOS ANGELES,-118.35002899169922,34.213321685791016
91607654,2021,2021-10-27,9535,2021-05-20,0050,022214,NA,4,3,9,1900,0,1,1,NA,2,500,I-5 NORTHBOUND (SANTA ANA FREEWAY) FROM DOWNEY ROA,DOWNEY ROAD,174,W,N,B,-,Y,NA,NA,5,NA,NA,NA,R,NA,N,Y,1,1,0,2,A,-,08,22107,NA,N,E,8,A,A,H,-,D,D,0,NA,NA,NA,NA,Y,NA,A,01,0,0,0,0,0,0,0,0,0,-,-,34.02016067504883,-118.1806411743164,LOS ANGELES,UNINCORPORATED,-118.1806411743164,34.02016067504883
91607663,2021,2021-10-27,9525,2021-10-27,0705,018366,NA,3,1,5,1926,0,1,1,NA,2,215,I-210 W/B (FOOTHILL FWY),LONE HILL AVE,1584,W,N,A,-,Y,NA,NA,210,NA,NA,NA,NA,NA,W,Y,3,0,1,2,A,-,04,21703,NA,N,C,C,A,A,H,-,A,D,0,NA,NA,NA,NA,Y,NA,A,01,0,1,0,0,0,0,0,0,0,-,-,34.12099838256836,-117.8339614868164,LOS ANGELES,GLENDORA,-117.83396911621094,34.12107467651367
91607666,2021,2021-10-27,9550,2021-10-20,1355,020974,NA,3,1,9,1900,0,1,1,NA,2,650,I-605 S/B,SARAGOSA STREET,450,N,N,A,-,Y,NA,NA,605,NA,NA,NA,NA,NA,S,N,4,0,1,2,A,-,03,22350,NA,N,C,C,A,A,H,-,A,D,0,NA,NA,NA,NA,Y,NA,A,01,0,0,1,0,0,0,0,0,0,-,-,33.97975158691406,-118.0769500732422,LOS ANGELES,UNINCORPORATED,-118.07696533203124,33.979766845703125
91607678,2021,2021-10-27,9575,2021-10-19,1755,022503,NA,2,2,7,1942,0,1,1,NA,2,053,I-5 S/B (GOLDEN STATE FREEWAY),TERRA BELLA ST.,950,S,N,A,-,Y,NA,NA,5,NA,NA,NA,NA,NA,S,Y,4,0,3,3,A,-,03,22350,NA,N,C,C,A,A,H,-,A,D,0,NA,NA,NA,NA,Y,NA,A,01,0,0,3,0,0,0,0,0,0,-,-,34.248619079589844,-118.42675018310548,LOS ANGELES,LOS ANGELES,-118.42672729492188,34.2486457824707
91607680,2021,2021-10-27,9535,2021-10-15,1315,018633,NA,5,1,3,1914,0,1,1,NA,2,501,I-5 S/B (SANTA ANA FREEWAY),SLAUSON AVE,100,S,N,A,-,Y,NA,NA,5,NA,NA,NA,NA,NA,S,N,3,0,3,3,A,-,03,22350,NA,M,C,C,A,A,H,-,A,D,0,NA,NA,NA,NA,Y,NA,A,07,0,1,2,0,0,0,0,0,0,-,-,33.97547149658203,-118.12521362304688,LOS ANGELES,COMMERCE,-118.12517547607422,33.975494384765625
91607694,2021,2021-10-27,9575,2021-10-20,0650,017148,NA,3,1,9,1900,0,1,1,NA,2,065,I-210 E/B (FOOTHILL FREEWAY),MICHILLINDA AVE,65,E,N,A,-,Y,NA,NA,210,NA,NA,NA,NA,NA,E,N,4,0,1,2,A,-,03,22350,NA,N,C,C,A,A,H,-,A,D,0,NA,NA,NA,NA,Y,NA,A,07,0,0,1,0,0,0,0,0,0,-,-,34.14889907836914,-118.06746673583984,LOS ANGELES,UNINCORPORATED,-118.06746673583984,34.14857864379883
91607717,2021,2021-10-27,9530,2021-10-17,0245,021906,NA,7,3,9,1900,0,1,1,NA,2,410,I-405 N/B (SAN DIEGO FREEWAY),I-110 N/B (HARBOR FREEWAY),850,N,N,A,-,Y,NA,NA,405,NA,NA,NA,NA,NA,N,Y,3,0,1,4,A,-,01,23152,A,N,C,C,A,A,H,-,C,A,0,NA,NA,NA,NA,Y,Y,A,01,0,1,0,0,0,0,0,0,0,-,-,33.85831832885742,-118.28739166259766,LOS ANGELES,UNINCORPORATED,-118.28738403320313,33.85833740234375
91607766,2021,2021-10-27,9590,2021-10-13,0815,017733,NA,3,1,7,1942,0,1,1,NA,2,083,I-5 S/B (GSF),NORTH BROADWAY,120,N,N,A,-,Y,NA,NA,5,NA,NA,NA,NA,NA,S,Y,4,0,1,3,A,-,03,22350,NA,N,C,C,A,A,H,-,A,D,0,NA,NA,Y,NA,Y,NA,A,01,0,0,1,0,0,0,0,0,1,-,-,34.0731086730957,-118.219482421875,LOS ANGELES,LOS ANGELES,-118.21940612792967,34.073123931884766
91607782,2021,2021-10-27,9525,2021-10-15,1040,022645,NA,5,1,1,1932,0,1,1,NA,2,652,I-605 N/B-FROM-VALLEY BOULEVARD,TEMPLE AVENUE,58,W,N,A,-,N,NA,NA,NA,NA,NA,NA,NA,NA,NA,N,4,0,1,2,A,-,12,21453,A,M,B,C,A,A,H,-,A,D,0,NA,NA,NA,Y,Y,NA,G,27,0,0,1,0,0,0,0,0,0,-,-,34.05350875854492,-118.0024871826172,LOS ANGELES,INDUSTRY,-118.00240325927734,34.053245544433594
91607813,2021,2021-10-27,9530,2021-08-23,1555,022109,NA,1,2,7,1941,0,1,1,NA,2,072,I-710 S/B (LONG BEACH FREEWAY),I-405 N/B (SAN DIEGO FREEWAY),175,N,N,A,-,Y,NA,NA,710,NA,NA,NA,NA,NA,S,N,4,0,1,3,A,-,03,22350,NA,N,C,C,A,A,H,-,A,D,0,NA,NA,NA,NA,Y,NA,A,01,0,0,1,0,0,0,0,0,0,-,-,33.82685089111328,-118.20762634277344,LOS ANGELES,LONG BEACH,-118.20769500732422,33.82683181762695
91607848,2021,2021-10-27,9545,2021-10-20,0653,016523,NA,3,1,9,1900,0,3,5,NA,2,002,20TH STREET WEST,AVENUE N,375,S,N,A,-,N,NA,NA,NA,NA,NA,NA,NA,NA,NA,Y,4,0,2,2,A,-,03,22350,NA,N,C,C,A,A,H,-,A,D,0,NA,NA,NA,NA,Y,NA,A,01,0,0,2,0,0,0,0,0,0,-,-,34.63005828857422,-118.16525268554688,LOS ANGELES,UNINCORPORATED,-118.165283203125,34.63011169433594
91607851,2021,2021-10-27,9590,2021-09-09,1250,017733,NA,4,1,7,1942,0,1,2,NA,2,072,US-101 N/B (HOF),UNIVERSAL STUDIOS BOULEVARD,790,S,N,A,-,Y,NA,NA,101,NA,NA,NA,NA,NA,N,N,4,0,2,2,A,-,08,22107,NA,N,B,C,A,A,H,-,A,D,0,NA,NA,NA,NA,Y,NA,A,07,0,0,2,0,0,0,0,0,0,-,-,34.131988525390625,-118.35018157958984,LOS ANGELES,LOS ANGELES,-118.35015869140624,34.13201141357422
91607854,2021,2021-10-27,9545,2021-10-20,1140,016124,NA,3,1,9,1900,0,3,5,NA,2,004,90TH STREET EAST,AVENUE Q-10,40,N,N,A,-,N,NA,NA,NA,NA,NA,NA,NA,NA,NA,N,4,0,1,2,A,-,03,22350,NA,N,C,C,A,A,H,-,A,D,0,NA,NA,NA,NA,Y,NA,A,01,0,0,1,0,0,0,0,0,0,-,-,34.57802963256836,-117.96961212158205,LOS ANGELES,UNINCORPORATED,-117.96916198730467,34.58721923828125