CASE_ID,ACCIDENT_YEAR,PROC_DATE,JURIS,COLLISION_DATE,COLLISION_TIME,OFFICER_ID,REPORTING_DISTRICT,DAY_OF_WEEK,CHP_SHIFT,POPULATION,CNTY_CITY_LOC,SPECIAL_COND,BEAT_TYPE,CHP_BEAT_TYPE,CITY_DIVISION_LAPD,CHP_BEAT_CLASS,BEAT_NUMBER,PRIMARY_RD,SECONDARY_RD,DISTANCE,DIRECTION,INTERSECTION,WEATHER_1,WEATHER_2,STATE_HWY_IND,CALTRANS_COUNTY,CALTRANS_DISTRICT,STATE_ROUTE,ROUTE_SUFFIX,POSTMILE_PREFIX,POSTMILE,LOCATION_TYPE,RAMP_INTERSECTION,SIDE_OF_HWY,TOW_AWAY,COLLISION_SEVERITY,NUMBER_KILLED,NUMBER_INJURED,PARTY_COUNT,PRIMARY_COLL_FACTOR,PCF_CODE_OF_VIOL,PCF_VIOL_CATEGORY,PCF_VIOLATION,PCF_VIOL_SUBSECTION,HIT_AND_RUN,TYPE_OF_COLLISION,MVIW,PED_ACTION,ROAD_SURFACE,ROAD_COND_1,ROAD_COND_2,LIGHTING,CONTROL_DEVICE,CHP_ROAD_TYPE,PEDESTRIAN_ACCIDENT,BICYCLE_ACCIDENT,MOTORCYCLE_ACCIDENT,TRUCK_ACCIDENT,NOT_PRIVATE_PROPERTY,ALCOHOL_INVOLVED,STWD_VEHTYPE_AT_FAULT,CHP_VEHTYPE_AT_FAULT,COUNT_SEVERE_INJ,COUNT_VISIBLE_INJ,COUNT_COMPLAINT_PAIN,COUNT_PED_KILLED,COUNT_PED_INJURED,COUNT_BICYCLIST_KILLED,COUNT_BICYCLIST_INJURED,COUNT_MC_KILLED,COUNT_MC_INJURED,PRIMARY_RAMP,SECONDARY_RAMP,LATITUDE,LONGITUDE,COUNTY,CITY,POINT_X,POINT_Y
91638700,2021,2021-11-30,9590,2021-11-16,1158,022720,NA,2,1,7,1942,0,1,2,NA,2,070,US-101 N/B (HOLLYWOOD FREEWAY),SILVER LAKE BLVD,100,S,N,A,-,Y,NA,NA,101,NA,NA,NA,NA,NA,N,Y,4,0,1,2,A,-,03,22350,NA,N,C,C,A,A,H,-,A,D,0,NA,NA,NA,NA,Y,NA,A,01,0,0,1,0,0,0,0,0,0,-,-,34.077178955078125,-118.28125,LOS ANGELES,LOS ANGELES,-118.28125,34.077178955078125
91638717,2021,2021-11-30,9550,2021-11-14,0730,022631,NA,7,1,9,1900,0,1,1,NA,2,651,I-605 SOUTHBOUND,ALONDRA BOULEVARD,500,N,N,A,-,Y,NA,NA,NA,NA,NA,NA,NA,NA,NA,Y,3,0,1,2,A,-,08,22107,NA,N,E,I,A,A,H,-,A,D,0,NA,NA,NA,NA,Y,NA,A,01,0,1,0,0,0,0,0,0,0,-,-,33.89147186279297,-118.10484313964844,LOS ANGELES,UNINCORPORATED,-118.10459136962892,33.88882827758789
91638718,2021,2021-11-30,9545,2021-11-18,1800,015589,NA,4,2,9,1900,0,3,5,NA,2,004,AVENUE P,30TH ST  E,1056,E,N,A,-,N,NA,NA,NA,NA,NA,NA,NA,NA,NA,Y,3,0,3,2,A,-,03,22350,NA,N,D,C,A,A,H,-,C,D,0,NA,NA,NA,NA,Y,NA,D,22,0,3,0,0,0,0,0,0,0,-,-,34.602169036865234,-118.07176208496094,LOS ANGELES,UNINCORPORATED,-118.07292175292967,34.602169036865234
91638735,2021,2021-11-30,9545,2021-11-19,1655,021173,NA,5,2,9,1900,0,3,5,NA,2,004,PALMDALE BLVD,120TH ST E,1056,W,N,A,-,N,NA,NA,NA,NA,NA,NA,NA,NA,NA,Y,4,0,2,1,A,-,08,22107,NA,N,F,A,A,A,H,-,A,D,0,NA,NA,NA,NA,Y,NA,D,22,0,0,2,0,0,0,0,0,0,-,-,34.579769134521484,-117.92035675048828,LOS ANGELES,UNINCORPORATED,-117.919956,34.579827
91638780,2021,2021-11-30,9525,2021-11-24,1222,016252,NA,3,1,5,1906,0,1,1,NA,2,104,I-10 E/B (SAN BERNARDINO FWY),BALDWIN PARK BLVD,30,E,N,A,-,Y,NA,NA,10,NA,NA,NA,NA,NA,E,N,4,0,1,2,A,-,04,21703,NA,N,C,C,A,A,H,-,A,A,0,NA,NA,NA,Y,Y,NA,G,26,0,0,1,0,0,0,0,0,0,-,-,34.06742858886719,-117.98165130615234,LOS ANGELES,BALDWIN PARK,-117.98165893554688,34.067508697509766
91638786,2021,2021-11-30,9525,2021-11-25,1405,019941,NA,4,2,3,1921,0,1,1,NA,2,204,I-210 E/B (FOOTHILL FREEWAY),BRADBOURNE AVENUE,25,E,N,A,-,Y,NA,NA,210,NA,NA,NA,NA,NA,E,N,4,0,1,4,A,-,03,22350,NA,N,B,C,A,A,H,-,A,D,0,NA,NA,Y,NA,Y,NA,C,02,0,0,1,0,0,0,0,0,1,-,-,34.13486099243164,-117.95986175537108,LOS ANGELES,DUARTE,-117.95986938476564,34.13481140136719
91638799,2021,2021-12-01,9525,2021-11-27,1050,019146,NA,6,1,9,1900,0,3,5,NA,2,003,GLENLOCH AVENUE,HEMPHILL STREET,141,N,N,A,-,N,NA,NA,NA,NA,NA,NA,NA,NA,NA,N,4,0,1,2,A,-,21,22106,NA,N,D,C,A,A,H,-,A,D,0,NA,NA,NA,NA,Y,NA,A,07,0,0,1,0,0,0,0,0,0,-,-,34.02033996582031,-117.91871643066406,LOS ANGELES,UNINCORPORATED,-117.9188232421875,34.020198822021484
91638820,2021,2021-12-01,9525,2021-11-20,1725,022521,NA,6,2,5,1926,0,1,1,NA,2,206,I-210 E/B (FOOTHILL FWY),LONE HILL AVE,2640,W,N,A,-,Y,NA,NA,210,NA,NA,NA,NA,NA,E,N,4,0,1,2,A,-,03,22350,NA,N,C,C,A,A,H,-,C,D,0,NA,NA,NA,Y,Y,NA,G,25,0,0,1,0,0,0,0,0,0,-,-,34.120140075683594,-117.8371810913086,LOS ANGELES,GLENDORA,-117.8371810913086,34.12013244628906
91638825,2021,2021-12-01,9590,2021-11-17,2005,018538,NA,3,2,7,1942,0,1,1,NA,2,052,I-110 N/B (HARBOR FWY.),7TH STREET,300,S,N,A,-,Y,NA,NA,110,NA,NA,NA,NA,NA,N,Y,4,0,1,2,A,-,03,22350,NA,N,C,C,A,A,H,-,C,D,0,NA,NA,NA,NA,Y,NA,A,01,0,0,1,0,0,0,0,0,0,-,-,34.04972839355469,-118.26345825195313,LOS ANGELES,LOS ANGELES,-118.26346588134766,34.04973602294922
91638829,2021,2021-12-01,9590,2021-11-24,1515,021040,NA,3,2,7,1942,0,1,3,NA,2,095,SR-2 W/B (GLENDALE FREEWAY),ESTARA AVENUE,300,E,N,A,-,Y,NA,NA,2,NA,NA,NA,NA,NA,W,N,4,0,1,2,A,-,03,22350,NA,N,C,C,A,A,H,-,A,D,0,NA,NA,NA,NA,Y,NA,A,07,0,0,1,0,0,0,0,0,0,-,-,34.115760803222656,-118.23940277099608,LOS ANGELES,LOS ANGELES,-118.23941040039064,34.11578369140625
91638831,2021,2021-12-01,9565,2021-11-16,0735,017289,NA,2,1,4,1918,0,1,1,NA,2,061,I-405 N/B,BRADDOCK DR.,385,S,N,A,-,Y,NA,NA,405,NA,NA,NA,NA,NA,N,N,3,0,1,2,A,-,08,22107,NA,N,B,C,A,A,H,-,A,D,0,NA,NA,Y,NA,Y,NA,-,-,0,1,0,0,0,0,0,0,1,-,-,33.99930953979492,-118.40811920166016,LOS ANGELES,CULVER CITY,-118.40812683105467,33.999305725097656
91639222,2021,2021-12-01,9590,2021-11-12,1241,022102,NA,5,1,7,1942,0,1,1,NA,2,061,I-10 W/B (SANTA MONICA FREEWAY),10TH AVE,350,E,N,A,-,Y,NA,NA,10,NA,NA,NA,NA,NA,W,Y,4,0,1,3,A,-,03,22350,NA,N,C,C,A,A,H,-,A,D,0,NA,NA,NA,NA,Y,NA,A,08,0,0,1,0,0,0,0,0,0,-,-,34.035518646240234,-118.3271484375,LOS ANGELES,LOS ANGELES,-118.3271484375,34.03550338745117
91639224,2021,2021-12-01,9590,2021-11-09,2245,022173,NA,2,3,7,1942,0,1,1,NA,2,053,I-110 SOUTHBOUND (HARBOR FREEWAY) TO 6TH STREET,6TH STREET,500,S,N,A,-,Y,NA,NA,110,NA,NA,NA,R,NA,S,Y,2,0,1,2,A,-,01,23152,A,N,E,I,A,A,H,-,C,D,0,NA,NA,NA,NA,Y,Y,A,01,1,0,0,0,0,0,0,0,0,-,-,34.0518913269043,-118.25975036621094,LOS ANGELES,LOS ANGELES,-118.25975036621094,34.0518913269043
91639225,2021,2022-03-16,9590,2021-11-06,1905,022065,NA,6,2,7,1942,0,1,2,NA,2,073,U.S.101 S/B,BARHAM BOULEVARD,1584,S,N,A,-,Y,NA,NA,NA,NA,NA,NA,NA,NA,NA,N,4,0,1,2,A,-,07,21658,A,N,B,C,A,A,H,-,D,D,0,NA,NA,NA,NA,Y,NA,A,07,0,0,1,0,0,0,0,0,0,-,-,34.122840881347656,-118.3415985107422,LOS ANGELES,LOS ANGELES,-118.34412384033205,34.1252555847168
91639266,2021,2021-12-01,9545,2021-11-18,0640,017305,NA,4,1,9,1900,0,1,3,NA,1,042,SR-138,87TH STREET EAST,15,E,N,A,-,Y,NA,NA,138,NA,NA,NA,NA,NA,NA,N,4,0,1,2,A,-,03,22350,NA,N,C,C,A,A,H,-,A,A,0,NA,NA,NA,NA,Y,NA,A,01,0,0,1,0,0,0,0,0,0,-,-,34.52117919921875,-117.97457122802734,LOS ANGELES,UNINCORPORATED,-117.97457122802734,34.521141052246094
91639281,2021,2021-12-01,9530,2021-11-17,1740,022585,NA,3,2,7,1942,0,1,1,NA,2,110,SB I-110,I-105,2640,N,N,A,-,Y,NA,NA,110,NA,NA,NA,NA,NA,NA,N,3,0,1,2,A,-,03,22350,NA,N,C,C,A,A,H,-,C,D,0,NA,NA,NA,NA,Y,NA,A,08,0,1,0,0,0,0,0,0,0,-,-,33.936649322509766,-118.28018951416016,LOS ANGELES,LOS ANGELES,-118.28019714355467,33.936649322509766
91639293,2021,2021-12-01,9530,2021-11-17,1610,021709,NA,3,2,9,1900,0,3,5,NA,2,002,BROADWAY AVE,W 132ND ST,0,NA,Y,A,-,N,NA,NA,NA,NA,NA,NA,NA,NA,NA,Y,3,0,3,2,A,-,09,21801,A,N,A,C,A,A,H,-,A,D,0,NA,NA,NA,NA,Y,NA,A,01,0,3,0,0,0,0,0,0,0,-,-,33.91230010986328,-118.27837371826172,LOS ANGELES,UNINCORPORATED,-118.27838897705078,33.912288665771484
91639304,2021,2021-12-01,9580,2021-11-18,0620,021966,NA,4,1,7,1942,0,1,3,NA,2,117,SR-118 E/B (RONALD REAGAN FWY.),RINALDI ST,150,E,N,A,-,Y,NA,NA,118,NA,NA,NA,NA,NA,E,N,4,0,1,2,A,-,07,21658,A,N,C,C,A,A,H,-,B,D,0,NA,NA,NA,NA,Y,NA,D,22,0,0,1,0,0,0,0,0,0,-,-,34.273338317871094,-118.58191680908205,LOS ANGELES,LOS ANGELES,-118.58191680908205,34.2733268737793
91639311,2021,2021-12-01,9530,2021-11-18,0735,016842,NA,4,1,7,1941,0,1,1,NA,2,430,I-405 N/B,LAKEWOOD BLVD.,528,S,N,A,-,Y,NA,NA,405,NA,NA,NA,NA,NA,N,N,4,0,1,2,A,-,03,22350,NA,N,C,C,A,A,H,-,A,D,0,NA,NA,NA,NA,Y,NA,A,07,0,0,1,0,0,0,0,0,0,-,-,33.80289840698242,-118.13553619384766,LOS ANGELES,LONG BEACH,-118.13553619384766,33.80290603637695
91639314,2021,2021-12-01,9530,2021-11-17,1705,022438,NA,3,2,7,1942,0,1,1,NA,2,200,I-105 E/B (GLENN ANDERSON FWY),INTERSTATE 110,275,E,N,A,-,Y,NA,NA,105,NA,NA,NA,NA,NA,E,N,4,0,1,2,A,-,07,21658,A,F,B,C,A,A,H,-,A,D,0,NA,NA,Y,NA,Y,NA,A,01,0,0,1,0,0,0,0,0,1,-,-,33.92853927612305,-118.27944946289064,LOS ANGELES,LOS ANGELES,-118.27944946289064,33.92851257324219
91639328,2021,2021-12-01,9550,2021-11-22,1740,020974,NA,1,2,9,1900,0,1,3,NA,2,600,SR-60 W/B,7TH AVENUE,1600,E,N,B,-,Y,NA,NA,60,NA,NA,NA,NA,NA,W,N,4,0,1,2,A,-,03,22350,NA,N,C,C,A,A,H,-,C,D,0,NA,NA,NA,NA,Y,NA,E,22,0,0,1,0,0,0,0,0,0,-,-,34.0159912109375,-117.98465728759766,LOS ANGELES,UNINCORPORATED,-117.9846649169922,34.01598358154297
91639341,2021,2021-12-01,9565,2021-11-17,1124,016941,NA,3,1,7,1942,0,1,1,NA,2,083,I-10 W/B,NATIONAL BOULEVARD,150,W,N,A,-,Y,NA,NA,10,NA,NA,NA,NA,NA,W,Y,4,0,1,4,A,-,03,22350,NA,N,C,C,A,A,H,-,A,D,0,NA,NA,NA,NA,Y,NA,A,01,0,0,1,0,0,0,0,0,0,-,-,34.03147888183594,-118.39012908935548,LOS ANGELES,LOS ANGELES,-118.39012145996094,34.031463623046875
91639356,2021,2021-12-01,9550,2021-11-20,0235,022600,NA,6,3,9,1900,0,1,3,NA,2,601,STATE ROUTE 60 EASTBOUND,AZUSA AVENUE,2640,E,N,B,-,Y,NA,NA,NA,NA,NA,NA,NA,NA,NA,Y,3,0,2,1,A,-,01,23152,A,N,E,I,A,A,H,-,C,D,0,NA,NA,NA,NA,Y,Y,A,01,0,1,1,0,0,0,0,0,0,-,-,33.99571990966797,-117.92343902587892,LOS ANGELES,UNINCORPORATED,-117.93105316162108,33.99684143066406
91639370,2021,2022-03-07,9590,2021-08-28,1000,022493,NA,6,1,7,1942,0,1,1,NA,2,061,I-10 W/B (SANTA MONICA FREEWAY),VENICE BLVD,700,E,N,A,-,Y,NA,NA,10,NA,NA,NA,NA,NA,W,N,4,0,1,2,D,-,00,NA,NA,N,C,C,A,A,H,-,A,D,0,NA,NA,NA,NA,Y,NA,-,-,0,0,1,0,0,0,0,0,0,-,-,34.03609848022461,-118.37313842773438,LOS ANGELES,LOS ANGELES,-118.37313079833984,34.036128997802734
91639375,2021,2021-12-01,9565,2021-11-17,1800,020209,NA,3,2,9,1900,0,3,5,NA,2,002,98TH ST,BUDLONG AVE,0,NA,Y,A,-,N,NA,NA,NA,NA,NA,NA,NA,NA,NA,N,4,0,1,2,D,-,00,NA,NA,N,D,C,A,A,H,-,C,A,0,NA,NA,NA,NA,Y,NA,-,-,0,0,1,0,0,0,0,0,0,-,-,33.94684982299805,-118.29596710205078,LOS ANGELES,UNINCORPORATED,-118.29592895507813,33.94683074951172
91639376,2021,2021-12-01,9575,2021-11-18,0720,022414,NA,4,1,7,1942,0,1,1,NA,2,053,I-5 S/B (GOLDEN STATE FREEWAY),OSBORNE ST.,98,S,N,A,-,Y,NA,NA,5,NA,NA,NA,NA,NA,S,N,4,0,1,2,A,-,03,22350,NA,N,C,C,A,A,H,-,A,D,0,NA,NA,NA,NA,Y,NA,D,22,0,0,1,0,0,0,0,0,0,-,-,34.24430847167969,-118.42230987548828,LOS ANGELES,LOS ANGELES,-118.42222595214844,34.2443962097168
91639399,2021,2021-12-01,9565,2021-11-17,1600,021706,NA,3,2,7,1942,0,1,1,NA,2,083,I-10 W/B (SANTA MONICA FREEWAY),ROBERTSON BLVD,50,E,N,A,-,Y,NA,NA,10,NA,NA,NA,NA,NA,W,N,4,0,1,3,A,-,03,22350,NA,N,C,C,A,A,H,-,A,D,0,NA,NA,NA,Y,Y,NA,F,27,0,0,1,0,0,0,0,0,0,-,-,34.031131744384766,-118.3908233642578,LOS ANGELES,LOS ANGELES,-118.39078521728516,34.031070709228516
91639400,2021,2021-12-01,9575,2021-11-18,1430,021403,NA,4,2,7,1942,0,1,3,NA,2,070,SR-118 E/B TO I-210 E/B TRANSITION,PAXTON STREET,528,E,N,A,-,Y,NA,NA,118,NA,NA,NA,R,NA,E,N,4,0,1,2,A,-,03,22350,NA,N,C,C,A,A,H,-,A,D,0,NA,NA,NA,NA,Y,NA,A,01,0,0,1,0,0,0,0,0,0,-,-,34.285888671875,-118.40606689453124,LOS ANGELES,LOS ANGELES,-118.40606689453124,34.285888671875
91639408,2021,2021-12-01,9545,2021-11-19,0720,020547,NA,5,1,9,1900,0,3,5,NA,2,003,ANGELES FOREST HWY,UPPER BIG TUJUNGA CANYON RD,4435,N,N,A,-,N,NA,NA,NA,NA,NA,NA,NA,NA,NA,Y,2,0,2,2,A,-,05,21460,A,N,A,C,A,A,H,-,A,D,0,NA,NA,NA,NA,Y,NA,A,01,1,1,0,0,0,0,0,0,0,-,-,34.33660125732422,-118.10894012451172,LOS ANGELES,UNINCORPORATED,-118.10912322998048,34.33625793457031
91639417,2021,2021-12-01,9525,2021-11-30,1712,022609,NA,2,2,1,1934,0,1,1,NA,2,652,I-605 S/B (SAN GABRIEL RIVER FWY),LIVE OAK AVE.,1584,S,N,A,-,Y,NA,NA,605,NA,NA,NA,NA,NA,S,N,4,0,1,3,A,-,07,21658,A,N,C,C,A,A,H,-,B,D,0,NA,NA,NA,NA,Y,NA,A,01,0,0,1,0,0,0,0,0,0,-,-,34.10538101196289,-117.98306274414064,LOS ANGELES,IRWINDALE,-117.98309326171876,34.10539627075195
91639435,2021,2021-12-01,9530,2021-09-29,2300,022674,NA,3,3,7,1942,0,1,1,NA,2,110,I-110 N/B (HARBOR FREEWAY),CENTURY BLVD.,850,S,N,A,-,Y,NA,NA,110,NA,NA,NA,NA,NA,N,Y,3,0,1,2,A,-,03,22350,NA,N,C,C,A,A,H,-,C,D,0,NA,NA,Y,NA,Y,NA,C,02,0,1,0,0,0,0,0,0,1,-,-,33.94287872314453,-118.2797393798828,LOS ANGELES,LOS ANGELES,-118.27977752685548,33.94287872314453
91639456,2021,2021-12-01,9550,2021-11-20,1815,022037,NA,6,2,9,1900,0,1,3,NA,2,600,STATE ROUTE 60 E/B (POMONA FREEWAY),HACIENDA BOULEVARD UNDERCROSSING,1800,W,N,A,-,Y,NA,NA,60,NA,NA,NA,NA,NA,E,Y,4,0,1,2,A,-,03,22350,NA,N,C,C,A,A,H,-,A,D,0,NA,NA,NA,NA,Y,NA,A,01,0,0,1,0,0,0,0,0,0,-,-,34.00851058959961,-117.97006225585938,LOS ANGELES,UNINCORPORATED,-117.97004699707033,34.008544921875
91639509,2021,2021-12-01,9575,2021-11-17,1230,019990,NA,3,1,9,1900,0,3,5,NA,2,003,LOPEZ CANYON ROAD,KAGEL CYN. RD.,1584,W,N,A,-,N,NA,NA,NA,NA,NA,NA,NA,NA,NA,Y,2,0,1,1,A,-,03,22350,NA,N,E,I,A,A,H,-,A,D,0,NA,NA,NA,NA,Y,NA,A,01,1,0,0,0,0,0,0,0,0,-,-,34.31037902832031,-118.3795928955078,LOS ANGELES,UNINCORPORATED,-118.37879943847656,34.30959701538086
91639545,2021,2022-07-22,9590,2021-11-24,0938,016230,NA,3,1,7,1942,0,1,3,NA,2,031,SR-60 WB (POF),MARIETTA ST,540,E,N,A,-,Y,NA,NA,60,NA,NA,NA,NA,NA,W,N,4,0,1,2,A,-,03,22350,NA,N,C,C,A,A,H,-,A,D,0,NA,NA,NA,NA,Y,NA,A,01,0,0,1,0,0,0,0,0,0,-,-,34.029109954833984,-118.2109832763672,LOS ANGELES,LOS ANGELES,-118.21104431152344,34.028907775878906
91639572,2021,2021-12-01,9575,2021-11-18,1725,022503,NA,4,2,7,1942,0,1,1,NA,2,050,I-5 N/B (GOLDEN STATE FREEWAY),SONORA AVE.,800,S,N,A,-,Y,NA,NA,5,NA,NA,NA,NA,NA,N,N,4,0,2,2,A,-,03,22350,NA,N,C,C,A,A,H,-,C,D,0,NA,NA,NA,NA,Y,NA,A,01,0,0,2,0,0,0,0,0,0,-,-,34.15983963012695,-118.292236328125,LOS ANGELES,LOS ANGELES,-118.29228973388672,34.15980911254883
91639587,2021,2021-12-01,9550,2021-11-20,1650,022474,NA,6,2,1,1932,0,1,3,NA,2,602,STATE ROUTE 60 E/B,FAIRWAY DRIVE,150,W,N,A,-,Y,NA,NA,60,NA,NA,NA,NA,NA,E,Y,3,0,1,2,A,-,07,21658,A,N,B,C,A,A,H,-,C,D,0,NA,NA,Y,NA,Y,NA,A,07,0,1,0,0,0,0,0,0,1,-,-,33.99612045288086,-117.87122344970705,LOS ANGELES,INDUSTRY,-117.8712158203125,33.996063232421875
91639619,2021,2021-12-01,9550,2021-11-21,0140,020795,NA,7,3,3,1964,0,1,1,NA,2,500,INTERSTATE 5 NB,FLORENCE AVENUE,300,S,N,B,-,Y,NA,NA,5,NA,NA,NA,NA,NA,N,N,4,0,1,2,A,-,03,22350,NA,N,C,C,A,A,H,-,D,D,0,NA,NA,NA,NA,Y,NA,A,01,0,0,1,0,0,0,0,0,0,-,-,33.934410095214844,-118.09181213378906,LOS ANGELES,SANTA FE SPRINGS,-118.09191131591795,33.9343376159668
91639635,2021,2021-12-01,9550,2021-11-20,1853,022391,NA,6,2,6,1920,0,1,1,NA,2,151,I-105 WESTBOUND,COLUMBIA WAY,500,E,N,A,-,Y,NA,NA,105,NA,NA,NA,NA,NA,W,N,3,0,1,2,A,-,07,21658,A,N,C,C,A,A,H,-,C,D,0,NA,NA,NA,NA,Y,NA,A,01,0,1,0,0,0,0,0,0,0,-,-,33.91334915161133,-118.13239288330078,LOS ANGELES,DOWNEY,-118.13239288330078,33.91324996948242
91639655,2021,2021-12-01,9590,2021-11-19,1130,019958,NA,5,1,7,1942,0,1,3,NA,2,094,SR-2 EASTBOUND (GLENDALE FREEWAY),SAN FERNANDO ROAD,100,E,N,A,-,Y,NA,NA,2,NA,NA,NA,NA,NA,E,N,3,0,2,2,A,-,03,22350,NA,N,C,C,A,A,H,-,A,D,0,NA,NA,NA,NA,Y,NA,A,01,0,1,1,0,0,0,0,0,0,-,-,34.11371994018555,-118.24327850341795,LOS ANGELES,LOS ANGELES,-118.24329376220705,34.11374282836914
91639661,2021,2021-12-01,9575,2021-10-26,1440,022626,NA,2,2,9,1900,0,2,4,NA,2,012,FOOTHILL BLVD. (2900 BLOCK),RAMSDELL AVE. (4500 BLOCK),240,E,N,A,-,N,NA,NA,NA,NA,NA,NA,NA,NA,NA,Y,3,0,1,5,A,-,08,22107,NA,N,B,E,A,A,H,-,A,D,0,NA,NA,NA,NA,Y,NA,A,01,0,1,0,0,0,0,0,0,0,-,-,34.22652053833008,-118.24359130859376,LOS ANGELES,UNINCORPORATED,-118.24365997314452,34.226463317871094
91639665,2021,2021-12-01,9530,2021-11-17,1735,020349,NA,3,2,9,1900,0,3,5,NA,2,005,PRAIRE AVE. (16900 BLOCK),168TH ST,10,S,N,A,-,N,NA,NA,NA,NA,NA,NA,NA,NA,NA,Y,4,0,1,2,A,-,08,22100,B,N,D,C,A,A,H,-,A,D,0,NA,NA,NA,NA,Y,NA,A,01,0,0,1,0,0,0,0,0,0,-,-,33.878448486328125,-118.34378051757813,LOS ANGELES,UNINCORPORATED,-118.34382629394533,33.87846374511719
91639673,2021,2021-12-01,9575,2021-11-18,1815,022503,NA,4,2,6,1912,0,1,3,NA,2,044,SR-134 W/B (VENTURA FREEWAY),BOB HOPE DR.,620,W,N,A,-,Y,NA,NA,134,NA,NA,NA,NA,NA,W,Y,4,0,2,2,A,-,08,22107,NA,N,B,2,A,A,H,-,C,D,0,NA,NA,NA,NA,Y,NA,A,07,0,0,2,0,0,0,0,0,0,-,-,34.152408599853516,-118.33232879638672,LOS ANGELES,BURBANK,-118.33235168457033,34.15256118774414
91639677,2021,2021-12-01,9580,2021-12-01,0840,016413,NA,3,1,7,1942,0,1,3,NA,2,117,SR-118 W/B (RONALD REAGAN FWY),WOODLEY AVE.,1056,E,N,A,-,Y,NA,NA,118,NA,NA,NA,NA,NA,W,Y,4,0,2,2,A,-,03,22350,NA,N,C,C,A,A,H,-,A,D,0,NA,NA,NA,NA,Y,NA,A,01,0,0,2,0,0,0,0,0,0,-,-,34.26662063598633,-118.48153686523438,LOS ANGELES,LOS ANGELES,-118.48155975341795,34.26653289794922
91639680,2021,2021-12-01,9525,2021-11-23,0624,020025,NA,2,1,5,1990,0,1,3,NA,2,573,SR-57 SB,PATHFINDER ROAD,2500,S,N,A,-,Y,NA,NA,57,NA,NA,NA,NA,NA,S,Y,4,0,1,2,A,-,07,21658,A,N,B,C,A,A,H,-,A,D,0,NA,NA,NA,Y,Y,NA,G,26,0,0,1,0,0,0,0,0,0,-,-,33.977989196777344,-117.8421630859375,LOS ANGELES,DIAMOND BAR,-117.84217071533205,33.97799301147461
91639689,2021,2021-12-01,9575,2021-10-15,1345,017491,NA,5,1,6,1925,0,1,1,NA,2,050,I-5 S/B (GOLDEN STATE FREEWAY),HAZEL STREET,50,N,N,A,-,Y,NA,NA,5,NA,NA,NA,NA,NA,S,N,4,0,2,2,A,-,03,22350,NA,N,C,C,A,A,H,-,A,D,0,NA,NA,NA,NA,Y,NA,D,22,0,0,2,0,0,0,0,0,0,-,-,34.1602783203125,-118.29280853271484,LOS ANGELES,GLENDALE,-118.29281616210938,34.1602783203125
91639702,2021,2021-12-01,9540,2021-11-17,0335,021820,NA,3,3,7,1942,0,1,1,NA,2,550,I-5 N/B (GOLDEN STATE FREEWAY),SIERRA HIGHWAY,2112,S,N,A,-,Y,NA,NA,5,NA,NA,NA,NA,NA,N,Y,2,0,1,1,A,-,08,22107,NA,N,E,I,A,A,H,-,D,D,0,NA,NA,NA,NA,Y,NA,A,01,1,0,0,0,0,0,0,0,0,-,-,34.32603073120117,-118.50377655029295,LOS ANGELES,LOS ANGELES,-118.50377655029295,34.32603073120117
91639706,2021,2021-12-01,9530,2021-10-14,0805,018278,NA,4,1,9,1900,0,3,5,NA,2,006,VERMONT AVE,DEL AMO BLVD.,0,NA,Y,A,-,N,NA,NA,NA,NA,NA,NA,NA,NA,NA,Y,4,0,2,4,A,-,09,21801,A,N,B,C,A,A,H,-,A,A,0,NA,NA,NA,NA,Y,NA,A,01,0,0,2,0,0,0,0,0,0,-,-,33.846248626708984,-118.29035949707033,LOS ANGELES,UNINCORPORATED,-118.29039001464844,33.84624481201172
91639758,2021,2021-12-01,9590,2021-11-17,0203,022088,NA,3,3,7,1942,0,1,1,NA,2,063,I-10 WESTBOUND (SANTA MONICA FREEWAY),GRAND AVENUE,100,E,N,A,-,Y,NA,NA,NA,NA,NA,NA,NA,NA,NA,N,4,0,1,2,A,-,07,21658,A,F,B,C,A,A,H,-,C,D,0,NA,NA,NA,NA,Y,NA,-,99,0,0,1,0,0,0,0,0,0,-,-,34.03712844848633,-118.27523040771484,LOS ANGELES,LOS ANGELES,-118.26676177978516,34.03447341918945
91639765,2021,2021-12-01,9565,2021-11-23,2200,021855,NA,2,3,7,1942,0,1,1,NA,2,010,I-105 W/B (CENTURY FREEWAY),NASH ST,950,E,N,A,-,Y,NA,NA,105,NA,NA,NA,NA,NA,W,Y,3,0,1,2,A,-,01,23152,A,N,C,C,A,A,H,-,C,D,0,NA,NA,NA,NA,Y,Y,A,07,0,1,0,0,0,0,0,0,0,-,-,33.93125915527344,-118.38421630859376,LOS ANGELES,LOS ANGELES,-118.38422393798828,33.93128204345703
91639786,2021,2021-12-01,9530,2021-11-14,1130,018278,NA,7,1,7,1941,0,1,1,NA,2,430,I-405 N/B (SAN DIEGO FREEWAY),PALO VERDE AVE.,155,N,N,A,-,Y,NA,NA,405,NA,NA,NA,NA,NA,N,Y,4,0,2,3,A,-,03,22350,NA,N,C,C,A,A,H,-,A,D,0,NA,NA,NA,NA,Y,NA,A,01,0,0,2,0,0,0,0,0,0,-,-,33.797420501708984,-118.10855102539064,LOS ANGELES,LONG BEACH,-118.10849761962892,33.7974853515625