CASE_ID,ACCIDENT_YEAR,PROC_DATE,JURIS,COLLISION_DATE,COLLISION_TIME,OFFICER_ID,REPORTING_DISTRICT,DAY_OF_WEEK,CHP_SHIFT,POPULATION,CNTY_CITY_LOC,SPECIAL_COND,BEAT_TYPE,CHP_BEAT_TYPE,CITY_DIVISION_LAPD,CHP_BEAT_CLASS,BEAT_NUMBER,PRIMARY_RD,SECONDARY_RD,DISTANCE,DIRECTION,INTERSECTION,WEATHER_1,WEATHER_2,STATE_HWY_IND,CALTRANS_COUNTY,CALTRANS_DISTRICT,STATE_ROUTE,ROUTE_SUFFIX,POSTMILE_PREFIX,POSTMILE,LOCATION_TYPE,RAMP_INTERSECTION,SIDE_OF_HWY,TOW_AWAY,COLLISION_SEVERITY,NUMBER_KILLED,NUMBER_INJURED,PARTY_COUNT,PRIMARY_COLL_FACTOR,PCF_CODE_OF_VIOL,PCF_VIOL_CATEGORY,PCF_VIOLATION,PCF_VIOL_SUBSECTION,HIT_AND_RUN,TYPE_OF_COLLISION,MVIW,PED_ACTION,ROAD_SURFACE,ROAD_COND_1,ROAD_COND_2,LIGHTING,CONTROL_DEVICE,CHP_ROAD_TYPE,PEDESTRIAN_ACCIDENT,BICYCLE_ACCIDENT,MOTORCYCLE_ACCIDENT,TRUCK_ACCIDENT,NOT_PRIVATE_PROPERTY,ALCOHOL_INVOLVED,STWD_VEHTYPE_AT_FAULT,CHP_VEHTYPE_AT_FAULT,COUNT_SEVERE_INJ,COUNT_VISIBLE_INJ,COUNT_COMPLAINT_PAIN,COUNT_PED_KILLED,COUNT_PED_INJURED,COUNT_BICYCLIST_KILLED,COUNT_BICYCLIST_INJURED,COUNT_MC_KILLED,COUNT_MC_INJURED,PRIMARY_RAMP,SECONDARY_RAMP,LATITUDE,LONGITUDE,COUNTY,CITY,POINT_X,POINT_Y
91644114,2021,2021-12-06,9535,2021-11-20,1840,022650,NA,6,2,9,1900,0,3,5,NA,2,002,6TH ST.,MCDONNELL AVE.,0,NA,Y,A,-,N,NA,NA,NA,NA,NA,NA,NA,NA,NA,N,4,0,1,2,A,-,01,23152,A,N,D,C,A,A,H,-,C,A,0,NA,NA,NA,NA,Y,Y,A,01,0,0,1,0,0,0,0,0,0,-,-,34.02711868286133,-118.16661071777344,LOS ANGELES,UNINCORPORATED,-118.16664123535156,34.02712631225586
91644121,2021,2021-12-06,9540,2021-12-04,0525,018208,NA,6,3,9,1900,0,1,1,NA,2,508,I-5 N/B (GOLDEN STATE FREEWAY),LAKE HUGHES ROAD,13886,N,N,A,-,Y,NA,NA,5,NA,NA,NA,NA,NA,N,Y,4,0,1,2,A,-,03,22350,NA,N,C,C,A,A,H,-,D,D,0,NA,NA,NA,Y,Y,NA,G,25,0,0,1,0,0,0,0,0,0,-,-,34.527469635009766,-118.6486587524414,LOS ANGELES,UNINCORPORATED,-118.64868927001952,34.52745819091797
91644124,2021,2021-12-06,9590,2021-11-18,0400,022417,NA,4,3,7,1942,0,1,2,NA,2,071,US-101 S/B (HOLLYWOOD FREEWAY),BEAUDRY AVE,200,N,N,A,-,Y,NA,NA,101,NA,NA,NA,NA,NA,S,N,4,0,1,1,A,-,08,22107,NA,N,E,I,A,A,H,-,C,D,0,NA,NA,NA,NA,Y,NA,A,01,0,0,1,0,0,0,0,0,0,-,-,34.064510345458984,-118.25092315673828,LOS ANGELES,LOS ANGELES,-118.2509307861328,34.06449508666992
91644127,2021,2021-12-06,9535,2021-11-21,0645,022120,NA,7,1,5,1901,0,1,1,NA,2,421,I-10 (SAN BERNARDINO FREEWAY) W/B,I-710,1750,E,N,A,-,Y,NA,NA,10,NA,NA,NA,NA,NA,W,N,4,0,1,1,A,-,08,22107,NA,N,E,I,A,A,H,-,A,D,0,NA,NA,NA,NA,Y,NA,A,01,0,0,1,0,0,0,0,0,0,-,-,34.06415939331055,-118.15949249267578,LOS ANGELES,ALHAMBRA,-118.15950775146484,34.064212799072266
91644158,2021,2021-12-06,9575,2021-11-22,2005,022533,NA,1,2,7,1942,0,1,1,NA,2,060,I-210 W/B FROM FOOTHILL BLVD.,FOOTHILL BLVD.,62,W,N,A,-,Y,NA,NA,210,NA,NA,NA,R,NA,W,Y,3,0,1,1,A,-,01,23152,A,N,F,A,A,A,H,-,C,D,0,NA,NA,Y,NA,Y,Y,C,02,0,1,0,0,0,0,0,0,1,-,-,34.275489807128906,-118.38063049316406,LOS ANGELES,LOS ANGELES,-118.38063049316406,34.275489807128906
91644179,2021,2021-12-06,9545,2021-12-01,1840,021695,NA,3,2,9,1900,0,1,3,NA,1,042,SR-138,SR-18,0,NA,Y,A,-,Y,NA,NA,138,NA,NA,NA,NA,NA,NA,Y,4,0,2,2,A,-,09,21801,A,N,D,C,A,A,H,-,C,A,0,NA,NA,NA,NA,Y,NA,A,01,0,0,2,0,0,0,0,0,0,-,-,34.49824905395508,-117.7384033203125,LOS ANGELES,UNINCORPORATED,-117.73842620849608,34.4981803894043
91644181,2021,2021-12-06,9590,2021-11-20,2300,021122,NA,6,3,7,1942,0,1,2,NA,2,071,US-101 S/B (HOF) TO I-110 S/B (HAF),TEMPLE STREET,75,N,N,A,-,Y,NA,NA,101,NA,NA,NA,R,NA,S,N,4,0,1,2,A,-,03,22350,NA,N,C,C,A,A,H,-,C,D,0,NA,NA,NA,NA,Y,NA,D,22,0,0,1,0,0,0,0,0,0,-,-,34.062591552734375,-118.2497100830078,LOS ANGELES,LOS ANGELES,-118.2497100830078,34.062591552734375
91644183,2021,2021-12-06,9535,2021-11-20,0720,022011,NA,6,1,9,1900,0,2,4,NA,2,018,HILLVIEW AVE,BEVERLY BLVD,0,NA,Y,B,-,N,NA,NA,NA,NA,NA,NA,NA,NA,NA,N,3,0,1,2,A,-,12,21453,A,N,D,C,A,A,H,-,A,A,0,NA,NA,NA,NA,Y,NA,A,07,0,1,0,0,0,0,0,0,0,-,-,34.030941009521484,-118.15113067626952,LOS ANGELES,UNINCORPORATED,-118.15123748779295,34.03065490722656
91644193,2021,2021-12-06,9590,2021-07-20,1550,018538,NA,2,2,7,1942,0,1,1,NA,2,051,I-110 S/B (HARBOR FWY.),FLORENCE AVE.,300,N,N,A,-,Y,NA,NA,110,NA,NA,NA,NA,NA,S,Y,3,0,1,2,A,-,03,22350,NA,N,C,C,A,A,H,-,A,D,0,NA,NA,Y,NA,Y,NA,C,02,0,1,0,0,0,0,0,0,1,-,-,33.97991180419922,-118.2809600830078,LOS ANGELES,LOS ANGELES,-118.28092956542967,33.97991180419922
91644195,2021,2021-12-06,9545,2021-12-02,1437,020749,NA,4,2,9,1900,0,3,5,NA,2,004,96TH STREET EAST,AVENUE T,0,NA,Y,A,-,N,NA,NA,NA,NA,NA,NA,NA,NA,NA,Y,4,0,3,2,D,-,00,NA,NA,N,D,C,A,A,H,-,A,A,0,NA,NA,NA,NA,Y,NA,-,-,0,0,3,0,0,0,0,0,0,-,-,34.54296112060547,-117.95813751220705,LOS ANGELES,UNINCORPORATED,-117.95812225341795,34.54293441772461
91644196,2021,2021-12-06,9565,2021-11-23,1045,017289,NA,2,1,4,1918,0,1,1,NA,2,061,I-405 S/B,BRADDOCK DR,340,N,N,A,-,Y,NA,NA,405,NA,NA,NA,NA,NA,S,Y,3,0,1,2,A,-,03,22350,NA,N,C,C,A,A,H,-,A,D,0,NA,NA,NA,NA,Y,NA,A,01,0,1,0,0,0,0,0,0,0,-,-,34.00093078613281,-118.40966796875,LOS ANGELES,CULVER CITY,-118.40967559814452,34.00092315673828
91644209,2021,2021-12-06,9575,2021-10-24,1120,021344,NA,7,1,9,1900,0,1,3,NA,2,300,SR-2 (ANGELES CREST HIGHWAY),ANGELES CREST RANGER STATION,2200,W,N,B,-,Y,NA,NA,2,NA,NA,NA,NA,NA,NA,Y,2,0,1,1,A,-,08,22107,NA,N,E,I,A,A,H,-,A,D,0,NA,NA,Y,NA,Y,NA,C,02,1,0,0,0,0,0,0,0,1,-,-,34.229400634765625,-118.18274688720705,LOS ANGELES,UNINCORPORATED,-118.1826400756836,34.22938919067383
91644210,2021,2021-12-06,9550,2021-11-26,1200,022387,NA,5,1,3,1903,0,1,3,NA,2,091,SR-91 WESTBOUND,PIONEER BLVD,900,W,N,A,-,Y,NA,NA,91,NA,NA,NA,NA,NA,W,N,4,0,1,2,A,-,07,21658,A,F,C,C,A,A,H,-,A,D,0,NA,NA,NA,NA,Y,NA,D,22,0,0,1,0,0,0,0,0,0,-,-,33.87654113769531,-118.08547973632813,LOS ANGELES,ARTESIA,-118.08547973632813,33.87644577026367
91644238,2021,2021-12-06,9525,2021-11-27,0145,022398,NA,6,3,9,1900,0,1,3,NA,1,024,SR-39 (SAN GABRIEL CANYON RD.),EAST FORK ROAD,898,N,N,A,-,Y,NA,NA,39,NA,NA,NA,NA,NA,NA,Y,2,0,3,1,A,-,08,22107,NA,N,E,I,A,A,H,-,D,D,0,NA,NA,NA,NA,Y,Y,D,22,2,1,0,0,0,0,0,0,0,-,-,34.240089416503906,-117.85398864746094,LOS ANGELES,UNINCORPORATED,-117.8539810180664,34.24018096923828
91644248,2021,2021-12-06,9550,2021-11-24,1840,017511,NA,3,2,9,1900,0,1,3,NA,2,602,SR-60 W/B (POMONA FREEWAY),NOGALES ST,1800,W,N,A,-,Y,NA,NA,60,NA,NA,NA,NA,NA,W,Y,4,0,2,3,A,-,03,22350,NA,N,C,C,A,A,H,-,D,D,0,NA,NA,NA,NA,Y,NA,A,08,0,0,2,0,0,0,0,0,0,-,-,33.99430847167969,-117.89473724365234,LOS ANGELES,UNINCORPORATED,-117.89473724365234,33.99427795410156
91644255,2021,2021-12-06,9590,2021-11-22,1423,022661,NA,1,2,7,1942,0,1,2,NA,2,071,I-10 E/B (SANTA MONICA FREEWAY),FLOWER ST.,200,W,N,A,-,Y,NA,NA,10,NA,NA,NA,NA,NA,E,Y,3,0,1,3,A,-,08,22107,NA,N,B,C,A,A,H,-,A,D,0,NA,NA,NA,NA,Y,NA,A,01,0,1,0,0,0,0,0,0,0,-,-,34.03620910644531,-118.2703094482422,LOS ANGELES,LOS ANGELES,-118.27017211914064,34.036407470703125
91644262,2021,2021-12-06,9530,2021-11-21,0845,020938,NA,7,1,7,1941,0,1,1,NA,2,071,I-710 N/B (LONG BEACH FREEWAY),LONG BEACH BLVD,300,S,N,A,-,Y,NA,NA,710,NA,NA,NA,NA,NA,N,Y,4,0,1,2,A,-,03,22350,NA,N,C,C,A,A,H,-,A,D,0,NA,NA,NA,NA,Y,NA,A,01,0,0,1,0,0,0,0,0,0,-,-,33.858489990234375,-118.2018814086914,LOS ANGELES,LONG BEACH,-118.20195770263672,33.85854721069336
91644264,2021,2021-12-06,9535,2021-11-21,2315,022286,NA,7,3,9,1900,0,1,1,NA,2,072,I-710 N/B TO I-5 N/B,EASTERN AVE,250,S,N,A,-,Y,NA,NA,710,NA,NA,NA,R,NA,N,N,3,0,1,2,A,-,08,22107,NA,N,D,C,A,A,H,-,E,D,0,NA,NA,NA,Y,Y,NA,A,01,0,1,0,0,0,0,0,0,0,-,-,34.01649856567383,-118.17376708984376,LOS ANGELES,UNINCORPORATED,-118.17376708984376,34.01649856567383
91644282,2021,2021-12-06,9590,2021-11-20,1201,022357,NA,6,1,7,1942,0,1,1,NA,2,501,I-110 S/B (HARBOR FREEWAY) HOT LANES,SLAUSON AVE,180,S,N,A,-,Y,NA,NA,110,NA,NA,NA,NA,NA,S,N,3,0,2,1,A,-,08,22107,NA,N,E,I,A,A,H,-,A,D,0,NA,NA,NA,NA,Y,NA,A,01,0,2,0,0,0,0,0,0,0,-,-,33.98857116699219,-118.28066253662108,LOS ANGELES,LOS ANGELES,-118.28061676025392,33.98857116699219
91644286,2021,2022-03-22,9535,2021-11-20,0250,022418,NA,6,3,9,1900,0,1,1,NA,2,400,INTERSTATE 10 EASTBOUND  (SAN BERNARDINO FREEWAY),DEL MAR AVENUE,750,E,N,B,-,Y,NA,NA,NA,NA,NA,NA,NA,NA,NA,Y,2,0,2,2,A,-,03,22350,NA,M,C,C,A,A,H,-,D,D,0,NA,NA,NA,NA,Y,NA,A,01,1,1,0,0,0,0,0,0,0,-,-,34.07183837890625,-118.09693145751952,LOS ANGELES,UNINCORPORATED,-118.09706115722656,34.07179260253906
91644299,2021,2021-12-06,9565,2021-11-20,2010,021892,NA,6,2,9,1900,0,1,1,NA,2,012,I-105 W/B TO VERMONT AVENUE,VERMONT AVENUE,150,W,N,A,-,Y,NA,NA,105,NA,NA,NA,R,NA,W,N,4,0,1,2,A,-,03,22350,NA,F,C,C,A,A,H,-,C,D,0,NA,NA,NA,NA,Y,NA,A,01,0,0,1,0,0,0,0,0,0,-,-,33.92810821533203,-118.29241943359376,LOS ANGELES,UNINCORPORATED,-118.29241943359376,33.92810821533203
91644310,2021,2021-12-06,9575,2021-11-16,1700,022558,NA,2,2,6,1925,0,1,1,NA,2,050,I-5 N/B (GOLDEN STATE FREEWAY),ALLEN AVE,240,S,N,A,-,Y,NA,NA,5,NA,NA,NA,NA,NA,N,N,4,0,1,2,A,-,07,21658,A,M,B,C,A,A,H,-,A,D,0,NA,NA,NA,NA,Y,NA,-,99,0,0,1,0,0,0,0,0,0,-,-,34.16707992553711,-118.29969024658205,LOS ANGELES,GLENDALE,-118.29971313476564,34.167049407958984
91644336,2021,2021-12-06,9530,2021-11-20,1725,022674,NA,6,2,7,1942,0,1,1,NA,2,400,I-405 SOUTHBOUND,VERMONT AVENUE,1650,N,N,A,-,Y,NA,NA,405,NA,NA,NA,NA,NA,S,Y,4,0,1,3,A,-,03,22350,NA,N,C,C,A,A,H,-,C,D,0,NA,NA,NA,NA,Y,NA,A,01,0,0,1,0,0,0,0,0,0,-,-,33.85969161987305,-118.29617309570313,LOS ANGELES,LOS ANGELES,-118.29617309570313,33.8597297668457
91644337,2021,2021-12-06,9535,2021-11-22,0330,022418,NA,1,3,9,1900,0,2,4,NA,2,016,1ST STREET,HUMPHREYS AVENUE,25,W,N,A,-,N,NA,NA,NA,NA,NA,NA,NA,NA,NA,Y,3,0,2,3,A,-,01,23152,A,N,C,E,A,A,H,-,C,D,0,NA,NA,NA,NA,Y,Y,A,07,0,2,0,0,0,0,0,0,0,-,-,34.03704833984375,-118.17151641845705,LOS ANGELES,UNINCORPORATED,-118.17146301269533,34.036949157714844
91644356,2021,2021-12-06,9530,2021-11-20,0120,021582,NA,6,3,7,1941,0,1,1,NA,2,072,I-710 N/B (LONG BEACH FREEWAY),WARDLOW RD.,528,S,N,A,-,Y,NA,NA,710,NA,NA,NA,NA,NA,N,Y,3,0,1,2,A,-,01,23152,A,N,C,C,A,A,H,-,D,D,0,NA,NA,NA,Y,Y,Y,A,07,0,1,0,0,0,0,0,0,0,-,-,33.81959915161133,-118.20681762695313,LOS ANGELES,LONG BEACH,-118.20687866210938,33.81959915161133
91644371,2021,2021-12-06,9590,2021-07-06,1949,022552,NA,2,2,7,1942,0,1,1,NA,2,041,I-5 S/B (SANTA ANA FREEWAY),7TH STREET,400,S,N,A,-,Y,NA,NA,5,NA,NA,NA,NA,NA,S,Y,3,0,1,1,A,-,08,22107,NA,N,E,I,A,A,H,-,A,D,0,NA,NA,NA,NA,Y,NA,A,07,0,1,0,0,0,0,0,0,0,-,-,34.03361129760742,-118.22139739990234,LOS ANGELES,LOS ANGELES,-118.22110748291016,34.03379440307617
91644372,2021,2021-12-06,9525,2021-11-25,1320,022607,NA,4,1,5,1926,0,1,1,NA,2,205,I-210 W/B (FOOTHILL FWY),BARRANCA AVE.,800,E,N,A,-,Y,NA,NA,210,NA,NA,NA,NA,NA,W,Y,3,0,1,2,A,-,03,22350,NA,N,B,C,A,A,H,-,A,D,0,NA,NA,Y,NA,Y,NA,A,01,0,1,0,0,0,0,0,0,1,-,-,34.12104034423828,-117.87866973876952,LOS ANGELES,GLENDORA,-117.87866973876952,34.12101745605469
91644376,2021,2021-12-06,9535,2021-11-22,0935,017943,NA,1,1,5,1948,0,1,3,NA,2,601,SR-60 (POMONA FREEWAY) W/B,GERHART AVE,175,E,N,A,-,Y,NA,NA,60,NA,NA,NA,NA,NA,W,Y,4,0,1,3,A,-,07,21658,A,M,B,C,A,A,H,-,A,D,0,NA,NA,NA,Y,Y,NA,-,99,0,0,1,0,0,0,0,0,0,-,-,34.03313064575195,-118.14286041259766,LOS ANGELES,MONTEREY PARK,-118.14286041259766,34.0330924987793
91644391,2021,2021-12-06,9590,2021-10-23,1620,022431,NA,6,2,7,1942,0,1,2,NA,2,072,US-101 N/B (HOLLYWOOD FREEWAY),UNIVERSAL STUDIOS BOULEVARD,100,S,N,A,-,Y,NA,NA,101,NA,NA,NA,NA,NA,N,Y,4,0,1,2,A,-,07,21658,A,N,B,C,A,A,H,-,A,D,0,NA,NA,NA,NA,Y,NA,-,-,0,0,1,0,0,0,0,0,0,-,-,34.13311004638672,-118.35201263427734,LOS ANGELES,LOS ANGELES,-118.35198974609376,34.13315963745117
91644396,2021,2021-12-06,9525,2021-11-27,1300,018992,NA,6,1,5,1990,0,1,3,NA,2,601,SR-60 W/B (POMONA FWY),FAIRWAY DR.,1000,E,N,A,-,Y,NA,NA,60,NA,NA,NA,NA,NA,W,Y,3,0,3,4,A,-,03,22350,NA,N,C,C,A,A,H,-,A,D,0,NA,NA,NA,NA,Y,NA,A,01,0,1,2,0,0,0,0,0,0,-,-,33.9970703125,-117.86611938476564,LOS ANGELES,DIAMOND BAR,-117.86611938476564,33.99708557128906
91644425,2021,2021-12-06,9525,2021-11-29,1355,021931,NA,1,1,9,1900,0,3,5,NA,2,003,ECHELON AVENUE,BLACKWOOD STREET,0,NA,Y,A,-,N,NA,NA,NA,NA,NA,NA,NA,NA,NA,Y,4,0,1,2,A,-,12,22450,A,N,D,C,A,A,H,-,A,A,0,NA,NA,NA,NA,Y,NA,D,22,0,0,1,0,0,0,0,0,0,-,-,34.038360595703125,-117.93440246582033,LOS ANGELES,UNINCORPORATED,-117.93444061279295,34.03834915161133
91644426,2021,2021-12-06,9535,2021-11-18,0958,020902,NA,4,1,9,1900,0,1,1,NA,2,421,I-10 W/B (SAN BERNARDINO FWY),HERBERT AVE,900,E,N,A,-,Y,NA,NA,10,NA,NA,NA,NA,NA,W,Y,3,0,5,3,A,-,07,21658,A,F,B,C,A,A,H,-,A,D,0,NA,NA,NA,NA,Y,NA,-,99,0,2,3,0,0,0,0,0,0,-,-,34.05754089355469,-118.18052673339844,LOS ANGELES,UNINCORPORATED,-118.18053436279295,34.057552337646484
91644431,2021,2021-12-06,9565,2021-11-22,1320,021372,NA,1,1,6,1933,0,1,1,NA,2,060,I-405 NORTHBOUND TO LA CIENEGA/MANCHESTER BOULEVAR,HILLCREST BOULEVARD,144,S,N,A,-,Y,NA,NA,405,NA,NA,NA,R,NA,N,N,4,0,1,2,A,-,03,22350,NA,N,C,C,A,A,H,-,A,D,0,NA,NA,NA,NA,Y,NA,A,01,0,0,1,0,0,0,0,0,0,-,-,33.955970764160156,-118.36907958984376,LOS ANGELES,INGLEWOOD,-118.36907958984376,33.955970764160156
91644437,2021,2021-12-06,9545,2021-12-01,0615,016523,NA,3,1,6,1950,0,1,3,NA,2,021,SR-14 N/B,AVENUE S,2640,S,N,A,-,Y,NA,NA,NA,NA,NA,NA,NA,NA,NA,Y,4,0,3,2,A,-,03,22350,NA,N,C,C,A,A,H,-,B,D,0,NA,NA,NA,NA,Y,NA,A,01,0,0,3,0,0,0,0,0,0,-,-,34.5499382019043,-118.13144683837892,LOS ANGELES,PALMDALE,-118.13162231445313,34.550716400146484
91644450,2021,2021-12-06,9535,2021-11-22,1146,022234,NA,1,1,5,1969,0,1,1,NA,2,074,I-710 (LONG BEACH FREEWAY) N/B,FIRESTONE BLVD.,110,N,N,A,-,Y,NA,NA,710,NA,NA,NA,NA,NA,N,Y,3,0,1,1,A,-,08,22107,NA,N,A,I,A,A,H,-,A,D,0,NA,NA,NA,NA,Y,NA,D,22,0,1,0,0,0,0,0,0,0,-,-,33.95029067993164,-118.17044067382813,LOS ANGELES,SOUTH GATE,-118.17033386230467,33.95029830932617
91644488,2021,2021-12-06,9575,2021-11-24,1930,022558,NA,3,2,7,1942,0,1,3,NA,2,043,SR-134 E/B (VENTURA FREEWAY),FOREST LAWN DR.,1375,W,N,A,-,Y,NA,NA,134,NA,NA,NA,NA,NA,E,N,4,0,5,2,A,-,03,22350,NA,N,C,C,A,A,H,-,C,D,0,NA,NA,NA,Y,Y,NA,F,26,0,0,5,0,0,0,0,0,0,-,-,34.15462112426758,-118.31558990478516,LOS ANGELES,LOS ANGELES,-118.31559753417967,34.15459442138672
91644499,2021,2021-12-06,9550,2021-11-28,1450,022450,NA,7,2,6,1949,0,1,1,NA,2,651,I-605 SB,ALONDRA BOULEVARD,1400,N,N,A,-,Y,NA,NA,605,NA,NA,NA,NA,NA,S,Y,4,0,1,1,A,-,08,22107,NA,N,E,I,A,A,H,-,A,D,0,NA,NA,NA,NA,Y,NA,A,01,0,0,1,0,0,0,0,0,0,-,-,33.89142990112305,-118.10466003417967,LOS ANGELES,NORWALK,-118.10480499267578,33.89141845703125
91644504,2021,2021-12-06,9550,2021-11-29,1600,022450,NA,1,2,6,1949,0,1,1,NA,2,150,I-105 EB,STUDEBAKER ROAD,100,W,N,A,-,Y,NA,NA,105,NA,NA,NA,NA,NA,E,Y,4,0,1,3,A,-,01,23152,A,N,C,C,A,A,H,-,A,D,0,NA,NA,NA,NA,Y,Y,A,01,0,0,1,0,0,0,0,0,0,-,-,33.91427993774414,-118.09967803955078,LOS ANGELES,NORWALK,-118.09967803955078,33.91426467895508
91644506,2021,2021-12-06,9525,2021-11-30,1850,021809,NA,2,2,6,1955,0,1,1,NA,2,108,I-10 E/B (SAN BERNARDINO FWY),SR-71 S/B (CHINO VALLEY FWY),500,W,N,A,-,Y,NA,NA,10,NA,NA,NA,NA,NA,E,N,4,0,1,3,A,-,03,22350,NA,N,C,C,A,A,H,-,C,D,0,NA,NA,NA,NA,Y,NA,A,01,0,0,1,0,0,0,0,0,0,-,-,34.0654411315918,-117.80551910400392,LOS ANGELES,POMONA,-117.80555725097656,34.065521240234375
91644539,2021,2021-12-06,9525,2021-12-02,2350,022455,NA,4,3,4,1946,0,1,1,NA,2,202,I-210 E/B (FOOTHILL FWY),HUNTINGTON DR.,100,E,N,A,-,Y,NA,NA,210,NA,NA,NA,NA,NA,E,Y,4,0,1,1,A,-,08,22107,NA,M,E,I,A,A,H,-,D,D,0,NA,NA,NA,NA,Y,NA,A,01,0,0,1,0,0,0,0,0,0,-,-,34.139671325683594,-118.01631927490234,LOS ANGELES,MONROVIA,-118.0162353515625,34.13975524902344
91644545,2021,2021-12-06,9525,2021-12-03,2025,022009,NA,5,2,5,1990,0,1,3,NA,2,602,SR-60 E/B (POMONA FWY),GRAND AVE,250,W,N,A,-,Y,NA,NA,60,NA,NA,NA,NA,NA,E,N,4,0,1,2,A,-,03,22350,NA,F,C,C,A,A,H,-,C,D,0,NA,NA,NA,NA,Y,NA,A,01,0,0,1,0,0,0,0,0,0,-,-,34.00944137573242,-117.82392120361328,LOS ANGELES,DIAMOND BAR,-117.82390594482422,34.009422302246094
91644560,2021,2021-12-06,9535,2021-11-22,1920,021381,NA,1,2,5,1959,0,1,1,NA,2,401,I-10 (SAN BERNARDINO FREEWAY) W/B,SAN GABRIEL BLVD.,1600,E,N,A,-,Y,NA,NA,10,NA,NA,NA,NA,NA,W,Y,3,0,2,3,A,-,01,23152,A,M,B,C,A,A,H,-,C,D,0,NA,NA,NA,NA,Y,Y,A,01,0,1,1,0,0,0,0,0,0,-,-,34.072288513183594,-118.08524322509766,LOS ANGELES,ROSEMEAD,-118.08524322509766,34.07225799560547
91644628,2021,2021-12-07,9565,2021-11-21,0040,022226,NA,7,3,9,1900,0,3,5,NA,2,002,BUDLONG AVENUE,90TH STREET,0,NA,Y,A,-,N,NA,NA,NA,NA,NA,NA,NA,NA,NA,Y,3,0,1,3,A,-,08,22107,NA,N,A,E,A,A,H,-,C,D,0,NA,NA,NA,NA,Y,NA,A,07,0,1,0,0,0,0,0,0,0,-,-,33.955909729003906,-118.29591369628906,LOS ANGELES,UNINCORPORATED,-118.2959213256836,33.955936431884766
91644635,2021,2021-12-07,9565,2021-11-20,1700,022206,NA,6,2,9,1900,0,3,5,NA,2,002,EL SEGUNDO BOULEVARD,BUDLONG AVENUE,12,W,N,B,-,N,NA,NA,NA,NA,NA,NA,NA,NA,NA,N,2,0,1,2,A,-,11,21453,D,N,G,B,B,A,H,-,C,A,0,Y,NA,NA,NA,Y,NA,N,60,1,0,0,0,1,0,0,0,0,-,-,33.91645812988281,-118.2965087890625,LOS ANGELES,UNINCORPORATED,-118.29644775390624,33.916439056396484
91644795,2021,2021-12-07,9590,2021-07-04,1600,022404,NA,7,2,7,1942,0,1,1,NA,2,085,I-5 S/B (GOLDEN STATE FREEWAY),GILROY STREET,295,N,N,A,-,Y,NA,NA,5,NA,NA,NA,NA,NA,S,N,4,0,1,3,A,-,03,22350,NA,N,C,C,A,A,H,-,A,D,0,NA,NA,NA,NA,Y,NA,A,01,0,0,1,0,0,0,0,0,0,-,-,34.10533142089844,-118.2538833618164,LOS ANGELES,LOS ANGELES,-118.25391387939452,34.10528564453125
91644797,2021,2021-12-07,9590,2021-11-09,1309,017733,NA,2,1,7,1942,0,1,1,NA,2,081,I-5 N/B (GSF),CESAR CHAVEZ AVENUE,30,N,N,A,-,Y,NA,NA,5,NA,NA,NA,NA,NA,N,Y,3,0,1,1,C,-,18,NA,NA,N,E,I,A,A,H,-,A,D,0,NA,NA,NA,NA,Y,NA,-,-,0,1,0,0,0,0,0,0,0,-,-,34.049800872802734,-118.2139892578125,LOS ANGELES,LOS ANGELES,-118.21400451660156,34.049800872802734
91644810,2021,2021-12-07,9575,2021-06-02,2136,021712,NA,3,2,9,1900,0,1,1,NA,2,062,I-210 W/B (FOOTHILL FREEWAY) TO PENNSYLVANIA AVE,PENNSYLVANIA AVE,92,E,N,A,-,Y,NA,NA,210,NA,NA,NA,R,NA,W,Y,1,1,0,2,A,-,01,23152,A,N,E,8,A,A,H,-,D,D,0,NA,NA,NA,NA,Y,Y,A,01,0,0,0,0,0,0,0,0,0,-,-,34.22352981567383,-118.24832916259766,LOS ANGELES,UNINCORPORATED,-118.24832916259766,34.22352981567383
91644817,2021,2021-12-07,9590,2021-11-20,2244,022088,NA,6,3,7,1942,0,1,1,NA,2,053,I-110 SOUTHBOUND (HARBOR FREEWAY),2ND STREET,400,N,N,A,-,Y,NA,NA,110,NA,NA,NA,NA,NA,S,N,4,0,2,2,A,-,03,22350,NA,N,C,C,A,A,H,-,C,D,0,NA,NA,NA,NA,Y,NA,A,01,0,0,2,0,0,0,0,0,0,-,-,34.058448791503906,-118.25380706787108,LOS ANGELES,LOS ANGELES,-118.2537841796875,34.05842208862305
91644827,2021,2021-12-07,9590,2021-11-23,0142,022088,NA,2,3,7,1942,0,1,2,NA,2,072,US-101 SOUTHBOUND (HOLLYWOOD FREEWAY),MELROSE AVE.,200,N,N,A,-,Y,NA,NA,NA,NA,NA,NA,NA,NA,NA,N,4,0,1,2,A,-,07,21658,A,M,B,C,A,A,H,-,C,D,0,NA,NA,NA,NA,Y,NA,-,99,0,0,1,0,0,0,0,0,0,-,-,34.037200927734375,-118.27516174316406,LOS ANGELES,LOS ANGELES,-118.2993392944336,34.083919525146484
91644853,2021,2021-12-07,9590,2021-11-23,1020,015982,NA,2,1,7,1942,0,1,1,NA,2,053,I-110 S/B (HARBOR FREEWAY),23RD ST,180,N,N,A,-,Y,NA,NA,110,NA,NA,NA,NA,NA,S,Y,4,0,1,2,A,-,07,21658,A,M,B,C,A,A,H,-,A,D,0,NA,NA,NA,NA,Y,NA,A,07,0,0,1,0,0,0,0,0,0,-,-,34.03160095214844,-118.27490234375,LOS ANGELES,LOS ANGELES,-118.27466583251952,34.03162384033203