CASE_ID,ACCIDENT_YEAR,PROC_DATE,JURIS,COLLISION_DATE,COLLISION_TIME,OFFICER_ID,REPORTING_DISTRICT,DAY_OF_WEEK,CHP_SHIFT,POPULATION,CNTY_CITY_LOC,SPECIAL_COND,BEAT_TYPE,CHP_BEAT_TYPE,CITY_DIVISION_LAPD,CHP_BEAT_CLASS,BEAT_NUMBER,PRIMARY_RD,SECONDARY_RD,DISTANCE,DIRECTION,INTERSECTION,WEATHER_1,WEATHER_2,STATE_HWY_IND,CALTRANS_COUNTY,CALTRANS_DISTRICT,STATE_ROUTE,ROUTE_SUFFIX,POSTMILE_PREFIX,POSTMILE,LOCATION_TYPE,RAMP_INTERSECTION,SIDE_OF_HWY,TOW_AWAY,COLLISION_SEVERITY,NUMBER_KILLED,NUMBER_INJURED,PARTY_COUNT,PRIMARY_COLL_FACTOR,PCF_CODE_OF_VIOL,PCF_VIOL_CATEGORY,PCF_VIOLATION,PCF_VIOL_SUBSECTION,HIT_AND_RUN,TYPE_OF_COLLISION,MVIW,PED_ACTION,ROAD_SURFACE,ROAD_COND_1,ROAD_COND_2,LIGHTING,CONTROL_DEVICE,CHP_ROAD_TYPE,PEDESTRIAN_ACCIDENT,BICYCLE_ACCIDENT,MOTORCYCLE_ACCIDENT,TRUCK_ACCIDENT,NOT_PRIVATE_PROPERTY,ALCOHOL_INVOLVED,STWD_VEHTYPE_AT_FAULT,CHP_VEHTYPE_AT_FAULT,COUNT_SEVERE_INJ,COUNT_VISIBLE_INJ,COUNT_COMPLAINT_PAIN,COUNT_PED_KILLED,COUNT_PED_INJURED,COUNT_BICYCLIST_KILLED,COUNT_BICYCLIST_INJURED,COUNT_MC_KILLED,COUNT_MC_INJURED,PRIMARY_RAMP,SECONDARY_RAMP,LATITUDE,LONGITUDE,COUNTY,CITY,POINT_X,POINT_Y
91645488,2021,2021-12-07,9530,2021-10-04,2300,022674,NA,1,3,9,1900,0,3,5,NA,2,001,SANTA FE AVE. (2400 BLOCK),FLORENCE AVE,0,NA,Y,A,-,N,NA,NA,NA,NA,NA,NA,NA,NA,NA,Y,4,0,1,2,A,-,12,22450,A,N,D,C,A,A,H,-,E,A,0,NA,NA,NA,NA,Y,NA,A,01,0,0,1,0,0,0,0,0,0,-,-,33.9747200012207,-118.23023223876952,LOS ANGELES,UNINCORPORATED,-118.23029327392578,33.9747314453125
91645514,2021,2021-12-07,9530,2021-10-09,0214,022687,NA,6,3,9,1900,0,3,5,NA,2,002,ALAMEDA ST. (BLOCK 11400S),SANTA ANA BLVD. (BLOCK 2500),2,S,N,A,-,N,NA,NA,NA,NA,NA,NA,NA,NA,NA,Y,4,0,2,1,A,-,01,23152,A,N,E,I,A,A,H,-,C,A,0,NA,NA,NA,NA,Y,Y,A,01,0,0,2,0,0,0,0,0,0,-,-,33.932159423828125,-118.22615051269533,LOS ANGELES,UNINCORPORATED,-118.22615051269533,33.93263626098633
91645536,2021,2021-12-07,9525,2021-11-12,1439,022521,NA,5,2,6,1975,0,1,1,NA,2,106,I-10 E/B (SAN BERNARDINO FREEWAY),VINCENT AVE,1000,W,N,A,-,Y,NA,NA,10,NA,NA,NA,NA,NA,E,N,4,0,1,2,A,-,07,21658,A,F,B,C,A,A,H,-,A,D,0,NA,NA,NA,Y,Y,NA,G,25,0,0,1,0,0,0,0,0,0,-,-,34.072200775146484,-117.93193817138672,LOS ANGELES,WEST COVINA,-117.93193817138672,34.07227325439453
91645549,2021,2021-12-07,9525,2021-11-23,1540,022025,NA,2,2,5,1906,0,1,1,NA,2,104,I-10 (SAN BERNARDINO FREEWAY) E/B,PUENTE AVE,100,W,N,A,-,Y,NA,NA,10,NA,NA,NA,NA,NA,E,Y,3,0,1,2,A,-,03,22350,NA,N,C,C,A,A,H,-,A,D,0,NA,NA,NA,Y,Y,NA,A,01,0,1,0,0,0,0,0,0,0,-,-,34.069908142089844,-117.96286010742188,LOS ANGELES,BALDWIN PARK,-117.9628677368164,34.069950103759766
91645558,2021,2021-12-07,9525,2021-11-27,1620,022553,NA,6,2,9,1900,0,3,5,NA,2,003,NOGALES ST,NORTHAM ST,0,NA,Y,A,-,N,NA,NA,NA,NA,NA,NA,NA,NA,NA,Y,3,0,1,2,A,-,09,21801,A,N,D,C,A,A,H,-,A,A,0,NA,NA,NA,NA,Y,NA,A,01,0,1,0,0,0,0,0,0,0,-,-,34.00830841064453,-117.88710784912108,LOS ANGELES,UNINCORPORATED,-117.88713073730467,34.00828170776367
91645588,2021,2021-12-07,9575,2021-11-22,0525,019595,NA,1,3,7,1942,0,1,1,NA,2,053,I-5 S/B (GOLDEN STATE FREEWAY),FILMORE STREET UNDERCROSSING,185,N,N,A,-,Y,NA,NA,5,NA,NA,NA,NA,NA,S,Y,4,0,1,3,A,-,08,22107,NA,M,B,C,A,A,H,-,C,D,0,NA,NA,NA,Y,Y,NA,-,99,0,0,1,0,0,0,0,0,0,-,-,34.25910949707031,-118.43797302246094,LOS ANGELES,LOS ANGELES,-118.43788909912108,34.25919723510742
91645589,2021,2021-12-07,9525,2021-11-29,1545,020989,NA,1,2,1,1934,0,1,1,NA,2,652,I-605 N/B (SAN GABRIEL RIVER FWY),LOS ANGELES ST,2112,N,N,A,-,Y,NA,NA,605,NA,NA,NA,NA,NA,N,Y,3,0,1,2,A,-,07,21658,A,N,B,C,A,A,H,-,A,D,0,NA,NA,NA,NA,Y,NA,A,01,0,1,0,0,0,0,0,0,0,-,-,34.09558868408203,-117.98677825927734,LOS ANGELES,IRWINDALE,-117.98680114746094,34.09560775756836
91645593,2021,2021-12-07,9575,2021-11-16,0640,019595,NA,2,1,7,1942,0,1,1,NA,2,052,I-5 S/B (GOLDEN STATE FREEWAY),HOLLYWOOD WAY,200,S,N,A,-,Y,NA,NA,5,NA,NA,NA,NA,NA,S,N,4,0,3,5,A,-,03,22350,NA,N,C,C,A,A,H,-,A,D,0,NA,NA,NA,NA,Y,NA,A,07,0,0,3,0,0,0,0,0,0,-,-,34.21149826049805,-118.34786224365234,LOS ANGELES,LOS ANGELES,-118.3478546142578,34.21150207519531
91645606,2021,2021-12-07,9530,2021-11-24,0805,017275,NA,3,1,9,1900,0,1,1,NA,2,120,I-110 S/B TO TORRANCE BLVD.,DEL AMO BOULEVARD,450,S,N,A,-,Y,NA,NA,110,NA,NA,NA,R,NA,S,Y,3,0,1,1,A,-,08,22107,NA,N,E,I,A,A,H,-,A,D,0,NA,NA,NA,NA,Y,NA,A,01,0,1,0,0,0,0,0,0,0,-,-,33.845481872558594,-118.28556823730467,LOS ANGELES,UNINCORPORATED,-118.28556823730467,33.845481872558594
91645608,2021,2021-12-07,9530,2021-09-16,1551,022716,NA,4,2,7,1942,0,1,1,NA,2,200,I-105 W/B (GLENN ANDERSON FWY),CENTRAL AVE,1848,W,N,A,-,Y,NA,NA,105,NA,NA,NA,NA,NA,W,Y,2,0,1,1,C,-,18,NA,NA,M,F,A,A,A,H,-,A,D,0,NA,NA,Y,NA,Y,NA,-,-,1,0,0,0,0,0,0,0,1,-,-,33.927669525146484,-118.26110076904295,LOS ANGELES,LOS ANGELES,-118.26110076904295,33.927650451660156
91645646,2021,2021-12-07,9535,2021-11-24,1320,022100,NA,3,1,5,1901,0,1,1,NA,2,420,I-10 (SAN BERNARDINO FREEWAY) E/B,FREMONT AVE.,1435,E,N,A,-,Y,NA,NA,10,NA,NA,NA,NA,NA,E,N,3,0,2,2,A,-,03,22350,NA,N,C,C,A,A,H,-,A,D,0,NA,NA,NA,NA,Y,NA,A,07,0,1,1,0,0,0,0,0,0,-,-,34.07051086425781,-118.1469497680664,LOS ANGELES,ALHAMBRA,-118.14691925048828,34.07044982910156
91645656,2021,2021-12-07,9535,2021-11-24,1437,021976,NA,3,2,9,1900,0,1,1,NA,2,651,I-605 (SAN GABRIEL RIVER FWY) S/B,SAN JOSE BRIDGE,180,S,N,A,-,Y,NA,NA,605,NA,NA,NA,NA,NA,S,Y,3,0,1,2,A,-,07,21658,A,N,B,C,A,A,H,-,A,D,0,NA,NA,Y,NA,Y,NA,A,07,0,1,0,0,0,0,0,0,1,-,-,34.03548049926758,-118.02536010742188,LOS ANGELES,UNINCORPORATED,-118.0253677368164,34.035491943359375
91645667,2021,2021-12-07,9575,2021-11-23,1710,021006,NA,2,2,6,1925,0,1,1,NA,2,062,I-210 W/B (FOOTHILL FREEWAY),WALTONIA DR.,1800,E,N,A,-,Y,NA,NA,210,NA,NA,NA,NA,NA,W,N,4,0,1,3,A,-,03,22350,NA,N,C,C,A,A,H,-,B,D,0,NA,NA,NA,NA,Y,NA,A,07,0,0,1,0,0,0,0,0,0,-,-,34.20758056640625,-118.2173080444336,LOS ANGELES,GLENDALE,-118.21729278564452,34.2076301574707
91645679,2021,2021-12-07,9535,2021-11-24,1715,022269,NA,3,2,5,1947,0,1,3,NA,2,600,SR-60 (POMONA FREEWAY) E/B,WILCOX AVE.,200,E,N,A,-,Y,NA,NA,60,NA,NA,NA,NA,NA,E,N,4,0,1,2,A,-,03,22350,NA,N,C,C,A,A,H,-,C,D,0,NA,NA,NA,NA,Y,NA,A,01,0,0,1,0,0,0,0,0,0,-,-,34.033180236816406,-118.12433624267578,LOS ANGELES,MONTEBELLO,-118.12433624267578,34.03311538696289
91645683,2021,2021-12-07,9535,2021-11-24,1730,021772,NA,3,2,9,1900,0,1,1,NA,2,420,I-10 (SAN BERNARDINO FREEWAY) E/B,EASTERN AVE.,1056,W,N,A,-,Y,NA,NA,10,NA,NA,NA,NA,NA,E,Y,4,0,1,2,A,-,03,22350,NA,N,C,C,A,A,H,-,C,D,0,NA,NA,NA,NA,Y,Y,A,08,0,0,1,0,0,0,0,0,0,-,-,34.057830810546875,-118.1794662475586,LOS ANGELES,UNINCORPORATED,-118.179443359375,34.057769775390625
91645692,2021,2021-12-07,9525,2021-11-30,0615,022655,NA,2,1,5,1906,0,1,S,NA,2,113,I-10 W/B (SAN BERNARDINO FWY),FRANCISQUITO AVE,100,W,N,A,-,Y,NA,NA,10,NA,NA,NA,NA,NA,W,Y,3,0,1,2,A,-,06,21755,A,N,B,2,A,A,H,-,A,D,0,NA,NA,NA,NA,Y,NA,A,01,0,1,0,0,0,0,0,0,0,-,-,34.068660736083984,-117.97440338134766,LOS ANGELES,BALDWIN PARK,-117.9743881225586,34.06858444213867
91645794,2021,2021-12-08,9525,2021-12-01,0327,020632,NA,3,3,6,1975,0,1,1,NA,2,105,I-10 W/B (SAN BERNARDINO FREEWAY),CITRUS ST.,1584,E,N,A,-,N,NA,NA,10,NA,NA,NA,NA,NA,W,Y,4,0,1,2,A,-,03,22350,NA,N,C,C,A,A,H,-,C,D,0,NA,NA,NA,NA,Y,NA,A,01,0,0,1,0,0,0,0,0,0,-,-,34.07221984863281,-117.88751220703124,LOS ANGELES,WEST COVINA,-117.88751220703124,34.07204055786133
91645817,2021,2021-12-08,9575,2021-11-24,1515,021403,NA,3,2,6,1953,0,1,1,NA,2,064,I-210 W/B (FOOTHILL FREEWAY),ALTADENA DR.,140,W,N,A,-,Y,NA,NA,210,NA,NA,NA,NA,NA,W,N,4,0,1,2,A,-,03,22350,NA,N,C,C,A,A,H,-,A,D,0,NA,NA,NA,NA,Y,NA,A,07,0,0,1,0,0,0,0,0,0,-,-,34.152809143066406,-118.09796142578124,LOS ANGELES,PASADENA,-118.09796142578124,34.15273666381836
91645818,2021,2021-12-08,9575,2021-11-25,0145,022496,NA,4,3,9,1900,0,1,1,NA,2,052,I-5 S/B (GOLDEN STATE FREEWAY),TERRA BELLA,600,S,N,A,-,Y,NA,NA,NA,NA,NA,NA,NA,NA,NA,N,4,0,1,2,A,-,04,21703,NA,M,C,C,A,A,H,-,D,D,0,NA,NA,NA,NA,Y,NA,A,01,0,0,1,0,0,0,0,0,0,-,-,34.24882888793945,-118.42694854736328,LOS ANGELES,UNINCORPORATED,-118.42823791503906,34.25006103515625
91645820,2021,2021-12-08,9575,2021-11-17,1730,021006,NA,3,2,6,1953,0,1,1,NA,2,064,I-210 W/B (FOOTHILL FREEWAY),ALLEN AVE.,500,W,N,A,-,Y,NA,NA,210,NA,NA,NA,NA,NA,W,N,4,0,1,2,A,-,03,22350,NA,M,C,D,A,A,H,-,B,D,0,NA,NA,NA,NA,Y,NA,-,99,0,0,1,0,0,0,0,0,0,-,-,34.152610778808594,-118.11447143554688,LOS ANGELES,PASADENA,-118.11447143554688,34.1525764465332
91645821,2021,2021-12-08,9575,2021-11-15,0500,022513,NA,1,3,6,1953,0,1,1,NA,2,063,I-210 W/B (FOOTHILL FREEWAY),ARROYO BLVD.,16,W,N,A,-,Y,NA,NA,210,NA,NA,NA,NA,NA,W,N,3,0,1,2,A,-,03,22350,NA,N,C,C,A,A,H,-,B,D,0,NA,NA,NA,NA,Y,NA,A,01,0,1,0,0,0,0,0,0,0,-,-,34.181419372558594,-118.16921997070313,LOS ANGELES,PASADENA,-118.16920471191406,34.18144989013672
91645847,2021,2021-12-08,9575,2021-11-27,0050,022469,NA,6,3,9,1900,0,1,3,NA,2,042,SR-134 E/B (VENTURA FREEWAY),BRAND AVENUE,850,E,N,A,-,Y,NA,NA,NA,NA,NA,NA,NA,NA,NA,N,3,0,2,2,A,-,08,22107,NA,N,B,C,A,A,H,-,C,D,0,NA,NA,NA,NA,Y,NA,A,01,0,2,0,0,0,0,0,0,0,-,-,34.156280517578125,-118.25209045410156,LOS ANGELES,UNINCORPORATED,-118.2521743774414,34.15630340576172
91646056,2021,2021-12-08,9540,2021-11-22,0555,015093,NA,1,3,9,1900,0,3,5,NA,2,200,VASQUEZ CANYON ROAD,LOST CREEK ROAD,2112,E,N,B,-,N,NA,NA,NA,NA,NA,NA,NA,NA,NA,Y,2,0,2,3,A,-,01,23152,A,N,A,C,A,A,H,-,B,D,0,NA,NA,NA,NA,Y,Y,A,01,2,0,0,0,0,0,0,0,0,-,-,34.474788665771484,-118.4479522705078,LOS ANGELES,UNINCORPORATED,-118.44856262207033,34.47482681274414
91646060,2021,2021-12-08,9530,2021-12-06,0940,022669,NA,1,1,9,1900,0,3,5,NA,2,002,SAN PEDRO ST.,135TH STREET,0,NA,Y,A,-,N,NA,NA,NA,NA,NA,NA,NA,NA,NA,Y,4,0,1,2,A,-,01,23153,A,N,D,C,A,A,H,-,A,A,0,NA,NA,NA,NA,Y,Y,A,01,0,0,1,0,0,0,0,0,0,-,-,33.90916061401367,-118.2696533203125,LOS ANGELES,UNINCORPORATED,-118.26966857910156,33.909156799316406
91646062,2021,2021-12-08,9540,2021-12-01,1135,018037,NA,3,1,9,1900,0,1,3,NA,1,143,SR 14 S/B TO I-5 N/B,SIERRA HIGHWAY U/C,430,S,N,A,-,Y,NA,NA,14,NA,NA,NA,R,NA,S,N,3,0,1,1,A,-,08,22107,NA,N,E,J,A,A,H,-,A,D,0,NA,NA,NA,NA,Y,NA,A,07,0,1,0,0,0,0,0,0,0,-,-,34.337650299072266,-118.50775909423828,LOS ANGELES,UNINCORPORATED,-118.50775909423828,34.337650299072266
91646075,2021,2021-12-08,9580,2021-12-07,0350,021475,NA,2,3,7,1942,0,1,2,NA,2,103,US-101 S/B (VENTURA FREEWAY),WHITE OAK AVE,705,S,N,B,C,Y,NA,NA,101,NA,NA,NA,NA,NA,S,Y,4,0,1,2,A,-,08,22107,NA,F,C,C,A,B,H,-,C,D,0,NA,NA,NA,NA,Y,NA,A,01,0,0,1,0,0,0,0,0,0,-,-,34.170989990234375,-118.51609802246094,LOS ANGELES,LOS ANGELES,-118.51609802246094,34.171085357666016
91646099,2021,2021-12-08,9530,2021-11-24,0810,022696,NA,3,1,9,1900,0,1,1,NA,2,120,I-110 S/B TO I-405,190TH ST.,220,S,N,A,-,Y,NA,NA,110,NA,NA,NA,R,NA,S,Y,4,0,1,2,A,-,08,22107,NA,N,B,C,A,A,H,-,A,D,0,NA,NA,NA,Y,Y,NA,F,26,0,0,1,0,0,0,0,0,0,-,-,33.860408782958984,-118.28534698486328,LOS ANGELES,UNINCORPORATED,-118.28534698486328,33.860408782958984
91646111,2021,2021-12-08,9530,2021-11-24,1706,017755,NA,3,2,9,1900,0,1,1,NA,2,410,I-405 S/B (SAN DIEGO FREEWAY),I-110,6,N,N,A,-,Y,NA,NA,405,NA,NA,NA,NA,NA,S,Y,3,0,1,2,A,-,03,22350,NA,N,C,C,A,A,H,-,C,D,0,NA,NA,NA,NA,Y,NA,A,01,0,1,0,0,0,0,0,0,0,-,-,33.85517120361328,-118.28263854980467,LOS ANGELES,UNINCORPORATED,-118.28266143798828,33.85514831542969
91646114,2021,2021-12-08,9590,2021-11-21,0215,021848,NA,7,3,7,1942,0,1,1,NA,2,052,I-110 N/B (HAF) TO I-10 E/B (SMF) TRANSITION ROAD,VENICE BOULEVARD,300,S,N,A,-,Y,NA,NA,110,NA,NA,NA,R,NA,N,Y,3,0,1,1,A,-,01,23152,A,N,E,I,A,A,H,-,C,D,0,NA,NA,NA,NA,Y,Y,A,01,0,1,0,0,0,0,0,0,0,-,-,34.03746032714844,-118.27247619628906,LOS ANGELES,LOS ANGELES,-118.27247619628906,34.03746032714844
91646126,2021,2021-12-08,9540,2021-11-24,1345,018805,NA,3,1,9,1900,0,1,3,NA,1,139,SR-138,280TH STREET WEST,350,W,N,A,-,Y,NA,NA,138,NA,NA,NA,NA,NA,NA,Y,3,0,2,3,A,-,03,22350,NA,N,C,C,A,A,H,-,A,D,0,NA,NA,NA,NA,Y,NA,A,01,0,1,1,0,0,0,0,0,0,-,-,34.783241271972656,-118.62671661376952,LOS ANGELES,UNINCORPORATED,-118.62671661376952,34.783260345458984
91646140,2021,2021-12-08,9540,2021-11-29,0830,021349,NA,1,1,7,1942,0,1,1,NA,1,503,I-5 S/B,SR-14,2640,S,N,A,-,Y,NA,NA,5,NA,NA,NA,NA,NA,S,Y,3,0,1,2,A,-,03,22350,NA,N,C,C,A,A,H,-,A,D,0,NA,NA,NA,NA,Y,NA,E,22,0,1,0,0,0,0,0,0,0,-,-,34.3290901184082,-118.50601196289064,LOS ANGELES,LOS ANGELES,-118.50587463378906,34.32916259765625
91646148,2021,2021-12-08,9530,2021-11-24,1810,021965,NA,3,2,5,1977,0,1,3,NA,2,310,SR-91 W/B (ARTESIA FREEWAY),AVALON BLVD.,634,W,N,A,-,Y,NA,NA,91,NA,NA,NA,NA,NA,W,N,4,0,1,2,A,-,03,22350,NA,N,C,C,A,A,H,-,C,D,0,NA,NA,NA,NA,Y,NA,A,01,0,0,1,0,0,0,0,0,0,-,-,33.8730583190918,-118.26827239990234,LOS ANGELES,CARSON,-118.2682647705078,33.873050689697266
91646149,2021,2021-12-08,9530,2021-11-24,1845,021709,NA,3,2,7,1942,0,1,1,NA,2,110,I-110 S/B FROM ROSECRANS AVE.,ROSECRANS AVE,550,S,N,A,-,Y,NA,NA,110,NA,NA,NA,R,NA,S,Y,4,0,1,2,A,-,03,22350,NA,N,C,C,A,A,H,-,C,A,0,NA,NA,NA,NA,Y,NA,A,07,0,0,1,0,0,0,0,0,0,-,-,33.900089263916016,-118.28713989257813,LOS ANGELES,LOS ANGELES,-118.28713989257813,33.900089263916016
91646157,2021,2021-12-08,9590,2021-11-15,2340,022417,NA,1,3,7,1942,0,1,1,NA,2,011,SR-110 S/B (ARROYO SECO PARKWAY),YALE STREET PEDESTRIAN OVERCROSSING,250,N,N,A,-,Y,NA,NA,110,NA,NA,NA,NA,NA,S,N,3,0,1,1,A,-,01,23152,A,N,E,8,A,A,H,-,C,D,0,NA,NA,NA,NA,Y,Y,A,01,0,1,0,0,0,0,0,0,0,-,-,34.06772994995117,-118.23857879638672,LOS ANGELES,LOS ANGELES,-118.23857879638672,34.06772994995117
91646163,2021,2021-12-08,9590,2021-11-23,1755,022673,NA,2,2,7,1942,0,1,2,NA,2,073,US-101 S/B (HOLLYWOOD FREEWAY),BRONSON AVENUE,440,N,N,A,-,Y,NA,NA,101,NA,NA,NA,NA,NA,S,N,3,0,1,3,A,-,03,22350,NA,F,C,C,A,A,H,-,C,D,0,NA,NA,NA,NA,Y,NA,-,99,0,1,0,0,0,0,0,0,0,-,-,34.10382080078125,-118.31936645507813,LOS ANGELES,LOS ANGELES,-118.31938934326172,34.10377502441406
91646177,2021,2021-12-08,9565,2021-11-24,1245,020239,NA,3,1,9,1900,0,1,1,NA,2,060,I-405 SOUTHBOUND (SAN DIEGO FREEWAY),120TH STREET,50,S,N,A,-,Y,NA,NA,405,NA,NA,NA,NA,NA,S,Y,4,0,1,2,A,-,03,22350,NA,N,C,C,A,A,H,-,A,D,0,NA,NA,NA,NA,Y,NA,D,22,0,0,1,0,0,0,0,0,0,-,-,33.92325973510742,-118.36878967285156,LOS ANGELES,UNINCORPORATED,-118.36882781982422,33.92326736450195
91646206,2021,2021-12-08,9530,2021-07-31,2210,022592,NA,6,3,7,1942,0,1,1,NA,2,110,I-110 N/B (HARBOR FREEWAY),120TH STREET,24,N,N,A,-,Y,NA,NA,110,NA,NA,NA,NA,NA,N,Y,4,0,1,1,A,-,08,22107,NA,N,E,J,A,A,H,-,C,D,0,NA,NA,NA,NA,Y,NA,A,07,0,0,1,0,0,0,0,0,0,-,-,33.92388916015625,-118.28093719482422,LOS ANGELES,LOS ANGELES,-118.28118896484376,33.92390823364258
91646219,2021,2021-12-08,9540,2021-12-05,1450,021374,NA,7,2,7,1942,0,1,1,NA,2,508,I-5 N/B (GOLDEN STATE FREEWAY),CHP ROAD,3696,S,N,A,-,Y,NA,NA,NA,NA,NA,NA,NA,NA,NA,N,4,0,1,2,A,-,03,22350,NA,N,C,C,A,A,H,-,A,D,0,NA,NA,NA,NA,Y,NA,A,01,0,0,1,0,0,0,0,0,0,-,-,34.541011810302734,-118.65933990478516,LOS ANGELES,LOS ANGELES,NA,NA
91646228,2021,2021-12-08,9565,2021-11-24,1755,021372,NA,3,2,7,1942,0,1,1,NA,2,064,I-405 NORTHBOUND (SAN DIEGO FREEWAY),MONTANA AVENUE,335,N,N,A,-,Y,NA,NA,405,NA,NA,NA,NA,NA,N,Y,3,0,1,2,A,-,08,22107,NA,N,F,A,A,A,H,-,C,D,0,NA,NA,Y,NA,Y,NA,A,07,0,1,0,0,0,0,0,0,1,-,-,34.067928314208984,-118.46231842041016,LOS ANGELES,LOS ANGELES,-118.46228790283205,34.06795883178711
91646245,2021,2021-12-08,9530,2021-11-24,2130,021842,NA,3,2,5,1915,0,1,3,NA,2,310,SR-91 W/B (ARTESIA FREEWAY),SUSANA RD.,750,W,N,A,-,Y,NA,NA,91,NA,NA,NA,NA,NA,W,N,4,0,1,2,A,-,03,22350,NA,F,C,C,A,A,H,-,D,D,0,NA,NA,NA,NA,Y,NA,-,99,0,0,1,0,0,0,0,0,0,-,-,33.873680114746094,-118.20948028564452,LOS ANGELES,COMPTON,-118.20948028564452,33.873722076416016
91646251,2021,2021-12-08,9530,2021-08-03,0150,022592,NA,2,3,9,1900,0,3,5,NA,2,002,120TH ST (BLOCK 1720),WILMINGTON AVENUE,1034,W,N,A,-,N,NA,NA,NA,NA,NA,NA,NA,NA,NA,Y,3,0,1,1,A,-,08,22107,NA,N,E,I,A,A,H,-,C,D,0,NA,NA,NA,NA,Y,NA,A,01,0,1,0,0,0,0,0,0,0,-,-,33.924739837646484,-118.24260711669922,LOS ANGELES,UNINCORPORATED,-118.24253845214844,33.92458724975586
91646271,2021,2021-12-08,9575,2021-11-29,1508,017491,NA,1,2,6,1953,0,1,1,NA,2,065,I-210 E/B (FOOTHILL FREEWAY),SIERRA MADRE VILL AVE.,1565,W,N,A,-,Y,NA,NA,210,NA,NA,NA,NA,NA,E,N,4,0,1,2,A,-,03,22350,NA,N,C,C,A,A,H,-,A,D,0,NA,NA,NA,NA,Y,NA,A,01,0,0,1,0,0,0,0,0,0,-,-,34.148799896240234,-118.08705139160156,LOS ANGELES,PASADENA,-118.08706665039064,34.148773193359375
91646273,2021,2021-12-08,9525,2021-11-27,1450,020216,NA,6,2,6,1975,0,1,1,NA,2,103,I-10 W/B (SAN BERNARDINO FWY),PACIFIC AVE.,528,E,N,A,-,Y,NA,NA,10,NA,NA,NA,NA,NA,W,Y,4,0,1,2,A,-,03,22350,NA,N,C,C,A,A,H,-,A,D,0,NA,NA,NA,NA,Y,NA,A,07,0,0,1,0,0,0,0,0,0,-,-,34.07268142700195,-117.93924713134766,LOS ANGELES,WEST COVINA,-117.93924713134766,34.07254409790039
91646282,2021,2021-12-08,9565,2021-11-24,1806,019696,NA,3,2,7,1942,0,1,1,NA,2,083,I-10 E/B,WESTWOOD BLVD.,170,E,N,A,-,Y,NA,NA,10,NA,NA,NA,NA,NA,E,Y,4,0,1,2,A,-,03,22350,NA,M,C,C,A,A,H,-,C,D,0,NA,NA,NA,NA,Y,Y,A,01,0,0,1,0,0,0,0,0,0,-,-,34.03168869018555,-118.42105102539064,LOS ANGELES,LOS ANGELES,-118.42105102539064,34.03166198730469
91646307,2021,2021-12-08,9535,2021-11-25,0200,022335,NA,4,3,9,1900,0,1,3,NA,2,600,STATE ROUTE 60 EASTBOUND (POMONA FREEWAY),MEDNIK AVENUE,290,E,N,A,-,Y,NA,NA,60,NA,NA,NA,NA,NA,E,Y,2,0,2,2,A,-,01,23152,A,N,C,C,A,A,H,-,D,D,0,NA,NA,NA,NA,Y,Y,A,01,1,1,0,0,0,0,0,0,0,-,-,34.036529541015625,-118.16078948974608,LOS ANGELES,UNINCORPORATED,-118.16078948974608,34.03642272949219
91646360,2021,2021-12-08,9545,2021-11-24,0645,020140,NA,3,1,9,1900,0,3,5,NA,2,003,ANGELES FOREST HWY,PACIFICO MOUNTAIN RD,3696,N,N,A,G,N,NA,NA,NA,NA,NA,NA,NA,NA,NA,Y,4,0,2,2,A,-,05,21460,A,N,A,C,A,A,H,-,A,D,0,NA,NA,NA,NA,Y,NA,A,01,0,0,2,0,0,0,0,0,0,-,-,34.39530944824219,-118.07521057128906,LOS ANGELES,UNINCORPORATED,NA,NA
91646384,2021,2021-12-08,9575,2021-11-30,1249,021344,NA,2,1,6,1912,0,1,1,NA,2,051,I-5 N/B (GOLDEN STATE FREEWAY),VERDUGO AVENUE,80,N,N,A,-,Y,NA,NA,5,NA,NA,NA,NA,NA,N,Y,4,0,1,1,C,-,18,NA,NA,N,E,I,A,A,H,-,A,D,0,NA,NA,NA,NA,Y,NA,-,-,0,0,1,0,0,0,0,0,0,-,-,34.177120208740234,-118.30792236328124,LOS ANGELES,BURBANK,-118.30807495117188,34.176944732666016
91646388,2021,2021-12-08,9545,2021-11-25,1610,015589,NA,4,2,9,1900,0,3,5,NA,2,004,90TH ST  E,AVENUE P-8,215,N,N,A,-,N,NA,NA,NA,NA,NA,NA,NA,NA,NA,Y,3,0,1,1,A,-,01,23152,A,N,F,I,A,A,H,-,A,D,0,NA,NA,NA,NA,Y,Y,A,07,0,1,0,0,0,0,0,0,0,-,-,34.594730377197266,-117.9694366455078,LOS ANGELES,UNINCORPORATED,-117.9695053100586,34.602516174316406
91646466,2021,2021-12-08,9540,2021-12-05,0950,021349,NA,7,1,9,1900,0,2,4,NA,1,201,SIERRA HWY,THOMAS ROAD,250,N,N,A,-,N,NA,NA,NA,NA,NA,NA,NA,NA,NA,Y,3,0,1,1,A,-,03,22350,NA,N,E,I,A,A,H,-,A,D,0,NA,NA,NA,NA,Y,NA,A,01,0,1,0,0,0,0,0,0,0,-,-,34.52273178100586,-118.25923919677734,LOS ANGELES,UNINCORPORATED,-118.25923919677734,34.522804260253906
91646471,2021,2021-12-08,9525,2021-11-29,1830,022521,NA,1,2,4,1913,0,1,1,NA,2,210,SR-210 E/B (FOOTHILL FWY),TOWNE AVE.,30,W,N,A,-,Y,NA,NA,210,NA,NA,NA,NA,NA,E,Y,4,0,1,2,A,-,07,21658,A,F,B,C,A,A,H,-,D,D,0,NA,NA,NA,Y,Y,NA,G,25,0,0,1,0,0,0,0,0,0,-,-,34.1202392578125,-117.73696136474608,LOS ANGELES,CLAREMONT,-117.73696136474608,34.120304107666016