CASE_ID,ACCIDENT_YEAR,PROC_DATE,JURIS,COLLISION_DATE,COLLISION_TIME,OFFICER_ID,REPORTING_DISTRICT,DAY_OF_WEEK,CHP_SHIFT,POPULATION,CNTY_CITY_LOC,SPECIAL_COND,BEAT_TYPE,CHP_BEAT_TYPE,CITY_DIVISION_LAPD,CHP_BEAT_CLASS,BEAT_NUMBER,PRIMARY_RD,SECONDARY_RD,DISTANCE,DIRECTION,INTERSECTION,WEATHER_1,WEATHER_2,STATE_HWY_IND,CALTRANS_COUNTY,CALTRANS_DISTRICT,STATE_ROUTE,ROUTE_SUFFIX,POSTMILE_PREFIX,POSTMILE,LOCATION_TYPE,RAMP_INTERSECTION,SIDE_OF_HWY,TOW_AWAY,COLLISION_SEVERITY,NUMBER_KILLED,NUMBER_INJURED,PARTY_COUNT,PRIMARY_COLL_FACTOR,PCF_CODE_OF_VIOL,PCF_VIOL_CATEGORY,PCF_VIOLATION,PCF_VIOL_SUBSECTION,HIT_AND_RUN,TYPE_OF_COLLISION,MVIW,PED_ACTION,ROAD_SURFACE,ROAD_COND_1,ROAD_COND_2,LIGHTING,CONTROL_DEVICE,CHP_ROAD_TYPE,PEDESTRIAN_ACCIDENT,BICYCLE_ACCIDENT,MOTORCYCLE_ACCIDENT,TRUCK_ACCIDENT,NOT_PRIVATE_PROPERTY,ALCOHOL_INVOLVED,STWD_VEHTYPE_AT_FAULT,CHP_VEHTYPE_AT_FAULT,COUNT_SEVERE_INJ,COUNT_VISIBLE_INJ,COUNT_COMPLAINT_PAIN,COUNT_PED_KILLED,COUNT_PED_INJURED,COUNT_BICYCLIST_KILLED,COUNT_BICYCLIST_INJURED,COUNT_MC_KILLED,COUNT_MC_INJURED,PRIMARY_RAMP,SECONDARY_RAMP,LATITUDE,LONGITUDE,COUNTY,CITY,POINT_X,POINT_Y
91646487,2021,2021-12-08,9540,2021-11-26,1210,021118,NA,5,1,6,1985,0,1,1,NA,1,502,I-5 N/B,CALGROVE BLVD,180,S,N,A,-,Y,NA,NA,5,NA,NA,NA,NA,NA,N,Y,4,0,1,1,A,-,08,22107,NA,N,E,I,A,A,H,-,A,D,0,NA,NA,NA,NA,Y,NA,A,01,0,0,1,0,0,0,0,0,0,-,-,34.3615608215332,-118.55467224121094,LOS ANGELES,SANTA CLARITA,-118.55477142333984,34.36153030395508
91646501,2021,2021-12-08,9535,2021-11-25,0540,022120,NA,4,3,5,1943,0,1,1,NA,2,104,I-105 (CENTURY FWY) E/B,WRIGHT RD,480,W,N,B,-,Y,NA,NA,105,NA,NA,NA,NA,NA,E,Y,3,0,1,2,A,-,01,23152,A,N,B,C,A,A,H,-,B,D,0,NA,NA,NA,NA,Y,Y,A,01,0,1,0,0,0,0,0,0,0,-,-,33.91450119018555,-118.18569183349608,LOS ANGELES,LYNWOOD,-118.1856689453125,33.91456985473633
91646548,2021,2021-12-08,9530,2021-09-26,1203,022406,NA,7,1,9,1900,0,3,5,NA,2,002,COMPTON BLVD (400 BLOCK),FIGUEROA ST,10,E,N,A,-,N,NA,NA,NA,NA,NA,NA,NA,NA,NA,Y,3,0,1,1,A,-,08,22107,NA,N,E,I,A,A,H,-,A,D,0,NA,NA,NA,NA,Y,NA,A,01,0,1,0,0,0,0,0,0,0,-,-,33.89461135864258,-118.28292846679688,LOS ANGELES,UNINCORPORATED,-118.28309631347656,33.89469909667969
91646550,2021,2021-12-08,9580,2021-11-24,0715,021522,NA,3,1,7,1942,0,1,1,NA,2,407,I-405 S/B (SAN DIEGO FWY),NORDHOFF ST,1200,N,N,A,-,Y,NA,NA,405,NA,NA,NA,NA,NA,S,N,4,0,1,2,A,-,03,22350,NA,N,C,C,A,A,H,-,A,D,0,NA,NA,NA,NA,Y,NA,A,07,0,0,1,0,0,0,0,0,0,-,-,34.246368408203125,-118.47295379638672,LOS ANGELES,LOS ANGELES,-118.47296142578124,34.24637222290039
91646553,2021,2021-12-08,9525,2021-12-04,0150,021967,NA,6,3,3,1921,0,1,1,NA,2,202,I-210 E/B (FOOTHILL FWY),DUNCANNON AVE,50,W,N,A,-,Y,NA,NA,210,NA,NA,NA,NA,NA,E,Y,3,0,1,3,A,-,01,23152,A,N,C,C,A,A,H,-,D,D,0,NA,NA,NA,NA,Y,Y,A,01,0,1,0,0,0,0,0,0,0,-,-,34.13528823852539,-117.97303009033205,LOS ANGELES,DUARTE,-117.97303771972656,34.13536071777344
91646555,2021,2021-12-08,9580,2021-11-25,1955,017427,NA,4,2,9,1900,0,2,4,NA,1,128,KANAN RD,MULHOLLAND HWY,0,NA,Y,A,-,N,NA,NA,NA,NA,NA,NA,NA,NA,NA,Y,4,0,2,2,A,-,03,22350,NA,N,C,C,A,A,H,-,D,B,0,NA,NA,NA,NA,Y,NA,A,01,0,0,2,0,0,0,0,0,0,-,-,34.096500396728516,-118.81257629394533,LOS ANGELES,UNINCORPORATED,-118.81258,34.09646
91646579,2021,2021-12-08,9580,2021-11-25,2134,022551,NA,4,2,7,1942,0,1,1,NA,2,404,I-405 N/B (SAN DIEGO FWY),US-101 S/B (VENTURA FREEWAY),3960,S,N,A,-,Y,NA,NA,405,NA,NA,NA,NA,NA,N,N,4,0,1,2,A,-,03,22350,NA,M,C,C,A,A,H,-,D,D,0,NA,NA,NA,NA,Y,NA,-,99,0,0,1,0,0,0,0,0,0,-,-,34.14773178100586,-118.4697036743164,LOS ANGELES,LOS ANGELES,-118.46963500976564,34.14769744873047
91646583,2021,2021-12-08,9580,2021-11-27,1215,020728,NA,6,1,7,1942,0,1,2,NA,2,103,US-101 S/B (VENTURA FREEWAY),HAYVENHURST AVE,400,S,N,A,-,Y,NA,NA,101,NA,NA,NA,NA,NA,S,N,4,0,1,3,A,-,03,22350,NA,N,C,C,A,A,H,-,A,D,0,NA,NA,NA,NA,Y,NA,A,01,0,0,1,0,0,0,0,0,0,-,-,34.16508865356445,-118.48902893066406,LOS ANGELES,LOS ANGELES,-118.48902893066406,34.16511154174805
91646585,2021,2021-12-08,9580,2021-11-29,0855,019544,NA,1,1,7,1942,0,1,1,NA,2,407,I-405 SB (SAN DIEGO FWY),SHERMAN WAY,1320,N,N,A,-,Y,NA,NA,405,NA,NA,NA,NA,NA,S,N,4,0,1,3,A,-,03,22350,NA,N,C,C,A,A,H,-,A,D,0,NA,NA,NA,NA,Y,NA,A,07,0,0,1,0,0,0,0,0,0,-,-,34.20690155029297,-118.47345733642578,LOS ANGELES,LOS ANGELES,-118.47345733642578,34.20690155029297
91646596,2021,2021-12-08,9565,2021-11-25,0935,014952,NA,4,1,6,1933,0,1,1,NA,2,060,I-405 S/B (SAN DIEGO FWY),CENTURY BL.,600,S,N,A,-,Y,NA,NA,405,NA,NA,NA,NA,NA,S,Y,3,0,1,1,A,-,08,22107,NA,N,E,I,A,A,H,-,A,D,0,NA,NA,NA,NA,Y,NA,A,01,0,1,0,0,0,0,0,0,0,-,-,33.94303894042969,-118.3686065673828,LOS ANGELES,INGLEWOOD,-118.36856079101564,33.94303894042969
91646619,2021,2021-12-08,9535,2021-06-25,1714,022025,NA,5,2,9,1900,0,2,4,NA,2,015,FORD BLVD,HAMMEL ST,0,NA,Y,A,-,N,NA,NA,NA,NA,NA,NA,NA,NA,NA,N,4,0,1,2,A,-,12,22450,A,N,D,C,A,A,H,-,A,A,0,NA,NA,NA,NA,Y,NA,A,07,0,0,1,0,0,0,0,0,0,-,-,34.04241180419922,-118.169189453125,LOS ANGELES,UNINCORPORATED,-118.16921997070313,34.04240036010742
91646630,2021,2021-12-08,9590,2021-07-04,2230,022281,NA,7,3,7,1942,0,1,2,NA,2,073,US-101 S/B (HOF),MULHOLLAND DRIVE,900,S,N,A,-,Y,NA,NA,101,NA,NA,NA,NA,NA,S,N,4,0,1,3,A,-,03,22350,NA,N,C,C,A,A,H,-,C,D,0,NA,NA,NA,NA,Y,NA,A,01,0,0,1,0,0,0,0,0,0,-,-,34.121360778808594,-118.33994293212892,LOS ANGELES,LOS ANGELES,-118.33989715576172,34.121402740478516
91646690,2021,2021-12-08,9525,2021-11-30,1725,022617,NA,2,2,4,1946,0,1,1,NA,2,201,I-210 W/B (FOOTHILL FWY),MAYFLOWER AVE,565,E,N,A,-,Y,NA,NA,210,NA,NA,NA,NA,NA,W,N,3,0,1,2,A,-,03,22350,NA,N,C,C,A,A,H,-,D,D,0,NA,NA,NA,NA,Y,NA,A,01,0,1,0,0,0,0,0,0,0,-,-,34.135921478271484,-118.00772094726564,LOS ANGELES,MONROVIA,-118.00773620605467,34.1358528137207
91646710,2021,2021-12-08,9565,2021-11-21,0200,022672,NA,7,3,7,1942,0,1,1,NA,2,083,I-10 W/B (SANTA MONICA FREEWAY),LA CIENEGA BLVD.,840,W,N,A,-,Y,NA,NA,10,NA,NA,NA,NA,NA,W,Y,4,0,1,1,A,-,01,23152,A,N,E,I,A,A,H,-,C,D,0,NA,NA,NA,NA,Y,Y,A,01,0,0,1,0,0,0,0,0,0,-,-,34.036739349365234,-118.38046264648438,LOS ANGELES,LOS ANGELES,-118.38047790527344,34.03681945800781
91646711,2021,2021-12-08,9535,2021-11-26,0055,022305,NA,5,3,9,1900,0,1,1,NA,2,500,I-5 (SANTA ANA FREEWAY) N/B,ATLANTIC BLVD.,2117,S,N,A,-,Y,NA,NA,NA,NA,NA,NA,NA,NA,NA,N,4,0,1,2,A,-,03,22350,NA,N,C,C,A,A,H,-,D,D,0,NA,NA,NA,NA,Y,NA,A,07,0,0,1,0,0,0,0,0,0,-,-,34.006351470947266,-118.15503692626952,LOS ANGELES,UNINCORPORATED,-118.15366363525392,34.00507354736328
91646731,2021,2021-12-08,9590,2021-11-29,1215,022701,NA,1,1,7,1942,0,1,1,NA,2,013,SR-110 S/B (ARROYO SECO PARKWAY),AVENUE 26,800,N,N,A,-,Y,NA,NA,110,NA,NA,NA,NA,NA,S,N,3,0,2,2,A,-,03,22350,NA,N,C,C,A,A,H,-,A,D,0,NA,NA,NA,NA,Y,NA,A,01,0,2,0,0,0,0,0,0,0,-,-,34.0848388671875,-118.21941375732422,LOS ANGELES,LOS ANGELES,-118.21940612792967,34.084835052490234
91646740,2021,2021-12-08,9530,2021-11-25,1840,021709,NA,4,2,7,1942,0,1,1,NA,2,120,I-110 S/B (HARBOR FREEWAY),ANAHEIM STREET,300,N,N,A,-,Y,NA,NA,110,NA,NA,NA,NA,NA,S,Y,2,0,2,2,A,-,07,21658,A,N,B,C,A,A,H,-,C,D,0,NA,NA,NA,NA,Y,NA,A,01,1,0,1,0,0,0,0,0,0,-,-,33.7796516418457,-118.28044891357422,LOS ANGELES,LOS ANGELES,-118.28038024902344,33.77965545654297
91646745,2021,2021-12-08,9545,2021-11-29,0915,022678,NA,1,1,9,1900,0,1,3,NA,2,011,SR-14 S/B,AVENUE D,2841,N,N,A,-,Y,NA,NA,14,NA,NA,NA,NA,NA,S,Y,4,0,3,2,A,-,03,22350,NA,N,C,C,A,A,H,-,A,D,0,NA,NA,NA,NA,Y,NA,A,08,0,0,3,0,0,0,0,0,0,-,-,34.78028106689453,-118.17044830322266,LOS ANGELES,UNINCORPORATED,-118.17090606689452,34.780269622802734
91646780,2021,2021-12-08,9530,2021-10-19,1305,022708,NA,2,1,7,1942,0,1,1,NA,2,200,I-105 E/B (GLENN ANDERSON FWY),CENTRAL AVE,500,W,N,A,-,Y,NA,NA,105,NA,NA,NA,NA,NA,E,Y,2,0,1,2,A,-,07,21658,A,F,B,C,A,A,H,-,A,D,0,NA,NA,NA,NA,Y,NA,-,99,1,0,0,0,0,0,0,0,0,-,-,33.92728042602539,-118.26083374023438,LOS ANGELES,LOS ANGELES,-118.26083374023438,33.92730712890625
91646856,2021,2021-12-08,9525,2021-12-06,1955,021995,NA,1,2,9,1900,0,3,5,NA,2,004,4TH AVE,PROCTOR AVE,400,N,N,B,-,N,NA,NA,NA,NA,NA,NA,NA,NA,NA,Y,3,0,1,4,A,-,01,23152,A,N,G,B,E,A,H,-,C,D,0,Y,NA,NA,NA,Y,Y,A,01,0,1,0,0,1,0,0,0,0,-,-,34.04011154174805,-117.9873504638672,LOS ANGELES,UNINCORPORATED,-117.98735809326172,34.04007339477539
91646862,2021,2021-12-08,9565,2021-11-26,2155,021658,NA,5,2,7,1942,0,1,1,NA,2,082,I-10 E/B,GATEWAY BLVD.,215,E,N,A,-,Y,NA,NA,10,NA,NA,NA,NA,NA,E,N,4,0,3,2,A,-,08,22107,NA,N,B,C,A,A,H,-,C,D,0,NA,NA,NA,NA,Y,NA,A,08,0,0,3,0,0,0,0,0,0,-,-,34.02994155883789,-118.44197082519533,LOS ANGELES,LOS ANGELES,-118.44197082519533,34.02995681762695
91646893,2021,2021-12-08,9590,2021-11-28,2110,021757,NA,7,2,7,1942,0,1,1,NA,2,011,SR-110 S/B (ARROYO SECO PARKWAY),STADIUM WAY,450,S,N,A,-,Y,NA,NA,110,NA,NA,NA,NA,NA,S,N,4,0,1,2,A,-,03,22350,NA,F,C,C,A,A,H,-,D,D,0,NA,NA,NA,NA,Y,NA,-,99,0,0,1,0,0,0,0,0,0,-,-,34.07014846801758,-118.23594665527344,LOS ANGELES,LOS ANGELES,-118.23599243164064,34.070167541503906
91646938,2021,2021-12-08,9590,2021-11-28,1700,021492,NA,7,2,7,1942,0,1,1,NA,2,082,I-5 N/B (GOLDEN STATE FREEWAY),RIVERSIDE DR,1000,S,N,A,-,Y,NA,NA,5,NA,NA,NA,NA,NA,N,N,4,0,3,2,A,-,03,22350,NA,F,C,C,A,A,H,-,C,D,0,NA,NA,NA,NA,Y,NA,-,99,0,0,3,0,0,0,0,0,0,-,-,34.09326171875,-118.24152374267578,LOS ANGELES,LOS ANGELES,-118.24153137207033,34.0932502746582
91646972,2021,2022-02-08,9525,2021-12-02,1840,020687,NA,4,2,9,1900,0,3,5,NA,2,004,FAIRGROVE AVE.,ORANGE AVE.,0,NA,Y,A,-,Y,NA,NA,NA,NA,NA,NA,NA,NA,NA,N,4,0,1,2,A,-,12,22450,A,N,D,C,A,A,H,-,C,A,0,NA,NA,NA,NA,Y,NA,A,01,0,0,1,0,0,0,0,0,0,-,-,34.05263137817383,-117.96378326416016,LOS ANGELES,UNINCORPORATED,-117.96382904052734,34.052642822265625
91646991,2021,2021-12-09,9535,2021-11-27,1555,022342,NA,6,2,9,1900,0,3,5,NA,2,002,UNION PACIFIC AVE,FETTERLY AVE,0,NA,Y,A,-,N,NA,NA,NA,NA,NA,NA,NA,NA,NA,N,4,0,1,2,A,-,09,21802,A,N,D,C,A,A,H,-,A,A,0,NA,NA,NA,NA,Y,NA,A,01,0,0,1,0,0,0,0,0,0,-,-,34.01557922363281,-118.16651153564452,LOS ANGELES,UNINCORPORATED,-118.16651916503906,34.01555252075195
91647273,2021,2021-12-09,9590,2021-11-23,1350,022661,NA,2,1,7,1942,0,1,3,NA,2,095,SR-2 W/B (GLENDALE FREEWAY),SAN FERNANDO RD.,100,N,N,A,-,Y,NA,NA,2,NA,NA,NA,NA,NA,W,Y,3,0,1,3,A,-,03,22350,NA,F,C,2,A,A,H,-,A,D,0,NA,NA,NA,NA,Y,NA,A,01,0,1,0,0,0,0,0,0,0,-,-,34.11587905883789,-118.23915863037108,LOS ANGELES,LOS ANGELES,-118.23917388916016,34.11590576171875
91647301,2021,2021-12-09,9540,2021-12-01,0545,015093,NA,3,3,9,1900,0,1,3,NA,2,146,SR-14 N/B (ANTELOPE VALLEY FREEWAY),ESCONDIDO CANYON ROAD,7920,S,N,A,-,Y,NA,NA,14,NA,NA,NA,NA,NA,N,Y,2,0,2,2,A,-,02,22400,A,N,C,C,A,A,H,-,D,D,0,NA,NA,NA,NA,Y,NA,A,01,1,1,0,0,0,0,0,0,0,-,-,34.47652816772461,-118.30361938476564,LOS ANGELES,UNINCORPORATED,-118.30364227294922,34.47657775878906
91647303,2021,2021-12-09,9540,2021-11-24,2350,021869,NA,3,3,6,1985,0,1,3,NA,1,143,SR-14 S/B,NEWHALL AVE.,2112,S,N,A,-,Y,NA,NA,14,NA,NA,NA,NA,NA,S,Y,2,0,1,2,A,-,03,22350,NA,N,D,C,A,A,H,-,D,D,0,NA,NA,NA,NA,Y,NA,D,22,1,0,0,0,0,0,0,0,0,-,-,34.3609504699707,-118.50595092773438,LOS ANGELES,SANTA CLARITA,-118.50599670410156,34.3609733581543
91647356,2021,2021-12-09,9525,2021-11-27,1810,020216,NA,6,2,5,1906,0,1,1,NA,2,103,I-10 W/B (SAN BERNARDINO FWY),I-605,1584,E,N,A,-,Y,NA,NA,10,NA,NA,NA,NA,NA,W,Y,4,0,1,3,A,-,07,21658,A,N,B,C,A,A,H,-,C,D,0,NA,NA,NA,NA,Y,NA,A,01,0,0,1,0,0,0,0,0,0,-,-,34.066200256347656,-117.99398040771484,LOS ANGELES,BALDWIN PARK,-117.99394989013672,34.065982818603516
91647360,2021,2021-12-09,9530,2021-11-29,1457,022406,NA,1,2,9,1900,0,3,5,NA,2,001,COMPTON AVE (6000 BLOCK),61ST ST,140,N,N,A,-,N,NA,NA,NA,NA,NA,NA,NA,NA,NA,N,4,0,1,1,A,-,03,22350,NA,N,F,A,A,A,H,-,A,D,0,NA,NA,Y,NA,Y,NA,C,02,0,0,1,0,0,0,0,0,1,-,-,33.98479080200195,-118.24774169921876,LOS ANGELES,UNINCORPORATED,-118.24773406982422,33.98471450805664
91647366,2021,2021-12-09,9580,2021-11-30,1055,021607,NA,2,1,7,1942,0,1,2,NA,2,101,US-101 S/B (HOLLYWOOD FREEWAY),VINELAND AVE,1584,S,N,A,-,Y,NA,NA,101,NA,NA,NA,NA,NA,S,N,4,0,1,2,D,-,00,NA,NA,N,B,C,A,A,H,-,A,D,0,NA,NA,NA,Y,Y,NA,-,-,0,0,1,0,0,0,0,0,0,-,-,34.143070220947266,-118.36749267578124,LOS ANGELES,LOS ANGELES,-118.36743927001952,34.14309310913086
91647393,2021,2021-12-09,9580,2021-12-02,0840,019451,NA,4,1,9,1900,0,1,3,NA,1,270,SR-27 S/B (TOPANGA CYN. BLVD.),SR-1 N/B (PACIFIC COAST HWY.),700,N,N,A,-,N,NA,NA,27,NA,NA,NA,NA,NA,S,Y,4,0,1,2,A,-,08,22107,NA,N,B,C,A,A,H,-,A,D,0,NA,NA,NA,NA,Y,NA,A,08,0,0,1,0,0,0,0,0,0,-,-,34.04199981689453,-118.57874298095705,LOS ANGELES,UNINCORPORATED,-118.57867431640624,34.04200744628906
91647407,2021,2021-12-09,9550,2021-11-25,1155,021054,NA,4,1,9,1900,0,1,1,NA,2,650,I-605 N/B,SR-60,250,S,N,A,-,Y,NA,NA,605,NA,NA,NA,NA,NA,N,N,4,0,1,2,A,-,03,22350,NA,N,C,C,A,A,H,-,A,D,0,NA,NA,NA,NA,Y,NA,A,01,0,0,1,0,0,0,0,0,0,-,-,34.03070068359375,-118.03125762939452,LOS ANGELES,UNINCORPORATED,-118.03125762939452,34.03070068359375
91647426,2021,2021-12-09,9550,2021-11-25,0800,021166,NA,4,1,9,1900,0,3,5,NA,2,003,WEDGEWORTH DRIVE,FLAMSTEAD DR.,28,W,N,A,-,N,NA,NA,NA,NA,NA,NA,NA,NA,NA,N,3,0,1,2,A,-,11,21954,A,N,G,B,D,A,H,-,A,D,0,Y,NA,NA,NA,Y,NA,N,60,0,1,0,0,1,0,0,0,0,-,-,33.99925994873047,-117.95381927490234,LOS ANGELES,UNINCORPORATED,-117.9537353515625,33.999122619628906
91647427,2021,2021-12-09,9565,2021-11-28,1200,022642,NA,7,1,9,1900,0,2,4,NA,2,023,WESTERN AVE.,105TH ST.,15,S,N,A,-,N,NA,NA,NA,NA,NA,NA,NA,NA,NA,Y,3,0,1,2,A,-,01,23152,A,N,C,C,A,A,H,-,A,D,0,NA,NA,NA,NA,Y,Y,A,01,0,1,0,0,0,0,0,0,0,-,-,33.94084167480469,-118.3089599609375,LOS ANGELES,UNINCORPORATED,-118.30902862548828,33.940860748291016
91647432,2021,2021-12-09,9580,2021-12-07,1545,021627,NA,2,2,7,1942,0,1,2,NA,2,107,US-101 S/B (VENTURA FREEWAY),LAS VIRGENES RD,4541,S,N,B,-,Y,NA,NA,NA,NA,NA,NA,NA,NA,NA,Y,4,0,2,3,A,-,03,22350,NA,N,C,C,A,A,H,-,A,D,0,NA,NA,NA,NA,Y,NA,A,07,0,0,2,0,0,0,0,0,0,-,-,34.15106964111328,-118.68292999267578,LOS ANGELES,LOS ANGELES,-118.70957946777344,34.140769958496094
91647438,2021,2021-12-09,9525,2021-11-30,0015,020636,NA,2,3,5,1990,0,1,3,NA,2,601,SR-60 W/B (POMONA FREEWWAY),FAIRWAY DR.,2640,E,N,A,-,Y,NA,NA,60,NA,NA,NA,NA,NA,W,Y,4,0,1,2,A,-,01,23152,A,N,C,C,A,A,H,-,C,D,0,NA,NA,NA,NA,Y,Y,A,01,0,0,1,0,0,0,0,0,0,-,-,33.99905014038086,-117.85372161865234,LOS ANGELES,DIAMOND BAR,-117.85372161865234,33.999080657958984
91647462,2021,2021-12-09,9575,2021-11-27,1140,022203,NA,6,1,9,1900,0,3,5,NA,2,001,ROSEMONT AVENUE,MAYFIELD AVENUE,0,NA,Y,A,-,N,NA,NA,NA,NA,NA,NA,NA,NA,NA,N,4,0,2,2,A,-,09,21802,A,N,D,C,A,A,H,-,A,A,0,NA,NA,NA,NA,Y,NA,A,01,0,0,2,0,0,0,0,0,0,-,-,34.21482849121094,-118.23519134521484,LOS ANGELES,UNINCORPORATED,-118.23517608642578,34.21476745605469
91647480,2021,2021-12-09,9575,2021-11-28,1400,022533,NA,7,2,6,1953,0,1,1,NA,2,063,I-210 W/B (FOOTHILL FREEWAY),MOUNTAIN ST.,2006,W,N,A,-,Y,NA,NA,210,NA,NA,NA,NA,NA,W,Y,4,0,1,3,A,-,03,22350,NA,N,C,C,A,A,H,-,A,D,0,NA,NA,NA,Y,Y,NA,D,22,0,0,1,0,0,0,0,0,0,-,-,34.167728424072266,-118.15775299072266,LOS ANGELES,PASADENA,-118.15785980224608,34.16773986816406
91647492,2021,2021-12-09,9565,2021-11-25,0130,022251,NA,4,3,7,1942,0,1,1,NA,2,083,I-10 E/B (SANTA MONICA FREEWAY),LA CIENEGA BLVD,1500,W,N,A,-,Y,NA,NA,10,NA,NA,NA,NA,NA,E,N,4,0,1,2,A,-,03,22350,NA,N,C,C,A,A,H,-,C,D,0,NA,NA,NA,NA,Y,NA,A,01,0,0,1,0,0,0,0,0,0,-,-,34.035770416259766,-118.38250732421876,LOS ANGELES,LOS ANGELES,-118.38249206542967,34.035743713378906
91647527,2021,2021-12-09,9575,2021-11-28,1820,022533,NA,7,2,9,1900,0,2,4,NA,2,012,FOOTHILL BLVD. (3300 BLOCK),CLOUD AVE.,4,E,N,A,-,N,NA,NA,NA,NA,NA,NA,NA,NA,NA,N,3,0,1,2,A,-,10,21950,A,N,G,B,B,A,H,-,C,A,0,Y,NA,NA,NA,Y,NA,D,22,0,1,0,0,1,0,0,0,0,-,-,34.22801971435547,-118.2462921142578,LOS ANGELES,UNINCORPORATED,-118.24640655517578,34.22816467285156
91647541,2021,2021-12-09,9575,2021-12-01,1720,021789,NA,3,2,7,1942,0,1,1,NA,2,050,I-5 N/B (GOLDEN STATE FREEWAY),SONORA AVENUE,300,S,N,A,-,Y,NA,NA,NA,NA,NA,NA,NA,NA,NA,Y,4,0,2,3,A,-,03,22350,NA,N,C,C,A,A,H,-,B,D,0,NA,NA,NA,NA,Y,NA,A,01,0,0,2,0,0,0,0,0,0,-,-,34.14147186279297,-118.2748794555664,LOS ANGELES,LOS ANGELES,-118.292724609375,34.160579681396484
91647548,2021,2021-12-09,9580,2021-11-30,1555,022632,NA,2,2,7,1942,0,1,1,NA,2,407,I-405 S/B (SAN DIEGO FWY),PLUMMER STREET,800,N,N,A,-,Y,NA,NA,405,NA,NA,NA,NA,NA,S,Y,4,0,3,3,A,-,03,22350,NA,N,C,C,A,A,H,-,A,D,0,NA,NA,NA,NA,Y,NA,A,01,0,0,3,0,0,0,0,0,0,-,-,34.24528884887695,-118.47315216064452,LOS ANGELES,LOS ANGELES,-118.47308349609376,34.24528884887695
91647580,2021,2021-12-09,9535,2021-11-27,1523,021976,NA,6,2,9,1900,0,3,5,NA,2,006,SAN GABRIEL BLVD.,HAZEL ST.,80,S,N,A,-,N,NA,NA,NA,NA,NA,NA,NA,NA,NA,N,3,0,1,2,A,-,07,21658,A,N,B,G,A,A,H,-,A,D,0,NA,Y,NA,NA,Y,NA,A,08,0,1,0,0,0,0,1,0,0,-,-,34.036869049072266,-118.07895660400392,LOS ANGELES,UNINCORPORATED,-118.07886505126952,34.0368537902832
91647606,2021,2021-12-09,9575,2021-12-02,0740,022435,NA,4,1,7,1942,0,1,1,NA,2,053,I-5 N/B TO SR-118,PAXTON ST,865,S,N,A,-,Y,NA,NA,5,NA,NA,NA,R,NA,N,N,4,0,3,3,A,-,03,22350,NA,N,C,C,A,A,H,-,A,D,0,NA,NA,NA,NA,Y,NA,A,01,0,0,3,0,0,0,0,0,0,-,-,34.26094055175781,-118.43917083740234,LOS ANGELES,LOS ANGELES,-118.43917083740234,34.26094055175781
91647607,2021,2021-12-09,9550,2021-12-02,0120,021532,NA,4,3,5,1935,0,1,1,NA,2,652,I-605 S/B TO DEL AMO BOULEVARD,DEL AMO BOULEVARD,100,N,N,E,-,Y,NA,NA,605,NA,NA,NA,R,NA,S,Y,3,0,1,1,A,-,01,23152,A,N,E,I,A,A,H,-,C,D,0,NA,NA,NA,NA,Y,Y,A,01,0,1,0,0,0,0,0,0,0,-,-,33.847618103027344,-118.09368133544922,LOS ANGELES,LAKEWOOD,-118.09368133544922,33.847618103027344
91647658,2021,2021-12-09,9565,2021-11-25,0135,022219,NA,4,3,9,1900,0,3,5,NA,2,002,VERMONT AVENUE,98TH STREET,0,NA,Y,A,-,N,NA,NA,NA,NA,NA,NA,NA,NA,NA,Y,4,0,1,2,A,-,09,21802,A,F,D,C,A,A,H,-,C,A,0,NA,NA,NA,NA,Y,NA,A,01,0,0,1,0,0,0,0,0,0,-,-,33.94710159301758,-118.29189300537108,LOS ANGELES,UNINCORPORATED,-118.29190063476564,33.9469108581543
91647667,2021,2021-12-09,9540,2021-12-04,1730,021124,NA,6,2,6,1985,0,1,3,NA,1,142,SR-14 N/B (ANTELOPE VALLEY FREEWAY),NEWHALL AVENUE,1720,S,N,A,-,Y,NA,NA,14,NA,NA,NA,NA,NA,N,Y,4,0,3,3,A,-,03,22350,NA,N,C,C,A,A,H,-,C,D,0,NA,NA,NA,NA,Y,NA,D,22,0,0,3,0,0,0,0,0,0,-,-,34.36061096191406,-118.50592803955078,LOS ANGELES,SANTA CLARITA,-118.50582122802734,34.360565185546875
91647739,2021,2021-12-09,9540,2021-11-29,0637,019254,NA,1,1,9,1900,0,1,1,NA,2,513,I-5 S/B (GOLDEN STATE FREEWAY),SMOKEY BEAR ROAD,5280,N,N,A,-,Y,NA,NA,5,NA,NA,NA,NA,NA,S,Y,4,0,2,2,A,-,08,22107,NA,N,C,C,A,A,H,-,A,D,0,NA,NA,NA,Y,Y,NA,A,01,0,0,2,0,0,0,0,0,0,-,-,34.72367858886719,-118.79926300048828,LOS ANGELES,UNINCORPORATED,-118.79931640625,34.72367477416992
91647745,2021,2021-12-09,9590,2021-08-30,0230,022357,NA,1,3,7,1942,0,1,1,NA,2,050,I-110 N/B (HARBOR FREEWAY) TO MANCHESTER BLVD,MANCHESTER BLVD,20,S,N,A,-,Y,NA,NA,110,NA,NA,NA,R,NA,N,Y,3,0,1,2,A,-,01,23152,A,N,C,C,A,A,C,-,C,D,0,NA,NA,NA,NA,Y,Y,A,07,0,1,0,0,0,0,0,0,0,-,-,33.95983123779297,-118.27947998046876,LOS ANGELES,LOS ANGELES,-118.27947998046876,33.95983123779297