CASE_ID,ACCIDENT_YEAR,PROC_DATE,JURIS,COLLISION_DATE,COLLISION_TIME,OFFICER_ID,REPORTING_DISTRICT,DAY_OF_WEEK,CHP_SHIFT,POPULATION,CNTY_CITY_LOC,SPECIAL_COND,BEAT_TYPE,CHP_BEAT_TYPE,CITY_DIVISION_LAPD,CHP_BEAT_CLASS,BEAT_NUMBER,PRIMARY_RD,SECONDARY_RD,DISTANCE,DIRECTION,INTERSECTION,WEATHER_1,WEATHER_2,STATE_HWY_IND,CALTRANS_COUNTY,CALTRANS_DISTRICT,STATE_ROUTE,ROUTE_SUFFIX,POSTMILE_PREFIX,POSTMILE,LOCATION_TYPE,RAMP_INTERSECTION,SIDE_OF_HWY,TOW_AWAY,COLLISION_SEVERITY,NUMBER_KILLED,NUMBER_INJURED,PARTY_COUNT,PRIMARY_COLL_FACTOR,PCF_CODE_OF_VIOL,PCF_VIOL_CATEGORY,PCF_VIOLATION,PCF_VIOL_SUBSECTION,HIT_AND_RUN,TYPE_OF_COLLISION,MVIW,PED_ACTION,ROAD_SURFACE,ROAD_COND_1,ROAD_COND_2,LIGHTING,CONTROL_DEVICE,CHP_ROAD_TYPE,PEDESTRIAN_ACCIDENT,BICYCLE_ACCIDENT,MOTORCYCLE_ACCIDENT,TRUCK_ACCIDENT,NOT_PRIVATE_PROPERTY,ALCOHOL_INVOLVED,STWD_VEHTYPE_AT_FAULT,CHP_VEHTYPE_AT_FAULT,COUNT_SEVERE_INJ,COUNT_VISIBLE_INJ,COUNT_COMPLAINT_PAIN,COUNT_PED_KILLED,COUNT_PED_INJURED,COUNT_BICYCLIST_KILLED,COUNT_BICYCLIST_INJURED,COUNT_MC_KILLED,COUNT_MC_INJURED,PRIMARY_RAMP,SECONDARY_RAMP,LATITUDE,LONGITUDE,COUNTY,CITY,POINT_X,POINT_Y
91675627,2022,2022-01-11,9550,2022-01-10,1036,018161,NA,1,1,9,1900,0,1,1,NA,2,650,I-605 S/B FROM PECK ROAD E/B,PECK RD,200,S,N,A,-,Y,LA,NA,605,NA,R,16.506,H,NA,L,N,4,0,1,2,A,-,03,22350,NA,F,C,C,A,A,H,-,A,A,0,NA,NA,NA,NA,Y,NA,A,01,0,0,1,0,0,0,0,0,0,-,-,34.026329040527344,-118.0397491455078,LOS ANGELES,UNINCORPORATED,-118.03964233398438,34.02619934082031
91675631,2022,2022-01-11,9590,2022-01-06,1230,016230,NA,4,1,7,1942,0,1,1,NA,2,021,I-10 WB (SBF),SOTO STREET,40,E,N,B,-,Y,LA,NA,10,NA,NA,19.093,H,NA,L,Y,4,0,1,5,A,-,16,24002,A,N,H,A,A,A,H,-,A,D,0,NA,NA,NA,NA,Y,NA,A,01,0,0,1,0,0,0,0,0,0,-,-,34.05467987060547,-118.2024383544922,LOS ANGELES,LOS ANGELES,-118.20246124267578,34.054718017578125
91675634,2022,2022-01-11,9535,2022-01-03,0802,022025,NA,1,1,4,1907,0,1,1,NA,2,073,I-710 (LONG BEACH FREEWAY) S/B,FLORENCE AVE,1170,N,N,A,-,Y,LA,NA,710,NA,NA,19.963,H,NA,L,Y,4,0,1,2,A,-,03,22350,NA,N,C,C,A,A,H,-,A,D,0,NA,NA,NA,Y,Y,NA,A,01,0,0,1,0,0,0,0,0,0,-,-,33.971561431884766,-118.16802978515624,LOS ANGELES,BELL,-118.1679229736328,33.9715690612793
91675638,2021,2022-01-11,9590,2021-12-17,1630,022689,NA,5,2,7,1942,0,1,2,NA,2,043,US-101 SOUTHBOUND (SANTA ANA FREEWAY),MARIETTA STREET,150,N,N,A,-,Y,NA,NA,NA,NA,NA,NA,NA,NA,NA,Y,4,0,1,2,A,-,07,21658,A,N,B,2,A,A,H,-,A,D,0,NA,NA,NA,NA,Y,NA,A,01,0,0,1,0,0,0,0,0,0,-,-,34.02878189086914,-118.21392059326172,LOS ANGELES,LOS ANGELES,-118.21372985839844,34.02872085571289
91675646,2021,2022-01-11,9565,2021-12-11,2027,022117,NA,6,2,9,1900,0,3,5,NA,2,005,ADMIRALTY WAY,BALI WAY,88,S,N,A,-,N,NA,NA,NA,NA,NA,NA,NA,NA,NA,N,3,0,1,2,A,-,01,23152,A,M,C,C,A,A,H,-,C,D,0,NA,NA,NA,NA,Y,Y,A,01,0,1,0,0,0,0,0,0,0,-,-,33.981781005859375,-118.44114685058594,LOS ANGELES,UNINCORPORATED,-118.44152069091795,33.98189163208008
91675649,2021,2022-01-11,9530,2021-12-29,1335,022438,NA,3,1,9,1900,0,3,5,NA,2,006,223RD STREET,I-110 S/B TO 223RD STREET,0,NA,Y,B,-,N,NA,NA,NA,NA,NA,NA,NA,NA,NA,Y,4,0,1,2,D,-,00,NA,NA,N,D,C,A,B,H,-,E,A,0,NA,NA,NA,NA,Y,NA,-,-,0,0,1,0,0,0,0,0,0,-,-,33.82447814941406,-118.28780364990234,LOS ANGELES,UNINCORPORATED,-118.28748321533205,33.82444763183594
91675675,2021,2022-01-11,9590,2021-12-25,0900,019958,NA,6,1,7,1942,0,1,2,NA,2,073,US-101 SOUTHBOUND (HOLLYWOOD FREEWAY),MULHOLLAND DRIVE,900,N,N,B,C,Y,NA,NA,101,NA,NA,NA,NA,NA,S,Y,3,0,1,2,A,-,08,22107,NA,N,E,8,A,B,H,-,A,D,0,NA,NA,NA,NA,Y,NA,A,07,0,1,0,0,0,0,0,0,0,-,-,34.125179290771484,-118.34394073486328,LOS ANGELES,LOS ANGELES,-118.34402465820313,34.12510681152344
91675687,2021,2022-01-11,9590,2021-12-26,1005,022091,NA,7,1,7,1942,0,1,1,NA,2,053,I-110 S/B (HAF),1ST STREET,20,S,N,A,-,Y,NA,NA,NA,NA,NA,NA,NA,NA,NA,N,3,0,1,2,A,-,07,21658,A,N,B,C,A,A,H,-,A,D,0,NA,NA,NA,NA,Y,NA,D,22,0,1,0,0,0,0,0,0,0,-,-,34.05868911743164,-118.25582885742188,LOS ANGELES,LOS ANGELES,NA,NA
91675689,2021,2022-01-11,9565,2021-12-31,1300,022442,NA,5,1,4,1918,0,1,1,NA,2,061,I-405 N/B,WASHINGTON PL,400,N,N,A,-,Y,NA,NA,405,NA,NA,NA,NA,NA,N,N,4,0,1,3,A,-,03,22350,NA,N,C,C,A,A,H,-,A,D,0,NA,NA,NA,NA,Y,NA,A,01,0,0,1,0,0,0,0,0,0,-,-,34.00920867919922,-118.41594696044922,LOS ANGELES,CULVER CITY,-118.41594696044922,34.009212493896484
91675719,2021,2022-01-11,9565,2021-12-26,1524,022104,NA,7,2,9,1900,0,3,5,NA,2,005,MINDANAO WAY,ADMIRALTY WAY,235,W,N,A,-,N,NA,NA,NA,NA,NA,NA,NA,NA,NA,N,3,0,1,2,A,-,03,22350,NA,N,D,G,A,A,H,-,A,D,0,NA,Y,NA,NA,Y,NA,A,01,0,1,0,0,0,0,1,0,0,-,-,33.979488372802734,-118.44093322753906,LOS ANGELES,UNINCORPORATED,-118.44074249267578,33.979488372802734
91675733,2022,2022-01-11,9525,2022-01-08,1310,022645,NA,6,1,5,1906,0,1,1,NA,2,103,I-10 W/B (SAN BERNARDINO FWY),ATHOL STREET,2500,E,N,A,-,Y,LA,NA,10,NA,NA,32.042,H,NA,L,Y,3,0,1,3,A,-,03,22350,NA,N,C,C,A,A,H,-,A,D,0,NA,NA,NA,NA,Y,NA,A,08,0,1,0,0,0,0,0,0,0,-,-,34.0673713684082,-117.98468017578124,LOS ANGELES,BALDWIN PARK,-117.98464965820313,34.06724166870117
91675749,2021,2022-01-11,9590,2021-10-27,1415,018538,NA,3,2,7,1942,0,1,1,NA,2,050,I-110 N/B (HARBOR FWY.),VERNON AVE.,100,N,N,A,-,Y,NA,NA,110,NA,NA,NA,NA,NA,N,N,4,0,1,3,A,-,03,22350,NA,N,C,C,A,A,H,-,A,D,0,NA,NA,NA,NA,Y,NA,A,07,0,0,1,0,0,0,0,0,0,-,-,34.004058837890625,-118.28089141845705,LOS ANGELES,LOS ANGELES,-118.28099060058594,34.00406265258789
91675766,2022,2022-01-11,9525,2022-01-09,1030,020499,NA,7,1,9,1900,0,1,3,NA,1,024,SR-39 (SAN GABRIEL CANYON RD),VAN ORNUM CANYON,1584,S,N,A,-,Y,LA,NA,39,NA,NA,20.321,H,NA,R,N,2,0,1,2,A,-,06,21750,A,N,B,C,A,A,H,-,A,D,0,NA,NA,Y,NA,Y,NA,C,02,1,0,0,0,0,0,0,0,1,-,-,34.18581008911133,-117.8718032836914,LOS ANGELES,UNINCORPORATED,-117.87178802490234,34.18581008911133
91675793,2021,2022-01-11,9545,2021-12-31,1456,021569,NA,5,2,9,1900,0,1,3,NA,2,011,SR-14 S/B,AVENUE K,887,S,N,A,-,Y,NA,NA,NA,NA,NA,NA,NA,NA,NA,N,4,0,1,2,A,-,07,21658,A,M,B,C,A,A,H,-,A,D,0,NA,NA,NA,NA,Y,NA,-,99,0,0,1,0,0,0,0,0,0,-,-,34.672889709472656,-118.15606689453124,LOS ANGELES,UNINCORPORATED,-118.15623474121094,34.673072814941406
91675799,2022,2022-01-11,9525,2022-01-10,0700,016252,NA,1,1,9,1900,0,2,4,NA,2,057,BREA CANYON RD,LOS ANGELES COUNTY LINE,1056,N,N,B,-,N,NA,NA,NA,NA,NA,NA,NA,NA,NA,N,3,0,1,1,A,-,08,22107,NA,N,E,I,A,A,H,-,A,D,0,NA,NA,NA,NA,Y,NA,A,01,0,1,0,0,0,0,0,0,0,-,-,33.94844055175781,-117.8686294555664,LOS ANGELES,UNINCORPORATED,NA,NA
91675800,2021,2022-01-11,9530,2021-12-27,1030,022708,NA,1,1,9,1900,0,3,5,NA,2,002,W. COMPTON BLVD (400 BLOCK),FIGUEROA ST.,200,E,N,A,-,N,NA,NA,NA,NA,NA,NA,NA,NA,NA,N,3,0,2,2,A,-,09,21801,A,N,A,C,A,A,H,-,A,D,0,NA,NA,NA,NA,Y,NA,A,07,0,2,0,0,0,0,0,0,0,-,-,33.89479064941406,-118.28114318847656,LOS ANGELES,UNINCORPORATED,-118.282470703125,33.89470672607422
91675805,2022,2022-01-11,9535,2022-01-03,1515,021308,NA,1,2,9,1900,0,2,4,NA,2,022,OLYMPIC BLVD (4000 BLOCK),DOWNEY RD,100,W,N,A,-,N,NA,NA,NA,NA,NA,NA,NA,NA,NA,N,4,0,1,2,A,-,09,21804,A,N,D,C,A,A,H,-,A,D,0,NA,NA,NA,NA,Y,NA,A,01,0,0,1,0,0,0,0,0,0,-,-,34.0189208984375,-118.18048095703124,LOS ANGELES,UNINCORPORATED,-118.18041229248048,34.0189094543457
91675816,2021,2022-01-11,9575,2021-12-12,0250,022084,NA,7,3,6,1925,0,1,3,NA,2,042,SR-134 W/B (VENTURA FREEWAY),CENTRAL AVE.,60,W,N,A,-,Y,NA,NA,134,NA,NA,NA,NA,NA,W,N,2,0,4,2,A,-,03,22350,NA,N,C,C,A,A,H,-,C,D,0,NA,NA,NA,NA,Y,NA,A,07,1,0,3,0,0,0,0,0,0,-,-,34.15644836425781,-118.25829315185548,LOS ANGELES,GLENDALE,-118.25829315185548,34.15644073486328
91675823,2021,2022-01-11,9590,2021-08-28,2141,022088,NA,6,2,7,1942,0,1,1,NA,2,060,I-10 EASTBOUND (SANTA MONICA FREEWAY),6TH AVENUE,150,W,N,A,-,Y,NA,NA,10,NA,NA,NA,NA,NA,E,N,3,0,1,2,A,-,03,22350,NA,N,C,C,A,A,H,-,D,D,0,NA,NA,NA,NA,Y,NA,A,01,0,1,0,0,0,0,0,0,0,-,-,34.03715133666992,-118.31507110595705,LOS ANGELES,LOS ANGELES,-118.31505584716795,34.036903381347656
91675825,2021,2022-01-11,9565,2021-12-08,1410,022672,NA,3,2,9,1900,0,3,5,NA,2,003,FAIRWAY BLVD.,VALLEY RIDGE AVE.,540,E,N,A,-,N,NA,NA,NA,NA,NA,NA,NA,NA,NA,N,4,0,1,2,A,-,06,21750,A,N,B,C,A,A,H,-,A,D,0,NA,NA,NA,NA,Y,NA,A,01,0,0,1,0,0,0,0,0,0,-,-,34.001468658447266,-118.34752655029295,LOS ANGELES,UNINCORPORATED,-118.34757232666016,34.001468658447266
91675867,2021,2022-01-11,9565,2021-12-06,1730,022193,NA,1,2,9,1900,0,3,5,NA,2,004,EL SEGUNDO BLVD,OCEAN GATE AVE,400,E,N,B,-,N,NA,NA,NA,NA,NA,NA,NA,NA,NA,N,4,0,1,2,A,-,03,22350,NA,N,B,C,A,A,H,-,C,D,0,NA,NA,Y,NA,Y,NA,A,01,0,0,1,0,0,0,0,0,1,-,-,33.91640090942383,-118.36569213867188,LOS ANGELES,UNINCORPORATED,-118.36579132080078,33.91640090942383
91675872,2021,2022-01-11,9575,2021-11-23,1413,022651,NA,2,2,6,1953,0,1,1,NA,2,065,I-210 W/B (FOOTHILL FREEWAY),SIERRA MADRE VILLA AVE,660,E,N,A,-,Y,NA,NA,210,NA,NA,NA,NA,NA,W,Y,4,0,3,4,A,-,03,22350,NA,N,C,C,A,A,H,-,A,D,0,NA,NA,NA,NA,Y,NA,A,01,0,0,3,0,0,0,0,0,0,-,-,34.1479606628418,-118.07965087890624,LOS ANGELES,PASADENA,-118.07965087890624,34.14801025390625
91675902,2022,2022-01-11,9550,2022-01-06,1120,015449,NA,4,1,6,1949,0,1,1,NA,2,501,I-5 S/B (SANTA ANA FREEWAY),ROSECRANS AVE.,1320,N,N,A,-,Y,NA,NA,NA,NA,NA,NA,NA,NA,NA,Y,4,0,3,3,A,-,07,21658,A,N,C,C,A,A,H,-,A,D,0,NA,NA,NA,NA,Y,NA,A,01,0,0,3,0,0,0,0,0,0,-,-,33.904991149902344,-118.06561279296876,LOS ANGELES,NORWALK,-118.0653839111328,33.905216217041016
91675924,2022,2022-01-11,9580,2022-01-10,1840,021852,NA,1,2,7,1942,0,1,2,NA,2,102,US-101 N/B (VENTURA FWY),VAN NUYS BLVD,150,N,N,A,-,Y,LA,NA,101,NA,NA,15.967,H,NA,R,N,4,0,1,3,A,-,03,22350,NA,N,C,C,A,A,H,-,C,D,0,NA,NA,NA,NA,Y,NA,A,01,0,0,1,0,0,0,0,0,0,-,-,34.157310485839844,-118.44937896728516,LOS ANGELES,LOS ANGELES,-118.44938659667967,34.15729522705078
91675925,2021,2022-01-11,9530,2021-12-30,0705,022696,NA,4,1,7,1942,0,1,1,NA,2,110,I-110 N/B (HABOR FREEWAY),120TH STREET,200,N,N,C,-,Y,NA,NA,110,NA,NA,NA,NA,NA,N,N,2,0,1,1,A,-,03,22350,NA,N,E,I,A,C,H,-,A,D,0,NA,NA,NA,NA,Y,NA,A,01,1,0,0,0,0,0,0,0,0,-,-,33.92441177368164,-118.2812271118164,LOS ANGELES,LOS ANGELES,-118.28115081787108,33.92440414428711
91675930,2022,2022-01-11,9580,2022-01-10,1515,022437,NA,1,2,7,1942,0,1,2,NA,2,100,US-101 N/B (VENTURA FREEWAY),MOORPARK ST,770,N,N,A,-,Y,LA,NA,101,NA,NA,11.624,H,NA,R,Y,4,0,1,3,A,-,03,22350,NA,N,C,C,A,A,H,-,A,D,0,NA,NA,NA,NA,Y,NA,A,01,0,0,1,0,0,0,0,0,0,-,-,34.15264892578125,-118.37538146972656,LOS ANGELES,LOS ANGELES,-118.3753662109375,34.152652740478516
91675938,2022,2022-01-11,9580,2022-01-04,1435,021627,NA,2,2,7,1942,0,1,2,NA,2,104,US-101 N/B (VENTURA FREEWAY),DE SOTO AVE.,528,N,N,A,-,Y,LA,NA,101,NA,NA,24.434,H,NA,R,Y,4,0,1,2,A,-,01,23152,F,N,C,C,A,A,H,-,A,D,0,NA,NA,NA,NA,Y,NA,A,01,0,0,1,0,0,0,0,0,0,-,-,34.168479919433594,-118.5901336669922,LOS ANGELES,LOS ANGELES,-118.59014129638672,34.168426513671875
91675983,2021,2022-01-11,9550,2021-10-27,0500,022260,NA,3,3,3,1964,0,1,1,NA,2,501,INTERSTATE 5 NORTHBOUND,ALONDRA BOULEVARD,350,S,N,A,-,Y,NA,NA,5,NA,NA,NA,NA,NA,N,Y,1,1,0,3,A,-,11,21954,A,N,G,1,E,A,H,-,C,D,0,Y,NA,NA,NA,Y,NA,N,60,0,0,0,1,0,0,0,0,0,-,-,33.88726043701172,-118.03411865234376,LOS ANGELES,SANTA FE SPRINGS,-118.03423309326172,33.88705062866211
91676007,2022,2022-01-11,9550,2022-01-04,1810,021100,NA,2,2,9,1900,0,1,3,NA,2,600,SR-60 E/B,HACIENDA BLVD.,1485,W,N,A,-,Y,LA,NA,60,NA,NA,15.657,H,NA,R,Y,4,0,3,3,A,-,03,22350,NA,N,C,C,A,A,H,-,A,D,0,NA,NA,NA,NA,Y,NA,A,01,0,0,3,0,0,0,0,0,0,-,-,34.0081787109375,-117.96920013427734,LOS ANGELES,UNINCORPORATED,-117.96915435791016,34.00828170776367
91676019,2021,2022-01-12,9530,2021-12-31,0640,021089,NA,5,1,9,1900,0,3,5,NA,2,001,GAGE AVE. (1700 BLOCK),HOLMES AVE.,200,W,N,B,-,N,NA,NA,NA,NA,NA,NA,NA,NA,NA,N,4,0,1,2,A,-,21,22106,NA,F,B,C,A,A,H,-,A,D,0,NA,NA,NA,NA,Y,NA,-,99,0,0,1,0,0,0,0,0,0,-,-,33.9818000793457,-118.2418975830078,LOS ANGELES,UNINCORPORATED,-118.24186706542967,33.981998443603516
91676331,2021,2022-01-12,9540,2021-12-30,1330,021078,NA,4,1,6,1985,0,1,1,NA,2,506,I-5 N/B (GOLDEN STATE FWY.),VALENCIA BLVD.,3000,S,N,C,-,Y,NA,NA,5,NA,NA,NA,NA,NA,N,N,3,0,2,1,A,-,03,22350,NA,N,E,I,A,B,H,-,A,D,0,NA,NA,NA,NA,Y,NA,A,01,0,1,1,0,0,0,0,0,0,-,-,34.40045928955078,-118.57241821289064,LOS ANGELES,SANTA CLARITA,-118.57266998291016,34.40037536621094
91676334,2021,2022-01-12,9540,2021-12-24,1845,022405,NA,5,2,9,1900,0,3,5,NA,2,200,ESCONDIDO CANYON RD.,SR-14 N/B TO ESCONDIDO CANYON ROAD,0,NA,Y,B,-,Y,NA,NA,NA,NA,NA,NA,NA,NA,NA,Y,4,0,2,2,A,-,01,23152,A,N,D,C,A,B,H,-,C,D,0,NA,NA,NA,NA,Y,Y,A,07,0,0,2,0,0,0,0,0,0,-,-,34.49182891845703,-118.28282165527344,LOS ANGELES,UNINCORPORATED,-118.3218231201172,34.489009857177734
91676355,2021,2022-01-12,9545,2021-12-31,1825,021569,NA,5,2,9,1900,0,3,5,NA,1,006,AVENUE L,45TH STREET WEST,375,E,N,A,-,N,NA,NA,NA,NA,NA,NA,NA,NA,NA,N,4,0,1,2,A,-,03,22350,NA,N,C,C,A,A,H,-,C,D,0,NA,NA,NA,NA,Y,NA,D,22,0,0,1,0,0,0,0,0,0,-,-,34.660160064697266,-118.20877075195313,LOS ANGELES,UNINCORPORATED,-118.20887756347656,34.66019821166992
91676356,2021,2022-01-12,9565,2021-12-11,0205,021786,NA,6,3,7,1942,0,1,1,NA,2,064,I-405 S/B (SAN DIEGO FREEWAY),SEPULVEDA BOULEVARD,1680,N,N,A,-,Y,NA,NA,405,NA,NA,NA,NA,NA,S,Y,3,0,2,2,A,-,03,22350,NA,N,D,C,A,A,H,-,C,D,0,NA,NA,NA,NA,Y,NA,A,01,0,1,1,0,0,0,0,0,0,-,-,34.101348876953125,-118.47772979736328,LOS ANGELES,LOS ANGELES,-118.47777557373048,34.10136413574219
91676362,2021,2022-01-12,9590,2021-11-21,1450,022690,NA,7,2,7,1942,0,1,1,NA,2,010,SR-110 N/B (ASP),STADIUM WAY,500,S,N,A,-,Y,NA,NA,110,NA,NA,NA,NA,NA,N,N,4,0,1,1,A,-,03,22350,NA,N,F,A,A,A,A,-,A,D,0,NA,NA,Y,NA,Y,NA,C,02,0,0,1,0,0,0,0,0,1,-,-,34.06985092163086,-118.2354736328125,LOS ANGELES,LOS ANGELES,-118.23543548583984,34.0698356628418
91676367,2022,2022-09-14,9535,2022-01-02,2200,022650,NA,7,3,9,1900,0,3,5,NA,2,006,HILL DR.,PORTERO GRANDE RD.,20,E,N,A,-,N,NA,NA,NA,NA,NA,NA,NA,NA,NA,N,4,0,1,2,A,-,08,22107,NA,M,C,C,A,A,H,-,C,A,0,NA,NA,NA,NA,Y,NA,A,07,0,0,1,0,0,0,0,0,0,-,-,34.048179626464844,-118.0981216430664,LOS ANGELES,UNINCORPORATED,-118.0981903076172,34.04822540283203
91676372,2021,2022-01-12,9565,2021-12-30,0134,022251,NA,4,3,7,1942,0,1,1,NA,2,064,I-405 S/B (SAN DIEGO FREEWAY),MORAGA DR,900,N,N,C,-,Y,NA,NA,405,NA,NA,NA,NA,NA,S,Y,3,0,2,2,A,-,08,22107,NA,N,B,C,A,B,H,-,D,D,0,NA,NA,NA,NA,Y,NA,A,01,0,2,0,0,0,0,0,0,0,-,-,34.07917022705078,-118.4721221923828,LOS ANGELES,LOS ANGELES,-118.4720458984375,34.07924270629883
91676398,2021,2022-01-12,9565,2021-12-30,1400,022671,NA,4,2,9,1900,0,3,5,NA,2,005,VIA MARINA,ADMIRALTY WAY,0,NA,Y,C,-,N,NA,NA,NA,NA,NA,NA,NA,NA,NA,Y,3,0,1,1,A,-,03,22350,NA,N,E,I,A,B,H,-,A,A,0,NA,NA,NA,NA,Y,NA,A,01,0,1,0,0,0,0,0,0,0,-,-,33.98139190673828,-118.45989227294922,LOS ANGELES,UNINCORPORATED,-118.46003723144533,33.98139190673828
91676425,2022,2022-01-12,9535,2022-01-04,1358,022305,NA,2,1,9,1900,0,1,1,NA,2,074,I-710 (LONG BEACH FREEWAY) N/B,I-105 (CENTURY FREEWAY) E/B,361,N,N,A,-,Y,LA,NA,710,NA,R,15.876,H,NA,R,Y,4,0,1,2,A,-,07,21658,A,N,C,C,A,A,H,-,A,D,0,NA,NA,NA,Y,Y,NA,A,01,0,0,1,0,0,0,0,0,0,-,-,33.91545104980469,-118.17938995361328,LOS ANGELES,UNINCORPORATED,-118.1793975830078,33.91545104980469
91676436,2021,2022-01-12,9565,2021-12-30,2255,021808,NA,4,3,9,1900,0,3,5,NA,2,002,EL SEGUNDO BLVD.,NORMANDIE AVE.,13,W,N,A,-,N,NA,NA,NA,NA,NA,NA,NA,NA,NA,N,2,0,1,2,A,-,10,21950,A,N,G,B,B,A,H,-,C,A,0,Y,NA,NA,NA,Y,NA,A,07,1,0,0,0,1,0,0,0,0,-,-,33.916500091552734,-118.30055236816406,LOS ANGELES,UNINCORPORATED,-118.30043029785156,33.91643142700195
91676437,2021,2022-01-12,9580,2021-12-31,0545,022632,NA,5,3,7,1942,0,1,1,NA,2,405,I-405 S/B (SAN DIEGO FWY) TO US-101 (VENTURA FWY),US-101 (VENTURA FREEWAY),400,N,N,B,-,Y,NA,NA,405,NA,NA,NA,R,NA,S,Y,4,0,2,1,A,-,03,22350,NA,N,E,I,A,B,H,-,D,D,0,NA,NA,NA,NA,Y,NA,A,01,0,0,2,0,0,0,0,0,0,-,-,34.16347122192383,-118.47025299072266,LOS ANGELES,LOS ANGELES,-118.47025299072266,34.16347122192383
91676462,2021,2022-01-12,9530,2021-12-30,0912,022696,NA,4,1,7,1942,0,1,1,NA,2,110,1-110 S/B (HARBOR FREEWAY),149TH ST.,220,S,N,B,C,Y,NA,NA,NA,NA,NA,NA,NA,NA,NA,Y,4,0,1,3,A,-,07,21658,A,F,C,C,A,B,H,-,A,D,0,NA,NA,NA,NA,Y,NA,-,99,0,0,1,0,0,0,0,0,0,-,-,33.89583969116211,-118.28629302978516,LOS ANGELES,LOS ANGELES,-118.28645324707033,33.89641189575195
91676465,2021,2022-01-12,9565,2021-10-30,1304,022576,NA,6,1,9,1900,0,2,4,NA,2,043,INGLEWOOD AVE,LENNOX BLVD,475,N,N,A,-,N,NA,NA,NA,NA,NA,NA,NA,NA,NA,Y,3,0,1,3,A,-,08,22107,NA,N,D,E,A,A,H,-,A,D,0,NA,NA,NA,NA,Y,NA,A,01,0,1,0,0,0,0,0,0,0,-,-,33.93955993652344,-118.36129760742188,LOS ANGELES,UNINCORPORATED,-118.36134338378906,33.9394645690918
91676518,2021,2022-01-12,9535,2021-10-29,1650,021976,NA,5,2,9,1900,0,1,3,NA,2,600,SR-60 (POMONA FREEWAY) E/B,3RD ST,325,E,N,A,-,Y,NA,NA,60,NA,NA,NA,NA,NA,E,N,4,0,2,2,A,-,03,22350,NA,N,C,C,A,A,H,-,A,D,0,NA,NA,NA,NA,Y,NA,A,01,0,0,2,0,0,0,0,0,0,-,-,34.032161712646484,-118.183349609375,LOS ANGELES,UNINCORPORATED,-118.183349609375,34.03215026855469
91676558,2022,2022-01-12,9530,2022-01-01,0455,021871,NA,6,3,5,1977,0,1,3,NA,2,310,SR-91 W/B,CENTRAL AVE.,800,W,N,A,-,Y,LA,NA,91,NA,R,8.286,H,NA,L,N,3,0,1,1,A,-,08,22107,NA,M,F,A,A,A,H,-,C,D,0,NA,NA,NA,NA,Y,NA,D,22,0,1,0,0,0,0,0,0,0,-,-,33.87371826171875,-118.25125885009766,LOS ANGELES,CARSON,-118.2512664794922,33.873680114746094
91676586,2021,2022-01-12,9535,2021-12-31,2235,022277,NA,5,3,5,1952,0,1,1,NA,2,105,I-105 W/B (CENTURY FREEWAY) TO I-710 (LONG BEACH F,I-710 (LONG BEACH FREEWAY) N/B,1637,E,N,A,-,Y,NA,NA,105,NA,NA,NA,R,NA,W,Y,2,0,3,3,A,-,03,22350,NA,N,C,C,A,A,H,-,C,D,0,NA,NA,NA,NA,Y,NA,A,01,1,0,2,0,0,0,0,0,0,-,-,33.91176986694336,-118.17462158203124,LOS ANGELES,PARAMOUNT,-118.17462158203124,33.91176986694336
91676625,2022,2022-01-12,9535,2022-01-01,0420,022277,NA,6,3,5,1969,0,1,1,NA,2,074,I-710 (LONG BEACH FREEWAY) N/B,IMPERIAL HIGHWAY,845,S,N,A,-,Y,LA,NA,710,NA,NA,16.808,H,NA,R,Y,3,0,1,1,A,-,01,23152,A,N,E,I,A,A,H,-,C,D,0,NA,NA,NA,NA,Y,Y,A,01,0,1,0,0,0,0,0,0,0,-,-,33.92831039428711,-118.17839813232422,LOS ANGELES,SOUTH GATE,-118.17847442626952,33.92829132080078
91676629,2021,2022-01-12,9550,2021-12-24,0335,022139,NA,5,3,6,1949,0,1,1,NA,2,651,INTERSTATE 605 S/B (SAN GABRIEL RIVER FREEWAY),ALONDRA BLOUEVARD,1500,N,N,B,C,Y,NA,NA,605,NA,NA,NA,NA,NA,S,Y,3,0,1,1,A,-,03,22350,NA,N,F,A,A,B,H,-,D,D,0,NA,NA,NA,NA,Y,NA,A,07,0,1,0,0,0,0,0,0,0,-,-,33.89244842529297,-118.10469818115234,LOS ANGELES,NORWALK,-118.10486602783205,33.89244079589844
91676636,2021,2022-01-12,9565,2021-12-12,2120,022715,NA,7,2,4,1918,0,1,1,NA,2,061,I-405 S/B (SAN DIEGO FREEWAY),VENICE BOULEVARD,20,S,N,A,-,Y,NA,NA,405,NA,NA,NA,NA,NA,S,Y,2,0,1,1,A,-,01,23152,A,M,E,I,A,A,H,-,D,D,0,NA,NA,NA,NA,Y,Y,A,01,1,0,0,0,0,0,0,0,0,-,-,34.01190948486328,-118.41851043701172,LOS ANGELES,CULVER CITY,-118.41840362548828,34.011993408203125