CASE_ID,ACCIDENT_YEAR,PROC_DATE,JURIS,COLLISION_DATE,COLLISION_TIME,OFFICER_ID,REPORTING_DISTRICT,DAY_OF_WEEK,CHP_SHIFT,POPULATION,CNTY_CITY_LOC,SPECIAL_COND,BEAT_TYPE,CHP_BEAT_TYPE,CITY_DIVISION_LAPD,CHP_BEAT_CLASS,BEAT_NUMBER,PRIMARY_RD,SECONDARY_RD,DISTANCE,DIRECTION,INTERSECTION,WEATHER_1,WEATHER_2,STATE_HWY_IND,CALTRANS_COUNTY,CALTRANS_DISTRICT,STATE_ROUTE,ROUTE_SUFFIX,POSTMILE_PREFIX,POSTMILE,LOCATION_TYPE,RAMP_INTERSECTION,SIDE_OF_HWY,TOW_AWAY,COLLISION_SEVERITY,NUMBER_KILLED,NUMBER_INJURED,PARTY_COUNT,PRIMARY_COLL_FACTOR,PCF_CODE_OF_VIOL,PCF_VIOL_CATEGORY,PCF_VIOLATION,PCF_VIOL_SUBSECTION,HIT_AND_RUN,TYPE_OF_COLLISION,MVIW,PED_ACTION,ROAD_SURFACE,ROAD_COND_1,ROAD_COND_2,LIGHTING,CONTROL_DEVICE,CHP_ROAD_TYPE,PEDESTRIAN_ACCIDENT,BICYCLE_ACCIDENT,MOTORCYCLE_ACCIDENT,TRUCK_ACCIDENT,NOT_PRIVATE_PROPERTY,ALCOHOL_INVOLVED,STWD_VEHTYPE_AT_FAULT,CHP_VEHTYPE_AT_FAULT,COUNT_SEVERE_INJ,COUNT_VISIBLE_INJ,COUNT_COMPLAINT_PAIN,COUNT_PED_KILLED,COUNT_PED_INJURED,COUNT_BICYCLIST_KILLED,COUNT_BICYCLIST_INJURED,COUNT_MC_KILLED,COUNT_MC_INJURED,PRIMARY_RAMP,SECONDARY_RAMP,LATITUDE,LONGITUDE,COUNTY,CITY,POINT_X,POINT_Y
91677856,2022,2022-01-14,9540,2022-01-09,1950,022385,NA,7,2,9,1900,0,1,1,NA,1,502,I-5 N/B (GOLDEN STATE FREEWAY),CALGROVE BOULEVARD,7392,S,N,A,-,Y,LA,NA,5,NA,R,47.907,H,NA,R,Y,4,0,1,2,A,-,08,22107,NA,N,D,C,A,A,H,-,C,D,0,NA,NA,NA,NA,Y,NA,A,01,0,0,1,0,0,0,0,0,0,-,-,34.350399017333984,-118.54242706298828,LOS ANGELES,UNINCORPORATED,-118.54240417480467,34.350440979003906
91677858,2021,2022-01-14,9565,2021-12-31,1951,022442,NA,5,2,7,1942,0,1,3,NA,2,070,SR-90 W/B TO CENTINELA AVE,CENTINELA AVE,130,E,N,A,-,Y,NA,NA,90,NA,NA,NA,R,NA,W,Y,4,0,1,1,C,-,18,NA,NA,N,E,I,A,A,H,-,D,D,0,NA,NA,NA,NA,Y,NA,-,-,0,0,1,0,0,0,0,0,0,-,-,33.98659133911133,-118.41458129882813,LOS ANGELES,LOS ANGELES,-118.41458129882813,33.98659133911133
91677861,2022,2022-01-14,9550,2022-01-08,1218,021166,NA,6,1,1,1932,0,1,3,NA,2,601,SR-60 W/B,HACIENDA BLVD.,980,E,N,A,-,Y,LA,NA,60,NA,NA,16.144,H,NA,L,N,4,0,1,3,A,-,03,22350,NA,N,C,C,A,A,H,-,A,D,0,NA,NA,NA,NA,Y,NA,A,07,0,0,1,0,0,0,0,0,0,-,-,34.0059700012207,-117.96112060546876,LOS ANGELES,INDUSTRY,-117.96111297607422,34.0059814453125
91678141,2021,2022-01-14,9590,2021-08-28,1700,022520,NA,6,2,7,1942,0,1,1,NA,2,063,I-10 W/B (SANTA MONICA FREEWAY),CENTRAL AVE,150,W,N,A,-,Y,NA,NA,10,NA,NA,NA,NA,NA,W,N,4,0,2,2,A,-,03,22350,NA,N,C,C,A,A,H,-,A,D,0,NA,NA,NA,NA,Y,NA,A,01,0,0,2,0,0,0,0,0,0,-,-,34.026241302490234,-118.24960327148438,LOS ANGELES,LOS ANGELES,-118.24960327148438,34.02622985839844
91678152,2022,2022-01-14,9540,2022-01-05,1850,021370,NA,3,2,9,1900,0,2,4,NA,1,202,SOLEDAD CANYON RD,INDIAN CANYON RD,5280,S,N,A,-,N,NA,NA,NA,NA,NA,NA,NA,NA,NA,Y,3,0,1,1,A,-,08,22107,NA,N,E,I,A,A,H,-,D,D,0,NA,NA,NA,NA,Y,NA,A,01,0,1,0,0,0,0,0,0,0,-,-,34.43999099731445,-118.29486846923828,LOS ANGELES,UNINCORPORATED,-118.28948211669922,34.43831253051758
91678192,2022,2022-01-14,9535,2022-01-06,1820,022335,NA,4,2,4,1907,0,1,1,NA,2,073,INTERSTATE 710 SOUTHBOUND (LONG BEACH FREEWAY),SLAUSON AVENUE,300,N,N,A,-,Y,LA,NA,710,NA,NA,21.092,H,NA,L,Y,4,0,1,2,A,-,03,22350,NA,N,C,C,A,A,H,-,D,D,0,NA,NA,NA,NA,Y,NA,A,01,0,0,1,0,0,0,0,0,0,-,-,33.98749923706055,-118.17040252685548,LOS ANGELES,BELL,-118.17044830322266,33.98747634887695
91678194,2022,2022-01-14,9530,2022-01-04,0850,016842,NA,2,1,7,1941,0,1,1,NA,2,420,I-405 N/B (SAN DIEGO FREEWAY),I-710,140,N,N,A,-,Y,LA,NA,405,NA,NA,7.625,H,NA,R,N,4,0,1,2,A,-,03,22350,NA,N,C,C,A,A,H,-,A,D,0,NA,NA,NA,NA,Y,NA,A,07,0,0,1,0,0,0,0,0,0,-,-,33.82661819458008,-118.20799255371094,LOS ANGELES,LONG BEACH,-118.20799255371094,33.82658004760742
91678200,2022,2022-01-14,9530,2022-01-04,1405,022079,NA,2,2,9,1900,0,3,5,NA,2,001,COMPTON AVE. (6400 BLOCK),65TH ST.,50,N,N,A,-,N,NA,NA,NA,NA,NA,NA,NA,NA,NA,Y,4,0,2,2,A,-,09,21804,A,N,D,C,A,A,H,-,A,D,0,NA,NA,NA,NA,Y,NA,A,01,0,0,2,0,0,0,0,0,0,-,-,33.98101043701172,-118.24774932861328,LOS ANGELES,UNINCORPORATED,-118.24771881103516,33.9809455871582
91678202,2022,2022-01-14,9535,2022-01-07,1230,022243,NA,5,1,9,1900,0,3,5,NA,2,002,DITMAN AVE (800 BLOCK),WHITTIER BLVD,30,N,N,A,-,N,NA,NA,NA,NA,NA,NA,NA,NA,NA,N,3,0,1,2,A,-,08,22107,NA,N,A,C,A,A,H,-,A,A,0,NA,NA,NA,NA,Y,NA,A,01,0,1,0,0,0,0,0,0,0,-,-,34.02402877807617,-118.18926239013672,LOS ANGELES,UNINCORPORATED,-118.18927764892578,34.02400207519531
91678217,2021,2022-01-14,9565,2021-11-28,1446,022692,NA,7,2,9,1900,0,3,5,NA,2,002,W. 102ND ST.,NORMANDIE AVE.,15,W,N,A,-,N,NA,NA,NA,NA,NA,NA,NA,NA,NA,Y,3,0,2,3,A,-,01,23152,A,N,D,C,A,A,H,-,A,D,0,NA,NA,NA,NA,Y,Y,A,07,0,2,0,0,0,0,0,0,0,-,-,33.9440803527832,-118.30043029785156,LOS ANGELES,UNINCORPORATED,-118.3003387451172,33.9440803527832
91678262,2022,2022-01-14,9530,2022-01-04,1515,020956,NA,2,2,7,1942,0,1,1,NA,2,400,I-405 S/B (SAN DIEGO FREEWAY),NORMANDIE AVE.,1000,S,N,A,-,Y,LA,NA,405,NA,NA,13.579,H,NA,R,N,4,0,2,2,A,-,07,21658,A,N,B,C,A,A,H,-,A,D,0,NA,NA,NA,Y,Y,NA,F,27,0,0,2,0,0,0,0,0,0,-,-,33.860008239746094,-118.29451751708984,LOS ANGELES,LOS ANGELES,-118.29451751708984,33.859920501708984
91678266,2022,2022-01-14,9565,2022-01-04,0755,014952,NA,2,1,5,1928,0,1,1,NA,2,060,I-405 N/B (SAN DIEGO FWY),ROSECRANS AVE.,400,S,N,A,-,Y,LA,NA,405,NA,NA,18.979,H,NA,R,N,3,0,1,2,A,-,08,22107,NA,N,B,C,A,A,H,-,A,D,0,NA,NA,NA,NA,Y,NA,A,01,0,1,0,0,0,0,0,0,0,-,-,33.898319244384766,-118.36995697021484,LOS ANGELES,HAWTHORNE,-118.37001037597656,33.8983039855957
91678267,2021,2022-01-14,9550,2021-12-23,2250,022426,NA,4,3,4,1936,0,1,1,NA,2,650,INTERSTATE 5 N/B,VALLEY VIEW AVENUE,500,N,N,C,-,Y,NA,NA,5,NA,NA,NA,NA,NA,N,N,4,0,1,2,A,-,03,22350,NA,F,C,C,A,B,H,-,D,D,0,NA,NA,NA,NA,Y,NA,A,01,0,0,1,0,0,0,0,0,0,-,-,33.88518142700195,-118.0302734375,LOS ANGELES,LA MIRADA,-118.03038787841795,33.88496780395508
91678285,2022,2022-01-14,9545,2022-01-02,1000,016523,NA,7,1,9,1900,0,3,5,NA,2,002,GODDE HILL RD,EDISON ROAD,2534,S,N,A,-,N,NA,NA,NA,NA,NA,NA,NA,NA,NA,Y,4,0,1,1,A,-,08,22107,NA,N,E,I,A,A,H,-,A,D,0,NA,NA,NA,NA,Y,NA,A,01,0,0,1,0,0,0,0,0,0,-,-,34.6084098815918,-118.2497100830078,LOS ANGELES,UNINCORPORATED,-118.24954223632813,34.60863494873047
91678286,2021,2022-01-14,9550,2021-12-24,0120,021532,NA,5,3,9,1900,0,1,1,NA,2,650,INTERSTATE 605 SOUTHBOUND,ROSEHILLS ROAD,100,S,N,C,-,Y,NA,NA,NA,NA,NA,NA,NA,NA,NA,Y,3,0,1,1,A,-,01,23152,A,N,E,I,A,B,H,-,C,D,0,NA,NA,NA,NA,Y,Y,A,01,0,1,0,0,0,0,0,0,0,-,-,34.01673126220703,-118.05442810058594,LOS ANGELES,UNINCORPORATED,-118.05315399169922,34.01781463623047
91678300,2022,2022-01-14,9545,2022-01-02,1030,016523,NA,7,1,6,1950,0,1,3,NA,2,021,SR-14 N/B,PALMDALE BLVD,40,N,N,A,-,Y,LA,NA,14,NA,R,59.805,H,NA,R,N,4,0,2,1,A,-,08,22107,NA,N,E,I,A,A,H,-,A,D,0,NA,NA,NA,NA,Y,NA,A,01,0,0,2,0,0,0,0,0,0,-,-,34.58135986328125,-118.13358306884766,LOS ANGELES,PALMDALE,-118.13368225097656,34.58135986328125
91678320,2022,2022-01-14,9550,2022-01-05,2200,018150,NA,3,3,9,1900,0,1,1,NA,2,650,I-605 (S/B),TELEGRAPH ROAD,1700,N,N,A,-,Y,LA,NA,605,NA,R,10.592,H,NA,R,Y,4,0,1,3,A,-,08,22107,NA,N,B,C,A,A,H,-,C,D,0,NA,NA,NA,NA,Y,NA,A,01,0,0,1,0,0,0,0,0,0,-,-,33.95423126220703,-118.08943939208984,LOS ANGELES,UNINCORPORATED,-118.08921813964844,33.954139709472656
91678322,2022,2022-01-14,9590,2022-01-04,1515,022689,NA,2,2,7,1942,0,1,1,NA,2,053,I-110 SOUTHBOUND (HARBOR FREEWAY),2ND STREET,150,S,N,A,-,Y,LA,NA,110,NA,NA,23.324,H,NA,L,Y,4,0,2,2,A,-,08,22107,NA,N,C,C,A,A,H,-,A,D,0,NA,NA,NA,NA,Y,NA,A,01,0,0,2,0,0,0,0,0,0,-,-,34.058441162109375,-118.25376892089844,LOS ANGELES,LOS ANGELES,-118.25376129150392,34.058433532714844
91678334,2021,2022-01-14,9590,2021-10-19,0615,022281,NA,2,1,7,1942,0,1,1,NA,2,082,I-5 N/B (GSF),RIVERSIDE DRIVE,250,N,N,A,-,Y,NA,NA,5,NA,NA,NA,NA,NA,N,Y,4,0,1,2,A,-,08,22107,NA,N,B,C,A,A,H,-,C,D,0,NA,NA,NA,Y,Y,NA,A,07,0,0,1,0,0,0,0,0,0,-,-,34.08380126953125,-118.22901916503906,LOS ANGELES,LOS ANGELES,-118.22903442382813,34.08378219604492
91678347,2022,2022-01-14,9530,2022-01-04,1917,017755,NA,2,2,7,1942,0,1,1,NA,2,120,I-110 N/B (HARBOR FREEWAY),LOMITA BLVD.,639,S,N,A,-,Y,LA,NA,110,NA,NA,4.509,H,NA,R,Y,3,0,1,2,A,-,03,22350,NA,N,B,C,A,A,H,-,D,D,0,NA,NA,NA,Y,Y,NA,A,01,0,1,0,0,0,0,0,0,0,-,-,33.79618835449219,-118.28527069091795,LOS ANGELES,LOS ANGELES,-118.28527069091795,33.79618835449219
91678352,2021,2022-01-14,9565,2021-05-05,2200,021759,NA,3,3,5,1965,0,1,1,NA,2,082,I-10 E/B,PICO BLVD,705,W,N,A,-,Y,NA,NA,10,NA,NA,NA,NA,NA,E,Y,2,0,2,1,A,-,01,23152,A,N,E,I,A,A,H,-,C,D,0,NA,NA,NA,NA,Y,Y,A,01,1,0,1,0,0,0,0,0,0,-,-,34.02769088745117,-118.45619201660156,LOS ANGELES,SANTA MONICA,-118.4561767578125,34.027591705322266
91678375,2022,2022-01-14,9535,2022-01-08,1355,021772,NA,6,1,9,1900,0,1,1,NA,2,651,SR-60 (POMONA FREEWAY) E/B,ROWAN AVE,528,E,N,A,-,Y,LA,NA,60,NA,R,2.386,H,NA,R,N,3,0,1,1,A,-,03,22350,NA,N,E,I,A,A,H,-,A,D,0,NA,NA,Y,NA,Y,NA,C,02,0,1,0,0,0,0,0,0,1,-,-,34.03199005126953,-118.18460845947266,LOS ANGELES,UNINCORPORATED,-118.18456268310548,34.031837463378906
91678410,2021,2022-01-14,9565,2021-12-06,1437,020209,NA,1,2,7,1942,0,1,1,NA,2,062,I-405 S/B (SAN DIEGO FREEWAY),PALMS BLVD,1000,N,N,A,-,Y,NA,NA,NA,NA,NA,NA,NA,NA,NA,N,3,0,2,4,A,-,03,22350,NA,N,C,C,A,A,H,-,A,D,0,NA,NA,NA,NA,Y,NA,A,01,0,2,0,0,0,0,0,0,0,-,-,33.022220611572266,-118.426513671875,LOS ANGELES,LOS ANGELES,-118.42563629150392,34.02106475830078
91678427,2022,2022-01-14,9575,2022-01-07,1820,017491,NA,5,2,7,1942,0,1,3,NA,2,043,SR-134 E/B (VENTURA FREEWAY),FOREST LAWN DR.,168,E,N,B,-,Y,LA,NA,134,NA,NA,3.857,H,NA,R,N,4,0,2,3,A,-,03,22350,NA,N,C,C,A,A,H,-,D,D,0,NA,NA,NA,NA,Y,NA,A,01,0,0,2,0,0,0,0,0,0,-,-,34.15504837036133,-118.310302734375,LOS ANGELES,LOS ANGELES,-118.3102798461914,34.154998779296875
91678447,2022,2022-01-14,9545,2022-01-05,0645,021948,NA,3,1,9,1900,0,3,5,NA,2,001,AVENUE G,90TH ST W,0,NA,Y,A,-,N,NA,NA,NA,NA,NA,NA,NA,NA,NA,Y,3,0,1,2,A,-,09,21802,A,N,D,C,A,A,H,-,A,A,0,NA,NA,NA,NA,Y,NA,A,01,0,1,0,0,0,0,0,0,0,-,-,34.73284912109375,-118.29017639160156,LOS ANGELES,UNINCORPORATED,-118.29013824462892,34.73286437988281
91678458,2021,2022-01-14,9575,2021-11-12,2107,022558,NA,5,2,7,1942,0,1,1,NA,2,053,I-5 S/B (GOLDEN STATE FREEWAY),BRANFORD ST,505,N,N,A,-,Y,NA,NA,5,NA,NA,NA,NA,NA,S,Y,4,0,1,2,A,-,08,22107,NA,N,B,C,A,A,H,-,C,D,0,NA,NA,NA,NA,Y,NA,A,08,0,0,1,0,0,0,0,0,0,-,-,34.239810943603516,-118.41748046875,LOS ANGELES,LOS ANGELES,-118.4174346923828,34.23986053466797
91678465,2022,2022-01-14,9590,2022-01-05,1450,021492,NA,3,2,7,1942,0,1,1,NA,2,010,SR-110 N/B (ARROYO SECO PARKWAY),TUNNEL 4,100,S,N,A,-,Y,LA,NA,110,NA,NA,25.419,H,NA,R,N,4,0,1,2,A,-,03,22350,NA,F,C,C,A,A,H,-,A,D,0,NA,NA,NA,NA,Y,NA,-,99,0,0,1,0,0,0,0,0,0,-,-,34.07857894897461,-118.22794342041016,LOS ANGELES,LOS ANGELES,-118.22795867919922,34.07859420776367
91678493,2022,2022-01-14,9530,2022-01-04,0235,022421,NA,2,3,9,1900,0,3,5,NA,2,001,ALAMEDA ST,FLORENCE AVE.,0,NA,Y,A,-,N,NA,NA,NA,NA,NA,NA,NA,NA,NA,Y,3,0,1,2,A,-,01,23152,A,N,D,C,A,A,H,-,C,A,0,NA,NA,NA,NA,Y,Y,A,07,0,1,0,0,0,0,0,0,0,-,-,33.974700927734375,-118.23474884033205,LOS ANGELES,UNINCORPORATED,-118.23471069335938,33.9747314453125
91678519,2021,2022-01-14,9590,2021-11-11,0200,021835,NA,4,3,7,1942,0,1,1,NA,2,062,I-10 E/B (SMF),UNION AVE,100,W,N,A,-,Y,NA,NA,10,NA,NA,NA,NA,NA,E,Y,3,0,1,1,A,-,01,23152,A,N,E,I,A,A,H,-,C,D,0,NA,NA,NA,NA,Y,Y,A,01,0,1,0,0,0,0,0,0,0,-,-,34.03704833984375,-118.28241729736328,LOS ANGELES,LOS ANGELES,-118.28247833251952,34.037353515625
91678527,2021,2022-01-14,9565,2021-11-26,1745,022576,NA,5,2,9,1900,0,2,4,NA,1,032,SLAUSON AVE,LA TIJERA BLVD,75,E,N,A,-,N,NA,NA,NA,NA,NA,NA,NA,NA,NA,N,3,0,3,2,A,-,03,22350,NA,N,C,C,A,A,H,-,C,D,0,NA,NA,NA,NA,Y,NA,A,07,0,3,0,0,0,0,0,0,0,-,-,33.987548828125,-118.36435699462892,LOS ANGELES,UNINCORPORATED,-118.36473083496094,33.98741149902344
91678547,2022,2022-01-14,9530,2022-01-04,2010,020080,NA,2,2,7,1942,0,1,3,NA,1,470,SR-47 S/B (VINCENT THOMAS BRIDGE),FERRY ST,1320,S,N,A,-,Y,LA,NA,47,NA,NA,1.587,H,NA,L,Y,4,0,3,4,A,-,03,22350,NA,M,C,C,A,A,H,-,C,D,0,NA,NA,Y,NA,Y,NA,A,01,0,0,3,0,0,0,0,0,1,-,-,33.74898910522461,-118.26773071289064,LOS ANGELES,LOS ANGELES,-118.26773834228516,33.748958587646484
91678548,2022,2022-01-14,9565,2022-01-05,2230,022219,NA,3,3,9,1900,0,1,1,NA,2,060,I-405 NORTHBOUND (SAN DIEGO FREEWAY),EL SEGUNDO BLVD,500,N,N,B,-,Y,LA,NA,405,NA,NA,20.506,H,NA,R,Y,3,0,1,2,A,-,01,23152,A,M,C,C,A,A,H,-,D,D,0,NA,NA,NA,NA,Y,Y,D,22,0,1,0,0,0,0,0,0,0,-,-,33.9204216003418,-118.36917114257813,LOS ANGELES,UNINCORPORATED,-118.36922454833984,33.92042922973633
91678549,2021,2022-01-14,9565,2021-11-26,1645,022646,NA,5,2,7,1942,0,1,1,NA,2,062,I-405 S/B (SAN DIEGO FWY),VENICE BLVD,400,N,N,A,-,Y,NA,NA,405,NA,NA,NA,NA,NA,S,N,4,0,1,2,A,-,07,21658,A,F,C,C,A,A,H,-,B,D,0,NA,NA,Y,NA,Y,NA,A,07,0,0,1,0,0,0,0,0,1,-,-,34.013160705566406,-118.41932678222656,LOS ANGELES,LOS ANGELES,-118.41934967041016,34.013145446777344
91678560,2022,2022-01-14,9535,2022-01-10,1715,021308,NA,1,2,9,1900,0,1,1,NA,2,420,I-10 E/B (SAN BERNARDINO FWY),EASTERN AVE,528,E,N,A,-,Y,LA,NA,10,NA,NA,20.942,H,NA,R,N,4,0,1,3,A,-,04,21703,NA,N,C,C,A,A,H,-,C,D,0,NA,NA,NA,NA,Y,NA,A,07,0,0,1,0,0,0,0,0,0,-,-,34.06108093261719,-118.17198944091795,LOS ANGELES,UNINCORPORATED,-118.17198181152344,34.061065673828125
91678564,2022,2022-01-14,9525,2022-01-06,1625,020552,NA,4,2,6,1955,0,1,3,NA,2,605,SR-60 W/B TO SR-71 N/B,GAREY AVE,300,E,N,A,-,Y,NA,NA,NA,NA,NA,NA,NA,NA,NA,Y,4,0,1,3,A,-,01,23152,A,N,E,J,A,A,D,-,A,D,0,NA,NA,NA,NA,Y,Y,A,01,0,0,1,0,0,0,0,0,0,-,-,34.02450180053711,-117.74772644042967,LOS ANGELES,POMONA,-117.74772644042967,34.02450180053711
91678570,2022,2022-01-14,9535,2022-01-10,1910,021308,NA,1,2,9,1900,0,3,5,NA,2,002,3RD ST (5000 BLOCK),WOODS AVE,20,W,N,A,-,N,NA,NA,NA,NA,NA,NA,NA,NA,NA,N,4,0,1,2,A,-,21,22106,NA,M,C,C,A,A,H,-,C,A,0,NA,NA,NA,NA,Y,NA,A,07,0,0,1,0,0,0,0,0,0,-,-,34.03335189819336,-118.15586853027344,LOS ANGELES,UNINCORPORATED,-118.15582275390624,34.03335952758789
91678576,2022,2022-01-14,9580,2022-01-13,0644,018583,NA,4,1,3,1989,0,1,2,NA,2,106,US-101 N/B (VENTURA FREEWAY),MUREAU RD,1584,S,N,A,-,Y,LA,NA,101,NA,NA,28.76,H,NA,R,Y,4,0,1,1,C,-,18,NA,NA,N,E,8,A,A,H,-,B,D,0,NA,NA,NA,NA,Y,NA,-,-,0,0,1,0,0,0,0,0,0,-,-,34.15113067626953,-118.65991973876952,LOS ANGELES,CALABASAS,-118.65988159179688,34.15103530883789
91678610,2021,2022-01-14,9565,2021-11-23,1330,022671,NA,2,1,7,1942,0,3,5,NA,2,002,CENTURY BLVD,BUDLONG AVE,100,E,N,A,-,N,NA,NA,NA,NA,NA,NA,NA,NA,NA,N,4,0,1,2,A,-,03,22350,NA,N,C,C,A,A,H,-,A,A,0,NA,NA,NA,NA,Y,NA,A,01,0,0,1,0,0,0,0,0,0,-,-,33.94552993774414,-118.29560089111328,LOS ANGELES,LOS ANGELES,-118.29582214355467,33.945491790771484
91678618,2022,2022-01-14,9530,2022-01-04,1409,022438,NA,2,2,9,1900,0,3,5,NA,2,001,E 58TH DRIVE (1400 BLOCK),COMPTON AVENUE,490,W,N,A,-,N,NA,NA,NA,NA,NA,NA,NA,NA,NA,N,2,0,1,2,A,-,09,21804,A,N,D,C,A,A,H,-,A,D,0,NA,NA,NA,NA,Y,NA,M,94,1,0,0,0,0,0,0,0,0,-,-,33.98786926269531,-118.24945831298828,LOS ANGELES,UNINCORPORATED,-118.2477569580078,33.987510681152344
91678632,2022,2022-01-14,9535,2022-01-10,2348,022418,NA,1,3,9,1900,0,1,1,NA,2,650,INTERSTATE 605 NORTHBOUND  (SAN GABRIEL RIVER FREE,VALLEY BOULEVARD,1600,S,N,A,-,Y,LA,NA,605,NA,R,19.099,H,NA,R,Y,3,0,2,3,A,-,03,22350,NA,N,C,C,A,A,H,-,D,D,0,NA,NA,NA,NA,Y,NA,A,07,0,1,1,0,0,0,0,0,0,-,-,34.050209045410156,-118.00647735595705,LOS ANGELES,UNINCORPORATED,-118.00643157958984,34.05018997192383
91678651,2022,2022-01-14,9545,2022-01-01,0039,022246,NA,6,3,9,1900,0,1,3,NA,2,031,SR-14 NORTHBOUND,CROWN VALLEY RD.,2910,N,N,A,-,Y,LA,NA,14,NA,R,49.238,H,NA,R,Y,4,0,1,1,A,-,08,22107,NA,N,F,A,A,A,H,-,D,D,0,NA,NA,NA,NA,Y,NA,A,01,0,0,1,0,0,0,0,0,0,-,-,34.49306869506836,-118.18775939941406,LOS ANGELES,UNINCORPORATED,-118.18775939941406,34.493133544921875
91678658,2021,2022-01-14,9590,2021-11-08,1800,017878,NA,1,2,7,1942,0,1,1,NA,2,063,I-10 W/B (SMF),NAOMI STREET,150,W,N,B,-,Y,NA,NA,10,NA,NA,NA,NA,NA,W,Y,4,0,1,5,A,-,07,21658,A,N,B,C,A,A,H,-,C,D,0,NA,NA,NA,NA,Y,NA,A,01,0,0,1,0,0,0,0,0,0,-,-,34.02484130859375,-118.24710083007813,LOS ANGELES,LOS ANGELES,-118.2470932006836,34.02485656738281
91678661,2022,2022-01-14,9530,2022-01-04,1745,022716,NA,2,2,7,1942,0,1,1,NA,2,110,I-110 NORTHBOUND,I-105,715,S,N,A,-,Y,LA,NA,110,NA,NA,13.658,H,NA,R,Y,2,0,1,3,A,-,03,22350,NA,N,C,C,A,A,H,-,C,D,0,NA,NA,NA,NA,Y,NA,A,07,1,0,0,0,0,0,0,0,0,-,-,33.926448822021484,-118.28089904785156,LOS ANGELES,LOS ANGELES,-118.28094482421876,33.926456451416016
91678667,2022,2022-01-14,9550,2022-01-13,1230,015449,NA,4,1,6,1920,0,1,1,NA,2,500,I-5 S/B (SANTA ANA FREEWAY),LAKEWOOD BLVD.,1320,S,N,B,-,Y,LA,NA,5,NA,NA,8.559,H,NA,L,N,4,0,3,2,A,-,03,22350,NA,N,C,C,A,A,H,-,A,D,0,NA,NA,NA,NA,Y,NA,A,01,0,0,3,0,0,0,0,0,0,-,-,33.960201263427734,-118.11524200439452,LOS ANGELES,DOWNEY,-118.11518096923828,33.96025466918945
91678681,2022,2022-01-14,9525,2022-01-07,1300,022609,NA,5,1,9,1900,0,3,5,NA,2,002,SUNFLOWER AVENUE,COVINA BOULEVARD,0,NA,Y,A,-,N,NA,NA,NA,NA,NA,NA,NA,NA,NA,N,4,0,1,2,A,-,12,22450,A,N,D,C,A,A,H,-,A,A,0,NA,NA,NA,NA,Y,NA,A,01,0,0,1,0,0,0,0,0,0,-,-,34.099449157714844,-117.84638214111328,LOS ANGELES,UNINCORPORATED,-117.8463897705078,34.09944152832031
91678682,2022,2022-01-14,9550,2022-01-14,0940,018854,NA,5,1,9,1900,0,1,3,NA,2,600,SR-60 W/B,7TH AVE.,100,W,N,A,-,Y,LA,NA,60,NA,NA,14.271,H,NA,L,Y,4,0,1,3,A,-,03,22350,NA,N,C,C,A,A,H,-,A,D,0,NA,NA,NA,NA,Y,NA,A,07,0,0,1,0,0,0,0,0,0,-,-,34.01974105834961,-117.98818969726564,LOS ANGELES,UNINCORPORATED,-117.98821258544922,34.01972579956055
91678684,2021,2022-01-14,9565,2021-11-16,1100,022671,NA,2,1,6,1933,0,1,1,NA,2,060,I-405 N/B (SAN DIEGO FWY),CENTURY BLVD,500,N,N,A,-,Y,NA,NA,405,NA,NA,NA,NA,NA,N,N,4,0,1,2,A,-,03,22350,NA,M,C,C,A,A,H,-,A,D,0,NA,NA,NA,NA,Y,NA,A,01,0,0,1,0,0,0,0,0,0,-,-,33.94799041748047,-118.36814880371094,LOS ANGELES,INGLEWOOD,-118.36830902099608,33.94798278808594
91678698,2022,2022-01-14,9565,2022-01-06,1045,021372,NA,4,1,5,1928,0,1,1,NA,2,060,I-405 NORTHBOUND (SAN DIEGO FREEWAY),ROSECRANS AVENUE,370,N,N,A,-,Y,LA,NA,405,NA,NA,19.304,H,NA,R,Y,4,0,1,2,A,-,03,22350,NA,N,C,C,A,A,H,-,A,D,0,NA,NA,NA,NA,Y,NA,B,07,0,0,1,0,0,0,0,0,0,-,-,33.90303039550781,-118.37032318115234,LOS ANGELES,HAWTHORNE,-118.37030029296876,33.90303039550781
91678704,2021,2022-01-14,9590,2021-10-16,1900,022690,NA,6,2,7,1942,0,1,1,NA,2,053,SR-110 S/B (ASP),AMADOR STREET,675,S,N,A,-,Y,NA,NA,110,NA,NA,NA,NA,NA,S,N,3,0,1,2,A,-,03,22350,NA,N,C,C,A,A,H,-,B,D,0,NA,NA,NA,NA,Y,NA,A,01,0,1,0,0,0,0,0,0,0,-,-,34.07360076904297,-118.23397064208984,LOS ANGELES,LOS ANGELES,-118.23399353027344,34.07362747192383
91678706,2022,2022-01-14,9550,2022-01-07,1754,022613,NA,5,2,5,1908,0,1,3,NA,2,091,SR-91 WESTBOUND,ARDMORE AVENUE,60,W,N,B,-,Y,NA,NA,NA,NA,NA,NA,NA,NA,NA,Y,4,0,2,3,A,-,03,22350,NA,N,C,C,A,A,H,-,D,D,0,NA,NA,NA,NA,Y,NA,A,01,0,0,2,0,0,0,0,0,0,-,-,33.5234489440918,-118.74575042724608,LOS ANGELES,BELLFLOWER,-118.12929534912108,33.876285552978516