CASE_ID,ACCIDENT_YEAR,PROC_DATE,JURIS,COLLISION_DATE,COLLISION_TIME,OFFICER_ID,REPORTING_DISTRICT,DAY_OF_WEEK,CHP_SHIFT,POPULATION,CNTY_CITY_LOC,SPECIAL_COND,BEAT_TYPE,CHP_BEAT_TYPE,CITY_DIVISION_LAPD,CHP_BEAT_CLASS,BEAT_NUMBER,PRIMARY_RD,SECONDARY_RD,DISTANCE,DIRECTION,INTERSECTION,WEATHER_1,WEATHER_2,STATE_HWY_IND,CALTRANS_COUNTY,CALTRANS_DISTRICT,STATE_ROUTE,ROUTE_SUFFIX,POSTMILE_PREFIX,POSTMILE,LOCATION_TYPE,RAMP_INTERSECTION,SIDE_OF_HWY,TOW_AWAY,COLLISION_SEVERITY,NUMBER_KILLED,NUMBER_INJURED,PARTY_COUNT,PRIMARY_COLL_FACTOR,PCF_CODE_OF_VIOL,PCF_VIOL_CATEGORY,PCF_VIOLATION,PCF_VIOL_SUBSECTION,HIT_AND_RUN,TYPE_OF_COLLISION,MVIW,PED_ACTION,ROAD_SURFACE,ROAD_COND_1,ROAD_COND_2,LIGHTING,CONTROL_DEVICE,CHP_ROAD_TYPE,PEDESTRIAN_ACCIDENT,BICYCLE_ACCIDENT,MOTORCYCLE_ACCIDENT,TRUCK_ACCIDENT,NOT_PRIVATE_PROPERTY,ALCOHOL_INVOLVED,STWD_VEHTYPE_AT_FAULT,CHP_VEHTYPE_AT_FAULT,COUNT_SEVERE_INJ,COUNT_VISIBLE_INJ,COUNT_COMPLAINT_PAIN,COUNT_PED_KILLED,COUNT_PED_INJURED,COUNT_BICYCLIST_KILLED,COUNT_BICYCLIST_INJURED,COUNT_MC_KILLED,COUNT_MC_INJURED,PRIMARY_RAMP,SECONDARY_RAMP,LATITUDE,LONGITUDE,COUNTY,CITY,POINT_X,POINT_Y
91680190,2022,2022-01-18,9550,2022-01-05,1152,022376,NA,3,1,9,1900,0,3,5,NA,2,002,ARROYO DR.,FERNVIEW ST.,0,NA,Y,A,-,N,NA,NA,NA,NA,NA,NA,NA,NA,NA,N,3,0,1,2,A,-,09,21802,A,N,D,C,A,A,H,-,A,A,0,NA,NA,Y,NA,Y,NA,A,01,0,1,0,0,0,0,0,0,1,-,-,33.9327507019043,-118.0146713256836,LOS ANGELES,UNINCORPORATED,-118.01467895507813,33.932716369628906
91680192,2022,2022-01-18,9550,2022-01-05,2025,022593,NA,3,2,9,1900,0,3,5,NA,2,002,1ST AVE.,LAMBERT RD.,0,NA,Y,A,-,N,NA,NA,NA,NA,NA,NA,NA,NA,NA,Y,4,0,1,2,A,-,09,21801,A,N,D,C,A,A,H,-,C,A,0,NA,NA,NA,NA,Y,NA,A,01,0,0,1,0,0,0,0,0,0,-,-,33.92951965332031,-117.98542022705078,LOS ANGELES,UNINCORPORATED,-117.98545074462892,33.92952346801758
91680205,2022,2022-01-18,9590,2022-01-07,2134,022384,NA,5,2,7,1942,0,1,3,NA,2,094,SR-2 (GLENDALE FREEWAY),AVENUE 36,575,W,N,A,-,Y,LA,NA,2,NA,NA,16.521,H,NA,R,N,4,0,1,3,A,-,03,22350,NA,N,C,C,A,A,H,-,C,D,0,NA,NA,NA,NA,Y,NA,A,07,0,0,1,0,0,0,0,0,0,-,-,34.11695098876953,-118.2366180419922,LOS ANGELES,LOS ANGELES,-118.23665618896484,34.11699676513672
91680211,2021,2022-01-18,9530,2021-09-12,2025,022585,NA,7,2,7,1941,0,1,1,NA,2,072,I-710 S/B (LONG BEACH FREEWAY),I-405 S/B (SAN DIEGO FREEWAY),630,S,N,A,-,Y,NA,NA,710,NA,NA,NA,NA,NA,S,Y,4,0,1,2,A,-,03,22350,NA,N,C,C,A,A,H,-,C,D,0,NA,NA,NA,NA,Y,NA,A,01,0,0,1,0,0,0,0,0,0,-,-,33.821128845214844,-118.2070770263672,LOS ANGELES,LONG BEACH,-118.20706176757813,33.821128845214844
91680213,2022,2022-01-18,9550,2022-01-08,0105,021166,NA,6,3,9,1900,0,1,3,NA,2,600,SR-60 W/B,CROSSROADS PARKWAY,1000,W,N,A,-,Y,LA,NA,60,NA,NA,12.401,H,NA,L,Y,3,0,1,1,A,-,08,22107,NA,N,B,J,A,A,H,-,A,D,0,NA,NA,Y,NA,Y,NA,C,02,0,1,0,0,0,0,0,0,1,-,-,34.02933883666992,-118.01638793945313,LOS ANGELES,UNINCORPORATED,-118.01637268066406,34.02940368652344
91680227,2022,2022-01-18,9535,2022-01-11,1812,021976,NA,2,2,6,1922,0,1,1,NA,2,400,I-10 (SAN BERNARDINO FREEWAY) E/B,COGSWELL RD.,920,W,N,A,-,Y,LA,NA,10,NA,NA,29.947,H,NA,R,N,4,0,1,2,A,-,07,21658,A,N,B,C,A,A,H,-,C,D,0,NA,NA,NA,NA,Y,NA,A,01,0,0,1,0,0,0,0,0,0,-,-,34.06718826293945,-118.02027130126952,LOS ANGELES,EL MONTE,-118.02025604248048,34.06721115112305
91680232,2021,2022-01-18,9565,2021-10-23,1210,021689,NA,6,1,9,1900,0,2,4,NA,1,041,NORMANDIE AVE (12500 BLOCK),125TH ST,70,S,N,A,-,N,NA,NA,NA,NA,NA,NA,NA,NA,NA,N,3,0,2,2,A,-,03,22350,NA,N,B,C,A,A,H,-,A,D,0,NA,NA,NA,NA,Y,NA,A,07,0,2,0,0,0,0,0,0,0,-,-,33.91899108886719,-118.30043792724608,LOS ANGELES,UNINCORPORATED,-118.30039978027344,33.91905975341797
91680239,2021,2022-01-18,9565,2021-12-04,1440,022193,NA,6,2,4,1918,0,1,1,NA,2,061,I-405 N/B,VENICE BLVD,500,S,N,A,-,Y,NA,NA,405,NA,NA,NA,NA,NA,N,N,4,0,1,3,A,-,03,22350,NA,M,C,C,A,A,H,-,A,D,0,NA,NA,NA,NA,Y,NA,A,01,0,0,1,0,0,0,0,0,0,-,-,34.0117301940918,-118.41787719726564,LOS ANGELES,CULVER CITY,-118.41791534423828,34.01170349121094
91680257,2021,2022-01-18,9550,2021-11-26,1325,022640,NA,5,1,9,1900,0,1,1,NA,2,651,INTERSTATE 605 NORTHBOUND (SAN GABRIEL RIVER FREEW,EXCELSIOR DR,800,N,N,A,-,Y,NA,NA,NA,NA,NA,NA,NA,NA,NA,Y,4,0,2,1,A,-,08,22107,NA,N,E,I,A,A,H,-,A,D,0,NA,NA,NA,NA,Y,NA,A,01,0,0,2,0,0,0,0,0,0,-,-,33.897911071777344,-118.1050033569336,LOS ANGELES,UNINCORPORATED,NA,NA
91680292,2021,2022-01-18,9550,2021-12-28,0225,022507,NA,2,3,7,1941,0,1,3,NA,2,090,STATE ROUTE 91 W/B (ARTESIA FREEWAY),CHERRY AVENUE,200,E,N,A,-,Y,NA,NA,91,NA,NA,NA,NA,NA,W,Y,2,0,2,2,A,-,08,22107,NA,F,B,C,A,A,H,-,C,D,0,NA,NA,NA,NA,Y,NA,-,99,2,0,0,0,0,0,0,0,0,-,-,33.876068115234375,-118.16780853271484,LOS ANGELES,LONG BEACH,-118.16781616210938,33.87599563598633
91680311,2022,2022-01-19,9590,2022-01-18,0830,017520,NA,2,1,7,1942,0,1,1,NA,2,050,I-110 N/B (HAF),SLAUSON AVE,200,S,N,A,-,Y,NA,NA,NA,NA,NA,NA,NA,NA,NA,N,4,0,1,2,A,-,03,22350,NA,N,C,C,A,A,H,-,A,D,0,NA,NA,NA,NA,Y,NA,A,01,0,0,1,0,0,0,0,0,0,-,-,33.89419937133789,-118.29820251464844,LOS ANGELES,LOS ANGELES,-118.28020477294922,33.98857116699219
91680315,2022,2022-01-19,9590,2022-01-17,1050,015985,NA,1,1,7,1942,0,1,1,NA,2,014,SR-110 ARROYO SECO PKWY,VIA MARISOL,500,S,N,C,-,Y,NA,NA,NA,NA,NA,NA,NA,NA,NA,Y,4,0,1,1,A,-,03,22350,NA,N,E,I,A,B,H,-,A,D,0,NA,NA,NA,NA,Y,NA,A,01,0,0,1,0,0,0,0,0,0,-,-,34.03757095336914,-118.27488708496094,LOS ANGELES,LOS ANGELES,-118.2742156982422,34.0374755859375
91680317,2022,2022-01-19,9590,2022-01-15,1900,022417,NA,6,2,7,1942,0,1,2,NA,2,072,US-101 N/B (HOLLYWOOD FREEWAY),SANTA MONICA BLVD,350,S,N,A,-,Y,LA,NA,101,NA,NA,5.473,H,NA,R,N,4,0,1,2,A,-,07,21658,A,N,B,C,A,A,H,-,C,D,0,NA,NA,NA,NA,Y,NA,A,01,0,0,1,0,0,0,0,0,0,-,-,34.08977127075195,-118.30574798583984,LOS ANGELES,LOS ANGELES,-118.30575561523438,34.08976745605469
91680512,2022,2022-01-19,9540,2022-01-12,1920,021078,NA,3,2,9,1900,0,2,4,NA,1,104,SAN FRANCISQUITO CYN. RD.,STATOR LN.,3700,S,N,A,-,N,NA,NA,NA,NA,NA,NA,NA,NA,NA,N,3,0,1,2,A,-,03,22350,NA,F,B,C,A,A,H,-,D,D,0,NA,NA,Y,NA,Y,NA,-,99,0,1,0,0,0,0,0,0,1,-,-,34.526588439941406,-118.53177642822266,LOS ANGELES,UNINCORPORATED,-118.5280990600586,34.52914047241211
91680513,2022,2022-01-19,9575,2022-01-12,0051,022448,NA,3,3,6,1953,0,1,1,NA,2,064,I-210 E/B (FOOTHILL FREEWAY) TO SIERRA MADRE VILLA,SIERRA MADRE VILLA AVENUE,300,W,N,A,-,Y,LA,NA,210,NA,R,29.132,H,NA,R,Y,4,0,1,1,A,-,08,22107,NA,N,E,I,A,A,H,-,C,D,0,NA,NA,NA,NA,Y,NA,J,48,0,0,1,0,0,0,0,0,0,-,-,34.14773178100586,-118.08524322509766,LOS ANGELES,PASADENA,-118.08513641357422,34.14794921875
91680534,2022,2022-01-19,9580,2022-01-15,0945,019715,NA,6,1,7,1942,0,1,1,NA,2,406,I-405 N/B (SAN DIEGO FWY) TO SR-118,SR-118 E/B (RONALD REAGAN FWY.),122,S,N,B,-,Y,NA,NA,NA,NA,NA,NA,NA,NA,NA,N,4,0,1,2,A,-,03,22350,NA,N,C,C,A,A,H,-,A,D,0,NA,NA,NA,NA,Y,NA,D,22,0,0,1,0,0,0,0,0,0,-,-,34.26546096801758,-118.46968841552734,LOS ANGELES,LOS ANGELES,-118.46968841552734,34.26546096801758
91680535,2022,2022-01-19,9580,2022-01-08,1550,022717,NA,6,2,7,1942,0,1,2,NA,2,102,US-101 N/B (VENTURA FREEWAY),WHITE OAK AVE,1320,S,N,A,-,Y,LA,NA,101,NA,NA,19.969,H,NA,R,N,3,0,1,3,A,-,03,22350,NA,N,C,C,A,A,H,-,A,D,0,NA,NA,NA,NA,Y,NA,A,01,0,1,0,0,0,0,0,0,0,-,-,34.17131042480469,-118.51390838623048,LOS ANGELES,LOS ANGELES,-118.51390838623048,34.17127990722656
91680537,2022,2022-01-19,9580,2022-01-11,0645,019715,NA,2,1,7,1942,0,1,1,NA,2,407,I-405 S/B (SAN DIEGO FWY),ROSCOE BLVD,1584,N,N,A,-,Y,LA,NA,405,NA,NA,44.045,H,NA,L,N,4,0,2,3,A,-,03,22350,NA,N,C,C,A,A,H,-,A,D,0,NA,NA,NA,NA,Y,NA,A,07,0,0,2,0,0,0,0,0,0,-,-,34.225341796875,-118.47335052490234,LOS ANGELES,LOS ANGELES,-118.47328186035156,34.225337982177734
91680539,2022,2022-01-19,9580,2022-01-14,2340,022221,NA,5,3,7,1942,0,1,3,NA,2,170,SR-170 N/B (HOLLYWOOD FWY.),SHELDON ST.,0,NA,Y,A,-,Y,LA,NA,170,NA,R,20.262,H,NA,R,Y,3,0,4,2,A,-,01,23152,A,N,B,2,A,A,H,-,D,D,0,NA,NA,NA,NA,Y,Y,A,01,0,2,2,0,0,0,0,0,0,-,-,34.22922134399414,-118.4098892211914,LOS ANGELES,LOS ANGELES,-118.40987396240234,34.229217529296875
91680554,2022,2022-01-19,9545,2022-01-07,1420,022679,NA,5,2,9,1900,0,3,5,NA,2,004,150TH STREET EAST,AVENUE M-8,1006,N,N,A,-,N,NA,NA,NA,NA,NA,NA,NA,NA,NA,Y,2,0,1,1,A,-,08,22107,NA,N,F,I,A,A,H,-,A,D,0,NA,NA,NA,NA,Y,Y,A,07,1,0,0,0,0,0,0,0,0,-,-,34.641109466552734,-117.8629913330078,LOS ANGELES,UNINCORPORATED,-117.86293029785156,34.64252853393555
91680621,2022,2022-11-04,9530,2022-01-07,1716,021310,NA,5,2,9,1900,0,3,5,NA,2,005,CRENSHAW BLVD,147TH STREET,0,NA,Y,A,-,N,NA,NA,NA,NA,NA,NA,NA,NA,NA,Y,3,0,1,3,A,-,09,21801,A,N,G,C,F,A,H,-,C,A,0,Y,NA,NA,NA,Y,NA,A,01,0,1,0,0,1,0,0,0,0,-,-,33.898311614990234,-118.3266372680664,LOS ANGELES,UNINCORPORATED,-118.3265380859375,33.898292541503906
91680638,2021,2022-01-19,9565,2021-12-16,1815,019696,NA,4,2,7,1942,0,1,1,NA,2,064,I-405 S/B,BEL AIR CREST ROAD,165,S,N,C,-,Y,NA,NA,405,NA,NA,NA,NA,NA,S,Y,3,0,1,1,A,-,03,22350,NA,N,E,8,A,B,H,-,C,D,0,NA,NA,NA,NA,Y,NA,A,01,0,1,0,0,0,0,0,0,0,-,-,34.11003875732422,-118.48165130615234,LOS ANGELES,LOS ANGELES,-118.4815673828125,34.11009216308594
91680661,2022,2022-01-19,9580,2022-01-17,2155,018718,NA,1,2,7,1942,0,1,2,NA,2,109,US 101 N/B (VENTURA FREEWAY),RESEDA BLVD,1400,N,N,A,-,Y,LA,NA,101,NA,NA,21.455,H,NA,R,Y,3,0,2,3,A,-,08,22107,NA,N,B,C,A,A,H,-,D,D,0,NA,NA,NA,NA,Y,NA,A,01,0,1,1,0,0,0,0,0,0,-,-,34.17359924316406,-118.53932189941406,LOS ANGELES,LOS ANGELES,-118.53933715820313,34.1734504699707
91680664,2021,2022-01-19,9590,2021-11-28,1735,021667,NA,7,2,7,1942,0,1,1,NA,2,011,SR-110 S/B (ARROYO SECO PARKWAY),STADIUM WAY OVERCROSSING,500,N,N,A,-,Y,NA,NA,110,NA,NA,NA,NA,NA,S,N,4,0,1,2,A,-,03,22350,NA,M,C,C,A,A,H,-,C,D,0,NA,NA,NA,NA,Y,NA,-,99,0,0,1,0,0,0,0,0,0,-,-,34.06990051269531,-118.23609161376952,LOS ANGELES,LOS ANGELES,-118.2361068725586,34.069908142089844
91680674,2022,2022-01-19,9590,2022-01-10,2240,018529,NA,1,3,7,1942,0,1,1,NA,2,060,I-10 E/B,LA BREA AVE.,500,W,N,A,-,Y,NA,NA,NA,NA,NA,NA,NA,NA,NA,N,4,0,1,2,A,-,07,21658,A,N,B,C,A,A,H,-,C,A,0,NA,NA,NA,NA,Y,NA,A,07,0,0,1,0,0,0,0,0,0,-,-,34.04365921020508,-118.33969879150392,LOS ANGELES,LOS ANGELES,-118.35188293457033,34.034122467041016
91680684,2022,2022-01-19,9590,2022-01-13,0753,016230,NA,4,1,7,1942,0,1,1,NA,2,040,US-101 NB (SAF),1ST STREET,908,N,N,B,-,Y,LA,NA,101,NA,S,1.052,H,NA,R,N,3,0,1,1,A,-,03,22350,NA,N,F,A,A,A,H,-,A,D,0,NA,NA,Y,NA,Y,NA,C,02,0,1,0,0,0,0,0,0,1,-,-,34.049781799316406,-118.2224578857422,LOS ANGELES,LOS ANGELES,-118.22245025634766,34.049781799316406
91680745,2022,2022-01-19,9550,2022-01-18,0040,022260,NA,2,3,6,1949,0,1,1,NA,2,150,I-105 E/B TO I-605 S/B,FOSTER ROAD,260,S,N,B,-,Y,NA,NA,NA,NA,NA,NA,NA,NA,NA,Y,3,0,1,1,A,-,01,23152,A,N,E,8,A,A,H,-,C,D,0,NA,NA,NA,NA,Y,Y,A,01,0,1,0,0,0,0,0,0,0,-,-,33.90879821777344,-118.10559844970705,LOS ANGELES,NORWALK,NA,NA
91680755,2021,2022-03-25,9590,2021-02-11,1038,017520,NA,4,1,7,1942,0,1,1,NA,2,063,I-10 W/B (SMF),NORMANDIE AVE.,200,E,N,A,-,Y,NA,NA,10,NA,NA,NA,NA,NA,W,Y,2,0,3,6,A,-,01,23152,A,F,C,C,E,A,G,-,A,D,0,Y,NA,NA,Y,Y,NA,A,01,2,0,1,0,2,0,0,0,0,-,-,34.03691101074219,-118.29795074462892,LOS ANGELES,LOS ANGELES,-118.29795074462892,34.03713607788086
91680803,2022,2022-01-19,9550,2022-01-13,0130,021532,NA,4,3,6,1920,0,1,1,NA,2,651,INTERSTATE 605 N/B,FLORENCE AVENUE,300,S,N,A,-,Y,LA,NA,605,NA,R,9.351,H,NA,R,Y,3,0,1,2,A,-,01,23152,A,N,C,C,A,A,H,-,C,D,0,NA,NA,NA,NA,Y,Y,A,01,0,1,0,0,0,0,0,0,0,-,-,33.93775939941406,-118.09838104248048,LOS ANGELES,DOWNEY,-118.09831237792967,33.93773651123047
91680807,2021,2022-01-19,9565,2021-10-13,2330,021658,NA,3,3,9,1900,0,3,5,NA,2,004,OCEANGATE AVE.,134TH PL.,25,S,N,A,-,N,NA,NA,NA,NA,NA,NA,NA,NA,NA,N,4,0,1,2,A,-,08,22107,NA,F,B,E,A,A,H,-,C,D,0,NA,NA,NA,NA,Y,NA,D,22,0,0,1,0,0,0,0,0,0,-,-,33.91025161743164,-118.36708831787108,LOS ANGELES,UNINCORPORATED,-118.36711883544922,33.910240173339844
91680878,2022,2022-01-19,9550,2022-01-18,0455,021986,NA,2,3,6,1920,0,1,1,NA,2,500,I-5 S/B,FLORENCE AVENUE,1590,S,N,A,-,Y,LA,NA,5,NA,NA,6.079,H,NA,L,Y,3,0,1,2,A,-,07,21658,A,N,C,C,A,A,H,-,C,D,0,NA,NA,NA,Y,Y,NA,A,07,0,1,0,0,0,0,0,0,0,-,-,33.93141174316406,-118.09024047851564,LOS ANGELES,DOWNEY,-118.090087890625,33.93148422241211
91680886,2021,2022-01-19,9565,2021-09-13,1550,022576,NA,1,2,9,1900,0,2,4,NA,2,022,NORMANDIE AVE,99TH ST,0,NA,Y,A,-,N,NA,NA,NA,NA,NA,NA,NA,NA,NA,Y,4,0,1,2,A,-,12,22450,A,F,D,C,A,A,H,-,A,D,0,NA,NA,NA,NA,Y,NA,A,07,0,0,1,0,0,0,0,0,0,-,-,33.94593048095703,-118.30023193359376,LOS ANGELES,UNINCORPORATED,-118.3002700805664,33.94594955444336
91680900,2022,2022-01-31,9580,2022-01-19,0735,016413,NA,3,1,7,1942,0,1,3,NA,2,116,SR-118 WB (RONALD REAGAN FWY),DE SOTO AVE,528,E,N,B,-,Y,LA,NA,118,NA,R,2.744,H,NA,L,N,4,0,1,2,A,-,07,21658,A,N,B,C,A,A,H,-,A,D,0,NA,NA,NA,NA,Y,NA,-,-,0,0,1,0,0,0,0,0,0,-,-,34.2736701965332,-118.58934020996094,LOS ANGELES,LOS ANGELES,-118.58934020996094,34.27357482910156
91680956,2022,2022-01-19,9530,2022-01-07,0250,021582,NA,5,3,7,1941,0,1,1,NA,2,071,I-710 N/B (LONG BEACH FREEWAY),ATLANTIC AVE.,1584,S,N,E,-,Y,LA,NA,710,NA,NA,13.326,H,NA,R,Y,3,0,1,2,A,-,03,22350,NA,F,C,C,A,A,H,-,D,D,0,NA,NA,NA,NA,Y,NA,A,01,0,1,0,0,0,0,0,0,0,-,-,33.880531311035156,-118.19178009033205,LOS ANGELES,LONG BEACH,-118.19181060791016,33.88053512573242
91680957,2021,2022-01-19,9575,2021-12-30,0745,019595,NA,4,1,7,1942,0,1,1,NA,2,052,I-5 S/B (GOLDEN STATE FREEWAY),HOLLYWOOD WAY,1250,N,N,B,C,Y,NA,NA,5,NA,NA,NA,NA,NA,S,Y,4,0,1,2,A,-,03,22350,NA,N,B,C,A,B,H,-,A,D,0,NA,NA,NA,Y,Y,NA,A,01,0,0,1,0,0,0,0,0,0,-,-,34.214630126953125,-118.35172271728516,LOS ANGELES,LOS ANGELES,-118.35166931152344,34.214691162109375
91680987,2022,2022-01-19,9535,2022-01-13,0410,022335,NA,4,3,9,1900,0,1,3,NA,2,620,STATE ROUTE 60 EASTBOUND (POMONA FREEWAY),ROSEMEAD BOULEVARD,1550,W,N,A,-,Y,LA,NA,60,NA,NA,9.2,H,NA,R,N,4,0,1,2,A,-,03,22350,NA,M,C,C,A,A,H,-,D,D,0,NA,NA,NA,NA,Y,NA,-,99,0,0,1,0,0,0,0,0,0,-,-,34.041221618652344,-118.06964111328124,LOS ANGELES,UNINCORPORATED,-118.06964111328124,34.041229248046875
91681012,2021,2022-01-19,9565,2021-09-04,2020,022576,NA,6,2,7,1942,0,1,1,NA,2,082,I-10 E/B,GATEWAY BLVD,400,E,N,A,-,Y,NA,NA,10,NA,NA,NA,NA,NA,E,Y,3,0,1,2,A,-,03,22350,NA,N,C,C,A,A,H,-,D,D,0,NA,NA,NA,NA,Y,NA,A,08,0,1,0,0,0,0,0,0,0,-,-,34.030029296875,-118.4413833618164,LOS ANGELES,LOS ANGELES,-118.44139099121094,34.03007888793945
91681022,2021,2022-01-19,9565,2021-07-31,0644,022378,NA,6,1,9,1900,0,1,1,NA,2,082,I-10 W/B (SANTA MONICA FREEWAY),COVENTRY PL,380,W,N,A,-,Y,NA,NA,NA,NA,NA,NA,NA,NA,NA,Y,4,0,1,2,A,-,03,22350,NA,N,C,C,A,A,H,-,A,D,0,NA,NA,NA,NA,Y,NA,A,07,0,0,1,0,0,0,0,0,0,-,-,34.031978607177734,-118.42530059814452,LOS ANGELES,UNINCORPORATED,-118.42520141601564,34.0318489074707
91681029,2022,2022-01-19,9565,2022-01-15,1140,017060,NA,6,1,5,1928,0,1,1,NA,2,060,I-405 S/B TO ROSECRANS AVE.,ROSECRANS AVE.,20,N,N,B,-,Y,NA,NA,NA,NA,NA,NA,NA,NA,NA,N,3,0,1,2,A,-,03,22350,NA,M,C,C,A,A,H,-,A,A,0,NA,NA,NA,NA,Y,NA,A,07,0,1,0,0,0,0,0,0,0,-,-,33.90196990966797,-118.37097930908205,LOS ANGELES,HAWTHORNE,-118.37097930908205,33.90196990966797
91681032,2022,2022-01-19,9525,2022-01-18,1550,022645,NA,2,2,5,1906,0,1,1,NA,2,104,I-10 E/B (SAN BERNARDINO FWY),BALDWIN PARK BOULEVARD,1300,W,N,B,-,Y,LA,NA,10,NA,NA,31.919,H,NA,R,Y,4,0,1,2,A,-,03,22350,NA,N,C,C,A,A,H,-,A,D,0,NA,NA,NA,NA,Y,NA,A,01,0,0,1,0,0,0,0,0,0,-,-,34.06679916381836,-117.98670959472656,LOS ANGELES,BALDWIN PARK,-117.98671722412108,34.06681823730469
91681077,2022,2022-01-19,9550,2022-01-09,2000,022167,NA,7,2,6,1920,0,1,1,NA,2,651,I-605 N/B,CECILIA,50,S,N,A,-,Y,LA,NA,605,NA,R,8.906,H,NA,R,N,4,0,5,2,A,-,03,22350,NA,N,C,C,A,A,H,-,D,D,0,NA,NA,NA,NA,Y,NA,A,07,0,0,5,0,0,0,0,0,0,-,-,33.931800842285156,-118.10128021240234,LOS ANGELES,DOWNEY,-118.101318359375,33.93181610107422
91681147,2022,2022-02-18,9525,2022-01-18,1815,019264,NA,2,2,9,1900,0,2,4,NA,2,030,FRANCISQUITO AVE (16700),WREN AVE.,200,W,N,B,-,N,NA,NA,NA,NA,NA,NA,NA,NA,NA,N,4,0,1,3,A,-,09,21801,A,N,D,C,A,A,H,-,D,D,0,NA,NA,NA,NA,Y,NA,A,01,0,0,1,0,0,0,0,0,0,-,-,34.05031967163086,-117.92098236083984,LOS ANGELES,UNINCORPORATED,-117.92092895507813,34.05031204223633
91681150,2022,2022-01-19,9550,2022-01-10,1806,015045,NA,1,2,5,1919,0,1,3,NA,2,091,SR-91 E/B (ARTESIA FREEWAY),GRIDLEY ROAD,528,W,N,A,-,Y,NA,NA,NA,NA,NA,NA,NA,NA,NA,Y,4,0,1,2,D,-,00,NA,NA,N,C,C,A,A,H,-,C,D,0,NA,NA,NA,NA,Y,Y,-,-,0,0,1,0,0,0,0,0,0,-,-,33.87540817260742,-118.09380340576172,LOS ANGELES,CERRITOS,-118.09326934814452,33.876304626464844
91681158,2022,2022-01-19,9535,2022-01-13,1750,022142,NA,4,2,5,1952,0,1,1,NA,2,104,I-105 (CENTURY FREEWAY) E/B TO GARFIELD AVE.,GARFIELD AVE.,945,W,N,A,-,Y,NA,NA,NA,NA,NA,NA,NA,NA,NA,N,4,0,1,2,A,-,03,22350,NA,N,C,C,A,A,H,-,C,D,0,NA,NA,NA,NA,Y,NA,A,07,0,0,1,0,0,0,0,0,0,-,-,33.91048812866211,-118.17215728759766,LOS ANGELES,PARAMOUNT,-118.17215728759766,33.91048812866211
91681168,2022,2022-01-19,9545,2022-01-07,1730,022093,NA,5,2,9,1900,0,1,3,NA,2,031,SR-14 NORTHBOUND,MOUNTAIN SPRINGS RD,750,N,N,A,-,Y,LA,NA,14,NA,R,53.948,H,NA,R,Y,3,0,3,3,A,-,07,21658,A,N,B,2,A,A,H,-,C,D,0,NA,NA,NA,Y,Y,NA,A,01,0,2,1,0,0,0,0,0,0,-,-,34.503639221191406,-118.11676788330078,LOS ANGELES,UNINCORPORATED,-118.1167449951172,34.50362014770508
91681170,2022,2022-01-19,9525,2022-01-16,1745,022655,NA,7,2,5,1906,0,1,1,NA,2,103,I-10 W/B (SAN BERNARDINO FWY),ATHOL ST.,600,E,N,A,-,Y,LA,NA,10,NA,NA,31.838,H,NA,L,N,3,0,1,2,A,-,03,22350,NA,N,C,C,A,A,H,-,D,D,0,NA,NA,NA,NA,Y,NA,A,01,0,1,0,0,0,0,0,0,0,-,-,34.06687927246094,-117.988037109375,LOS ANGELES,BALDWIN PARK,-117.98802185058594,34.06678009033203
91681182,2022,2022-01-19,9550,2022-01-11,1530,022048,NA,2,2,6,1949,0,1,1,NA,2,651,I-605 SOUTH,ALONDRA BLVD,1320,N,N,A,-,Y,LA,NA,605,NA,R,6.169,H,NA,R,Y,4,0,1,2,A,-,03,22350,NA,N,C,C,A,A,H,-,A,D,0,NA,NA,NA,NA,Y,NA,A,01,0,0,1,0,0,0,0,0,0,-,-,33.892520904541016,-118.10475158691406,LOS ANGELES,NORWALK,-118.10450744628906,33.89252471923828
91681185,2022,2022-01-19,9550,2022-01-11,1545,020861,NA,2,2,9,1900,0,1,1,NA,2,650,I-605 S/B (SAN GABRIEL RIVER FREEWAY),DUNLAP CROSSING ROAD,200,S,N,A,-,Y,LA,NA,605,NA,R,12.815,H,NA,L,Y,4,0,2,4,A,-,03,22350,NA,F,C,C,A,A,H,-,A,D,0,NA,NA,NA,NA,Y,NA,D,22,0,0,2,0,0,0,0,0,0,-,-,33.98324966430664,-118.07357025146484,LOS ANGELES,UNINCORPORATED,-118.07360076904295,33.98326873779297
91681192,2022,2022-01-20,9580,2022-01-10,1615,022036,NA,1,2,7,1942,0,1,2,NA,2,103,US-101 S/B (VENTURA FREEWAY),BALBOA BLVD,200,S,N,A,-,Y,LA,NA,101,NA,NA,19.178,H,NA,L,N,4,0,1,3,A,-,03,22350,NA,F,C,C,A,A,H,-,A,D,0,NA,NA,NA,NA,Y,NA,-,99,0,0,1,0,0,0,0,0,0,-,-,34.16999816894531,-118.50025177001952,LOS ANGELES,LOS ANGELES,-118.50027465820313,34.16996383666992
91681193,2022,2022-01-20,9580,2022-01-13,0645,021966,NA,4,1,7,1942,0,1,3,NA,2,171,SR-170 S/B (HOLLYWOOD FWY.),TUJUNGA AVE,10,S,N,B,-,Y,LA,NA,170,NA,R,14.792,H,NA,L,N,4,0,6,2,A,-,08,22107,NA,N,B,C,A,A,H,-,A,D,0,NA,NA,NA,NA,Y,NA,A,01,0,0,6,0,0,0,0,0,0,-,-,34.15678024291992,-118.379150390625,LOS ANGELES,LOS ANGELES,-118.37921905517578,34.15675354003906