CASE_ID,ACCIDENT_YEAR,PROC_DATE,JURIS,COLLISION_DATE,COLLISION_TIME,OFFICER_ID,REPORTING_DISTRICT,DAY_OF_WEEK,CHP_SHIFT,POPULATION,CNTY_CITY_LOC,SPECIAL_COND,BEAT_TYPE,CHP_BEAT_TYPE,CITY_DIVISION_LAPD,CHP_BEAT_CLASS,BEAT_NUMBER,PRIMARY_RD,SECONDARY_RD,DISTANCE,DIRECTION,INTERSECTION,WEATHER_1,WEATHER_2,STATE_HWY_IND,CALTRANS_COUNTY,CALTRANS_DISTRICT,STATE_ROUTE,ROUTE_SUFFIX,POSTMILE_PREFIX,POSTMILE,LOCATION_TYPE,RAMP_INTERSECTION,SIDE_OF_HWY,TOW_AWAY,COLLISION_SEVERITY,NUMBER_KILLED,NUMBER_INJURED,PARTY_COUNT,PRIMARY_COLL_FACTOR,PCF_CODE_OF_VIOL,PCF_VIOL_CATEGORY,PCF_VIOLATION,PCF_VIOL_SUBSECTION,HIT_AND_RUN,TYPE_OF_COLLISION,MVIW,PED_ACTION,ROAD_SURFACE,ROAD_COND_1,ROAD_COND_2,LIGHTING,CONTROL_DEVICE,CHP_ROAD_TYPE,PEDESTRIAN_ACCIDENT,BICYCLE_ACCIDENT,MOTORCYCLE_ACCIDENT,TRUCK_ACCIDENT,NOT_PRIVATE_PROPERTY,ALCOHOL_INVOLVED,STWD_VEHTYPE_AT_FAULT,CHP_VEHTYPE_AT_FAULT,COUNT_SEVERE_INJ,COUNT_VISIBLE_INJ,COUNT_COMPLAINT_PAIN,COUNT_PED_KILLED,COUNT_PED_INJURED,COUNT_BICYCLIST_KILLED,COUNT_BICYCLIST_INJURED,COUNT_MC_KILLED,COUNT_MC_INJURED,PRIMARY_RAMP,SECONDARY_RAMP,LATITUDE,LONGITUDE,COUNTY,CITY,POINT_X,POINT_Y
91690646,2022,2022-02-01,9535,2022-01-21,1210,021773,NA,5,1,9,1900,0,2,4,NA,2,022,OLYMPIC BLVD. (6000 E. BLOCK),SOUTHSIDE DR,230,E,N,A,-,N,NA,NA,NA,NA,NA,NA,NA,NA,NA,N,4,0,2,2,A,-,21,22106,NA,N,B,C,A,A,H,-,A,D,0,NA,NA,NA,NA,Y,NA,A,01,0,0,2,0,0,0,0,0,0,-,-,34.01329040527344,-118.14322662353516,LOS ANGELES,UNINCORPORATED,-118.12364196777344,34.01042556762695
91690649,2021,2022-02-01,9575,2021-12-05,1618,022629,NA,7,2,7,1942,0,1,1,NA,2,053,I-5 N/B (GOLDEN STATE FREEWAY),VAN NUYS BOULEVARD,1345,N,N,A,-,Y,NA,NA,5,NA,NA,NA,NA,NA,N,Y,4,0,1,4,A,-,03,22350,NA,N,C,C,A,A,H,-,A,D,0,NA,NA,NA,NA,Y,NA,A,08,0,0,1,0,0,0,0,0,0,-,-,34.25925064086914,-118.43743896484376,LOS ANGELES,LOS ANGELES,-118.43753051757813,34.2591552734375
91690664,2021,2022-02-01,9590,2021-09-10,2100,022520,NA,5,2,7,1942,0,1,1,NA,2,063,I-10 W/B (SANTA MONICA FREEWAY) TO I-110 (HARBOR F,FIGUEROA ST,715,W,N,A,-,Y,NA,NA,10,NA,NA,NA,R,NA,W,N,4,0,1,2,A,-,08,22107,NA,M,B,C,A,A,H,-,C,D,0,NA,NA,NA,NA,Y,NA,-,99,0,0,1,0,0,0,0,0,0,-,-,34.03810119628906,-118.27239227294922,LOS ANGELES,LOS ANGELES,-118.27239227294922,34.03810119628906
91690681,2022,2022-02-01,9575,2022-01-24,1150,021344,NA,1,1,9,1900,0,2,4,NA,2,012,FOOTHILL BOULEVARD,PENNSYLVANIA AVENUE,45,E,N,A,-,N,NA,NA,NA,NA,NA,NA,NA,NA,NA,N,3,0,1,2,A,-,03,22350,NA,N,C,C,A,A,H,-,A,A,0,NA,NA,NA,Y,Y,NA,F,26,0,1,0,0,0,0,0,0,0,-,-,34.22949981689453,-118.24845123291016,LOS ANGELES,UNINCORPORATED,-118.24855041503906,34.2295036315918
91690699,2021,2022-02-01,9565,2021-11-29,0730,022646,NA,1,1,9,1900,0,1,1,NA,2,012,I-105 E/B (CENTURY FWY),NORMANDIE AVE,800,W,N,A,-,Y,NA,NA,105,NA,NA,NA,NA,NA,E,N,4,0,1,2,A,-,08,22107,NA,F,B,2,A,A,H,-,A,D,0,NA,NA,NA,NA,Y,NA,-,99,0,0,1,0,0,0,0,0,0,-,-,33.92658996582031,-118.30339050292967,LOS ANGELES,UNINCORPORATED,-118.30339050292967,33.92658615112305
91690724,2022,2022-02-01,9575,2022-01-25,1800,022490,NA,2,2,9,1900,0,1,3,NA,2,300,SR-2 (ANGELES CREST HIGHWAY),3000 FT ELEVATION,3643,E,N,A,-,Y,LA,NA,2,NA,NA,31.462,H,NA,R,N,3,0,2,2,A,-,08,22107,NA,N,A,D,A,A,H,-,D,D,0,NA,NA,NA,NA,Y,NA,A,01,0,2,0,0,0,0,0,0,0,-,-,34.261348724365234,-118.18296051025392,LOS ANGELES,UNINCORPORATED,-118.18289184570313,34.2613410949707
91690735,2022,2022-02-01,9575,2022-01-25,1810,020918,NA,2,2,6,1925,0,1,3,NA,2,042,SR-134 E/B (VENTURA FREEWAY),CENTRAL AVE.,1320,W,N,A,-,Y,LA,NA,134,NA,R,6.955,H,NA,R,Y,4,0,1,2,A,-,03,22350,NA,N,C,C,A,A,H,-,C,D,0,NA,NA,NA,NA,Y,NA,A,01,0,0,1,0,0,0,0,0,0,-,-,34.15625,-118.25811004638672,LOS ANGELES,GLENDALE,-118.25811004638672,34.156272888183594
91690744,2022,2022-02-01,9575,2022-01-25,2208,017414,NA,2,3,6,1925,0,1,3,NA,2,042,SR-134 W/B TO FAIRMONT AVE.,FAIRMONT AVE.,65,N,N,A,-,Y,NA,NA,NA,NA,NA,NA,NA,NA,NA,N,4,0,1,2,A,-,03,22350,NA,N,C,C,A,A,H,-,C,D,0,NA,NA,NA,NA,Y,NA,A,01,0,0,1,0,0,0,0,0,0,-,-,34.15522003173828,-118.27353668212892,LOS ANGELES,GLENDALE,-118.27353668212892,34.15522003173828
91690758,2022,2022-02-01,9540,2022-01-28,0310,021895,NA,5,3,9,1900,0,1,3,NA,2,146,SR-14 N/B,SOLEDAD CANYON RD,2640,S,N,A,-,Y,LA,NA,14,NA,NA,35.056,H,NA,R,N,3,0,1,2,A,-,03,22350,NA,N,C,2,A,A,H,-,C,D,0,NA,NA,NA,NA,Y,NA,-,-,0,1,0,0,0,0,0,0,0,-,-,34.43141174316406,-118.39678955078124,LOS ANGELES,UNINCORPORATED,-118.39684295654295,34.431488037109375
91690774,2022,2022-02-01,9575,2022-01-25,1940,020711,NA,2,2,6,1925,0,1,1,NA,2,050,I-5 N/B (GOLDEN STATE FREEWAY),WESTERN AVE,1500,N,N,A,-,Y,LA,NA,5,NA,NA,28.124,H,NA,R,Y,4,0,1,2,A,-,07,21658,A,M,B,C,A,A,H,-,D,D,0,NA,NA,NA,NA,Y,NA,-,99,0,0,1,0,0,0,0,0,0,-,-,34.16735076904297,-118.3000030517578,LOS ANGELES,GLENDALE,-118.30005645751952,34.16729736328125
91690780,2022,2022-02-01,9550,2022-01-29,1800,022167,NA,6,2,6,1920,0,1,1,NA,2,150,I-105 W/B,DUNROBIN AVENUE,240,E,N,A,-,Y,LA,NA,105,NA,R,16.943,H,NA,L,N,4,0,1,2,A,-,03,22350,NA,N,C,C,A,A,H,-,D,D,0,NA,NA,NA,NA,Y,NA,A,01,0,0,1,0,0,0,0,0,0,-,-,33.913780212402344,-118.1201400756836,LOS ANGELES,DOWNEY,-118.12012481689452,33.91368103027344
91690788,2022,2022-02-01,9590,2022-01-20,1100,021762,NA,4,1,7,1942,0,1,1,NA,2,052,I-110 N/B (HARBOR FREEWAY),JEFFERSON BLVD,100,S,N,A,-,Y,LA,NA,110,NA,NA,20.198,H,NA,R,Y,4,0,2,1,A,-,08,22107,NA,N,F,A,A,A,H,-,A,D,0,NA,NA,NA,NA,Y,NA,A,07,0,0,2,0,0,0,0,0,0,-,-,34.0206184387207,-118.27822113037108,LOS ANGELES,LOS ANGELES,-118.27826690673828,34.0206413269043
91690806,2022,2022-02-01,9535,2022-01-21,1240,022120,NA,5,1,9,1900,0,1,1,NA,2,651,I-605 S/B (SAN GABRIEL FREEWAY),SR-60 (POMONA FREEWAY) W/B,700,N,N,A,-,Y,LA,NA,605,NA,R,17.548,H,NA,L,N,4,0,1,3,A,-,03,22350,NA,N,C,C,A,A,H,-,A,D,0,NA,NA,NA,NA,Y,NA,A,01,0,0,1,0,0,0,0,0,0,-,-,34.0355110168457,-118.0253677368164,LOS ANGELES,UNINCORPORATED,-118.02536010742188,34.035499572753906
91690813,2021,2022-02-01,9590,2021-10-21,1040,022701,NA,4,1,7,1942,0,1,1,NA,2,021,I-10 WB (SAN BERNARDINO FREEWAY),SOTO STREET,500,W,N,A,-,Y,NA,NA,10,NA,NA,NA,NA,NA,W,N,4,0,1,2,A,-,08,22107,NA,N,B,C,A,A,H,-,A,D,0,NA,NA,NA,NA,Y,NA,D,22,0,0,1,0,0,0,0,0,0,-,-,34.05392837524414,-118.20517730712892,LOS ANGELES,LOS ANGELES,-118.20516967773438,34.05385971069336
91690826,2021,2022-02-01,9590,2021-09-13,0620,022691,NA,1,1,7,1942,0,1,3,NA,2,031,SR-60 W/B (POF),S. LORENA ST.,470,W,N,A,-,Y,NA,NA,60,NA,NA,NA,NA,NA,W,N,4,0,1,2,A,-,03,22350,NA,N,C,C,A,A,H,-,B,D,0,NA,NA,NA,NA,Y,NA,A,01,0,0,1,0,0,0,0,0,0,-,-,34.029300689697266,-118.20159149169922,LOS ANGELES,LOS ANGELES,-118.20158386230467,34.02923583984375
91690830,2022,2022-02-01,9535,2022-01-19,1530,022342,NA,3,2,9,1900,0,2,4,NA,2,022,OLYMPIC BLVD (4600 BLOCK),ARIZONA AVE,18,W,N,A,-,N,NA,NA,NA,NA,NA,NA,NA,NA,NA,N,4,0,1,1,C,-,18,NA,NA,N,E,I,A,A,H,-,A,A,0,NA,NA,NA,NA,Y,NA,-,-,0,0,1,0,0,0,0,0,0,-,-,34.018218994140625,-118.16851043701172,LOS ANGELES,UNINCORPORATED,-118.16838073730467,34.01837158203125
91690843,2021,2022-02-01,9590,2021-10-16,2240,022497,NA,6,3,7,1942,0,1,1,NA,2,053,I-110 S/B (HARBOR FREEWAY) FROM 11TH STREET,12TH STREET,325,S,N,A,-,Y,NA,NA,110,NA,NA,NA,R,NA,S,N,4,0,1,2,A,-,03,22350,NA,N,C,C,A,A,H,-,C,D,0,NA,NA,NA,NA,Y,NA,D,22,0,0,1,0,0,0,0,0,0,-,-,34.0436897277832,-118.27277374267578,LOS ANGELES,LOS ANGELES,-118.27277374267578,34.0436897277832
91690848,2022,2022-02-01,9530,2022-01-20,0800,019412,NA,4,1,9,1900,0,1,1,NA,2,120,I-110 S/B (HARBOR FREEWAY),LOMITA BLVD.,900,N,N,A,-,Y,LA,NA,110,NA,NA,4.853,H,NA,L,Y,3,0,1,6,A,-,07,21658,A,N,B,C,A,A,H,-,A,D,0,NA,NA,NA,Y,Y,NA,A,01,0,1,0,0,0,0,0,0,0,-,-,33.80031967163086,-118.28871154785156,LOS ANGELES,UNINCORPORATED,-118.28874969482422,33.80030822753906
91690855,2021,2022-02-01,9565,2021-12-18,1148,022672,NA,6,1,5,1928,0,2,4,NA,1,041,HAWTHORNE BLVD.,111TH ST  E,55,S,N,A,-,N,NA,NA,NA,NA,NA,NA,NA,NA,NA,Y,4,0,2,2,A,-,03,22350,NA,N,C,C,A,A,H,-,A,D,0,NA,NA,NA,NA,Y,NA,A,01,0,0,2,0,0,0,0,0,0,-,-,33.93436050415039,-118.35247802734376,LOS ANGELES,HAWTHORNE,-118.35270690917967,33.93439865112305
91690879,2022,2022-02-01,9550,2022-01-27,0745,021934,NA,4,1,9,1900,0,1,3,NA,2,090,SR-91 WESTBOUND,CHERRY AVE,1000,E,N,A,-,Y,LA,NA,91,NA,R,13.312,H,NA,L,N,4,0,1,3,A,-,03,22350,NA,N,C,C,A,A,H,-,A,D,0,NA,NA,NA,NA,Y,NA,A,01,0,0,1,0,0,0,0,0,0,-,-,33.876041412353516,-118.16522979736328,LOS ANGELES,UNINCORPORATED,-118.16522979736328,33.87609100341797
91690883,2022,2022-02-01,9525,2022-01-31,1615,020370,NA,1,2,5,1990,0,1,3,NA,2,602,SR-60 E/B (POMONA FWY),BREA CANYON RD.,300,E,N,A,-,Y,LA,NA,60,NA,R,23.066,H,NA,R,Y,4,0,1,3,A,-,03,22350,NA,N,C,C,A,A,H,-,A,D,0,NA,NA,NA,NA,Y,NA,A,01,0,0,1,0,0,0,0,0,0,-,-,34.000850677490234,-117.8433837890625,LOS ANGELES,DIAMOND BAR,-117.84337615966795,34.00083541870117
91690906,2022,2022-02-01,9535,2022-01-21,1300,022243,NA,5,1,3,1914,0,1,1,NA,2,654,I-5 (SANTA ANA FREEWAY) N/B,WASHINGTON BLVD,1300,S,N,A,-,Y,LA,NA,5,NA,NA,11.285,H,NA,R,N,3,0,1,3,A,-,03,22350,NA,N,B,C,A,A,H,-,A,D,0,NA,NA,NA,NA,Y,NA,A,07,0,1,0,0,0,0,0,0,0,-,-,33.992088317871094,-118.1417236328125,LOS ANGELES,COMMERCE,-118.14174652099608,33.99207305908203
91690909,2022,2022-02-01,9525,2022-01-24,0525,018997,NA,1,3,5,1990,0,1,3,NA,2,603,SR-60 W/B (POMONA FWY),PROSPECTORS RD.,500,W,N,A,-,Y,LA,NA,60,NA,R,25.323,H,NA,L,N,4,0,1,2,A,-,03,22350,NA,N,C,C,A,A,H,-,B,D,0,NA,NA,NA,NA,Y,NA,A,01,0,0,1,0,0,0,0,0,0,-,-,34.020729064941406,-117.8148193359375,LOS ANGELES,DIAMOND BAR,-117.814697265625,34.02065658569336
91690932,2022,2022-02-01,9525,2022-01-25,0935,015445,NA,2,1,5,1906,0,1,1,NA,2,103,I-10 W/B (SAN BERNARDINO FWY),PUENTE AVE.,1400,E,N,A,-,Y,LA,NA,10,NA,NA,33.638,H,NA,L,Y,4,0,2,3,A,-,03,22350,NA,N,C,C,A,A,H,-,A,D,0,NA,NA,NA,NA,Y,NA,A,01,0,0,2,0,0,0,0,0,0,-,-,34.07075881958008,-117.95723724365234,LOS ANGELES,BALDWIN PARK,-117.95724487304688,34.070770263671875
91690936,2021,2022-02-01,9590,2021-11-12,1445,022456,NA,5,2,7,1942,0,1,1,NA,2,053,I-110 S/B (HARBOR FREEWAY),1ST STREET,20,N,N,A,-,Y,NA,NA,110,NA,NA,NA,NA,NA,S,N,4,0,1,3,A,-,07,21658,A,N,B,C,A,A,H,-,A,D,0,NA,NA,NA,NA,Y,NA,A,07,0,0,1,0,0,0,0,0,0,-,-,34.05887985229492,-118.25343322753906,LOS ANGELES,LOS ANGELES,-118.2533721923828,34.05881881713867
91690940,2022,2022-02-01,9535,2022-01-14,1025,019550,NA,5,1,9,1900,0,1,1,NA,2,501,I-5 (SANTA ANA FREEWAY) S/B,INDIANA ST.,10,S,N,A,-,Y,LA,NA,5,NA,NA,14.948,H,NA,L,Y,3,0,1,2,C,-,18,NA,NA,N,B,C,A,A,H,-,A,D,0,NA,NA,NA,NA,Y,NA,-,-,0,1,0,0,0,0,0,0,0,-,-,34.0201416015625,-118.19210815429688,LOS ANGELES,UNINCORPORATED,-118.1921157836914,34.02012252807617
91690946,2022,2022-02-01,9525,2022-01-25,1422,021080,NA,2,2,5,1926,0,1,1,NA,2,207,I-210 W/B (FOOTHILL FWY),LONE HILL AVE.,1056,E,N,A,-,Y,LA,NA,210,NA,R,43.971,H,NA,L,Y,4,0,3,3,A,-,07,21658,A,N,B,C,A,A,H,-,A,D,0,NA,NA,NA,NA,Y,NA,A,01,0,0,3,0,0,0,0,0,0,-,-,34.120880126953125,-117.83323669433594,LOS ANGELES,GLENDORA,-117.8332748413086,34.121116638183594
91690964,2021,2022-02-01,9590,2021-11-11,2137,021848,NA,4,2,7,1942,0,1,1,NA,2,050,I-110 N/B (HARBOR FREEWAY),COLDEN AVENUE,100,N,N,A,-,Y,NA,NA,110,NA,NA,NA,NA,NA,N,N,4,0,1,3,A,-,08,22107,NA,F,B,C,A,A,H,-,C,D,0,NA,NA,NA,NA,Y,NA,A,01,0,0,1,0,0,0,0,0,0,-,-,33.94955825805664,-118.2795181274414,LOS ANGELES,LOS ANGELES,-118.27959442138672,33.949546813964844
91690965,2022,2022-02-01,9525,2022-01-24,2300,022509,NA,1,3,6,1975,0,1,1,NA,2,106,I-10 E/B (SAN BERNARDINO FWY),BARRANCA ST.,100,E,N,A,-,Y,LA,NA,10,NA,NA,38.024,H,NA,R,N,3,0,1,2,A,-,03,22350,NA,N,C,C,A,A,H,-,C,D,0,NA,NA,NA,NA,Y,NA,A,01,0,1,0,0,0,0,0,0,0,-,-,34.07175064086914,-117.88101959228516,LOS ANGELES,WEST COVINA,-117.88101959228516,34.07181930541992
91690971,2022,2022-02-01,9525,2022-01-24,1725,020552,NA,1,2,9,1900,0,3,5,NA,2,003,SALAIS ST,WINTON AVE,0,NA,Y,A,-,N,NA,NA,NA,NA,NA,NA,NA,NA,NA,N,4,0,1,3,A,-,09,21801,A,N,A,C,A,A,H,-,C,D,0,NA,NA,NA,NA,Y,NA,A,01,0,0,1,0,0,0,0,0,0,-,-,34.011741638183594,-117.91780090332033,LOS ANGELES,UNINCORPORATED,-117.91780853271484,34.01170349121094
91691012,2022,2022-02-01,9525,2022-01-23,1615,021809,NA,7,2,5,1990,0,1,3,NA,2,601,SR-60 W/B TO SR-57 S/B,GRAND AVE.,2640,W,N,A,-,Y,LA,NA,60,NA,R,24.138,H,NA,L,N,4,0,1,2,A,-,07,21658,A,N,C,C,A,A,H,-,A,D,0,NA,NA,NA,NA,Y,NA,A,01,0,0,1,0,0,0,0,0,0,-,-,34.00703048706055,-117.82714080810548,LOS ANGELES,DIAMOND BAR,-117.82704162597656,34.0069465637207
91691028,2022,2022-02-01,9590,2022-01-21,1720,022689,NA,5,2,7,1942,0,1,1,NA,2,012,SR-110 NORTHBOUND (ARROYO SECO PARKWAY),AVENUE 52,500,S,N,A,-,Y,LA,NA,110,NA,NA,27.946,H,NA,R,N,4,0,1,1,A,-,08,22107,NA,N,E,I,A,A,H,-,C,D,0,NA,NA,NA,NA,Y,NA,A,01,0,0,1,0,0,0,0,0,0,-,-,34.10258865356445,-118.19806671142578,LOS ANGELES,LOS ANGELES,-118.1980438232422,34.102542877197266
91691068,2021,2022-06-20,9525,2021-12-13,0601,018364,NA,1,1,6,1975,0,1,1,NA,2,106,INTERSTATE 10 EASTBOUND (SAN BERNARDINO FWY),GRAND AVENUE UNDERCROSSING,1584,E,N,B,-,Y,NA,NA,10,NA,NA,NA,NA,NA,E,N,1,1,0,3,A,-,11,21954,A,F,G,B,E,A,H,-,D,D,0,Y,NA,NA,NA,Y,NA,N,60,0,0,0,1,0,0,0,0,0,-,-,34.071170806884766,-117.86695098876952,LOS ANGELES,WEST COVINA,-117.86695098876952,34.07115936279297
91691087,2022,2022-02-01,9550,2022-01-27,1140,015746,NA,4,1,9,1900,0,1,3,NA,2,602,STATE ROUTE 60 WESTBOUND,NOGALES STREET,1500,E,N,A,-,Y,LA,NA,60,NA,NA,20.924,H,NA,L,Y,3,0,1,3,A,-,03,22350,NA,F,C,C,A,A,H,-,A,D,0,NA,NA,NA,Y,Y,NA,-,99,0,1,0,0,0,0,0,0,0,-,-,33.994869232177734,-117.88005065917967,LOS ANGELES,UNINCORPORATED,-117.88005828857422,33.994911193847656
91691115,2022,2022-02-01,9590,2022-01-24,1755,022520,NA,1,2,7,1942,0,1,1,NA,2,052,I-110 N/B (HARBOR FREEWAY),EXPOSITION BLVD.,430,N,N,A,-,Y,LA,NA,110,NA,NA,20.112,H,NA,R,N,4,0,1,2,A,-,03,22350,NA,N,C,C,A,A,H,-,C,D,0,NA,NA,NA,NA,Y,NA,A,01,0,0,1,0,0,0,0,0,0,-,-,34.0195198059082,-118.27877044677734,LOS ANGELES,LOS ANGELES,-118.27893829345705,34.01959228515625
91691118,2022,2022-02-01,9590,2022-01-24,1642,022689,NA,1,2,7,1942,0,1,1,NA,2,062,I-10 EASTBOUND (SANTA MONICA FREEWAY),I-110 (HARBOR FREEWAY),500,W,N,A,-,Y,LA,NA,10,NA,NA,14.715,H,NA,R,Y,4,0,1,2,A,-,07,21658,A,N,B,C,A,A,H,-,A,D,0,NA,NA,NA,NA,Y,NA,D,22,0,0,1,0,0,0,0,0,0,-,-,34.03810119628906,-118.27633666992188,LOS ANGELES,LOS ANGELES,-118.27633666992188,34.03804016113281
91691138,2022,2022-02-02,9590,2022-01-24,1700,021492,NA,1,2,7,1942,0,1,1,NA,2,064,I-10 E/B (SANTA MONICA FREEWAY),PALOMA ST,150,W,N,A,-,Y,LA,NA,10,NA,NA,16.327,H,NA,R,N,4,0,1,2,A,-,03,22350,NA,F,C,C,A,A,H,-,C,D,0,NA,NA,NA,NA,Y,NA,-,99,0,0,1,0,0,0,0,0,0,-,-,34.02716827392578,-118.25176239013672,LOS ANGELES,LOS ANGELES,-118.25177001953124,34.02716064453125
91691143,2022,2022-02-02,9550,2022-01-19,2335,021532,NA,3,3,9,1900,0,1,1,NA,2,650,INTERSTATE 605 (SAN GABRIEL RIVER FREEWAY),SARAGOSA STREET,800,N,N,A,-,Y,LA,NA,605,NA,R,12.6,H,NA,R,Y,3,0,1,2,A,-,03,22350,NA,N,C,C,A,A,H,-,C,D,0,NA,NA,NA,NA,Y,Y,A,01,0,1,0,0,0,0,0,0,0,-,-,33.98080062866211,-118.07586669921876,LOS ANGELES,UNINCORPORATED,-118.07571411132813,33.980690002441406
91691383,2022,2022-02-02,9590,2022-01-17,2158,022701,NA,1,2,7,1942,0,1,1,NA,2,010,SR-110 N/B (ARROYO SECO PARKWAY) FROM AVENUE 60,AVENUE 60,300,N,N,B,-,Y,LA,NA,110,NA,NA,28.829,H,NA,R,N,3,0,1,1,A,-,03,22350,NA,N,E,I,A,A,H,-,C,D,0,NA,NA,NA,NA,Y,NA,A,01,0,1,0,0,0,0,0,0,0,-,-,34.10834884643555,-118.18537139892578,LOS ANGELES,LOS ANGELES,-118.18537139892578,34.10835266113281
91691384,2022,2022-07-26,9590,2022-01-20,0248,022497,NA,4,3,7,1942,0,1,1,NA,2,500,I-110 N/B (HAF),92ND ST,250,N,N,A,-,Y,LA,NA,110,NA,NA,15.539,H,NA,R,N,3,0,2,2,A,-,03,22350,NA,F,C,C,A,A,H,-,C,D,0,NA,NA,NA,NA,Y,NA,D,22,0,1,1,0,0,0,0,0,0,-,-,33.95354080200195,-118.28050231933594,LOS ANGELES,LOS ANGELES,-118.28044891357422,33.953548431396484
91691389,2022,2022-02-02,9590,2022-01-20,2325,021122,NA,4,3,7,1942,0,1,3,NA,2,095,SR-2 W/B (GLF) TO I-5 N/B (GSF) TRANSITION ROAD,RIPPLE STREET,235,W,N,A,-,Y,NA,NA,NA,NA,NA,NA,NA,NA,NA,Y,4,0,1,1,A,-,01,23152,A,N,E,I,A,A,H,-,C,D,0,NA,NA,NA,NA,Y,Y,A,01,0,0,1,0,0,0,0,0,0,-,-,34.105499267578125,-118.25035858154295,LOS ANGELES,LOS ANGELES,-118.25035858154295,34.105499267578125
91691394,2022,2022-02-02,9530,2022-01-21,0800,022696,NA,5,1,9,1900,0,3,5,NA,2,002,S. WILLOWBROOK AVE. (1200 BLOCK),121ST ST.,0,NA,Y,A,-,N,NA,NA,NA,NA,NA,NA,NA,NA,NA,Y,4,0,2,3,A,-,09,21801,A,N,D,C,A,A,H,-,A,A,0,NA,NA,NA,NA,Y,NA,A,01,0,0,2,0,0,0,0,0,0,-,-,33.92213821411133,-118.23426055908205,LOS ANGELES,UNINCORPORATED,-118.23429107666016,33.92213439941406
91691404,2022,2022-02-02,9535,2022-01-21,1310,022011,NA,5,1,9,1900,0,2,4,NA,2,016,1ST ST,GAGE AVE,0,NA,Y,A,-,N,NA,NA,NA,NA,NA,NA,NA,NA,NA,Y,3,0,2,2,A,-,09,21801,A,N,D,C,A,A,H,-,A,A,0,NA,NA,NA,NA,Y,NA,A,01,0,2,0,0,0,0,0,0,0,-,-,34.035911560058594,-118.1845932006836,LOS ANGELES,UNINCORPORATED,-118.18463897705078,34.03602981567383
91691420,2022,2022-02-02,9550,2022-01-24,0930,016237,NA,1,1,9,1900,0,1,3,NA,2,600,SR-60 W/B,SEVENTH AVE.,500,E,N,A,-,Y,NA,NA,NA,NA,NA,NA,NA,NA,NA,Y,3,0,1,2,A,-,03,22350,NA,N,C,D,A,A,H,-,A,D,0,NA,NA,NA,NA,Y,NA,A,01,0,1,0,0,0,0,0,0,0,-,-,34.018070220947266,-117.98400115966795,LOS ANGELES,UNINCORPORATED,-117.98782348632813,34.01934814453125
91691422,2022,2022-02-02,9590,2022-01-25,1355,021040,NA,2,1,7,1942,0,1,1,NA,2,085,I-5 S/B (GOLDEN STATE FREEWAY),HYPERION AVENUE,600,S,N,A,-,Y,LA,NA,5,NA,NA,23.437,H,NA,L,Y,3,0,1,1,A,-,08,22107,NA,N,F,A,A,A,H,-,A,D,0,NA,NA,Y,NA,Y,NA,C,02,0,1,0,0,0,0,0,0,1,-,-,34.109981536865234,-118.26252746582033,LOS ANGELES,LOS ANGELES,-118.26251220703124,34.11000061035156
91691442,2022,2022-02-02,9565,2022-01-23,1937,021889,NA,7,2,7,1942,0,1,1,NA,2,062,I-405 N/B,PALMS BOULEVARD,75,S,N,A,-,Y,LA,NA,405,NA,NA,28.487,H,NA,R,Y,4,0,4,4,A,-,03,22350,NA,N,C,C,A,A,H,-,C,D,0,NA,NA,NA,NA,Y,NA,A,08,0,0,4,0,0,0,0,0,0,-,-,34.018619537353516,-118.42334747314452,LOS ANGELES,LOS ANGELES,-118.4233856201172,34.01860046386719
91691444,2022,2022-02-02,9575,2022-01-22,1140,021394,NA,6,1,6,1925,0,1,3,NA,2,042,SR-134 W/B (VENTURA FREEWAY),BRAND BLVD.,1000,E,N,A,G,Y,LA,NA,134,NA,R,7.174,H,NA,L,Y,4,0,1,2,C,-,18,NA,NA,N,E,J,A,A,H,-,A,D,0,NA,NA,NA,NA,Y,NA,-,-,0,0,1,0,0,0,0,0,0,-,-,34.15650177001953,-118.25425720214844,LOS ANGELES,GLENDALE,-118.25425720214844,34.15644454956055
91691447,2022,2022-02-02,9580,2022-01-24,2255,021963,NA,1,3,7,1942,0,1,1,NA,2,407,I-405 S/B (SAN DIEGO FWY),SATICOY ST,1056,N,N,A,-,Y,LA,NA,405,NA,NA,43.223,H,NA,L,Y,4,0,1,2,A,-,08,22107,NA,N,B,C,A,A,D,-,D,D,0,NA,NA,NA,NA,Y,NA,-,-,0,0,1,0,0,0,0,0,0,-,-,34.213409423828125,-118.47341918945313,LOS ANGELES,LOS ANGELES,-118.47339630126952,34.213409423828125
91691468,2022,2022-02-02,9575,2022-01-23,1310,021394,NA,7,1,6,1953,0,1,3,NA,2,040,SR-134 E/B (VENTURA FREEWAY),ORANGE GROVE BLVD.,1050,W,N,A,-,Y,LA,NA,134,NA,R,12.755,H,NA,R,Y,4,0,5,4,A,-,07,21658,A,N,B,C,A,A,H,-,A,D,0,NA,NA,NA,NA,Y,NA,A,01,0,0,5,0,0,0,0,0,0,-,-,34.145870208740234,-118.16448974609376,LOS ANGELES,PASADENA,-118.16446685791016,34.14580535888672
91691474,2022,2022-02-02,9580,2022-01-31,1335,021852,NA,1,1,7,1942,0,1,1,NA,2,404,I-405 S/B (SAN DIEGO FWY),VICTORY BLVD,1056,N,N,A,-,Y,LA,NA,405,NA,NA,41.773,H,NA,L,N,4,0,1,2,A,-,03,22350,NA,N,C,C,A,A,H,-,A,D,0,NA,NA,NA,NA,Y,NA,A,01,0,0,1,0,0,0,0,0,0,-,-,34.19240951538086,-118.47440338134766,LOS ANGELES,LOS ANGELES,-118.47439575195313,34.19240951538086