CASE_ID,ACCIDENT_YEAR,PROC_DATE,JURIS,COLLISION_DATE,COLLISION_TIME,OFFICER_ID,REPORTING_DISTRICT,DAY_OF_WEEK,CHP_SHIFT,POPULATION,CNTY_CITY_LOC,SPECIAL_COND,BEAT_TYPE,CHP_BEAT_TYPE,CITY_DIVISION_LAPD,CHP_BEAT_CLASS,BEAT_NUMBER,PRIMARY_RD,SECONDARY_RD,DISTANCE,DIRECTION,INTERSECTION,WEATHER_1,WEATHER_2,STATE_HWY_IND,CALTRANS_COUNTY,CALTRANS_DISTRICT,STATE_ROUTE,ROUTE_SUFFIX,POSTMILE_PREFIX,POSTMILE,LOCATION_TYPE,RAMP_INTERSECTION,SIDE_OF_HWY,TOW_AWAY,COLLISION_SEVERITY,NUMBER_KILLED,NUMBER_INJURED,PARTY_COUNT,PRIMARY_COLL_FACTOR,PCF_CODE_OF_VIOL,PCF_VIOL_CATEGORY,PCF_VIOLATION,PCF_VIOL_SUBSECTION,HIT_AND_RUN,TYPE_OF_COLLISION,MVIW,PED_ACTION,ROAD_SURFACE,ROAD_COND_1,ROAD_COND_2,LIGHTING,CONTROL_DEVICE,CHP_ROAD_TYPE,PEDESTRIAN_ACCIDENT,BICYCLE_ACCIDENT,MOTORCYCLE_ACCIDENT,TRUCK_ACCIDENT,NOT_PRIVATE_PROPERTY,ALCOHOL_INVOLVED,STWD_VEHTYPE_AT_FAULT,CHP_VEHTYPE_AT_FAULT,COUNT_SEVERE_INJ,COUNT_VISIBLE_INJ,COUNT_COMPLAINT_PAIN,COUNT_PED_KILLED,COUNT_PED_INJURED,COUNT_BICYCLIST_KILLED,COUNT_BICYCLIST_INJURED,COUNT_MC_KILLED,COUNT_MC_INJURED,PRIMARY_RAMP,SECONDARY_RAMP,LATITUDE,LONGITUDE,COUNTY,CITY,POINT_X,POINT_Y
91720720,2022,2022-03-11,9565,2022-03-02,1540,022378,NA,3,2,7,1942,0,1,1,NA,2,083,I-10 E/B (SANTA MONICA FWY),GARTH AVE,800,W,N,A,-,Y,LA,NA,10,NA,R,8.53,H,NA,R,N,4,0,1,2,A,-,03,22350,NA,N,C,C,A,A,H,-,A,D,0,NA,NA,NA,NA,Y,NA,A,01,0,0,1,0,0,0,0,0,0,-,-,34.03556823730469,-118.38266754150392,LOS ANGELES,LOS ANGELES,-118.38270568847656,34.035614013671875
91720737,2022,2022-03-11,9535,2022-01-09,0355,022650,NA,7,3,5,1915,0,1,1,NA,2,074,I-710 (LONG BEACH FREEWAY) N/B,ALONDRA BLVD.,1200,S,N,A,-,Y,LA,NA,710,NA,NA,13.699,H,NA,R,N,3,0,1,3,A,-,03,22350,NA,F,B,C,E,A,H,-,C,D,0,Y,NA,NA,NA,Y,NA,A,01,0,1,0,0,1,0,0,0,0,-,-,33.88570022583008,-118.19024658203124,LOS ANGELES,COMPTON,-118.19015502929688,33.88566589355469
91720739,2022,2022-03-11,9575,2022-03-05,1638,022479,NA,6,2,3,1991,0,1,1,NA,2,063,I-210 E/B (FOOTHILL FREEWAY),GOULD AVE,330,W,N,B,-,Y,LA,NA,210,NA,R,20.231,H,NA,R,N,3,0,1,1,A,-,08,22107,NA,N,E,I,A,B,H,-,A,D,0,NA,NA,NA,NA,Y,NA,A,01,0,1,0,0,0,0,0,0,0,-,-,34.20423889160156,-118.19470977783205,LOS ANGELES,LA CANADA-FLINTRIDGE,-118.19467163085938,34.20429229736328
91720746,2022,2022-03-11,9530,2022-03-01,1130,016842,NA,2,1,7,1941,0,1,1,NA,2,071,I-710 N/B TO E/B DEL AMO BLVD.,DEL AMO BLVD.,528,S,N,A,-,Y,LA,NA,710,NA,NA,10.707,H,NA,R,N,2,0,1,1,A,-,03,22350,NA,N,E,I,A,A,H,-,A,D,0,NA,NA,NA,NA,Y,NA,A,01,1,0,0,0,0,0,0,0,0,-,-,33.844810485839844,-118.20548248291016,LOS ANGELES,LONG BEACH,-118.20577239990234,33.8448600769043
91720754,2022,2022-03-11,9530,2022-03-04,2240,020726,NA,5,3,5,1977,0,1,1,NA,2,410,I-405 N/B (SAN DIEGO FREEWAY),FIGUEROA STREET,83,S,N,A,-,Y,LA,NA,405,NA,NA,13.267,H,NA,R,Y,3,0,1,2,A,-,01,23152,A,N,C,C,A,A,G,-,C,D,0,NA,NA,NA,NA,Y,Y,A,01,0,1,0,0,0,0,0,0,0,-,-,33.85894012451172,-118.28932189941406,LOS ANGELES,CARSON,-118.28922271728516,33.85911178588867
91720758,2022,2022-03-11,9565,2022-03-01,0715,017289,NA,2,1,7,1942,0,1,1,NA,2,083,I-10 W/B,LA CIENEGA BLVD.,85,W,N,A,-,Y,LA,NA,10,NA,R,8.825,H,NA,L,N,4,0,1,2,A,-,03,22350,NA,N,C,C,A,A,H,-,A,D,0,NA,NA,NA,NA,Y,NA,A,01,0,0,1,0,0,0,0,0,0,-,-,34.0371208190918,-118.3779296875,LOS ANGELES,LOS ANGELES,-118.37793731689452,34.03706359863281
91720790,2021,2022-03-11,9565,2021-12-31,1305,021429,NA,5,1,7,1942,0,1,1,NA,2,062,I-405 S/B,NATIONAL BLVD,100,N,N,A,-,Y,NA,NA,405,NA,NA,NA,NA,NA,S,N,4,0,1,2,A,-,07,21658,A,N,B,C,A,A,H,-,A,D,0,NA,NA,NA,NA,Y,NA,A,01,0,0,1,0,0,0,0,0,0,-,-,34.02714157104492,-118.4304428100586,LOS ANGELES,LOS ANGELES,-118.43042755126952,34.02714920043945
91720848,2022,2022-03-11,9535,2022-03-02,0940,018633,NA,3,1,9,1900,0,2,4,NA,2,024,AMALIA AVE (900 BLOCK),WHITTIER BLVD,120,S,N,A,-,N,NA,NA,NA,NA,NA,NA,NA,NA,NA,N,2,0,1,1,A,-,03,22350,NA,N,E,A,A,A,H,-,A,D,0,NA,NA,NA,NA,Y,NA,A,08,1,0,0,0,0,0,0,0,0,-,-,34.01993179321289,-118.15646362304688,LOS ANGELES,UNINCORPORATED,-118.1564483642578,34.01988983154297
91720855,2022,2022-03-11,9535,2022-03-02,1155,021538,NA,3,1,3,1914,0,1,1,NA,2,501,I-5 (SANTA ANA FREEWAY) S/B,SIMONS R/R UP,400,N,N,A,-,Y,LA,NA,5,NA,NA,11.007,H,NA,L,Y,3,0,1,3,A,-,08,22107,NA,M,B,C,A,A,H,-,A,D,0,NA,NA,Y,NA,Y,NA,C,02,0,1,0,0,0,0,0,0,1,-,-,33.988929748535156,-118.13894653320313,LOS ANGELES,COMMERCE,-118.1389389038086,33.98893356323242
91720863,2022,2022-03-11,9525,2022-03-03,1530,022605,NA,4,2,5,1906,0,1,1,NA,2,104,I-10 E/B (SAN BERNARDINO FWY),I-605 N/B (SAN GABRIEL RIVER FWY),400,E,N,A,-,Y,LA,NA,10,NA,NA,31.254,H,NA,R,Y,3,0,1,2,A,-,03,22350,NA,N,C,C,A,A,H,-,A,D,0,NA,NA,Y,NA,Y,NA,C,02,0,1,0,0,0,0,0,0,1,-,-,34.06526184082031,-117.99842834472656,LOS ANGELES,BALDWIN PARK,-117.99842071533205,34.06520080566406
91720870,2022,2022-03-11,9525,2022-03-03,2215,021838,NA,4,3,9,1900,0,3,5,NA,2,004,AMAR ROAD,VINELAND AVENUE,0,NA,Y,A,-,N,NA,NA,NA,NA,NA,NA,NA,NA,NA,Y,4,0,2,2,A,-,12,21453,A,N,D,C,A,A,H,-,C,A,0,NA,NA,NA,NA,Y,NA,A,01,0,0,2,0,0,0,0,0,0,-,-,34.05781173706055,-117.98291778564452,LOS ANGELES,UNINCORPORATED,-117.98296356201172,34.05778121948242
91720873,2022,2022-03-11,9525,2022-03-03,2230,022455,NA,4,3,9,1900,0,3,5,NA,2,005,MOUNT BALDY ROAD,NORTH EDGE OF SOUTH TUNNEL,1400,S,N,B,-,N,NA,NA,NA,NA,NA,NA,NA,NA,NA,N,3,0,1,1,A,-,03,22350,NA,N,E,I,A,A,H,-,C,D,0,NA,NA,NA,NA,Y,NA,A,01,0,1,0,0,0,0,0,0,0,-,-,34.19961166381836,-117.67610168457033,LOS ANGELES,UNINCORPORATED,NA,NA
91720874,2022,2022-03-11,9540,2022-03-02,0704,021118,NA,3,1,7,1942,0,1,1,NA,1,503,I-5 S/B,SAN FERNANDO RD,1000,N,N,A,-,Y,LA,NA,5,NA,R,45.154,H,NA,L,N,4,0,1,2,A,-,04,21703,NA,N,C,C,A,A,H,-,A,D,0,NA,NA,NA,NA,Y,NA,D,22,0,0,1,0,0,0,0,0,0,-,-,34.32789993286133,-118.50537109375,LOS ANGELES,LOS ANGELES,-118.50521850585938,34.32794952392578
91720883,2022,2022-03-11,9535,2022-03-02,2110,022105,NA,3,2,9,1900,0,1,1,NA,2,401,I-10 (SAN BERNARDINO FREEWAY) W/B,VALLEY BLVD,100,W,N,A,-,Y,LA,NA,10,NA,NA,29.497,H,NA,L,N,3,0,2,2,A,-,03,22350,NA,N,C,C,A,A,H,-,D,D,0,NA,NA,NA,NA,Y,NA,A,01,0,2,0,0,0,0,0,0,0,-,-,34.068180084228516,-118.02803802490234,LOS ANGELES,UNINCORPORATED,-118.02803802490234,34.068115234375
91720892,2022,2022-03-11,9550,2022-02-26,1704,022820,NA,6,2,5,1919,0,1,1,NA,2,652,I-605 NORTHBOUND,SR-91,300,S,N,A,-,Y,LA,NA,605,NA,R,4.614,H,NA,R,N,4,0,1,2,A,-,07,21658,A,F,B,C,A,A,H,-,A,D,0,NA,NA,NA,NA,Y,NA,A,01,0,0,1,0,0,0,0,0,0,-,-,33.87041091918945,-118.10009002685548,LOS ANGELES,CERRITOS,-118.10021209716795,33.87037658691406
91720893,2022,2022-03-11,9550,2022-03-04,0525,022790,NA,5,3,5,1908,0,1,3,NA,2,091,SR- 91 EASTBOUND,BELLFLOWER BLVD.,1000,E,N,B,-,Y,LA,NA,91,NA,R,15.822,H,NA,R,Y,3,0,1,1,C,-,18,NA,NA,N,E,J,A,A,H,-,D,D,0,NA,NA,NA,NA,Y,NA,-,-,0,1,0,0,0,0,0,0,0,-,-,33.87614059448242,-118.12184143066406,LOS ANGELES,BELLFLOWER,-118.12184143066406,33.876121520996094
91720896,2022,2022-03-11,9525,2022-03-06,0525,022609,NA,7,3,4,1913,0,1,1,NA,2,110,I-10 E/B (SAN BERNARDINO FWY),INDIAN HILL BOULEVARD,3168,W,N,B,-,Y,LA,NA,10,NA,NA,47.167,H,NA,R,Y,4,0,1,1,A,-,08,22107,NA,N,E,J,A,A,H,-,B,D,0,NA,NA,NA,NA,Y,NA,A,01,0,0,1,0,0,0,0,0,0,-,-,34.081321716308594,-117.72933959960938,LOS ANGELES,CLAREMONT,-117.72934722900392,34.08151626586914
91720900,2022,2022-03-11,9525,2022-03-07,0755,022609,NA,1,1,4,1913,0,1,1,NA,2,110,I-10 E/B TO INDIAN HILL BOULEVARD,INDIAN HILL BOULEVARD,20,W,N,A,-,Y,NA,NA,NA,NA,NA,NA,NA,NA,NA,N,4,0,1,2,A,-,21,22106,NA,M,G,B,B,A,H,-,A,A,0,Y,NA,NA,NA,Y,NA,A,01,0,0,1,0,1,0,0,0,0,-,-,34.08134078979492,-117.7194595336914,LOS ANGELES,CLAREMONT,-117.7194595336914,34.08134078979492
91720914,2022,2022-03-11,9535,2022-03-03,0530,017943,NA,4,3,5,1948,0,1,3,NA,2,621,SR-60 (POMONA FREEWAY) W/B,MARKLAND DR,190,E,N,A,-,Y,LA,NA,60,NA,R,6.341,H,NA,L,Y,4,0,1,2,A,-,03,22350,NA,N,C,C,A,A,H,-,A,D,0,NA,NA,NA,NA,Y,NA,A,08,0,0,1,0,0,0,0,0,0,-,-,34.03334045410156,-118.11753082275392,LOS ANGELES,MONTEREY PARK,-118.11753082275392,34.03337478637695
91720917,2022,2022-03-11,9590,2022-03-01,0417,022384,NA,2,3,7,1942,0,1,1,NA,2,061,I-10 W/B (SANTA MONICA FREEWAY),CRENSHAW BOULEVARD,135,W,N,A,-,Y,LA,NA,10,NA,R,11.346,H,NA,L,N,4,0,1,2,A,-,03,22350,NA,N,B,C,A,A,H,-,C,D,0,NA,NA,NA,NA,Y,NA,A,01,0,0,1,0,0,0,0,0,0,-,-,34.034881591796875,-118.33448028564452,LOS ANGELES,LOS ANGELES,-118.3344955444336,34.03512191772461
91720950,2022,2022-03-11,9535,2022-02-20,1650,021772,NA,7,2,9,1900,0,2,4,NA,2,016,RUSH ST (1200 BLOCK),BURKETT RD,0,NA,Y,A,-,N,NA,NA,NA,NA,NA,NA,NA,NA,NA,N,4,0,1,2,A,-,09,21802,A,N,D,C,A,A,H,-,A,A,0,NA,NA,NA,NA,Y,NA,A,07,0,0,1,0,0,0,0,0,0,-,-,34.042659759521484,-118.02629852294922,LOS ANGELES,UNINCORPORATED,-118.02629089355467,34.04266357421875
91720961,2022,2022-03-11,9590,2022-02-25,1125,017520,NA,5,1,7,1942,0,1,1,NA,2,500,I-110 N/B (HAF),MANCHSTER AVE,200,S,N,A,-,Y,NA,NA,NA,NA,NA,NA,NA,NA,NA,N,4,0,1,3,A,-,07,21658,A,M,B,C,A,A,H,-,A,D,0,NA,NA,NA,NA,Y,NA,-,99,0,0,1,0,0,0,0,0,0,-,-,38.819801330566406,-121.02760314941406,LOS ANGELES,LOS ANGELES,-118.28053283691406,33.95954132080078
91720971,2022,2022-03-11,9535,2022-02-04,2220,022418,NA,5,3,4,1962,0,1,1,NA,2,400,INTERSTATE 10 EASTBOUND (SAN BERNARDINO FREEWAY),DEL MAR AVENUE,975,W,N,B,-,Y,LA,NA,10,NA,NA,25.143,H,NA,R,Y,3,0,1,1,A,-,01,23152,A,M,E,I,A,A,H,-,D,D,0,NA,NA,NA,NA,Y,Y,A,07,0,1,0,0,0,0,0,0,0,-,-,34.071868896484375,-118.10291290283205,LOS ANGELES,SAN GABRIEL,-118.1029052734375,34.071685791015625
91720974,2022,2022-03-11,9575,2022-03-03,1436,021744,NA,4,2,9,1900,0,2,4,NA,2,012,FOOTHILL BOULEVARD,LA CRESCENTA AVENUE,0,NA,Y,D,-,N,NA,NA,NA,NA,NA,NA,NA,NA,NA,N,3,0,1,2,A,-,09,21801,B,N,D,C,A,A,H,-,A,A,0,NA,NA,NA,NA,Y,NA,A,01,0,1,0,0,0,0,0,0,0,-,-,34.2242317199707,-118.23995208740234,LOS ANGELES,UNINCORPORATED,-118.23992156982422,34.22414779663086
91720984,2022,2022-03-11,9575,2022-03-03,1520,022502,NA,4,2,9,1900,0,2,4,NA,2,020,OLIVE AVENUE,ALTADENA DRIVE,0,NA,Y,A,-,N,NA,NA,NA,NA,NA,NA,NA,NA,NA,Y,4,0,2,2,A,-,09,21802,A,F,D,C,A,A,H,-,A,A,0,NA,NA,NA,NA,Y,NA,D,22,0,0,2,0,0,0,0,0,0,-,-,34.196659088134766,-118.15399169921876,LOS ANGELES,UNINCORPORATED,-118.15396881103516,34.19666290283203
91721012,2021,2022-10-19,9530,2021-09-13,0610,020816,NA,1,1,9,1900,0,3,5,NA,2,001,SLAUSON AVE. (1500 BLOCK),MAKEE AVE.,15,E,N,A,-,N,NA,NA,NA,NA,NA,NA,NA,NA,NA,Y,3,0,1,5,A,-,05,21460,A,F,B,C,A,A,H,-,A,D,0,NA,NA,NA,NA,Y,NA,A,01,0,1,0,0,0,0,0,0,0,-,-,33.98929977416992,-118.2463607788086,LOS ANGELES,UNINCORPORATED,-118.24652099609376,33.98931884765625
91721018,2022,2022-03-11,9535,2022-02-25,2040,022694,NA,5,2,9,1900,0,2,4,NA,2,022,OLYMPIC BLVD,WESTSIDE DR.,0,NA,Y,A,-,N,NA,NA,NA,NA,NA,NA,NA,NA,NA,N,2,0,2,2,A,-,01,23152,G,F,D,C,A,A,H,-,C,D,0,NA,NA,NA,NA,Y,Y,A,01,1,1,0,0,0,0,0,0,0,-,-,34.012481689453125,-118.13751220703124,LOS ANGELES,UNINCORPORATED,-118.13750457763672,34.01247787475586
91721037,2022,2022-03-11,9525,2022-03-01,2210,020719,NA,2,3,6,1955,0,3,5,NA,2,001,I-10 E/B (SAN BERNARDINO FWY),SR-57 N/B (ORANGE FWY),528,E,N,A,-,Y,LA,NA,10,NA,NA,42.774,H,NA,R,Y,3,0,1,2,A,-,01,23152,A,M,C,C,A,A,H,-,C,D,0,NA,NA,NA,NA,Y,Y,A,01,0,1,0,0,0,0,0,0,0,-,-,34.06758117675781,-117.80123901367188,LOS ANGELES,POMONA,-117.80121612548828,34.067543029785156
91721063,2022,2022-03-11,9525,2022-03-07,1743,022521,NA,1,2,6,1975,0,1,1,NA,2,103,I-10 W/B (SAN BERNARDINO FWY),PACIFIC AVE.,1000,W,N,A,-,Y,LA,NA,10,NA,NA,34.658,H,NA,L,N,4,0,1,2,A,-,03,22350,NA,N,C,C,A,A,H,-,A,D,0,NA,NA,NA,NA,Y,NA,A,01,0,0,1,0,0,0,0,0,0,-,-,34.072509765625,-117.93972778320313,LOS ANGELES,WEST COVINA,-117.93972778320313,34.072540283203125
91721070,2022,2022-03-11,9530,2022-03-02,1158,017275,NA,3,1,7,1942,0,1,3,NA,1,470,S/B SR-47,FERRY STREET,1056,W,N,B,-,Y,LA,NA,47,NA,NA,1.595,H,NA,R,N,4,0,1,3,A,-,03,22350,NA,N,C,C,A,A,H,-,A,D,0,NA,NA,NA,NA,Y,NA,D,22,0,0,1,0,0,0,0,0,0,-,-,33.74892044067383,-118.267578125,LOS ANGELES,LOS ANGELES,-118.26759338378906,33.74887466430664
91721085,2022,2022-03-30,9590,2022-03-09,1215,016230,NA,3,1,7,1942,0,1,3,NA,2,031,SR-60 EB POF,SOTO STREET,265,W,N,A,-,Y,LA,NA,60,NA,NA,0.317,H,NA,R,N,4,0,2,2,A,-,07,21658,A,N,B,C,A,A,H,-,A,D,0,NA,NA,NA,Y,Y,NA,F,27,0,0,2,0,0,0,0,0,0,-,-,34.029178619384766,-118.21990966796876,LOS ANGELES,LOS ANGELES,-118.21990966796876,34.02914810180664
91721086,2022,2022-03-11,9530,2022-03-03,1505,017755,NA,4,2,5,1977,0,1,1,NA,2,410,I-405 S/B (SAN DIEGO FREEWAY),ALAMEDA ST.,955,N,N,B,-,Y,LA,NA,405,NA,NA,9.027,H,NA,L,N,3,0,1,2,A,-,17,23114,A,N,E,J,A,A,H,-,A,D,0,NA,NA,NA,NA,Y,NA,-,99,0,1,0,0,0,0,0,0,0,-,-,33.82569122314453,-118.23216247558594,LOS ANGELES,CARSON,-118.23216247558594,33.82564163208008
91721094,2022,2022-03-11,9590,2022-03-07,0950,019303,NA,1,1,7,1942,0,1,1,NA,2,500,I-110 NB (HARBOR FREEWAY) (HAF) (FASTRAK),59TH PLACE,200,S,N,A,-,Y,LA,NA,110,NA,NA,17.751,H,NA,R,N,4,0,1,2,A,-,08,22107,NA,N,B,J,A,A,H,-,A,D,0,NA,NA,NA,NA,Y,NA,A,01,0,0,1,0,0,0,0,0,0,-,-,33.98571014404297,-118.28040313720705,LOS ANGELES,LOS ANGELES,-118.28041076660156,33.98571014404297
91721101,2022,2022-03-11,9590,2022-03-01,1307,022102,NA,2,1,7,1942,0,1,1,NA,2,052,I-110 N/B (HARBOR FREEWAY) COLLECTOR ROAD,5TH ST,98,S,N,A,-,Y,LA,NA,110,NA,NA,22.819,H,NA,R,N,4,0,1,3,A,-,03,22350,NA,N,C,C,A,A,H,-,A,D,0,NA,NA,NA,NA,Y,NA,A,07,0,0,1,0,0,0,0,0,0,-,-,34.05255889892578,-118.25890350341795,LOS ANGELES,LOS ANGELES,-118.2590103149414,34.05264663696289
91721123,2022,2022-03-11,9590,2022-03-07,0947,019008,NA,1,1,7,1942,0,1,2,NA,2,071,US-101 SOUTHBOUND (HOLLYWOOD FREEWAY),ALVARADO STREET,100,N,N,A,-,Y,LA,NA,101,NA,NA,2.918,H,NA,L,N,3,0,1,3,A,-,03,22350,NA,N,C,C,A,A,H,-,A,D,0,NA,NA,NA,NA,Y,NA,D,22,0,1,0,0,0,0,0,0,0,-,-,34.07229995727539,-118.26785278320313,LOS ANGELES,LOS ANGELES,-118.26782989501952,34.07233810424805
91721129,2022,2022-03-11,9530,2022-03-03,1840,021310,NA,4,2,9,1900,0,1,1,NA,2,210,COMPTON AVE (6900 BLOCK),70TH STREET,0,NA,Y,A,-,N,NA,NA,NA,NA,NA,NA,NA,NA,NA,N,4,0,1,2,A,-,09,21801,A,N,D,C,A,A,H,-,C,A,0,NA,NA,NA,NA,Y,NA,A,01,0,0,1,0,0,0,0,0,0,-,-,33.976409912109375,-118.24764251708984,LOS ANGELES,UNINCORPORATED,-118.24768829345705,33.97638702392578
91721136,2022,2022-03-11,9525,2022-03-05,1750,021931,NA,6,2,6,1955,0,1,3,NA,2,072,SR-71 N/B (CHINO VALLEY FWY),HOLT AVENUE,1056,S,N,B,-,Y,LA,NA,71,NA,T,1.728,H,NA,R,Y,4,0,1,1,A,-,03,22350,NA,N,F,A,A,B,H,-,D,A,0,NA,NA,Y,NA,Y,NA,C,02,0,0,1,0,0,0,0,0,1,-,-,34.058998107910156,-117.78653717041016,LOS ANGELES,POMONA,-117.78660583496094,34.058956146240234
91721140,2022,2022-03-11,9530,2022-03-04,0900,018745,NA,5,1,9,1900,0,3,5,NA,2,002,IMPERIAL HIGHWAY (1300 BLOCK),SLATER ST.,385,E,N,B,-,N,NA,NA,NA,NA,NA,NA,NA,NA,NA,N,4,0,1,2,A,-,09,21804,A,N,D,C,A,A,H,-,A,D,0,NA,NA,NA,NA,Y,NA,A,01,0,0,1,0,0,0,0,0,0,-,-,33.92940139770508,-118.25087738037108,LOS ANGELES,UNINCORPORATED,-118.25093841552734,33.92946243286133
91721142,2022,2022-03-11,9525,2022-03-03,1115,022617,NA,4,1,6,1955,0,1,1,NA,2,107,I-10 W/B TO DUDLEY ST.,DUDLEY ST.,285,W,N,A,-,Y,NA,NA,NA,NA,NA,NA,NA,NA,NA,Y,4,0,1,1,A,-,03,22350,NA,N,E,I,A,A,H,-,A,D,0,NA,NA,NA,NA,Y,NA,A,01,0,0,1,0,0,0,0,0,0,-,-,34.07334899902344,-117.77925872802734,LOS ANGELES,POMONA,-117.77925872802734,34.07334899902344
91721146,2021,2022-03-11,9590,2021-10-18,0013,022136,NA,1,3,7,1942,0,1,1,NA,2,052,I-110 N/B (HARBOR FREEWAY),OLYMPIC BLVD.,250,N,N,A,-,Y,NA,NA,110,NA,NA,NA,NA,NA,N,N,2,0,1,1,A,-,08,22107,NA,N,E,J,A,A,H,-,C,D,0,NA,NA,NA,NA,Y,NA,A,01,1,0,0,0,0,0,0,0,0,-,-,34.04706954956055,-118.26772308349608,LOS ANGELES,LOS ANGELES,-118.26775360107422,34.04712677001953
91721147,2022,2022-03-11,9590,2022-03-02,1920,021667,NA,3,2,7,1942,0,1,1,NA,2,080,I-5 N/B (GOLDEN STATE FREEWAY),CESAR CHAVEZ AVENUE,405,S,N,A,-,Y,LA,NA,5,NA,NA,17.979,H,NA,R,N,4,0,1,2,A,-,03,22350,NA,N,C,C,A,A,H,-,C,D,0,NA,NA,NA,NA,Y,NA,D,22,0,0,1,0,0,0,0,0,0,-,-,34.048370361328125,-118.21418762207033,LOS ANGELES,LOS ANGELES,-118.21425628662108,34.04838180541992
91721160,2022,2022-03-11,9535,2022-01-07,1355,021308,NA,5,1,9,1900,0,1,1,NA,2,420,INTERSTATE 10 E/B (SBF) TO INTERSTATE 710 S/B (LBF,EASTERN AVENUE,143,E,N,A,-,Y,NA,NA,NA,NA,NA,NA,NA,NA,NA,Y,4,0,3,4,A,-,07,21658,A,N,C,E,E,A,G,-,A,A,0,Y,NA,NA,NA,Y,NA,A,01,0,0,3,0,2,0,0,0,0,-,-,34.06044006347656,-118.17266845703124,LOS ANGELES,UNINCORPORATED,-118.17266845703124,34.06044006347656
91721161,2021,2022-03-11,9590,2021-09-27,2333,021998,NA,1,3,7,1942,0,1,1,NA,2,061,INTERSTATE-10 WESTBOUND (SANTA MONICA FREEWAY),REDONDO BOULEVARD,206,W,N,A,-,Y,NA,NA,10,NA,NA,NA,NA,NA,W,Y,1,1,1,3,A,-,03,22350,NA,N,G,2,E,A,C,-,C,D,0,Y,NA,NA,NA,Y,NA,A,01,0,1,0,1,0,0,0,0,0,-,-,34.03411102294922,-118.35643005371094,LOS ANGELES,LOS ANGELES,-118.35643005371094,34.034088134765625
91721162,2022,2022-03-11,9590,2022-03-02,2118,021912,NA,3,2,7,1942,0,1,2,NA,2,071,US-101 S/B (HOLLYWOOD FREEWAY),GLENDALE BOULEVARD,450,S,N,A,-,Y,LA,NA,101,NA,NA,2.417,H,NA,L,N,3,0,2,3,A,-,03,22350,NA,F,C,C,A,A,H,-,C,D,0,NA,NA,NA,NA,Y,NA,A,01,0,1,1,0,0,0,0,0,0,-,-,34.06911087036133,-118.25981903076172,LOS ANGELES,LOS ANGELES,-118.2598114013672,34.069122314453125
91721164,2022,2022-07-15,9590,2022-03-06,1900,022520,NA,7,2,7,1942,0,1,S,NA,2,508,I-110 N/B (HARBOR FREEWAY),47TH STREET,300,S,N,A,-,Y,LA,NA,110,NA,NA,18.762,H,NA,R,Y,4,0,2,4,A,-,01,23152,A,M,C,C,A,A,H,-,C,D,0,NA,NA,NA,NA,Y,Y,A,01,0,0,2,0,0,0,0,0,0,-,-,34.00014877319336,-118.28074645996094,LOS ANGELES,LOS ANGELES,-118.28084564208984,34.000144958496094
91721350,2021,2022-03-14,9575,2021-12-20,0402,021932,NA,1,3,6,1953,0,1,1,NA,2,064,INTERSTATE-210 W/B (FOOTHILL FREEWAY),LAKE AVENUE,793,W,N,A,-,Y,NA,NA,210,NA,NA,NA,NA,NA,W,N,1,1,0,2,A,-,11,21954,A,N,G,B,E,A,H,-,C,D,0,Y,NA,NA,NA,Y,NA,N,60,0,0,0,1,0,0,0,0,0,-,-,34.15203857421875,-118.13526153564452,LOS ANGELES,PASADENA,-118.13526153564452,34.15199661254883
91721358,2022,2022-03-14,9575,2022-03-04,2330,022469,NA,5,3,9,1900,0,1,3,NA,2,301,SR-2 (ANGELES CREST HIGHWAY),MOUNT WILSON RED BOX ROAD,7390,W,N,B,E,Y,LA,NA,2,NA,NA,36.909,H,NA,R,N,3,0,2,1,A,-,03,22350,NA,N,H,A,A,B,H,-,D,D,0,NA,NA,NA,NA,Y,NA,A,01,0,2,0,0,0,0,0,0,0,-,-,34.268280029296875,-118.11785888671876,LOS ANGELES,UNINCORPORATED,-118.11782836914064,34.26820755004883
91721377,2022,2022-03-14,9575,2022-03-11,0717,022110,NA,5,1,6,1912,0,1,1,NA,2,051,I-5 N/B (GOLDEN STATE FREEWAY),ALLEN AVENUE,40,N,N,A,-,Y,LA,NA,5,NA,NA,28.158,H,NA,R,Y,4,0,1,3,A,-,08,22107,NA,N,B,C,A,A,H,-,A,D,0,NA,NA,NA,NA,Y,NA,D,22,0,0,1,0,0,0,0,0,0,-,-,34.16762924194336,-118.30050659179688,LOS ANGELES,BURBANK,-118.30050659179688,34.16762924194336
91721380,2022,2022-03-14,9575,2022-03-11,0852,022110,NA,5,1,6,1912,0,1,1,NA,2,051,I-5 S/B FROM EMPIRE AVENUE,EMPIRE AVENUE,75,S,N,A,-,Y,NA,NA,NA,NA,NA,NA,NA,NA,NA,N,3,0,1,1,A,-,03,22350,NA,N,F,A,A,A,H,-,A,D,0,NA,NA,Y,NA,Y,NA,C,02,0,1,0,0,0,0,0,0,1,-,-,34.191490173339844,-118.32779693603516,LOS ANGELES,BURBANK,-118.32779693603516,34.191490173339844
91721390,2022,2022-03-14,9590,2022-02-05,1340,022456,NA,6,1,7,1942,0,1,1,NA,2,051,I-110 S/B (HARBOR FREEWAY),VERNON AVENUE,100,S,N,A,-,Y,LA,NA,110,NA,NA,18.992,H,NA,L,N,3,0,1,4,A,-,07,21658,A,N,B,C,A,A,H,-,A,D,0,NA,NA,Y,NA,Y,NA,A,07,0,1,0,0,0,0,0,0,1,-,-,34.00345993041992,-118.28125762939452,LOS ANGELES,LOS ANGELES,-118.28115081787108,34.00345993041992