CASE_ID,ACCIDENT_YEAR,PROC_DATE,JURIS,COLLISION_DATE,COLLISION_TIME,OFFICER_ID,REPORTING_DISTRICT,DAY_OF_WEEK,CHP_SHIFT,POPULATION,CNTY_CITY_LOC,SPECIAL_COND,BEAT_TYPE,CHP_BEAT_TYPE,CITY_DIVISION_LAPD,CHP_BEAT_CLASS,BEAT_NUMBER,PRIMARY_RD,SECONDARY_RD,DISTANCE,DIRECTION,INTERSECTION,WEATHER_1,WEATHER_2,STATE_HWY_IND,CALTRANS_COUNTY,CALTRANS_DISTRICT,STATE_ROUTE,ROUTE_SUFFIX,POSTMILE_PREFIX,POSTMILE,LOCATION_TYPE,RAMP_INTERSECTION,SIDE_OF_HWY,TOW_AWAY,COLLISION_SEVERITY,NUMBER_KILLED,NUMBER_INJURED,PARTY_COUNT,PRIMARY_COLL_FACTOR,PCF_CODE_OF_VIOL,PCF_VIOL_CATEGORY,PCF_VIOLATION,PCF_VIOL_SUBSECTION,HIT_AND_RUN,TYPE_OF_COLLISION,MVIW,PED_ACTION,ROAD_SURFACE,ROAD_COND_1,ROAD_COND_2,LIGHTING,CONTROL_DEVICE,CHP_ROAD_TYPE,PEDESTRIAN_ACCIDENT,BICYCLE_ACCIDENT,MOTORCYCLE_ACCIDENT,TRUCK_ACCIDENT,NOT_PRIVATE_PROPERTY,ALCOHOL_INVOLVED,STWD_VEHTYPE_AT_FAULT,CHP_VEHTYPE_AT_FAULT,COUNT_SEVERE_INJ,COUNT_VISIBLE_INJ,COUNT_COMPLAINT_PAIN,COUNT_PED_KILLED,COUNT_PED_INJURED,COUNT_BICYCLIST_KILLED,COUNT_BICYCLIST_INJURED,COUNT_MC_KILLED,COUNT_MC_INJURED,PRIMARY_RAMP,SECONDARY_RAMP,LATITUDE,LONGITUDE,COUNTY,CITY,POINT_X,POINT_Y
91723388,2022,2022-03-15,9535,2022-03-04,0855,021795,NA,5,1,5,1943,0,1,1,NA,2,105,I-105 (CENTURY FREEWAY) W/B,WRIGHT ROAD,400,E,N,A,-,Y,LA,NA,105,NA,R,13.298,H,NA,L,Y,4,0,2,2,A,-,04,21703,NA,N,C,C,A,A,H,-,A,D,0,NA,NA,NA,NA,Y,NA,A,01,0,0,2,0,0,0,0,0,0,-,-,33.913909912109375,-118.1826400756836,LOS ANGELES,LYNWOOD,-118.1826400756836,33.91391372680664
91723396,2022,2022-03-15,9575,2022-03-11,1418,021006,NA,5,2,6,1953,0,1,1,NA,2,064,I-210 E/B (FOOTHILL FREEWAY),CRAIG AVE.,462,E,N,A,-,Y,LA,NA,210,NA,R,27.921,H,NA,R,Y,4,0,2,2,A,-,07,21658,A,N,C,C,A,A,H,-,A,D,0,NA,NA,NA,NA,Y,NA,A,07,0,0,2,0,0,0,0,0,0,-,-,34.15229034423828,-118.10458374023438,LOS ANGELES,PASADENA,-118.10458374023438,34.15237045288086
91723408,2022,2022-03-15,9525,2022-03-04,1610,021074,NA,5,2,4,1905,0,1,1,NA,2,214,I-210 E/B (FOOTHILL FREEWAY),AZUSA AVE.,400,E,N,B,-,Y,LA,NA,210,NA,R,39.711,H,NA,R,N,2,0,1,2,A,-,08,22107,NA,N,B,C,A,A,H,-,A,D,0,NA,NA,Y,NA,Y,NA,A,07,1,0,0,0,0,0,0,0,1,-,-,34.12065887451172,-117.90573120117188,LOS ANGELES,AZUSA,-117.90572357177734,34.12063217163086
91723415,2022,2022-03-15,9545,2022-03-08,1926,022844,NA,2,2,9,1900,0,3,5,NA,2,002,SIERRA HWY,SR-14 S/B FROM SIERRA HWY,500,N,N,A,-,Y,NA,NA,NA,NA,NA,NA,NA,NA,NA,Y,3,0,2,2,A,-,09,21801,A,N,D,C,A,A,H,-,C,A,0,NA,NA,NA,NA,Y,NA,A,01,0,2,0,0,0,0,0,0,0,-,-,34.511329650878906,-118.10964965820313,LOS ANGELES,UNINCORPORATED,-118.12741088867188,34.6401481628418
91723420,2022,2022-03-15,9525,2022-03-05,1140,022609,NA,6,1,4,1960,0,1,3,NA,2,572,SR-57 N/B (ORANGE FWY),ARROW HIGHWAY,900,S,N,A,-,Y,LA,NA,57,NA,R,10.62,H,NA,R,Y,4,0,3,2,A,-,03,22350,NA,M,C,C,A,A,H,-,A,D,0,NA,NA,NA,NA,Y,NA,A,01,0,0,3,0,0,0,0,0,0,-,-,34.104190826416016,-117.82021331787108,LOS ANGELES,SAN DIMAS,-117.8202667236328,34.10417175292969
91723429,2022,2022-03-15,9535,2022-03-06,0315,022343,NA,7,3,9,1900,0,1,1,NA,2,500,I-5 (SANTA ANA FREEWAY) N/B,I-710 (LONG BEACH FREEWAY) N/B,570,S,N,A,-,Y,LA,NA,5,NA,NA,13.652,H,NA,R,N,4,0,1,1,A,-,01,23152,A,N,E,I,A,A,H,-,C,A,0,NA,NA,NA,NA,Y,Y,A,01,0,0,1,0,0,0,0,0,0,-,-,34.015499114990234,-118.17076873779295,LOS ANGELES,UNINCORPORATED,-118.17081451416016,34.015419006347656
91723435,2022,2022-03-15,9550,2022-03-08,1957,020974,NA,2,2,6,1949,0,1,1,NA,2,500,I-5 S/B TO IMPERIAL HIGHWAY,IMPERIAL HIGHWAY,300,N,N,A,-,Y,NA,NA,NA,NA,NA,NA,NA,NA,NA,Y,4,0,4,2,A,-,03,22350,NA,N,C,C,A,A,H,-,C,A,0,NA,NA,NA,NA,Y,NA,A,01,0,0,4,0,0,0,0,0,0,-,-,33.91804122924805,-118.08123779296876,LOS ANGELES,NORWALK,-118.08123779296876,33.91804122924805
91723437,2022,2022-03-15,9530,2022-03-04,1345,020349,NA,5,1,9,1900,0,3,5,NA,2,002,ALAMEDA ST,130TH ST,0,NA,Y,A,-,N,NA,NA,NA,NA,NA,NA,NA,NA,NA,N,3,0,2,3,A,-,09,21804,A,N,D,C,A,A,H,-,A,A,0,NA,NA,NA,NA,Y,NA,A,01,0,1,1,0,0,0,0,0,0,-,-,33.91442108154297,-118.22325897216795,LOS ANGELES,UNINCORPORATED,-118.22328186035156,33.91437530517578
91723440,2022,2022-03-15,9575,2022-03-10,0926,019782,NA,4,1,6,1925,0,1,3,NA,2,042,SR-134 W/B (VENTURA FREEWAY) FROM GLENDALE AVE.,GLENDALE AVE.,200,W,N,A,-,Y,LA,NA,134,NA,R,7.714,H,NA,L,N,3,0,1,2,A,-,03,22350,NA,N,C,C,A,A,H,-,A,D,0,NA,NA,NA,NA,Y,Y,A,01,0,1,0,0,0,0,0,0,0,-,-,34.15666961669922,-118.24476623535156,LOS ANGELES,GLENDALE,-118.24480438232422,34.156455993652344
91723452,2022,2022-03-15,9550,2022-03-09,0150,022239,NA,3,3,5,1919,0,1,3,NA,2,092,SR-91 W/B,NORWALK BLVD,150,W,N,A,-,Y,LA,NA,91,NA,R,18.576,H,NA,L,N,3,0,1,2,A,-,03,22350,NA,F,C,C,A,A,H,-,C,D,0,NA,NA,NA,NA,Y,NA,-,99,0,1,0,0,0,0,0,0,0,-,-,33.87656021118164,-118.07402801513672,LOS ANGELES,CERRITOS,-118.07402801513672,33.87653732299805
91723469,2022,2022-03-15,9550,2022-03-05,1525,022789,NA,6,2,9,1900,0,3,5,NA,2,004,COUNTRYWOOD AVE.,FLOWER GLEN DRIVE,854,S,N,B,-,N,NA,NA,NA,NA,NA,NA,NA,NA,NA,Y,3,0,1,1,A,-,08,22107,NA,N,E,I,A,A,H,-,A,D,0,NA,NA,NA,NA,Y,NA,A,01,0,1,0,0,0,0,0,0,0,-,-,33.99433135986328,-117.9421615600586,LOS ANGELES,UNINCORPORATED,-117.94216918945313,33.994178771972656
91723524,2022,2022-03-15,9540,2022-03-06,1235,019853,NA,7,1,9,1900,0,2,4,NA,2,061,THE OLD RD,PARKER RD,0,NA,Y,A,-,N,NA,NA,NA,NA,NA,NA,NA,NA,NA,N,4,0,1,2,A,-,09,21802,A,N,B,C,A,A,H,-,A,A,0,NA,NA,NA,NA,Y,NA,-,-,0,0,1,0,0,0,0,0,0,-,-,34.489070892333984,-118.62120056152344,LOS ANGELES,UNINCORPORATED,-118.62120056152344,34.489070892333984
91723547,2022,2022-03-15,9535,2022-03-05,2045,022305,NA,6,2,9,1900,0,1,1,NA,2,075,I-710 (LONG BEACH FREEWAY) S/B,IMPERIAL HIGHWAY,2117,N,N,A,-,Y,LA,NA,710,NA,NA,17.26,H,NA,L,N,3,0,2,2,A,-,07,21658,A,F,B,C,A,A,H,-,D,D,0,NA,NA,NA,NA,Y,Y,-,99,0,2,0,0,0,0,0,0,0,-,-,33.9345703125,-118.17700958251952,LOS ANGELES,UNINCORPORATED,-118.17697143554688,33.93453598022461
91723553,2021,2022-03-15,9550,2021-08-07,0245,022403,NA,6,3,6,1949,0,1,1,NA,2,651,INTERSTATE 605 NORTHBOUND,DOWNEY NORWALK ROAD,100,S,N,A,-,Y,NA,NA,605,NA,NA,NA,NA,NA,N,Y,1,1,1,2,A,-,03,22350,NA,N,C,C,A,A,H,-,D,D,0,NA,NA,NA,NA,Y,NA,A,01,0,0,1,0,0,0,0,0,0,-,-,33.92218017578125,-118.10421752929688,LOS ANGELES,NORWALK,-118.10431671142578,33.92219161987305
91723571,2022,2022-03-15,9525,2022-03-14,1640,022630,NA,1,2,5,1990,0,1,3,NA,2,603,SR-60 W/B (POMONA FREEWAY),GRAND AVE.,3168,E,N,A,-,Y,LA,NA,60,NA,R,25.139,H,NA,L,Y,3,0,1,3,A,-,03,22350,NA,N,C,C,A,A,H,-,A,D,0,NA,NA,NA,NA,Y,NA,A,01,0,1,0,0,0,0,0,0,0,-,-,34.01845169067383,-117.81652069091795,LOS ANGELES,DIAMOND BAR,-117.81641387939452,34.01839065551758
91723594,2022,2022-03-15,9550,2022-03-01,1502,017511,NA,2,2,9,1900,0,3,5,NA,2,005,DESIRE AVE,COLIMA RD,85,S,N,A,-,N,NA,NA,NA,NA,NA,NA,NA,NA,NA,N,4,0,1,2,A,-,09,21804,A,N,G,B,D,A,H,-,A,D,0,Y,NA,NA,NA,Y,NA,A,01,0,0,1,0,1,0,0,0,0,-,-,33.987579345703125,-117.89642333984376,LOS ANGELES,UNINCORPORATED,-117.89645385742188,33.98761749267578
91723606,2022,2022-03-16,9525,2022-03-07,1920,019941,NA,1,2,5,1990,0,1,3,NA,2,611,SR-60 W/B TO SR-57 S/B,GRAND AVENUE,1056,W,N,A,-,Y,LA,NA,60,NA,R,24.227,H,NA,L,Y,3,0,2,2,A,-,08,22107,NA,N,E,I,A,A,H,-,E,D,0,NA,NA,NA,NA,Y,NA,A,01,0,2,0,0,0,0,0,0,0,-,-,34.0078010559082,-117.8258819580078,LOS ANGELES,DIAMOND BAR,-117.82598114013672,34.007877349853516
91723607,2022,2022-03-16,9525,2022-03-08,1340,019941,NA,2,1,5,1990,0,1,3,NA,2,574,SR-57 N/B (ORANGE FWY),PATHFINDER ROAD,4752,N,N,A,-,Y,LA,NA,57,NA,R,4.129,H,NA,R,Y,4,0,1,2,A,-,07,21658,A,N,B,C,A,A,H,-,A,D,0,NA,NA,Y,NA,Y,NA,A,01,0,0,1,0,0,0,0,0,1,-,-,33.997650146484375,-117.8388900756836,LOS ANGELES,DIAMOND BAR,-117.8388214111328,33.99760437011719
91723620,2022,2022-03-16,9565,2022-01-19,2015,021429,NA,3,2,6,1933,0,1,1,NA,2,060,I-405 N/B,CENTURY BLVD,1300,N,N,A,-,Y,LA,NA,405,NA,NA,22.474,H,NA,R,N,3,0,1,2,A,-,08,22107,NA,F,F,A,A,A,H,-,C,D,0,NA,NA,Y,NA,Y,NA,-,99,0,1,0,0,0,0,0,0,1,-,-,33.94889831542969,-118.36839294433594,LOS ANGELES,INGLEWOOD,-118.36839294433594,33.94889831542969
91723780,2022,2022-03-16,9530,2022-01-21,1125,022696,NA,5,1,9,1900,0,3,5,NA,2,001,FIRESTONE BLVD. (1500 BLOCK),COMPTON AVE.,36,E,N,A,-,N,NA,NA,NA,NA,NA,NA,NA,NA,NA,N,4,0,2,2,A,-,06,21755,A,M,B,C,A,A,H,-,A,D,0,NA,NA,NA,NA,Y,NA,A,01,0,0,2,0,0,0,0,0,0,-,-,33.96025848388672,-118.24727630615234,LOS ANGELES,UNINCORPORATED,-118.24732971191406,33.96015167236328
91723788,2022,2022-03-16,9565,2022-03-04,2015,022615,NA,5,2,9,1900,0,3,5,NA,2,004,EL SEGUNDO BLVD,I-405,45,E,N,A,-,N,NA,NA,NA,NA,NA,NA,NA,NA,NA,N,3,0,1,2,A,-,03,22350,NA,N,C,C,A,A,H,-,C,A,0,NA,NA,NA,NA,Y,NA,A,01,0,1,0,0,0,0,0,0,0,-,-,33.91630172729492,-118.36942291259766,LOS ANGELES,UNINCORPORATED,-118.37000274658205,33.91632080078125
91723790,2022,2022-03-16,9530,2022-03-05,0320,021842,NA,6,3,4,1939,0,1,1,NA,2,400,I-405 N/B,INGLEWOOD AVE.,100,S,N,A,-,Y,LA,NA,405,NA,NA,18.223,H,NA,R,Y,2,0,1,1,A,-,01,23152,A,N,E,I,A,A,H,-,D,D,0,NA,NA,NA,NA,Y,Y,D,22,1,0,0,0,0,0,0,0,0,-,-,33.890689849853516,-118.36100006103516,LOS ANGELES,LAWNDALE,-118.36090850830078,33.89077377319336
91723794,2022,2022-03-16,9590,2022-03-02,2300,022444,NA,3,3,7,1942,0,1,1,NA,2,064,I-10 E/B (SANTA MONICA FREEWAY),GRIFFITH AVENUE,50,E,N,A,-,Y,LA,NA,10,NA,NA,16.305,H,NA,R,Y,4,0,2,2,A,-,03,22350,NA,N,C,C,A,A,H,-,D,D,0,NA,NA,NA,NA,Y,NA,A,01,0,0,2,0,0,0,0,0,0,-,-,34.02737045288086,-118.25206756591795,LOS ANGELES,LOS ANGELES,-118.25209045410156,34.027339935302734
91723795,2022,2022-03-16,9580,2022-03-03,1230,019952,NA,4,1,7,1942,0,1,1,NA,2,405,I-405 S/B (SAN DIEGO FWY),BURBANK BLVD,2640,N,N,A,-,Y,LA,NA,405,NA,NA,40.928,H,NA,L,Y,3,0,2,2,A,-,07,21658,A,N,B,C,A,A,H,-,A,D,0,NA,NA,NA,NA,Y,NA,A,01,0,2,0,0,0,0,0,0,0,-,-,34.18088150024414,-118.47093963623048,LOS ANGELES,LOS ANGELES,-118.4709930419922,34.180850982666016
91723797,2022,2022-03-16,9580,2022-03-06,1925,021966,NA,7,2,9,1900,0,1,3,NA,1,271,SR-27 S/B (TOPANGA CYN. BLVD.),SR-1 N/B (PACIFIC COAST HWY.),1650,N,N,A,-,Y,LA,NA,27,NA,NA,0.342,H,NA,L,Y,3,0,1,1,A,-,03,22350,NA,N,F,I,A,A,H,-,D,D,0,NA,NA,NA,NA,Y,Y,A,07,0,1,0,0,0,0,0,0,0,-,-,34.04471969604492,-118.57981872558594,LOS ANGELES,UNINCORPORATED,-118.57975769042967,34.04471206665039
91723802,2022,2022-03-16,9565,2022-03-14,1720,022786,NA,1,2,7,1942,0,1,1,NA,2,082,I-10 W/B (SANTA MONICA FREEWAY),MILITARY AVE.,75,W,N,A,-,Y,LA,NA,10,NA,R,5.751,H,NA,L,Y,3,0,1,1,A,-,08,22107,NA,N,F,A,A,A,H,-,A,D,0,NA,NA,NA,NA,Y,NA,A,07,0,1,0,0,0,0,0,0,0,-,-,34.031829833984375,-118.42849731445313,LOS ANGELES,LOS ANGELES,-118.42849731445313,34.03184127807617
91723805,2022,2022-03-16,9530,2022-03-05,0522,022687,NA,6,3,9,1900,0,3,5,NA,2,001,FLORENCE AVE. (BLOCK 1800),WALNUT DR.,25,E,N,B,-,N,NA,NA,NA,NA,NA,NA,NA,NA,NA,N,2,0,1,2,A,-,08,22107,NA,N,C,E,A,A,H,-,A,D,0,NA,NA,NA,NA,Y,Y,A,01,1,0,0,0,0,0,0,0,0,-,-,33.97465133666992,-118.23938751220705,LOS ANGELES,UNINCORPORATED,-118.2394790649414,33.9747200012207
91723811,2022,2022-03-16,9530,2022-03-05,1245,022687,NA,6,1,9,1900,0,3,5,NA,2,002,ALAMEDA ST.,126TH ST.,0,NA,Y,A,-,N,NA,NA,NA,NA,NA,NA,NA,NA,NA,Y,4,0,1,2,A,-,09,21801,A,N,A,C,A,A,H,-,A,D,0,NA,NA,NA,Y,Y,NA,F,26,0,0,1,0,0,0,0,0,0,-,-,33.91801834106445,-118.22382354736328,LOS ANGELES,UNINCORPORATED,-118.2238540649414,33.91799545288086
91723829,2022,2022-03-16,9540,2022-03-09,0850,020862,NA,3,1,7,1942,0,1,1,NA,2,551,I-5 SOUTHBOUND (GOLDEN STATE FWY),RINALDI ST,1056,N,N,A,-,Y,LA,NA,5,NA,NA,40.712,H,NA,L,Y,2,0,1,2,A,-,07,21658,A,F,B,2,A,A,H,-,A,D,0,NA,NA,Y,NA,Y,NA,-,99,1,0,0,0,0,0,0,0,1,-,-,34.2823600769043,-118.4572525024414,LOS ANGELES,LOS ANGELES,-118.45726776123048,34.282352447509766
91723833,2022,2022-03-16,9530,2022-03-08,0751,022805,NA,2,1,9,1900,0,3,5,NA,2,005,MANHATTAN BEACH BLVD (3600 BLOCK),CRANBROOK AVE.,10,E,N,A,-,N,NA,NA,NA,NA,NA,NA,NA,NA,NA,N,2,0,1,2,A,-,10,21950,A,N,G,B,B,A,H,-,A,A,0,Y,NA,NA,NA,Y,NA,A,08,1,0,0,0,1,0,0,0,0,-,-,33.887359619140625,-118.33656311035156,LOS ANGELES,UNINCORPORATED,-118.33663940429688,33.88758850097656
91723843,2022,2022-03-16,9530,2022-02-26,1205,022696,NA,6,1,9,1900,0,3,5,NA,2,001,HOOPER AVE. (8400 BLOCK),84TH PL.,135,N,N,A,-,N,NA,NA,NA,NA,NA,NA,NA,NA,NA,Y,4,0,2,2,A,-,08,22107,NA,N,A,C,A,A,H,-,A,D,0,NA,NA,NA,NA,Y,NA,-,-,0,0,2,0,0,0,0,0,0,-,-,33.962398529052734,-118.25396728515624,LOS ANGELES,UNINCORPORATED,-118.25401306152344,33.96234893798828
91723851,2022,2022-03-16,9580,2022-03-15,0935,019715,NA,2,1,7,1942,0,1,2,NA,2,102,US-101 N/B (VENTURA FREEWAY),HAYVENHURST AVE.,0,NA,N,A,-,Y,LA,NA,101,NA,NA,18.213,H,NA,R,N,4,0,1,2,A,-,07,21658,A,M,E,I,A,A,H,-,A,D,0,NA,NA,NA,NA,Y,Y,-,99,0,0,1,0,0,0,0,0,0,-,-,34.165279388427734,-118.48536682128906,LOS ANGELES,LOS ANGELES,-118.4853744506836,34.16535568237305
91723853,2022,2022-03-16,9530,2022-03-05,1735,022079,NA,6,2,5,1977,0,1,3,NA,2,310,SR-91 W/B (ARTESIA FREEWAY),AVALON BLVD.,1000,W,N,B,-,Y,LA,NA,91,NA,R,7.24,H,NA,L,N,4,0,1,2,A,-,03,22350,NA,N,C,C,A,A,H,-,B,D,0,NA,NA,NA,NA,Y,NA,A,01,0,0,1,0,0,0,0,0,0,-,-,33.87289810180664,-118.26938629150392,LOS ANGELES,CARSON,-118.26937866210938,33.87284851074219
91723854,2022,2022-03-16,9580,2022-03-15,0810,020983,NA,2,1,7,1942,0,1,1,NA,2,404,I-405 S/B (SAN DIEGO FWY),BURBANK BLVD,600,S,N,A,-,Y,LA,NA,405,NA,NA,40.036,H,NA,L,N,4,0,1,2,A,-,03,22350,NA,F,C,C,A,A,H,-,A,D,0,NA,NA,NA,NA,Y,NA,-,99,0,0,1,0,0,0,0,0,0,-,-,34.16856002807617,-118.46833038330078,LOS ANGELES,LOS ANGELES,-118.468505859375,34.16863250732422
91723856,2022,2022-03-16,9530,2022-03-06,0056,022427,NA,7,3,7,1941,0,1,1,NA,2,072,I-710 S/B (LONG BEACH FREEWAY),I-405,350,N,N,A,-,Y,LA,NA,710,NA,NA,9.502,H,NA,L,Y,4,0,2,3,A,-,03,22350,NA,N,D,C,A,A,H,-,C,D,0,NA,NA,NA,NA,Y,Y,A,01,0,0,2,0,0,0,0,0,0,-,-,33.827728271484375,-118.20791625976564,LOS ANGELES,LONG BEACH,-118.20795440673828,33.82772445678711
91723867,2022,2022-03-16,9580,2022-03-15,0630,022755,NA,2,1,7,1942,0,1,1,NA,2,407,I-405 S/B (SAN DIEGO FWY),PLUMMER ST,200,S,N,A,-,Y,LA,NA,405,NA,NA,45.138,H,NA,L,N,4,0,1,2,A,-,03,22350,NA,N,C,C,A,A,H,-,A,D,0,NA,NA,NA,NA,Y,NA,A,01,0,0,1,0,0,0,0,0,0,-,-,34.2412109375,-118.47309112548828,LOS ANGELES,LOS ANGELES,-118.4731216430664,34.2412109375
91723868,2022,2022-03-29,9580,2022-03-08,0915,022755,NA,2,1,7,1942,0,1,1,NA,2,404,I-405 S/B (SAN DIEGO FWY),US-101 N/B (VENTURA FREEWAY),528,S,N,A,-,Y,LA,NA,405,NA,NA,39.381,H,NA,L,N,4,0,1,2,A,-,08,22107,NA,N,B,C,A,A,H,-,A,D,0,NA,NA,NA,Y,Y,NA,A,01,0,0,1,0,0,0,0,0,0,-,-,34.15932846069336,-118.46959686279295,LOS ANGELES,LOS ANGELES,-118.46957397460938,34.159332275390625
91723883,2021,2022-03-16,9565,2021-08-31,2351,021658,NA,2,3,6,1933,0,1,1,NA,2,060,I-405 S/B TO CENTURY BOULEVARD,ARBOR VITAE STREET,733,S,N,A,-,Y,NA,NA,405,NA,NA,NA,R,NA,S,Y,1,1,0,2,A,-,11,21956,A,N,G,B,D,A,H,-,C,D,0,Y,NA,NA,NA,Y,NA,N,60,0,0,0,1,0,0,0,0,0,-,-,33.95058059692383,-118.36936950683594,LOS ANGELES,INGLEWOOD,-118.36936950683594,33.95058059692383
91723899,2022,2022-03-16,9565,2022-03-04,1710,022442,NA,5,2,9,1900,0,2,4,NA,1,032,SLAUSON AVENUE,RIMPAU BOULEVARD,0,NA,Y,A,-,N,NA,NA,NA,NA,NA,NA,NA,NA,NA,N,4,0,1,2,A,-,12,21453,A,F,D,C,A,A,H,-,A,A,0,NA,NA,NA,NA,Y,NA,-,99,0,0,1,0,0,0,0,0,0,-,-,33.98897933959961,-118.33992004394533,LOS ANGELES,UNINCORPORATED,-118.33991241455078,33.98896789550781
91723907,2022,2022-03-16,9535,2022-03-04,1700,022109,NA,5,2,5,1952,0,1,1,NA,2,074,I-710 (LONG BEACH FREEWAY) S/B,ROSECRANS AVENUE,65,S,N,B,-,Y,LA,NA,710,NA,NA,14.965,H,NA,L,Y,4,0,1,3,A,-,07,21658,A,F,B,C,A,A,H,-,A,D,0,NA,NA,NA,NA,Y,NA,-,99,0,0,1,0,0,0,0,0,0,-,-,33.90345001220703,-118.18540191650392,LOS ANGELES,PARAMOUNT,-118.18564605712892,33.903568267822266
91723915,2022,2022-03-16,9540,2022-02-13,0540,018513,NA,7,3,9,1900,0,1,3,NA,1,144,SR-14 N/B (ANTELOPE VALLEY FREEWAY),PLACERITA CANYON RD UNDERCROSSING,300,N,N,A,-,Y,NA,NA,NA,NA,NA,NA,NA,NA,NA,Y,2,0,1,1,A,-,08,22107,NA,N,E,I,A,A,H,-,C,D,0,NA,NA,NA,NA,Y,NA,A,01,1,0,0,0,0,0,0,0,0,-,-,34,-118,LOS ANGELES,UNINCORPORATED,-118.49283599853516,34.378173828125
91723918,2022,2022-03-16,9535,2022-03-06,0115,022822,NA,7,3,5,1947,0,1,3,NA,2,601,STATE ROUTE 60 WESTBOUND (POMONA FREEWAY),FINDLAY AVE,385,W,N,A,-,Y,LA,NA,60,NA,R,5.095,H,NA,L,Y,4,0,1,2,A,-,03,22350,NA,M,C,C,A,A,H,-,D,D,0,NA,NA,NA,NA,Y,NA,A,01,0,0,1,0,0,0,0,0,0,-,-,34.03314971923828,-118.13922882080078,LOS ANGELES,MONTEBELLO,-118.13922882080078,34.03312683105469
91723935,2022,2022-03-16,9535,2022-03-06,0430,022277,NA,7,3,9,1900,0,1,1,NA,2,070,I-710 (LONG BEACH FREEWAY) N/B,FLORAL DR.,3010,N,N,A,-,Y,LA,NA,710,NA,NA,25.882,H,NA,R,Y,3,0,1,1,A,-,03,22350,NA,N,E,8,A,A,H,-,C,D,0,NA,NA,NA,NA,Y,Y,D,22,0,1,0,0,0,0,0,0,0,-,-,34.052730560302734,-118.16396331787108,LOS ANGELES,UNINCORPORATED,-118.16409301757813,34.05275344848633
91723957,2021,2022-03-16,9590,2021-12-18,1829,022691,NA,6,2,7,1942,0,1,2,NA,2,073,US-101 S/B (HOLLYWOOD FREEWAY),MULHOLLAND DR,775,S,N,A,-,Y,NA,NA,101,NA,NA,NA,NA,NA,S,N,4,0,5,2,A,-,03,22350,NA,N,C,C,A,A,H,-,C,D,0,NA,NA,NA,NA,Y,NA,A,01,0,0,5,0,0,0,0,0,0,-,-,34.121620178222656,-118.34020233154295,LOS ANGELES,LOS ANGELES,-118.34015655517578,34.12166213989258
91723982,2022,2022-03-16,9530,2022-03-07,1305,022438,NA,1,1,9,1900,0,3,5,NA,2,006,TORRANCE BOULEVARD (1200 BLOCK),NORMANDIE AVENUE,100,E,N,A,-,N,NA,NA,NA,NA,NA,NA,NA,NA,NA,N,4,0,1,2,A,-,09,21804,A,N,D,C,A,A,H,-,A,D,0,NA,NA,NA,NA,Y,NA,D,22,0,0,1,0,0,0,0,0,0,-,-,33.84196853637695,-118.2987823486328,LOS ANGELES,UNINCORPORATED,-118.2992935180664,33.84196090698242
91723999,2022,2022-03-16,9535,2022-03-14,2145,022641,NA,1,2,5,1901,0,1,1,NA,2,070,I-710 NORTHBOUND (LONG BEACH FREEWAY),VALLEY BLVD,1200,S,N,A,-,Y,LA,NA,710,NA,T,27.393,H,NA,R,N,3,0,1,1,A,-,01,23152,A,N,E,I,A,A,H,-,C,D,0,NA,NA,NA,NA,Y,Y,A,01,0,1,0,0,0,0,0,0,0,-,-,34.072261810302734,-118.1610107421875,LOS ANGELES,ALHAMBRA,-118.16091918945313,34.07224655151367
91724024,2022,2022-03-16,9530,2022-03-06,0147,022380,NA,7,3,9,1900,0,1,1,NA,2,110,I-110 N/B (HARBOR FREEWAY),EL SEGUNDO BOULEVARD,1584,S,N,A,-,Y,LA,NA,110,NA,NA,12.607,H,NA,R,N,2,0,1,2,A,-,11,21954,A,N,G,B,E,A,H,-,C,D,0,Y,NA,NA,NA,Y,Y,N,60,1,0,0,0,1,0,0,0,0,-,-,33.912288665771484,-118.28633880615234,LOS ANGELES,UNINCORPORATED,-118.28648376464844,33.912288665771484
91724043,2022,2022-03-16,9535,2022-03-06,1735,021772,NA,7,2,9,1900,0,1,1,NA,2,500,I-5 N/B (SANTA ANA FREEWAY),WASHINGTON BLVD,265,S,N,A,-,Y,LA,NA,5,NA,NA,11.499,H,NA,R,N,3,0,1,2,A,-,03,22350,NA,N,C,C,A,A,H,-,A,D,0,NA,NA,NA,NA,Y,NA,A,07,0,1,0,0,0,0,0,0,0,-,-,33.99441909790039,-118.1440887451172,LOS ANGELES,UNINCORPORATED,-118.14405059814452,33.99444580078125
91724118,2022,2022-03-16,9545,2022-03-10,1625,022753,NA,4,2,6,1992,0,1,3,NA,2,011,SR-14 N/B,AVENUE G,2640,S,N,A,-,Y,LA,NA,14,NA,R,70.514,H,NA,R,N,4,0,1,2,A,-,04,21703,NA,N,C,C,A,A,H,-,D,D,0,NA,NA,NA,NA,Y,NA,A,01,0,0,1,0,0,0,0,0,0,-,-,34.726348876953125,-118.17011260986328,LOS ANGELES,LANCASTER,-118.17005920410156,34.726348876953125
91724121,2022,2022-03-16,9590,2022-03-04,0000,022444,NA,5,3,7,1942,0,1,1,NA,2,065,I-10 WB (SANTA MONICA FREEWAY),SANTA FE AVE,100,W,N,B,C,Y,LA,NA,10,NA,NA,17.687,H,NA,L,N,4,0,1,1,A,-,08,22107,NA,N,F,A,A,B,H,-,D,D,0,NA,NA,Y,NA,Y,NA,C,02,0,0,1,0,0,0,0,0,1,-,-,34.028350830078125,-118.23033905029295,LOS ANGELES,LOS ANGELES,-118.2303466796875,34.028358459472656