CASE_ID,ACCIDENT_YEAR,PROC_DATE,JURIS,COLLISION_DATE,COLLISION_TIME,OFFICER_ID,REPORTING_DISTRICT,DAY_OF_WEEK,CHP_SHIFT,POPULATION,CNTY_CITY_LOC,SPECIAL_COND,BEAT_TYPE,CHP_BEAT_TYPE,CITY_DIVISION_LAPD,CHP_BEAT_CLASS,BEAT_NUMBER,PRIMARY_RD,SECONDARY_RD,DISTANCE,DIRECTION,INTERSECTION,WEATHER_1,WEATHER_2,STATE_HWY_IND,CALTRANS_COUNTY,CALTRANS_DISTRICT,STATE_ROUTE,ROUTE_SUFFIX,POSTMILE_PREFIX,POSTMILE,LOCATION_TYPE,RAMP_INTERSECTION,SIDE_OF_HWY,TOW_AWAY,COLLISION_SEVERITY,NUMBER_KILLED,NUMBER_INJURED,PARTY_COUNT,PRIMARY_COLL_FACTOR,PCF_CODE_OF_VIOL,PCF_VIOL_CATEGORY,PCF_VIOLATION,PCF_VIOL_SUBSECTION,HIT_AND_RUN,TYPE_OF_COLLISION,MVIW,PED_ACTION,ROAD_SURFACE,ROAD_COND_1,ROAD_COND_2,LIGHTING,CONTROL_DEVICE,CHP_ROAD_TYPE,PEDESTRIAN_ACCIDENT,BICYCLE_ACCIDENT,MOTORCYCLE_ACCIDENT,TRUCK_ACCIDENT,NOT_PRIVATE_PROPERTY,ALCOHOL_INVOLVED,STWD_VEHTYPE_AT_FAULT,CHP_VEHTYPE_AT_FAULT,COUNT_SEVERE_INJ,COUNT_VISIBLE_INJ,COUNT_COMPLAINT_PAIN,COUNT_PED_KILLED,COUNT_PED_INJURED,COUNT_BICYCLIST_KILLED,COUNT_BICYCLIST_INJURED,COUNT_MC_KILLED,COUNT_MC_INJURED,PRIMARY_RAMP,SECONDARY_RAMP,LATITUDE,LONGITUDE,COUNTY,CITY,POINT_X,POINT_Y
91734506,2021,2022-03-28,9565,2021-11-29,1745,021429,NA,1,2,6,1933,0,1,1,NA,2,060,I-405 N/B,W. ARBOR VITAE STREET,100,S,N,A,-,Y,NA,NA,405,NA,NA,NA,NA,NA,N,N,4,0,1,2,A,-,03,22350,NA,F,C,C,A,A,H,-,C,D,0,NA,NA,NA,NA,Y,NA,A,01,0,0,1,0,0,0,0,0,0,-,-,33.952301025390625,-118.36905670166016,LOS ANGELES,INGLEWOOD,-118.36912536621094,33.95228958129883
91734597,2022,2022-03-28,9590,2022-03-25,1415,022431,NA,5,2,7,1942,0,1,3,NA,2,030,SR-60 E/B (POMONA FREEWAY),LORENA STREET,150,E,N,A,-,Y,LA,NA,60,NA,R,1.511,H,NA,R,N,4,0,1,2,A,-,03,22350,NA,N,C,C,A,A,H,-,A,D,0,NA,NA,NA,NA,Y,NA,A,01,0,0,1,0,0,0,0,0,0,-,-,34.02936935424805,-118.19940948486328,LOS ANGELES,LOS ANGELES,-118.19943237304688,34.02943420410156
91734600,2022,2022-03-28,9590,2022-03-24,1720,022431,NA,4,2,7,1942,0,1,1,NA,2,040,I-5 N/B (SANTA ANA FREEWAY),EUCLID AVENUE,100,S,N,A,-,Y,LA,NA,5,NA,NA,16.043,H,NA,R,N,4,0,1,2,A,-,03,22350,NA,N,C,C,A,A,H,-,A,D,0,NA,NA,NA,NA,Y,NA,D,22,0,0,1,0,0,0,0,0,0,-,-,34.026878356933594,-118.20935821533205,LOS ANGELES,LOS ANGELES,-118.20935821533205,34.02688217163086
91734616,2022,2022-03-28,9540,2022-03-19,2014,022153,NA,6,2,9,1900,0,1,3,NA,1,139,SR-138 W/B,300TH STREET WEST,10560,W,N,A,-,N,NA,NA,NA,NA,NA,NA,NA,NA,NA,N,4,0,1,1,A,-,08,22107,NA,N,E,I,A,A,H,-,D,D,0,NA,NA,NA,NA,Y,NA,A,07,0,0,1,0,0,0,0,0,0,-,-,34.77190017700195,-118.6936264038086,LOS ANGELES,UNINCORPORATED,-118.69363403320313,34.77193069458008
91734622,2022,2022-03-28,9545,2022-03-16,2255,021434,NA,3,3,9,1900,0,1,3,NA,2,011,SR-14 S/B,AVENUE C,500,S,N,A,-,Y,LA,NA,14,NA,R,74.904,H,NA,L,Y,4,0,1,2,A,-,03,22350,NA,N,C,2,A,A,H,-,D,D,0,NA,NA,NA,Y,Y,NA,G,25,0,0,1,0,0,0,0,0,0,-,-,34.78997039794922,-118.17099761962892,LOS ANGELES,UNINCORPORATED,-118.17098999023438,34.78997039794922
91734624,2022,2022-03-28,9530,2022-03-16,0800,022805,NA,3,1,9,1900,0,3,5,NA,2,005,MARINE AVE (3300 BLOCK),LOMELI AVE,125,W,N,A,-,N,NA,NA,NA,NA,NA,NA,NA,NA,NA,N,3,0,1,2,A,-,10,21954,B,N,G,B,E,A,H,-,A,D,0,Y,NA,NA,NA,Y,NA,A,01,0,1,0,0,1,0,0,0,0,-,-,33.89461898803711,-118.33159637451172,LOS ANGELES,UNINCORPORATED,NA,NA
91734627,2022,2022-03-28,9545,2022-03-23,1120,020244,NA,3,1,9,1900,0,3,5,NA,2,003,DESERT RD,MEYERS CREEK RD,528,N,N,A,-,N,NA,NA,NA,NA,NA,NA,NA,NA,NA,Y,3,0,3,2,A,-,03,22350,NA,N,A,C,A,A,H,-,A,D,0,NA,NA,NA,NA,Y,NA,A,01,0,2,1,0,0,0,0,0,0,-,-,34.500038146972656,-118.1628875732422,LOS ANGELES,UNINCORPORATED,-118.16265869140624,34.50016784667969
91734634,2022,2022-03-28,9530,2022-03-16,0830,018745,NA,3,1,5,1977,0,1,1,NA,2,410,I-405 S/B (SAN DIEGO FREEWAY),DEL AMO BLVD.,1003,N,N,A,-,Y,LA,NA,405,NA,NA,12.1,H,NA,L,Y,4,0,1,4,A,-,03,22350,NA,F,C,C,A,A,H,-,A,D,0,NA,NA,NA,NA,Y,NA,-,99,0,0,1,0,0,0,0,0,0,-,-,33.8484001159668,-118.2735595703125,LOS ANGELES,CARSON,-118.27357482910156,33.848384857177734
91734642,2022,2022-03-28,9545,2022-03-18,1815,022678,NA,5,2,9,1900,0,3,5,NA,2,003,ANGELES FOREST HWY,MONTE CRISTO CREEK,971,N,N,A,-,N,NA,NA,NA,NA,NA,NA,NA,NA,NA,Y,3,0,1,2,A,-,08,22107,NA,N,B,C,A,A,H,-,A,D,0,NA,NA,NA,NA,Y,NA,A,07,0,1,0,0,0,0,0,0,0,-,-,34.345458984375,-118.1098403930664,LOS ANGELES,UNINCORPORATED,-118.12075805664064,34.32894515991211
91734644,2022,2022-03-28,9550,2022-03-16,1300,022738,NA,3,1,9,1900,0,1,3,NA,2,601,STATE ROUTE 60 (POMONA FREEWAY),AZUSA AVENUE,2480,E,N,A,-,Y,LA,NA,60,NA,NA,18.45,H,NA,R,N,3,0,1,2,A,-,07,21658,A,F,B,C,A,A,H,-,A,D,0,NA,NA,NA,NA,Y,NA,-,-,0,1,0,0,0,0,0,0,0,-,-,33.99578094482422,-117.92295837402344,LOS ANGELES,UNINCORPORATED,-117.92295837402344,33.995792388916016
91734649,2022,2022-03-28,9540,2022-03-06,1620,022189,NA,7,2,9,1900,0,2,4,NA,1,201,VASQUEZ CANYON RD,SIERRA HWY,430,W,N,A,-,N,NA,NA,NA,NA,NA,NA,NA,NA,NA,N,3,0,1,1,A,-,03,22350,NA,N,F,A,A,A,H,-,A,D,0,NA,NA,Y,NA,Y,NA,C,02,0,1,0,0,0,0,0,0,1,-,-,34.4552116394043,-118.42134857177734,LOS ANGELES,UNINCORPORATED,-118.42128753662108,34.45518112182617
91734666,2022,2022-03-28,9550,2022-03-01,1904,022613,NA,2,2,9,1900,0,3,5,NA,2,002,SUNSHINE AVENUE,LOUIS AVENUE,0,NA,Y,A,-,N,NA,NA,NA,NA,NA,NA,NA,NA,NA,Y,3,0,1,2,A,-,09,21802,A,F,D,C,A,A,H,-,C,A,0,NA,NA,Y,NA,Y,NA,D,22,0,1,0,0,0,0,0,0,1,-,-,33.5518913269043,-118.25316619873048,LOS ANGELES,UNINCORPORATED,-118.048095703125,33.92193603515625
91734667,2022,2022-03-28,9545,2022-03-19,2220,021819,NA,6,3,9,1900,0,3,5,NA,2,004,70TH STREET EAST,PALMDALE BOULEVARD,4130,N,N,A,-,N,NA,NA,NA,NA,NA,NA,NA,NA,NA,Y,4,0,1,1,A,-,08,22107,NA,N,F,J,A,A,H,-,D,D,0,NA,NA,NA,NA,Y,NA,A,01,0,0,1,0,0,0,0,0,0,-,-,34.590721130371094,-118.00495910644533,LOS ANGELES,UNINCORPORATED,-118.00503540039064,34.590850830078125
91734669,2022,2022-03-28,9545,2022-03-20,0250,021434,NA,7,3,9,1900,0,1,3,NA,2,031,SR-14 S/B,SANTIAGO ROAD,2640,N,N,B,-,Y,LA,NA,14,NA,R,51.305,H,NA,L,N,4,0,1,1,A,-,08,22107,NA,N,E,I,A,A,H,-,D,D,0,NA,NA,NA,NA,Y,NA,A,01,0,0,1,0,0,0,0,0,0,-,-,34.48556137084961,-118.1543197631836,LOS ANGELES,UNINCORPORATED,-118.15431213378906,34.485626220703125
91734678,2022,2022-03-28,9530,2022-02-28,1525,022847,NA,1,2,7,1941,0,1,1,NA,2,071,I-710 N/B (LONG BEACH FREEWAY),LONG BEACH BLVD.,1320,N,N,A,-,Y,LA,NA,710,NA,NA,12.854,H,NA,R,N,4,0,1,2,A,-,07,21658,A,F,B,C,A,A,H,-,A,D,0,NA,NA,NA,NA,Y,NA,A,01,0,0,1,0,0,0,0,0,0,-,-,33.87379837036133,-118.19344329833984,LOS ANGELES,LONG BEACH,-118.19346618652344,33.873802185058594
91734699,2022,2022-03-28,9525,2022-03-19,1610,022772,NA,6,2,5,1990,0,1,3,NA,2,573,SR-57 S/B (ORANGE FWY),DIAMOND BAR BLVD,1056,N,N,A,-,Y,LA,NA,57,NA,R,2.164,H,NA,L,N,3,0,2,4,A,-,03,22350,NA,N,C,C,A,A,H,-,A,D,0,NA,NA,NA,NA,Y,NA,A,01,0,1,1,0,0,0,0,0,0,-,-,33.97126007080078,-117.84699249267578,LOS ANGELES,DIAMOND BAR,-117.84695434570313,33.97124099731445
91734706,2022,2022-03-28,9590,2022-03-18,1010,018345,NA,5,1,7,1942,0,1,1,NA,2,010,SR-110 NORTHBOUND (ARROYO SECO PARKWAY),ALPINE ST.,109,S,N,A,-,Y,NA,NA,NA,NA,NA,NA,NA,NA,NA,N,3,0,1,1,A,-,08,22107,NA,N,E,J,A,A,H,-,A,D,0,NA,NA,NA,NA,Y,NA,A,01,0,1,0,0,0,0,0,0,0,-,-,34.06541061401367,-118.24598693847656,LOS ANGELES,LOS ANGELES,-118.24575042724608,34.06465530395508
91734709,2022,2022-03-28,9565,2022-03-20,0950,022733,NA,7,1,7,1942,0,1,1,NA,2,063,I-405 NORTHBOUND (SAN DIEGO FREEWAY),SANTA MONICA BLVD,200,S,N,A,-,Y,LA,NA,405,NA,NA,30.822,H,NA,R,N,4,0,1,2,A,-,03,22350,NA,F,C,C,A,A,H,-,A,D,0,NA,NA,NA,NA,Y,NA,A,07,0,0,1,0,0,0,0,0,0,-,-,34.0465087890625,-118.4460678100586,LOS ANGELES,LOS ANGELES,-118.44611358642578,34.04648208618164
91734722,2022,2022-03-28,9565,2022-03-19,1252,022733,NA,6,1,7,1942,0,1,1,NA,2,062,I-405 SOUTHBOUND (SAN DIEGO FREEWAY),PALMS BOULEVARD,1056,S,N,A,-,Y,LA,NA,405,NA,NA,28.322,H,NA,L,N,4,0,2,2,A,-,03,22350,NA,N,C,C,A,A,H,-,A,D,0,NA,NA,NA,NA,Y,NA,A,01,0,0,2,0,0,0,0,0,0,-,-,34.01654052734375,-118.42195129394533,LOS ANGELES,LOS ANGELES,-118.42201232910156,34.01650619506836
91734724,2022,2022-03-28,9530,2022-03-24,1622,022847,NA,4,2,7,1942,0,2,S,NA,2,901,FIGUEROA STREEET,182ND STREET AND FIGUEROA STREET,0,NA,Y,A,-,N,NA,NA,NA,NA,NA,NA,NA,NA,NA,N,3,0,5,3,A,-,01,23152,A,F,D,C,A,A,H,-,A,A,0,NA,NA,NA,NA,Y,Y,A,01,0,5,0,0,0,0,0,0,0,-,-,33.87031936645508,-118.28166961669922,LOS ANGELES,LOS ANGELES,-118.28164672851564,33.870304107666016
91734733,2022,2022-03-28,9590,2022-03-19,1553,022741,NA,6,2,7,1942,0,1,1,NA,2,061,I-10 W/B (SANTA MONICA FREEWAY),CRENSHAW BOULEVARD,40,W,N,A,-,Y,LA,NA,10,NA,R,11.377,H,NA,L,N,4,0,1,2,A,-,03,22350,NA,N,C,C,A,A,H,-,A,D,0,NA,NA,NA,NA,Y,NA,A,07,0,0,1,0,0,0,0,0,0,-,-,34.03519821166992,-118.3339614868164,LOS ANGELES,LOS ANGELES,-118.33395385742188,34.03514862060547
91734758,2022,2022-03-28,9580,2022-03-17,0954,019952,NA,4,1,7,1942,0,1,2,NA,2,104,US-101 N/B (VENTURA FREEWAY) FROM DE SOTO AVE,DE SOTO AVE,375,N,N,A,-,Y,LA,NA,101,NA,NA,24.451,H,NA,R,N,3,0,1,2,A,-,03,22350,NA,N,C,C,A,A,H,-,A,A,0,NA,NA,NA,NA,Y,NA,A,07,0,1,0,0,0,0,0,0,0,-,-,34.168670654296875,-118.59039306640624,LOS ANGELES,LOS ANGELES,-118.59043121337892,34.16847229003906
91734766,2022,2022-03-28,9565,2022-03-20,1250,022733,NA,7,1,7,1942,0,1,1,NA,2,062,I-405 NORTHBOUND TO I-10 (SAN DIEGO FREEWAY),NATIONAL BOULEVARD,200,N,N,A,-,Y,LA,NA,405,NA,NA,29.212,H,NA,R,Y,4,0,2,3,A,-,08,22107,NA,N,B,2,A,A,H,-,A,D,0,NA,NA,NA,NA,Y,NA,A,01,0,0,2,0,0,0,0,0,0,-,-,34.027469635009766,-118.43009185791016,LOS ANGELES,LOS ANGELES,-118.43031311035156,34.027347564697266
91734768,2022,2022-03-28,9580,2022-03-20,2305,021475,NA,7,3,7,1942,0,1,3,NA,2,116,SR-118 E/B (RONALD REAGAN FWY.) FROM TAMPA AVE,TAMPA AVE,20,E,N,A,-,Y,NA,NA,NA,NA,NA,NA,NA,NA,NA,Y,3,0,1,1,A,-,01,23152,A,N,E,I,A,A,H,-,C,D,0,NA,NA,NA,NA,Y,Y,A,01,0,1,0,0,0,0,0,0,0,-,-,34.27193832397461,-118.55590057373048,LOS ANGELES,LOS ANGELES,-118.55590057373048,34.27193832397461
91734774,2022,2022-03-28,9580,2022-03-27,1435,022762,NA,7,2,7,1942,0,1,1,NA,2,406,I-405 N/B (SAN DIEGO FWY),PLUMMER ST.,650,S,N,A,-,Y,LA,NA,405,NA,NA,45.119,H,NA,R,N,4,0,5,2,A,-,03,22350,NA,N,C,C,A,A,H,-,A,D,0,NA,NA,NA,NA,Y,NA,A,01,0,0,5,0,0,0,0,0,0,-,-,34.24094009399414,-118.47283935546876,LOS ANGELES,LOS ANGELES,-118.47289276123048,34.24094009399414
91734798,2022,2022-03-28,9565,2022-03-16,1629,021678,NA,3,2,9,1900,0,3,5,NA,2,003,STOCKER ST.,DON FELIPE DR.,70,E,N,A,-,N,NA,NA,NA,NA,NA,NA,NA,NA,NA,N,4,0,1,1,C,-,18,NA,NA,N,E,I,A,A,H,-,A,D,0,NA,NA,NA,NA,Y,NA,-,-,0,0,1,0,0,0,0,0,0,-,-,34.00590896606445,-118.33895111083984,LOS ANGELES,UNINCORPORATED,-118.33909606933594,34.00593566894531
91734800,2022,2022-03-28,9580,2022-03-17,2043,021966,NA,4,2,7,1942,0,1,1,NA,2,404,I-405 N/B (SAN DIEGO FWY),SEPULVEDA BLVD,1450,S,N,A,-,Y,LA,NA,405,NA,NA,38.317,H,NA,R,Y,4,0,1,1,A,-,03,22350,NA,N,B,I,A,A,H,-,D,D,0,NA,NA,NA,NA,Y,NA,A,01,0,0,1,0,0,0,0,0,0,-,-,34.1445198059082,-118.47102355957033,LOS ANGELES,LOS ANGELES,-118.47095489501952,34.144508361816406
91734811,2022,2022-03-28,9530,2022-03-10,1450,022676,NA,4,2,9,1900,0,3,5,NA,2,004,DEL AMO BLVD (2800 BLOCK),SANTA FE AVE,29,E,N,A,-,N,NA,NA,NA,NA,NA,NA,NA,NA,NA,N,4,0,1,2,A,-,03,22350,NA,N,C,C,A,A,H,-,A,A,0,NA,NA,NA,NA,Y,NA,A,01,0,0,1,0,0,0,0,0,0,-,-,33.8466796875,-118.21147918701172,LOS ANGELES,UNINCORPORATED,-118.2116241455078,33.84657287597656
91734838,2022,2022-03-28,9580,2022-03-17,2045,021966,NA,4,2,7,1942,0,1,1,NA,2,404,I-405 N/B (SAN DIEGO FWY),SEPULVEDA BLVD,3000,S,N,A,-,Y,LA,NA,405,NA,NA,38.02,H,NA,R,N,4,0,2,3,A,-,03,22350,NA,N,C,C,A,A,H,-,D,D,0,NA,NA,NA,NA,Y,NA,A,07,0,0,2,0,0,0,0,0,0,-,-,34.14020919799805,-118.47115325927734,LOS ANGELES,LOS ANGELES,-118.47109222412108,34.14021682739258
91734839,2022,2022-03-28,9530,2022-03-10,1905,022676,NA,4,2,7,1941,0,1,1,NA,2,072,S/B I-710 (LONG BEACH FREEWAY),I-405 (SAN DIEGO FREEWAY),90,N,N,A,-,Y,LA,NA,710,NA,NA,9.448,H,NA,R,N,4,0,1,2,A,-,03,22350,NA,M,C,C,A,A,H,-,C,D,0,NA,NA,NA,NA,Y,NA,-,99,0,0,1,0,0,0,0,0,0,-,-,33.82699966430664,-118.20767974853516,LOS ANGELES,LONG BEACH,-118.2075424194336,33.827030181884766
91734849,2022,2022-03-28,9580,2022-03-18,1350,021079,NA,5,1,9,1900,0,3,5,NA,1,040,LATIGO CANYON RD,NEWTON CANYON RD,2000,S,N,A,-,N,NA,NA,NA,NA,NA,NA,NA,NA,NA,N,3,0,1,1,A,-,08,22107,NA,N,E,I,A,A,H,-,A,D,0,NA,Y,NA,NA,Y,NA,L,04,0,1,0,0,0,0,1,0,0,-,-,34.08103942871094,-118.79833984375,LOS ANGELES,UNINCORPORATED,-118.79769134521484,34.08094024658203
91734865,2022,2022-03-28,9580,2022-03-18,1422,021966,NA,5,2,7,1942,0,1,2,NA,2,102,US-101 N/B (VENTURA FREEWAY),I-405 N/B (SAN DIEGO FWY),500,S,N,A,-,Y,LA,NA,101,NA,NA,17.067,H,NA,R,Y,4,0,1,4,A,-,03,22350,NA,N,C,C,A,A,H,-,A,D,0,NA,NA,NA,NA,Y,NA,-,-,0,0,1,0,0,0,0,0,0,-,-,34.160179138183594,-118.46800231933594,LOS ANGELES,LOS ANGELES,-118.46798706054688,34.16019821166992
91734868,2022,2022-03-28,9540,2022-03-23,1007,022385,NA,3,1,6,1985,0,1,3,NA,1,145,SR-14 S/B (ANTELOPE VALLEY FREEWAY),VIA PRINCESSA,1330,S,N,A,-,Y,LA,NA,14,NA,R,30.639,H,NA,L,N,4,0,3,4,A,-,03,22350,NA,N,C,C,A,A,H,-,A,D,0,NA,NA,NA,NA,Y,NA,A,01,0,0,3,0,0,0,0,0,0,-,-,34.4005012512207,-118.45890808105467,LOS ANGELES,SANTA CLARITA,-118.45893096923828,34.40052795410156
91734875,2022,2022-03-28,9580,2022-03-25,0815,021522,NA,5,1,7,1942,0,1,1,NA,2,407,I-405 S/B (SAN DIEGO FWY),DEVONSHIRE ST,400,S,N,A,-,Y,LA,NA,405,NA,NA,46.229,H,NA,L,N,3,0,3,2,A,-,03,22350,NA,N,C,C,A,A,H,-,A,D,0,NA,NA,NA,NA,Y,NA,A,01,0,1,2,0,0,0,0,0,0,-,-,34.25701141357422,-118.47228240966795,LOS ANGELES,LOS ANGELES,-118.4723663330078,34.25701141357422
91734879,2022,2022-03-28,9565,2022-03-16,1745,021759,NA,3,2,9,1900,0,2,4,NA,2,022,NORMANDIE AVE,108TH ST,20,S,N,A,-,N,NA,NA,NA,NA,NA,NA,NA,NA,NA,N,3,0,1,2,A,-,03,22350,NA,N,C,C,A,A,H,-,A,D,0,NA,NA,NA,NA,Y,NA,A,01,0,1,0,0,0,0,0,0,0,-,-,33.938018798828125,-118.30023193359376,LOS ANGELES,UNINCORPORATED,-118.30029296875,33.93812561035156
91734906,2022,2022-03-28,9590,2022-03-16,0130,021535,NA,3,3,7,1942,0,1,1,NA,2,083,I-5 S/B (GSF) TO SR-110 S/B (ASP),DUVALL STREET,1000,S,N,A,-,Y,NA,NA,NA,NA,NA,NA,NA,NA,NA,Y,3,0,1,2,A,-,07,21658,A,N,B,C,A,A,H,-,C,D,0,NA,NA,NA,NA,Y,NA,A,01,0,1,0,0,0,0,0,0,0,-,-,34.081390380859375,-118.22811889648438,LOS ANGELES,LOS ANGELES,-118.22811889648438,34.081390380859375
91734929,2022,2022-03-28,9580,2022-03-19,0456,022572,NA,6,3,7,1942,0,1,1,NA,2,406,I-405 N/B (SAN DIEGO FWY),ROSCOE BLVD,1000,S,N,A,-,Y,LA,NA,405,NA,NA,43.353,H,NA,R,Y,3,0,2,2,A,-,03,22350,NA,N,C,C,A,A,H,-,C,D,0,NA,NA,NA,NA,Y,NA,A,01,0,1,1,0,0,0,0,0,0,-,-,34.21529006958008,-118.47315979003906,LOS ANGELES,LOS ANGELES,-118.47314453125,34.21529006958008
91734934,2022,2022-03-28,9540,2022-03-25,2045,021374,NA,5,2,9,1900,0,2,4,NA,2,010,THE OLD RD,MARKET DR S,0,NA,Y,A,-,N,NA,NA,NA,NA,NA,NA,NA,NA,NA,N,4,0,1,2,A,-,09,21801,A,N,D,C,A,A,H,-,C,A,0,NA,NA,NA,NA,Y,NA,A,01,0,0,1,0,0,0,0,0,0,-,-,34.38283157348633,-118.57132720947266,LOS ANGELES,UNINCORPORATED,NA,NA
91734949,2022,2022-03-28,9550,2022-03-25,1736,022613,NA,5,2,9,1900,0,2,4,NA,1,032,GALE AVENUE,TURNBULL CANYON ROAD,180,W,N,A,-,N,NA,NA,NA,NA,NA,NA,NA,NA,NA,Y,2,0,1,2,A,-,01,23152,A,N,A,C,A,A,H,-,A,A,0,NA,NA,Y,NA,Y,Y,A,08,1,0,0,0,0,0,0,0,1,-,-,34.054691314697266,-117.5835189819336,LOS ANGELES,UNINCORPORATED,-117.97633361816406,34.01515579223633
91734966,2022,2022-03-28,9580,2022-03-19,1535,022437,NA,6,2,7,1942,0,1,1,NA,2,404,I-405 S/B (SAN DIEGO FWY),MULHOLLAND DR,3000,N,N,A,-,Y,LA,NA,405,NA,NA,37.639,H,NA,L,Y,3,0,1,2,A,-,08,22107,NA,N,C,C,A,A,H,-,A,D,0,NA,NA,Y,NA,Y,NA,-,-,0,1,0,0,0,0,0,0,1,-,-,34.13471984863281,-118.4722137451172,LOS ANGELES,LOS ANGELES,-118.47234344482422,34.13475036621094
91734975,2022,2022-03-28,9590,2022-03-16,2250,021346,NA,3,3,7,1942,0,1,2,NA,2,070,US-101 N/B (SANTA ANA FREEWAY),FIGUEROA STREET,100,N,N,A,-,Y,LA,NA,101,NA,NA,1.485,H,NA,R,Y,3,0,3,2,A,-,01,23152,A,N,C,C,A,A,H,-,C,D,0,NA,NA,NA,NA,Y,Y,A,01,0,3,0,0,0,0,0,0,0,-,-,34.061378479003906,-118.24754333496094,LOS ANGELES,LOS ANGELES,-118.24755859375,34.061370849609375
91734979,2022,2022-03-28,9580,2022-03-20,1345,022653,NA,7,1,7,1942,0,1,2,NA,2,103,US-101 S/B (VENTURA FREEWAY),VAN NUYS BLVD,528,N,N,A,-,Y,LA,NA,101,NA,NA,16.288,H,NA,L,Y,4,0,1,1,C,-,18,NA,NA,N,E,I,A,A,H,-,A,D,0,NA,NA,NA,NA,Y,NA,-,-,0,0,1,0,0,0,0,0,0,-,-,34.157711029052734,-118.45490264892578,LOS ANGELES,LOS ANGELES,-118.45489501953124,34.157745361328125
91734985,2022,2022-03-28,9540,2022-03-23,0550,022385,NA,3,3,6,1985,0,1,3,NA,2,149,SR-14 S/B (ANTELOPE VALLEY FREEWAY),NEWHALL AVE.,1350,S,N,A,-,Y,LA,NA,14,NA,R,26.796,H,NA,L,Y,4,0,4,2,A,-,03,22350,NA,N,C,C,A,A,H,-,B,D,0,NA,NA,NA,NA,Y,NA,D,22,0,0,4,0,0,0,0,0,0,-,-,34.361900329589844,-118.50570678710938,LOS ANGELES,SANTA CLARITA,-118.50557708740234,34.36185073852539
91735024,2022,2022-03-28,9530,2022-03-16,1700,022022,NA,3,2,7,1942,0,1,1,NA,2,110,N/B I-110,CENTURY BLVD,1795,S,N,A,-,Y,LA,NA,110,NA,NA,14.627,H,NA,R,N,3,0,1,2,A,-,07,21658,A,N,C,C,A,A,H,-,A,D,0,NA,NA,Y,NA,Y,NA,C,02,0,1,0,0,0,0,0,0,1,-,-,33.9404411315918,-118.27960968017578,LOS ANGELES,LOS ANGELES,-118.27975463867188,33.940433502197266
91735046,2022,2022-03-28,9590,2022-03-06,2155,022698,NA,7,2,7,1942,0,1,1,NA,2,050,I-110 NORTHBOUND (HARBOR FREEWAY),54TH STREET,100,S,N,A,-,Y,LA,NA,110,NA,NA,18.267,H,NA,R,N,4,0,1,2,A,-,07,21658,A,N,C,C,A,A,H,-,C,D,0,NA,NA,NA,NA,Y,NA,A,01,0,0,1,0,0,0,0,0,0,-,-,33.99293899536133,-118.2802963256836,LOS ANGELES,LOS ANGELES,-118.28043365478516,33.99293899536133
91735076,2021,2022-03-28,9590,2021-11-01,1810,022698,NA,1,2,7,1942,0,1,1,NA,2,062,I-10 EASTBOUND (SANTA MONICA FREEWAY),HILL STREET,150,W,N,B,-,Y,NA,NA,10,NA,NA,NA,NA,NA,E,N,4,0,1,2,A,-,07,21658,A,N,B,C,A,A,H,-,B,D,0,NA,NA,Y,NA,Y,NA,A,08,0,0,1,0,0,0,0,0,1,-,-,34.03388977050781,-118.26595306396484,LOS ANGELES,LOS ANGELES,-118.26598358154295,34.0338249206543
91735102,2022,2022-03-28,9540,2022-03-16,0600,021118,NA,3,1,7,1942,0,1,1,NA,2,500,I-5 N/B,ROXFORD ST,2640,S,N,A,-,Y,LA,NA,5,NA,NA,42.099,H,NA,R,Y,3,0,1,4,A,-,07,21658,A,N,B,C,A,A,H,-,C,D,0,NA,NA,NA,Y,Y,NA,A,01,0,1,0,0,0,0,0,0,0,-,-,34.29719924926758,-118.47341918945313,LOS ANGELES,LOS ANGELES,-118.47350311279295,34.297142028808594
91735111,2022,2022-03-28,9530,2022-03-16,2013,019029,NA,3,2,9,1900,0,3,5,NA,2,003,ROSECRANS AVE.,COOKACRE AVE.,86,W,N,A,-,N,NA,NA,NA,NA,NA,NA,NA,NA,NA,N,4,0,1,2,A,-,09,21801,A,N,A,C,A,A,H,-,C,D,0,NA,NA,NA,NA,Y,NA,A,01,0,0,1,0,0,0,0,0,0,-,-,33.90357971191406,-118.1953582763672,LOS ANGELES,UNINCORPORATED,-118.19527435302734,33.903560638427734
91735120,2022,2022-03-28,9530,2022-03-16,2009,017755,NA,3,2,9,1900,0,3,5,NA,2,003,ROSECRANS AVE. (4300 BLOCK),COOKACRE ST.,47,E,N,A,-,N,NA,NA,NA,NA,NA,NA,NA,NA,NA,N,4,0,1,2,A,-,03,22350,NA,F,C,C,A,A,H,-,C,D,0,NA,NA,NA,NA,Y,NA,A,01,0,0,1,0,0,0,0,0,0,-,-,33.90359115600586,-118.19483184814452,LOS ANGELES,UNINCORPORATED,-118.19483184814452,33.903560638427734