CASE_ID,ACCIDENT_YEAR,PROC_DATE,JURIS,COLLISION_DATE,COLLISION_TIME,OFFICER_ID,REPORTING_DISTRICT,DAY_OF_WEEK,CHP_SHIFT,POPULATION,CNTY_CITY_LOC,SPECIAL_COND,BEAT_TYPE,CHP_BEAT_TYPE,CITY_DIVISION_LAPD,CHP_BEAT_CLASS,BEAT_NUMBER,PRIMARY_RD,SECONDARY_RD,DISTANCE,DIRECTION,INTERSECTION,WEATHER_1,WEATHER_2,STATE_HWY_IND,CALTRANS_COUNTY,CALTRANS_DISTRICT,STATE_ROUTE,ROUTE_SUFFIX,POSTMILE_PREFIX,POSTMILE,LOCATION_TYPE,RAMP_INTERSECTION,SIDE_OF_HWY,TOW_AWAY,COLLISION_SEVERITY,NUMBER_KILLED,NUMBER_INJURED,PARTY_COUNT,PRIMARY_COLL_FACTOR,PCF_CODE_OF_VIOL,PCF_VIOL_CATEGORY,PCF_VIOLATION,PCF_VIOL_SUBSECTION,HIT_AND_RUN,TYPE_OF_COLLISION,MVIW,PED_ACTION,ROAD_SURFACE,ROAD_COND_1,ROAD_COND_2,LIGHTING,CONTROL_DEVICE,CHP_ROAD_TYPE,PEDESTRIAN_ACCIDENT,BICYCLE_ACCIDENT,MOTORCYCLE_ACCIDENT,TRUCK_ACCIDENT,NOT_PRIVATE_PROPERTY,ALCOHOL_INVOLVED,STWD_VEHTYPE_AT_FAULT,CHP_VEHTYPE_AT_FAULT,COUNT_SEVERE_INJ,COUNT_VISIBLE_INJ,COUNT_COMPLAINT_PAIN,COUNT_PED_KILLED,COUNT_PED_INJURED,COUNT_BICYCLIST_KILLED,COUNT_BICYCLIST_INJURED,COUNT_MC_KILLED,COUNT_MC_INJURED,PRIMARY_RAMP,SECONDARY_RAMP,LATITUDE,LONGITUDE,COUNTY,CITY,POINT_X,POINT_Y
91740119,2022,2022-04-04,9575,2022-03-27,1221,022110,NA,7,1,7,1942,0,1,3,NA,2,044,SR-134 E/B (VENTURA FREEWAY),CAGUENGA BOULEVARD,410,E,N,A,-,Y,LA,NA,134,NA,NA,0.947,H,NA,R,N,4,0,1,2,A,-,07,21658,A,N,B,C,A,A,H,-,A,D,0,NA,NA,NA,NA,Y,NA,A,01,0,0,1,0,0,0,0,0,0,-,-,34.15306854248047,-118.3600616455078,LOS ANGELES,LOS ANGELES,-118.3600616455078,34.153053283691406
91740124,2022,2022-04-04,9565,2022-03-22,1913,022576,NA,2,2,9,1900,0,3,5,NA,2,003,VICTORIA AVE,HOMELAND DR,0,NA,Y,A,-,N,NA,NA,NA,NA,NA,NA,NA,NA,NA,N,4,0,2,2,A,-,09,21802,A,N,D,C,A,A,H,-,B,A,0,NA,NA,NA,NA,Y,NA,A,07,0,0,2,0,0,0,0,0,0,-,-,34.004878997802734,-118.33473205566406,LOS ANGELES,UNINCORPORATED,-118.33473205566406,34.00486373901367
91740141,2022,2022-04-04,9535,2022-03-22,2045,022142,NA,2,2,5,1901,0,1,1,NA,2,421,I-10 (SAN BERNARDINO FREEWAY) W/B,FREMONT AVE,1550,E,N,A,-,Y,LA,NA,10,NA,NA,22.621,H,NA,L,N,4,0,1,2,A,-,07,21658,A,N,B,C,A,A,H,-,D,D,0,NA,NA,NA,Y,Y,NA,-,-,0,0,1,0,0,0,0,0,0,-,-,34.07099914550781,-118.14674377441406,LOS ANGELES,ALHAMBRA,-118.14672088623048,34.07097244262695
91740142,2022,2022-04-04,9530,2022-02-05,1420,022079,NA,6,2,7,1941,0,1,1,NA,2,072,I-710 N/B (LONG BEACH FREEWAY),WARDLOW RD.,400,S,N,A,-,Y,LA,NA,710,NA,NA,8.985,H,NA,R,Y,4,0,3,5,A,-,03,22350,NA,F,C,C,A,A,H,-,A,D,0,NA,NA,NA,Y,Y,NA,A,01,0,0,3,0,0,0,0,0,0,-,-,33.82025146484375,-118.206787109375,LOS ANGELES,LONG BEACH,-118.20687866210938,33.82025146484375
91740148,2022,2022-04-04,9590,2022-03-31,2315,021998,NA,4,3,7,1942,0,1,2,NA,2,071,UNITED STATES 101 SOUTHBOUND (HOLLYWOOD FREEWAY),BENTON WAY,500,N,N,A,-,Y,LA,NA,101,NA,NA,3.411,H,NA,L,N,4,0,1,2,A,-,03,22350,NA,N,C,C,A,A,H,-,C,D,0,NA,NA,NA,NA,Y,NA,A,08,0,0,1,0,0,0,0,0,0,-,-,34.07543182373047,-118.2754364013672,LOS ANGELES,LOS ANGELES,-118.27544403076172,34.07542037963867
91740156,2022,2022-04-04,9545,2022-03-28,0915,016124,NA,1,1,9,1900,0,3,5,NA,2,003,CROWN VALLEY ROAD,ANTELOPE WOODS,30,N,N,B,C,N,NA,NA,NA,NA,NA,NA,NA,NA,NA,Y,4,0,2,2,A,-,01,23152,A,N,A,C,A,B,H,-,A,D,0,NA,NA,NA,NA,Y,Y,A,08,0,0,2,0,0,0,0,0,0,-,-,34.49066162109375,-118.19822692871094,LOS ANGELES,UNINCORPORATED,-118.19824981689452,34.490440368652344
91740172,2022,2022-04-04,9545,2022-03-23,2229,021695,NA,3,3,9,1900,0,3,5,NA,2,001,AVENUE M,20TH STREET WEST,35,E,N,A,-,N,NA,NA,NA,NA,NA,NA,NA,NA,NA,Y,4,0,1,2,A,-,01,23152,A,N,D,C,A,A,H,-,C,A,0,NA,NA,NA,NA,Y,Y,A,01,0,0,1,0,0,0,0,0,0,-,-,34.645748138427734,-118.16551208496094,LOS ANGELES,UNINCORPORATED,-118.16545104980467,34.64575958251953
91740181,2022,2022-04-04,9590,2022-03-22,0800,015575,NA,2,1,7,1942,0,1,1,NA,2,084,I-5 N/B (GOLDEN STATE FREEWAY),FLETCHER DRIVE,1900,N,N,A,-,Y,LA,NA,5,NA,NA,23.345,H,NA,R,N,4,0,1,2,A,-,03,22350,NA,N,C,C,A,A,H,-,A,D,0,NA,NA,NA,NA,Y,NA,A,01,0,0,1,0,0,0,0,0,0,-,-,34.109500885009766,-118.26113128662108,LOS ANGELES,LOS ANGELES,-118.26113128662108,34.1094970703125
91740193,2022,2022-04-04,9565,2022-03-23,0755,017289,NA,3,1,9,1900,0,2,4,NA,1,032,SLAUSON AVE,KINGS RD,0,NA,Y,A,-,N,NA,NA,NA,NA,NA,NA,NA,NA,NA,N,4,0,3,2,D,-,00,NA,NA,N,D,C,A,A,H,-,A,A,0,NA,NA,NA,NA,Y,NA,-,-,0,0,3,0,0,0,0,0,0,-,-,33.98760986328125,-118.36720275878906,LOS ANGELES,UNINCORPORATED,-118.36717987060548,33.98744583129883
91740207,2022,2022-04-04,9580,2022-03-26,1445,022707,NA,6,2,7,1942,0,1,1,NA,2,406,I-405 N/B (SAN DIEGO FWY),ROSCOE BLVD,2112,S,N,A,-,Y,LA,NA,405,NA,NA,43.371,H,NA,R,Y,4,0,2,2,A,-,03,22350,NA,M,C,C,A,A,H,-,A,D,0,NA,NA,NA,NA,Y,NA,A,07,0,0,2,0,0,0,0,0,0,-,-,34.21554946899414,-118.47322845458984,LOS ANGELES,LOS ANGELES,-118.47314453125,34.21554946899414
91740214,2022,2022-04-04,9540,2022-04-01,1903,015576,NA,5,2,9,1900,0,1,1,NA,2,210,I-210 W/B (FOOTHILL FREEWAY),ROXFORD ST.,200,E,N,A,-,Y,LA,NA,210,NA,R,1.985,H,NA,L,N,4,0,1,2,A,-,07,21658,A,N,B,C,A,A,D,-,D,D,0,NA,NA,NA,Y,Y,NA,G,25,0,0,1,0,0,0,0,0,0,-,-,34.32365036010742,-118.4595184326172,LOS ANGELES,UNINCORPORATED,-118.4595184326172,34.323665618896484
91740217,2022,2022-04-04,9590,2022-03-11,2310,022701,NA,5,3,7,1942,0,1,1,NA,2,051,I-110 (HARBOR FREEWAY),VENICE BLVD,500,S,N,A,-,Y,NA,NA,NA,NA,NA,NA,NA,NA,NA,N,3,0,1,2,A,-,01,23152,NA,N,C,C,A,A,H,-,B,A,0,NA,NA,NA,NA,Y,Y,D,22,0,1,0,0,0,0,0,0,0,-,-,34.03873825073242,-118.2755889892578,LOS ANGELES,LOS ANGELES,NA,NA
91740253,2022,2022-04-04,9590,2022-03-22,0407,022690,NA,2,3,7,1942,0,1,1,NA,2,050,I-110 N/B (HAF),COLDEN AVE,100,N,N,A,-,Y,LA,NA,110,NA,NA,15.248,H,NA,R,N,4,0,1,2,A,-,03,22350,NA,N,D,C,A,A,H,-,C,D,0,NA,NA,NA,NA,Y,NA,A,07,0,0,1,0,0,0,0,0,0,-,-,33.94934844970703,-118.27957153320313,LOS ANGELES,LOS ANGELES,-118.27955627441406,33.9493522644043
91740256,2022,2022-04-04,9545,2022-03-22,1730,021340,NA,2,2,9,1900,0,3,5,NA,1,006,AVENUE N,45TH STREET WEST,0,NA,Y,A,-,N,NA,NA,NA,NA,NA,NA,NA,NA,NA,Y,4,0,2,2,A,-,12,21453,A,N,D,C,A,A,H,-,A,A,0,NA,NA,NA,NA,Y,NA,A,01,0,0,2,0,0,0,0,0,0,-,-,34.630889892578125,-118.2100067138672,LOS ANGELES,UNINCORPORATED,-118.20999908447266,34.63093948364258
91740261,2022,2022-04-04,9575,2022-03-28,0500,021925,NA,1,3,7,1942,0,1,1,NA,2,061,I-210 E/B (FOOTHILL FREEWAY),WHEATLAND AVENUE,900,W,N,A,-,Y,LA,NA,210,NA,R,9.227,H,NA,R,N,4,0,1,2,A,-,03,22350,NA,N,C,C,A,A,B,-,C,D,0,NA,NA,NA,NA,Y,NA,D,22,0,0,1,0,0,0,0,0,0,-,-,34.27281188964844,-118.3567123413086,LOS ANGELES,LOS ANGELES,-118.35674285888672,34.27262496948242
91740288,2022,2022-04-04,9590,2022-03-22,2155,021848,NA,2,2,7,1942,0,1,2,NA,2,070,US-101 N/B (HOLLYWOOD FREEWAY),VIRGIL AVE,400,S,N,A,-,Y,LA,NA,101,NA,NA,4.011,H,NA,R,N,3,0,1,2,A,-,07,21658,A,N,B,C,A,A,H,-,C,D,0,NA,NA,Y,NA,Y,NA,A,01,0,1,0,0,0,0,0,0,1,-,-,34.07815933227539,-118.28539276123048,LOS ANGELES,LOS ANGELES,-118.285400390625,34.0781135559082
91740292,2022,2022-04-04,9545,2022-03-25,0655,018058,NA,5,1,9,1900,0,1,3,NA,2,011,SR-14 S/B (AEROSPACE HIGHWAY),AVENUE D,445,S,N,A,-,Y,LA,NA,14,NA,R,73.913,H,NA,L,Y,3,0,1,2,C,-,18,NA,NA,N,B,C,A,A,H,-,A,D,0,NA,NA,NA,NA,Y,NA,-,-,0,1,0,0,0,0,0,0,0,-,-,34.775638580322266,-118.17086791992188,LOS ANGELES,UNINCORPORATED,-118.1708526611328,34.775638580322266
91740302,2022,2023-01-23,9540,2022-03-28,0115,021349,NA,1,3,9,1900,0,1,1,NA,2,506,I-5 N/B,HASLEY CANYON RD,1400,S,N,B,-,Y,LA,NA,5,NA,R,56.32,H,NA,R,Y,4,0,1,2,A,-,07,21658,A,N,B,C,A,B,H,-,D,D,0,NA,NA,NA,Y,Y,NA,A,01,0,0,1,0,0,0,0,0,0,-,-,34.45219039916992,-118.61488342285156,LOS ANGELES,UNINCORPORATED,-118.6149444580078,34.45216751098633
91740311,2022,2022-04-04,9535,2022-03-23,0650,022120,NA,3,1,6,1922,0,1,1,NA,2,401,I-10 (SAN BERNARDINO FREEWAY) W/B,VALLEY BLVD.,82,E,N,A,-,Y,LA,NA,10,NA,NA,29.572,H,NA,L,N,3,0,1,1,A,-,08,22107,NA,N,E,I,A,A,H,-,A,D,0,NA,NA,NA,NA,Y,NA,A,01,0,1,0,0,0,0,0,0,0,-,-,34.0683708190918,-118.02681732177734,LOS ANGELES,EL MONTE,-118.0268096923828,34.06814956665039
91740329,2022,2022-04-04,9545,2022-03-25,2220,021434,NA,5,3,9,1900,0,3,5,NA,2,003,ANGELES FOREST HIGHWAY,UPPER BIG TUJUNGA CANYON ROAD,28,S,N,A,-,N,NA,NA,NA,NA,NA,NA,NA,NA,NA,Y,2,0,5,2,A,-,08,22107,NA,N,A,C,A,A,H,-,D,D,0,NA,NA,NA,NA,Y,NA,A,01,2,0,3,0,0,0,0,0,0,-,-,34.329261779785156,-118.12006378173828,LOS ANGELES,UNINCORPORATED,-118.11988830566406,34.32920455932617
91740335,2022,2022-04-04,9525,2022-03-28,2225,021393,NA,1,3,9,1900,0,1,1,NA,2,106,I-10 E/B (SAN BERNARDINO FWY),HOLT AVE,3696,E,N,B,C,Y,LA,NA,10,NA,NA,39.688,H,NA,R,Y,4,0,1,2,A,-,03,22350,NA,N,E,I,A,B,H,-,C,D,0,NA,NA,NA,NA,Y,NA,A,07,0,0,1,0,0,0,0,0,0,-,-,34.06829071044922,-117.85311126708984,LOS ANGELES,UNINCORPORATED,-117.85311126708984,34.068321228027344
91740343,2022,2022-04-04,9530,2022-02-01,0200,022421,NA,2,3,7,1941,0,1,1,NA,2,072,N/B I-710,WILLOW ST.,1198,S,N,A,-,Y,LA,NA,710,NA,NA,7.664,H,NA,R,N,4,0,1,2,A,-,01,23152,A,N,F,A,A,A,H,-,C,D,0,NA,NA,NA,NA,Y,Y,A,01,0,0,1,0,0,0,0,0,0,-,-,33.80118179321289,-118.20703887939452,LOS ANGELES,LONG BEACH,-118.2069854736328,33.801185607910156
91740392,2022,2022-04-04,9545,2022-03-28,1150,016523,NA,1,1,6,1950,0,1,3,NA,2,021,SR-14 N/B,AVENUE N,15,S,N,B,C,Y,LA,NA,14,NA,R,63.665,H,NA,R,Y,3,0,1,2,A,-,03,22350,NA,N,E,I,A,B,H,-,A,D,0,NA,NA,NA,NA,Y,NA,A,01,0,1,0,0,0,0,0,0,0,-,-,34.63103103637695,-118.15292358398438,LOS ANGELES,PALMDALE,-118.15301513671876,34.63103103637695
91740416,2022,2022-04-04,9545,2022-03-27,0715,019951,NA,7,1,9,1900,0,3,5,NA,2,003,ANGELES FOREST HIGHWAY,SIERRA HIGHWAY,2851,S,N,A,-,N,NA,NA,NA,NA,NA,NA,NA,NA,NA,N,3,0,1,1,A,-,08,22107,NA,N,F,A,A,A,H,-,B,D,0,NA,NA,NA,NA,Y,NA,-,-,0,1,0,0,0,0,0,0,0,-,-,34.501609802246094,-118.11367797851564,LOS ANGELES,UNINCORPORATED,-118.1137237548828,34.502197265625
91740419,2022,2022-04-04,9590,2022-03-24,0038,021848,NA,4,3,7,1942,0,1,1,NA,2,052,I-110 N/B (HAF) TO I-10 E/B (SMF),VENICE BOULEVARD,300,S,N,A,-,Y,NA,NA,NA,NA,NA,NA,NA,NA,NA,N,4,0,1,1,A,-,03,22350,NA,N,E,I,A,A,H,-,C,D,0,NA,NA,NA,NA,Y,NA,A,01,0,0,1,0,0,0,0,0,0,-,-,34.03752136230469,-118.27278900146484,LOS ANGELES,LOS ANGELES,-118.27278900146484,34.03752136230469
91740436,2022,2022-04-04,9550,2022-03-22,0905,021977,NA,2,1,9,1900,0,3,5,NA,2,002,LAMBERT ROAD,MILLS AVENUE,0,NA,Y,A,-,N,NA,NA,NA,NA,NA,NA,NA,NA,NA,N,3,0,1,2,A,-,12,21453,A,N,D,C,A,A,D,-,A,A,0,NA,NA,Y,NA,Y,NA,A,07,0,1,0,0,0,0,0,0,1,-,-,33.94620132446289,-118.02059936523438,LOS ANGELES,UNINCORPORATED,-118.02027130126952,33.946144104003906
91740468,2022,2022-04-04,9590,2022-03-24,2140,022281,NA,4,2,7,1942,0,1,1,NA,2,062,I-10 E/B (SMF),WASHINGTON BLVD.,120,E,N,A,-,Y,LA,NA,10,NA,NA,14.547,H,NA,R,Y,4,0,1,3,A,-,03,22350,NA,N,C,C,A,A,H,-,C,D,0,NA,NA,NA,NA,Y,NA,A,01,0,0,1,0,0,0,0,0,0,-,-,34.03778076171875,-118.27873992919922,LOS ANGELES,LOS ANGELES,-118.2787628173828,34.03791809082031
91740477,2022,2022-04-04,9545,2022-03-25,1335,021814,NA,5,1,9,1900,0,1,3,NA,1,042,SR-138,LONGVIEW RD,300,W,N,A,-,Y,LA,NA,138,NA,NA,60.105,H,NA,R,Y,3,0,5,3,A,-,03,22350,NA,N,C,C,A,A,H,-,A,A,0,NA,NA,NA,NA,Y,NA,A,01,0,1,4,0,0,0,0,0,0,-,-,34.506431579589844,-117.89774322509766,LOS ANGELES,UNINCORPORATED,-117.89774322509766,34.506431579589844
91740495,2022,2022-04-04,9590,2022-03-25,0945,017733,NA,5,1,7,1942,0,1,1,NA,2,081,I-5 S/B (GOLDEN STATE FREEWAY),FOURTH STREET,450,S,N,A,-,Y,LA,NA,5,NA,NA,17.477,H,NA,L,Y,3,0,3,5,A,-,03,22350,NA,F,C,C,A,A,H,-,A,D,0,NA,NA,NA,NA,Y,NA,A,07,0,1,2,0,0,0,0,0,0,-,-,34.0418701171875,-118.21800994873048,LOS ANGELES,LOS ANGELES,-118.218017578125,34.041873931884766
91740498,2022,2022-07-25,9530,2022-03-23,0812,022696,NA,3,1,9,1900,0,3,5,NA,2,005,CRENSHAW BLVD.,MANHATTAN BEACH BLVD.,0,NA,Y,A,-,N,NA,NA,NA,NA,NA,NA,NA,NA,NA,Y,4,0,2,2,A,-,09,21801,A,N,D,C,A,A,H,-,A,A,0,NA,NA,NA,NA,Y,NA,A,01,0,0,2,0,0,0,0,0,0,-,-,33.887451171875,-118.32666778564452,LOS ANGELES,UNINCORPORATED,-118.3265380859375,33.887393951416016
91740525,2022,2022-04-04,9525,2022-03-30,1000,015445,NA,3,1,1,1934,0,1,S,NA,2,661,I-605 NB TO LIVE OAK AVE.,LIVE OAK AVE.,5,S,N,A,-,Y,NA,NA,NA,NA,NA,NA,NA,NA,NA,Y,4,0,1,2,A,-,03,22350,NA,N,C,C,A,A,H,-,A,A,0,NA,NA,NA,NA,Y,NA,A,01,0,0,1,0,0,0,0,0,0,-,-,34.10865020751953,-117.98050689697266,LOS ANGELES,IRWINDALE,-117.98050689697266,34.10865020751953
91740550,2022,2022-04-04,9550,2022-03-23,0830,022778,NA,3,1,5,1952,0,1,1,NA,2,151,I-105 W/B,FACADE AVE,480,W,N,A,-,Y,LA,NA,105,NA,R,14.244,H,NA,L,Y,4,0,1,2,A,-,03,22350,NA,N,C,C,A,A,H,-,A,D,0,NA,NA,NA,NA,Y,NA,D,22,0,0,1,0,0,0,0,0,0,-,-,33.91135025024414,-118.16692352294922,LOS ANGELES,PARAMOUNT,-118.16692352294922,33.91139602661133
91740565,2022,2022-05-04,9545,2022-03-28,2130,022246,NA,1,2,9,1900,0,3,5,NA,2,004,50TH ST EAST,AVE P,190,S,N,B,C,N,NA,NA,NA,NA,NA,NA,NA,NA,NA,Y,3,0,1,2,A,-,05,21460,A,N,A,D,A,B,H,-,D,D,0,NA,NA,NA,NA,Y,NA,D,22,0,1,0,0,0,0,0,0,0,-,-,34.6014404296875,-118.04090118408205,LOS ANGELES,UNINCORPORATED,-118.04087829589844,34.60145950317383
91740584,2022,2022-04-04,9535,2022-03-23,1610,022269,NA,3,2,9,1900,0,1,3,NA,2,620,SR-60 (POMONA FREEWAY) E/B TO I-605 (SAN GABRIEL R,I-605(SAN GABRIEL RIVER FWY) N/B,30,E,N,A,-,Y,LA,NA,605,NA,R,17.326,H,NA,R,N,4,0,1,2,A,-,04,21703,NA,N,C,C,A,A,H,-,A,D,0,NA,NA,NA,NA,Y,NA,A,01,0,0,1,0,0,0,0,0,0,-,-,34.03303909301758,-118.0280532836914,LOS ANGELES,UNINCORPORATED,-118.02816772460938,34.033145904541016
91740594,2021,2022-04-04,9565,2021-12-22,2150,022646,NA,3,2,6,1933,0,1,1,NA,2,060,I-405 N/B TO LA CIENEGA BOULEVARD/MANCHESTER BOULE,HILLCREST BOULEVARD,20,N,N,A,-,Y,NA,NA,405,NA,NA,NA,R,NA,N,Y,3,0,2,2,A,-,01,23152,A,N,C,C,A,B,H,-,D,D,0,NA,NA,NA,NA,Y,Y,A,01,0,2,0,0,0,0,0,0,0,-,-,33.95656967163086,-118.36907196044922,LOS ANGELES,INGLEWOOD,-118.36907196044922,33.95656967163086
91740599,2022,2022-04-04,9525,2022-04-03,1705,022009,NA,7,2,9,1900,0,2,4,NA,2,022,CYPRESS ST.,CONEY AVE,0,NA,Y,B,-,N,NA,NA,NA,NA,NA,NA,NA,NA,NA,Y,4,0,2,2,A,-,09,21801,A,N,D,C,A,A,H,-,A,D,0,NA,NA,NA,NA,Y,NA,A,01,0,0,2,0,0,0,0,0,0,-,-,34.09579849243164,-117.92269897460938,LOS ANGELES,UNINCORPORATED,-117.92275238037108,34.09599685668945
91740607,2022,2022-04-15,9525,2022-03-25,2120,022655,NA,5,2,9,1900,0,3,5,NA,2,002,SUNFLOWER AVE (5000 BLOCK),CIENEGA AVE,240,N,N,A,-,N,NA,NA,NA,NA,NA,NA,NA,NA,NA,Y,4,0,1,2,A,-,08,22107,NA,N,B,E,A,A,H,-,C,A,0,NA,NA,NA,NA,Y,NA,A,01,0,0,1,0,0,0,0,0,0,-,-,34.10356140136719,-117.8463897705078,LOS ANGELES,UNINCORPORATED,-117.84639739990234,34.103736877441406
91740622,2022,2022-04-04,9525,2022-03-20,1530,019491,NA,7,2,9,1900,0,3,5,NA,2,002,BADILLO AVENUE,WOODGROVE AVENUE,0,NA,Y,A,-,N,NA,NA,NA,NA,NA,NA,NA,NA,NA,Y,4,0,1,2,A,-,09,21802,A,N,D,C,A,A,H,-,A,D,0,NA,NA,NA,NA,Y,NA,D,22,0,0,1,0,0,0,0,0,0,-,-,34.086631774902344,-117.93025970458984,LOS ANGELES,UNINCORPORATED,-117.93027496337892,34.0865364074707
91740629,2022,2022-04-04,9535,2022-03-23,2240,022214,NA,3,3,6,1922,0,1,1,NA,2,400,I-10 (SAN BERNARDINO FREEWAY) E/B,TYLER AVE,634,E,N,A,-,Y,LA,NA,10,NA,NA,29.174,H,NA,R,N,4,0,2,2,A,-,04,21703,NA,N,C,C,A,A,H,-,D,D,0,NA,NA,NA,NA,Y,NA,A,01,0,0,2,0,0,0,0,0,0,-,-,34.06779861450195,-118.0336685180664,LOS ANGELES,EL MONTE,-118.0336685180664,34.06787872314453
91740660,2022,2022-04-04,9550,2022-03-22,1615,017511,NA,2,2,9,1900,0,3,5,NA,2,005,BATSON AVE,COLIMA RD,120,S,N,A,-,N,NA,NA,NA,NA,NA,NA,NA,NA,NA,N,4,0,1,2,A,-,10,21952,NA,N,G,B,F,A,H,-,A,D,0,Y,NA,NA,NA,Y,NA,A,08,0,0,1,0,1,0,0,0,0,-,-,33.98788833618164,-117.9040069580078,LOS ANGELES,UNINCORPORATED,-117.90394592285156,33.98794174194336
91740661,2022,2022-04-04,9550,2022-03-21,1940,022048,NA,1,2,5,1952,0,1,1,NA,2,151,INTERSTATE 105 E/B,PARAMOUNT BOULEVARD,300,W,N,A,-,Y,LA,NA,105,NA,R,14.58,H,NA,R,Y,4,0,1,2,A,-,08,22107,NA,N,C,C,A,A,H,-,C,D,0,NA,NA,NA,NA,Y,NA,A,01,0,0,1,0,0,0,0,0,0,-,-,33.911651611328125,-118.16116333007813,LOS ANGELES,PARAMOUNT,-118.16116333007813,33.911685943603516
91740666,2022,2022-04-05,9550,2022-03-24,1830,020037,NA,4,2,5,1919,0,1,1,NA,2,652,I-605 NORTHBOUND TO SR-91 EASTBOUND,STATE ROUTE 91 EASTBOUND,250,S,N,A,-,Y,NA,NA,NA,NA,NA,NA,NA,NA,NA,Y,3,0,2,1,A,-,03,22350,NA,N,E,I,A,A,H,-,A,D,0,NA,NA,NA,NA,Y,NA,D,22,0,2,0,0,0,0,0,0,0,-,-,33.875701904296875,-118.10086059570313,LOS ANGELES,CERRITOS,-118.10086059570313,33.875701904296875
91740923,2022,2022-04-05,9540,2022-03-25,1600,022415,NA,5,2,9,1900,0,1,3,NA,2,146,SR-14 N/B,ESCONDIDO CANYON RD,8000,N,N,A,-,Y,LA,NA,14,NA,NA,44.641,H,NA,R,Y,3,0,1,2,A,-,03,22350,NA,N,C,2,A,A,H,-,A,D,0,NA,NA,NA,NA,Y,NA,A,07,0,1,0,0,0,0,0,0,0,-,-,34.49850845336914,-118.26151275634766,LOS ANGELES,UNINCORPORATED,-118.26144409179688,34.49826431274414
91740929,2022,2022-04-05,9530,2022-04-03,2232,022674,NA,7,3,7,1941,0,1,1,NA,2,071,I-710 S/B (LONG BEACH FREEWAY),PACIFIC COAST HIGHWAY,2100,N,N,A,-,Y,LA,NA,710,NA,NA,7.4,H,NA,L,N,3,0,1,2,A,-,01,23152,A,N,E,I,A,A,H,-,D,D,0,NA,NA,NA,NA,Y,Y,A,01,0,1,0,0,0,0,0,0,0,-,-,33.7973518371582,-118.20700073242188,LOS ANGELES,LONG BEACH,-118.20703125,33.7973518371582
91740931,2022,2022-04-05,9540,2022-03-16,1700,018805,NA,3,2,9,1900,0,2,4,NA,2,010,THE OLD ROAD,MARKET CENTER,0,NA,Y,A,-,N,NA,NA,NA,NA,NA,NA,NA,NA,NA,N,4,0,1,2,A,-,17,21451,A,N,D,C,A,A,H,-,A,A,0,NA,NA,NA,NA,Y,NA,D,22,0,0,1,0,0,0,0,0,0,-,-,34.387630462646484,-118.57260894775392,LOS ANGELES,UNINCORPORATED,NA,NA
91740937,2022,2022-04-05,9580,2022-03-24,0740,019715,NA,4,1,7,1942,0,1,3,NA,2,170,SR-170 N/B (HOLLYWOOD FWY.),MAGNOLIA BLVD,1056,S,N,A,-,Y,LA,NA,170,NA,R,15.129,H,NA,R,N,2,0,1,2,A,-,03,22350,NA,F,C,C,A,A,H,-,A,D,0,NA,NA,NA,NA,Y,NA,-,-,1,0,0,0,0,0,0,0,0,-,-,34.161720275878906,-118.38117980957033,LOS ANGELES,LOS ANGELES,-118.38115692138672,34.16172409057617
91740951,2022,2022-04-05,9580,2022-03-28,1425,022755,NA,1,2,7,1942,0,1,3,NA,2,170,SR-170 N/B (HOLLYWOOD FWY.),OXNARD STREET,500,S,N,B,-,Y,LA,NA,170,NA,R,16.347,H,NA,R,N,4,0,1,2,A,-,08,22107,NA,N,E,I,A,A,H,-,A,D,0,NA,NA,NA,NA,Y,NA,A,01,0,0,1,0,0,0,0,0,0,-,-,34.17544174194336,-118.39295959472656,LOS ANGELES,LOS ANGELES,-118.39289855957033,34.17547607421875
91740953,2022,2022-04-05,9540,2022-04-03,1155,020400,NA,7,1,7,1942,0,1,1,NA,1,502,I-5 NORTHBOUND,I-210,1000,S,N,A,-,Y,LA,NA,5,NA,NA,43.086,H,NA,R,N,4,0,2,2,A,-,03,22350,NA,N,C,C,A,A,H,-,A,D,0,NA,NA,NA,NA,Y,NA,A,01,0,0,2,0,0,0,0,0,0,-,-,34.308231353759766,-118.484130859375,LOS ANGELES,LOS ANGELES,-118.48416137695313,34.30821228027344
91740955,2022,2022-04-05,9530,2022-03-23,1745,017860,NA,3,2,7,1941,0,1,1,NA,2,421,I-405 S/B (SAN DIEGO FREEWAY),CLARK AVE.,640,N,N,A,-,Y,LA,NA,405,NA,NA,2.904,H,NA,L,N,3,0,1,2,A,-,07,21658,A,F,B,C,A,A,H,-,A,D,0,NA,NA,Y,NA,Y,NA,-,99,0,1,0,0,0,0,0,0,1,-,-,33.80276870727539,-118.13626098632813,LOS ANGELES,LONG BEACH,-118.13624572753906,33.80283737182617
91740968,2022,2022-04-05,9545,2022-03-28,2245,022753,NA,1,3,9,1900,0,1,3,NA,2,031,SR-14 S/B FROM SIERRA HIGHWAY,MOUTAIN SPRINGS ROAD,2640,N,N,A,-,Y,LA,NA,14,NA,R,54.256,H,NA,L,Y,3,0,2,1,A,-,03,22350,NA,N,E,I,A,B,H,-,C,D,0,NA,NA,NA,NA,Y,NA,-,-,0,1,1,0,0,0,0,0,0,-,-,34.50727081298828,-118.11370086669922,LOS ANGELES,UNINCORPORATED,-118.11351776123048,34.50718688964844