CASE_ID,ACCIDENT_YEAR,PROC_DATE,JURIS,COLLISION_DATE,COLLISION_TIME,OFFICER_ID,REPORTING_DISTRICT,DAY_OF_WEEK,CHP_SHIFT,POPULATION,CNTY_CITY_LOC,SPECIAL_COND,BEAT_TYPE,CHP_BEAT_TYPE,CITY_DIVISION_LAPD,CHP_BEAT_CLASS,BEAT_NUMBER,PRIMARY_RD,SECONDARY_RD,DISTANCE,DIRECTION,INTERSECTION,WEATHER_1,WEATHER_2,STATE_HWY_IND,CALTRANS_COUNTY,CALTRANS_DISTRICT,STATE_ROUTE,ROUTE_SUFFIX,POSTMILE_PREFIX,POSTMILE,LOCATION_TYPE,RAMP_INTERSECTION,SIDE_OF_HWY,TOW_AWAY,COLLISION_SEVERITY,NUMBER_KILLED,NUMBER_INJURED,PARTY_COUNT,PRIMARY_COLL_FACTOR,PCF_CODE_OF_VIOL,PCF_VIOL_CATEGORY,PCF_VIOLATION,PCF_VIOL_SUBSECTION,HIT_AND_RUN,TYPE_OF_COLLISION,MVIW,PED_ACTION,ROAD_SURFACE,ROAD_COND_1,ROAD_COND_2,LIGHTING,CONTROL_DEVICE,CHP_ROAD_TYPE,PEDESTRIAN_ACCIDENT,BICYCLE_ACCIDENT,MOTORCYCLE_ACCIDENT,TRUCK_ACCIDENT,NOT_PRIVATE_PROPERTY,ALCOHOL_INVOLVED,STWD_VEHTYPE_AT_FAULT,CHP_VEHTYPE_AT_FAULT,COUNT_SEVERE_INJ,COUNT_VISIBLE_INJ,COUNT_COMPLAINT_PAIN,COUNT_PED_KILLED,COUNT_PED_INJURED,COUNT_BICYCLIST_KILLED,COUNT_BICYCLIST_INJURED,COUNT_MC_KILLED,COUNT_MC_INJURED,PRIMARY_RAMP,SECONDARY_RAMP,LATITUDE,LONGITUDE,COUNTY,CITY,POINT_X,POINT_Y
91750659,2022,2022-04-19,9580,2022-04-10,0202,022008,NA,7,3,3,1994,0,1,2,NA,2,107,US-101 S/B (VENTURA FREEWAY),LOST HILLS RD,528,N,N,A,-,Y,LA,NA,101,NA,NA,32.064,H,NA,L,Y,4,0,2,2,D,-,00,NA,NA,N,C,C,A,A,H,-,D,D,0,NA,NA,NA,NA,Y,NA,-,-,0,0,2,0,0,0,0,0,0,-,-,34.14004898071289,-118.7119598388672,LOS ANGELES,AGOURA HILLS,-118.71194458007813,34.1400146484375
91750897,2022,2022-04-19,9540,2022-04-11,1520,022401,NA,1,2,7,1942,0,1,1,NA,1,501,I-5 SOUTHBOUND (GOLDEN STATE FREEWAY),SR-118 (RONALD REAGAN FREEWAY),200,N,N,B,-,Y,LA,NA,5,NA,NA,39.418,H,NA,L,N,4,0,3,3,C,-,18,NA,NA,N,H,J,A,A,H,-,A,D,0,NA,NA,NA,NA,Y,NA,-,-,0,0,3,0,0,0,0,0,0,-,-,34.26723861694336,-118.44422149658205,LOS ANGELES,LOS ANGELES,-118.44416046142578,34.26728057861328
91750900,2022,2022-04-19,9540,2022-04-08,0757,019254,NA,5,1,6,1985,0,1,3,NA,2,149,SR-14 S/B (ANTELOPE VALLEY FREEWAY),VIA PRINCESSA WAY (U/C),765,S,N,A,-,Y,LA,NA,14,NA,R,30.758,H,NA,L,Y,3,0,2,3,A,-,08,22107,NA,F,C,C,A,A,H,-,A,D,0,NA,NA,Y,NA,Y,NA,-,99,0,1,1,0,0,0,0,0,1,-,-,34.40140151977539,-118.45717620849608,LOS ANGELES,SANTA CLARITA,-118.45721435546876,34.40143966674805
91750902,2022,2022-04-19,9540,2022-04-10,1138,018208,NA,7,1,9,1900,0,2,4,NA,2,010,THE OLD ROAD,MARKET DRIVE SOUTH,0,NA,Y,A,-,N,NA,NA,NA,NA,NA,NA,NA,NA,NA,Y,4,0,3,2,A,-,09,21801,A,N,D,C,A,A,H,-,A,A,0,NA,NA,NA,NA,Y,NA,A,01,0,0,3,0,0,0,0,0,0,-,-,34.38277053833008,-118.57128143310548,LOS ANGELES,UNINCORPORATED,NA,NA
91750905,2022,2022-04-19,9580,2022-04-08,0003,022746,NA,5,3,9,1900,0,1,3,NA,1,271,SR-27 TOPANGA CANYON,GRAND VIEW DR PROLONGATION,3274,S,N,A,-,Y,LA,NA,27,NA,NA,3.003,H,NA,R,Y,4,0,1,1,A,-,08,22107,NA,N,E,I,A,A,H,-,D,D,0,NA,NA,NA,NA,Y,NA,A,01,0,0,1,0,0,0,0,0,0,-,-,34.07582092285156,-118.59114837646484,LOS ANGELES,UNINCORPORATED,-118.59127807617188,34.075801849365234
91750907,2022,2022-04-19,9580,2022-04-09,1714,022591,NA,6,2,7,1942,0,1,3,NA,2,116,SR-118 E/B (RONALD REAGAN FWY.),I-405 N/B (SAN DIEGO FWY),1380,W,N,A,-,Y,LA,NA,118,NA,R,9.517,H,NA,R,Y,4,0,1,2,A,-,08,22107,NA,N,B,C,A,A,H,-,A,D,0,NA,NA,NA,NA,Y,NA,A,01,0,0,1,0,0,0,0,0,0,-,-,34.26570129394531,-118.47721099853516,LOS ANGELES,LOS ANGELES,-118.47721099853516,34.26591110229492
91750911,2022,2022-08-22,9580,2022-04-16,1400,022603,NA,6,2,7,1942,0,1,1,NA,2,406,I-405 N/B (SAN DIEGO FWY),DEVONSHIRE STREET,1700,S,N,A,-,Y,LA,NA,405,NA,NA,45.876,H,NA,R,N,4,0,3,2,A,-,03,22350,NA,N,C,C,A,A,H,-,A,D,0,NA,NA,NA,NA,Y,NA,A,01,0,0,3,0,0,0,0,0,0,-,-,34.251888275146484,-118.47205352783205,LOS ANGELES,LOS ANGELES,-118.47218322753906,34.25189208984375
91750923,2022,2022-04-19,9580,2022-04-10,0145,022492,NA,7,3,7,1942,0,1,1,NA,2,404,I-405 N/B (SAN DIEGO FWY) TO SHERMAN WAY EB,SHERMAN WAY,910,S,N,A,-,Y,LA,NA,405,NA,NA,42.239,H,NA,R,Y,4,0,1,2,A,-,03,22350,NA,M,C,C,A,A,H,-,C,D,0,NA,NA,Y,NA,Y,NA,-,99,0,0,1,0,0,0,0,0,1,-,-,34.19919967651367,-118.47393798828124,LOS ANGELES,LOS ANGELES,-118.47376251220705,34.19917297363281
91750958,2022,2022-04-19,9590,2022-03-27,0510,022404,NA,7,3,7,1942,0,1,1,NA,2,061,I-10 W/B (SANTA MONICA FREEWAY),WESTERN AVE,1090,E,N,A,-,Y,LA,NA,10,NA,R,13.035,H,NA,L,N,3,0,1,1,A,-,08,22107,NA,N,F,A,A,A,H,-,C,D,0,NA,NA,NA,NA,Y,NA,A,01,0,1,0,0,0,0,0,0,0,-,-,34.037479400634766,-118.30525970458984,LOS ANGELES,LOS ANGELES,-118.30526733398438,34.03722381591797
91750960,2022,2022-04-19,9540,2022-04-13,1630,015576,NA,3,2,9,1900,0,1,1,NA,2,508,I-5 NB,LAKE HUGHES ROAD,100,S,N,A,-,Y,LA,NA,5,NA,R,59.474,H,NA,R,Y,4,0,1,1,A,-,03,22350,NA,N,E,J,A,A,C,-,A,D,0,NA,NA,NA,NA,Y,NA,A,07,0,0,1,0,0,0,0,0,0,-,-,34.49549102783203,-118.62339019775392,LOS ANGELES,UNINCORPORATED,-118.62339019775392,34.49549102783203
91750963,2022,2022-04-19,9530,2022-04-07,0720,019412,NA,4,1,7,1941,0,1,1,NA,2,430,I-405 S/B (SAN DIEGO FREEWAY),WILLOW ST.,100,S,N,A,-,Y,LA,NA,405,NA,NA,3.025,H,NA,L,N,4,0,1,2,A,-,03,22350,NA,N,C,C,A,A,H,-,A,D,0,NA,NA,NA,NA,Y,NA,A,07,0,0,1,0,0,0,0,0,0,-,-,33.803428649902344,-118.1382293701172,LOS ANGELES,LONG BEACH,-118.13822174072266,33.803443908691406
91750970,2022,2022-04-19,9530,2022-04-07,0740,019412,NA,4,1,7,1941,0,1,1,NA,2,430,I-405 S/B (SDF) FROM BELLFLOWER BLVD,LOS COYOTES DIAGONAL,200,S,N,A,-,Y,LA,NA,405,NA,NA,2.975,H,NA,L,Y,4,0,1,2,A,-,03,22350,NA,N,C,C,A,A,H,-,A,D,0,NA,NA,NA,NA,Y,NA,A,01,0,0,1,0,0,0,0,0,0,-,-,33.802921295166016,-118.13752746582033,LOS ANGELES,LONG BEACH,-118.1374282836914,33.80311965942383
91750973,2022,2022-04-19,9580,2022-04-08,1040,019544,NA,5,1,3,1989,0,1,2,NA,2,107,US-101 SB (VENTURA FWY),PARKWAY CAL,2112,N,N,A,-,Y,LA,NA,101,NA,NA,28.711,H,NA,L,N,3,0,1,1,C,-,18,NA,NA,N,E,I,A,A,H,-,A,D,0,NA,NA,NA,NA,Y,NA,-,-,0,1,0,0,0,0,0,0,0,-,-,34.15092086791992,-118.65889739990234,LOS ANGELES,CALABASAS,-118.6589813232422,34.151100158691406
91750984,2022,2022-04-19,9530,2022-04-07,1650,022427,NA,4,2,9,1900,0,3,5,NA,2,005,LEMOLI AVE. (14900 BLOCK),MARINE AVE.,400,N,N,A,-,N,NA,NA,NA,NA,NA,NA,NA,NA,NA,Y,4,0,1,3,A,-,08,22107,NA,N,B,E,A,A,H,-,A,D,0,NA,NA,NA,NA,Y,NA,A,01,0,0,1,0,0,0,0,0,0,-,-,33.895809173583984,-118.3308334350586,LOS ANGELES,UNINCORPORATED,-118.33087158203124,33.89576721191406
91750985,2022,2022-04-19,9580,2022-04-07,2353,022746,NA,4,3,7,1942,0,1,1,NA,2,404,I-405 N/B (SAN DIEGO FWY),BURBANK BLVD OVERCROSSING,898,N,N,A,-,Y,LA,NA,405,NA,NA,40.458,H,NA,R,Y,3,0,4,1,A,-,08,22107,NA,M,B,I,A,A,H,-,D,D,0,NA,NA,NA,NA,Y,NA,A,07,0,2,2,0,0,0,0,0,0,-,-,34.17464065551758,-118.46762847900392,LOS ANGELES,LOS ANGELES,-118.46762847900392,34.17464065551758
91750994,2022,2022-04-19,9590,2022-03-24,1740,022691,NA,4,2,7,1942,0,1,1,NA,2,053,I-110 S/B (HARBOR FREEWAY),21ST ST,100,N,N,A,-,Y,LA,NA,110,NA,NA,21.052,H,NA,L,N,4,0,1,2,A,-,03,22350,NA,N,C,C,A,A,H,-,A,D,0,NA,NA,NA,NA,Y,NA,A,01,0,0,1,0,0,0,0,0,0,-,-,34.03261947631836,-118.27469635009766,LOS ANGELES,LOS ANGELES,-118.27471923828124,34.03261947631836
91751001,2022,2022-04-19,9580,2022-04-13,1000,019483,NA,3,1,7,1942,0,1,2,NA,2,102,US-101 N/B (VENTURA FREEWAY),VAN NUYS BLVD,1200,S,N,A,-,Y,LA,NA,101,NA,NA,15.586,H,NA,R,N,3,0,1,2,A,-,03,22350,NA,N,C,C,A,A,H,-,A,D,0,NA,NA,NA,NA,Y,NA,D,22,0,1,0,0,0,0,0,0,0,-,-,34.155338287353516,-118.44329833984376,LOS ANGELES,LOS ANGELES,-118.44330596923828,34.15530014038086
91751011,2022,2022-04-19,9580,2022-04-17,0340,022573,NA,7,3,7,1942,0,1,2,NA,2,102,US-101 N/B (VENTURA FREEWAY) TO I-405 S/B (SAN DIE,I-405 S/B (SAN DIEGO FWY),506,W,N,A,-,Y,LA,NA,101,NA,NA,17.291,H,NA,R,N,3,0,1,1,A,-,01,23152,A,N,E,I,A,A,H,-,D,D,0,NA,NA,NA,NA,Y,Y,A,01,0,1,0,0,0,0,0,0,0,-,-,34.16244888305664,-118.47074127197266,LOS ANGELES,LOS ANGELES,-118.47100067138672,34.162296295166016
91751017,2022,2022-04-19,9580,2022-04-16,0300,022573,NA,6,3,7,1942,0,1,3,NA,2,171,SR-170 S/B (HOLLYWOOD FWY.),VANOWEN ST,285,N,N,A,-,Y,LA,NA,170,NA,R,17.828,H,NA,L,N,2,0,1,2,A,-,01,23152,A,N,C,C,A,A,H,-,D,D,0,NA,NA,NA,Y,Y,Y,A,01,1,0,0,0,0,0,0,0,0,-,-,34.194820404052734,-118.40264892578124,LOS ANGELES,LOS ANGELES,-118.40269470214844,34.19481658935547
91751049,2022,2022-04-19,9565,2022-04-07,2030,022671,NA,4,2,5,1965,0,1,1,NA,2,081,I-10 E/B (SANTA MONIC FWY),11TH ST,150,E,N,A,-,Y,LA,NA,10,NA,R,2.565,H,NA,R,Y,3,0,1,3,A,-,03,22350,NA,M,C,C,A,A,H,-,C,D,0,NA,NA,NA,NA,Y,NA,A,01,0,1,0,0,0,0,0,0,0,-,-,34.01871871948242,-118.48052978515624,LOS ANGELES,SANTA MONICA,-118.48038482666016,34.01860427856445
91751075,2022,2022-04-19,9590,2022-04-12,1040,016230,NA,2,1,7,1942,0,1,3,NA,2,031,SR-60 WB POF,ESTUDILLO AVE PED O/C,148,E,N,A,-,Y,LA,NA,60,NA,R,1.79,H,NA,L,N,4,0,1,3,A,-,07,21658,A,N,C,C,A,A,H,-,A,D,0,NA,NA,NA,NA,Y,NA,A,01,0,0,1,0,0,0,0,0,0,-,-,34.03070068359375,-118.19479370117188,LOS ANGELES,LOS ANGELES,-118.19480895996094,34.03076171875
91751118,2022,2022-04-19,9530,2022-04-07,0005,022674,NA,4,3,7,1942,0,1,1,NA,2,210,I-105 W/B (GLENN ANDERSON FWY),CENTRAL AVE.,1200,E,N,A,-,Y,LA,NA,105,NA,R,9.177,H,NA,L,N,4,0,1,1,A,-,08,22107,NA,N,E,I,A,A,H,-,C,D,0,NA,NA,NA,NA,Y,NA,A,01,0,0,1,0,0,0,0,0,0,-,-,33.92876052856445,-118.2498779296875,LOS ANGELES,LOS ANGELES,-118.24988555908205,33.928794860839844
91751127,2021,2022-04-19,9590,2021-10-23,0420,022404,NA,6,3,7,1942,0,1,1,NA,2,050,I-110 N/B (HARBOR FREEWAY),83RD STREET,130,S,N,C,-,Y,NA,NA,110,NA,NA,NA,NA,NA,N,N,3,0,2,2,A,-,07,21658,A,F,B,C,A,B,H,-,C,D,0,NA,NA,NA,NA,Y,NA,-,99,0,2,0,0,0,0,0,0,0,-,-,33.96376037597656,-118.28053283691406,LOS ANGELES,LOS ANGELES,-118.28073120117188,33.96376037597656
91751134,2022,2022-04-19,9565,2022-04-09,1555,019696,NA,6,2,7,1942,0,1,1,NA,2,062,I-405 N/B,NATIONAL BLVD.,1240,S,N,A,-,Y,LA,NA,405,NA,NA,28.922,H,NA,R,Y,4,0,1,3,A,-,03,22350,NA,M,C,C,A,A,H,-,A,D,0,NA,NA,NA,NA,Y,NA,A,07,0,0,1,0,0,0,0,0,0,-,-,34.02396011352539,-118.4273681640625,LOS ANGELES,LOS ANGELES,-118.42755126953124,34.023860931396484
91751161,2022,2022-04-19,9530,2022-04-07,1220,022531,NA,4,1,9,1900,0,3,5,NA,2,002,CENTRAL AVE (12300 BLOCK),123RD ST,0,NA,Y,A,-,N,NA,NA,NA,NA,NA,NA,NA,NA,NA,Y,3,0,1,2,A,-,09,21802,A,N,D,C,A,A,H,-,A,A,0,NA,NA,NA,NA,Y,NA,A,01,0,1,0,0,0,0,0,0,0,-,-,33.920448303222656,-118.25443267822266,LOS ANGELES,UNINCORPORATED,-118.2546157836914,33.920433044433594
91751170,2022,2022-04-25,9525,2022-04-08,0745,020216,NA,5,1,9,1900,0,2,4,NA,2,022,ARROW HWY.,VALLEY CENTER AVE.,0,NA,Y,A,-,N,NA,NA,NA,NA,NA,NA,NA,NA,NA,Y,3,0,4,2,A,-,12,21453,A,N,D,C,A,A,H,-,A,A,0,NA,NA,NA,NA,Y,NA,D,22,0,1,3,0,0,0,0,0,0,-,-,34.10663986206055,-117.83763885498048,LOS ANGELES,UNINCORPORATED,-117.83763885498048,34.10673141479492
91751202,2022,2022-04-19,9575,2022-04-10,1610,022629,NA,7,2,9,1900,0,1,3,NA,2,300,SR-2 (ANGELES CREST HIGHWAY),HOYT MOUNTAIN ROAD,2426,E,N,A,-,Y,LA,NA,2,NA,NA,31.348,H,NA,R,N,3,0,1,1,A,-,03,22350,NA,N,F,J,A,A,H,-,A,D,0,NA,NA,Y,NA,Y,NA,C,02,0,1,0,0,0,0,0,0,1,-,-,34.26066970825195,-118.18447875976564,LOS ANGELES,UNINCORPORATED,-118.18448638916016,34.26066207885742
91751206,2022,2022-04-19,9590,2022-04-08,2325,022690,NA,5,3,7,1942,0,1,1,NA,2,063,I-10 E/B (SMF),GRAND AVE,250,W,N,A,-,Y,LA,NA,10,NA,NA,15.256,H,NA,R,N,4,0,1,1,A,-,01,23152,A,N,E,J,A,A,H,-,C,D,0,NA,NA,NA,NA,Y,Y,A,01,0,0,1,0,0,0,0,0,0,-,-,34.035118103027344,-118.26773834228516,LOS ANGELES,LOS ANGELES,-118.26791381835938,34.03490447998047
91751210,2022,2022-04-19,9535,2022-04-08,0725,022840,NA,5,1,5,1969,0,1,1,NA,2,075,I-710 NB (LONG BEACH FREEWAY),FILESTONE BLVD,220,S,N,A,-,Y,LA,NA,710,NA,NA,18.39,H,NA,R,N,3,0,2,3,A,-,03,22350,NA,N,C,C,A,A,H,-,A,D,0,NA,NA,NA,NA,Y,NA,A,01,0,2,0,0,0,0,0,0,0,-,-,33.94902038574219,-118.17034149169922,LOS ANGELES,SOUTH GATE,-118.17027282714844,33.94902038574219
91751218,2022,2022-04-19,9535,2022-04-08,0900,016642,NA,5,1,5,1947,0,1,3,NA,2,600,SR-60 E/B (POMONA FREEWAY),GARFIELD AVENUE,1500,W,N,A,-,Y,LA,NA,60,NA,R,5.313,H,NA,R,Y,4,0,1,2,A,-,08,22107,NA,N,C,E,A,A,H,-,A,D,0,NA,NA,NA,Y,Y,NA,D,22,0,0,1,0,0,0,0,0,0,-,-,34.032920837402344,-118.13542175292967,LOS ANGELES,MONTEBELLO,-118.13542175292967,34.03298568725586
91751237,2022,2022-04-19,9535,2022-04-08,1152,021371,NA,5,1,4,1962,0,1,1,NA,2,401,I-10 W/B (SAN BERNARDINO FREEWAY),DEL MAR AVE,1320,W,N,A,-,Y,LA,NA,10,NA,NA,25.082,H,NA,L,Y,4,0,2,3,A,-,08,22107,NA,N,D,C,A,A,H,-,A,D,0,NA,NA,NA,NA,Y,NA,A,01,0,0,2,0,0,0,0,0,0,-,-,34.07223892211914,-118.1039810180664,LOS ANGELES,SAN GABRIEL,-118.1039810180664,34.072200775146484
91751268,2022,2022-07-07,9525,2022-04-06,0302,019890,NA,3,3,6,1975,0,1,1,NA,2,106,I-10 E/B (SAN BERNARDINO FWY),HOLT AVE.,2112,E,N,A,-,Y,LA,NA,10,NA,NA,39.261,H,NA,R,Y,3,0,1,4,A,-,03,22350,NA,N,C,C,A,D,H,-,D,D,0,NA,NA,NA,Y,Y,NA,A,01,0,1,0,0,0,0,0,0,0,-,-,34.06829833984375,-117.86052703857422,LOS ANGELES,WEST COVINA,-117.86052703857422,34.06830596923828
91751277,2022,2022-04-19,9525,2022-04-07,1340,022627,NA,4,1,4,1905,0,1,1,NA,2,203,I-210 W/B (FOOTHILL FWY),CITRUS AVE,50,W,N,A,-,Y,LA,NA,210,NA,R,40.586,H,NA,L,Y,3,0,4,5,A,-,03,22350,NA,N,C,C,A,A,H,-,A,D,0,NA,NA,NA,NA,Y,NA,A,01,0,1,3,0,0,0,0,0,0,-,-,34.12092971801758,-117.89048004150392,LOS ANGELES,AZUSA,-117.89048004150392,34.12096405029297
91751285,2022,2022-04-19,9580,2022-03-24,0203,022551,NA,4,3,7,1942,0,1,2,NA,2,101,UNITED STATES 101 (VENTURA FWY) S/B TO STATE ROUTE,TUJUNGA AVE,44,N,N,A,-,Y,LA,NA,101,NA,NA,11.83,H,NA,L,Y,1,1,0,1,A,-,08,22107,NA,N,E,8,A,A,H,-,D,D,0,NA,NA,NA,NA,Y,NA,A,01,0,0,0,0,0,0,0,0,0,-,-,34.153900146484375,-118.3787078857422,LOS ANGELES,LOS ANGELES,-118.37873077392578,34.15385437011719
91751292,2022,2022-04-19,9580,2022-03-24,0206,022551,NA,4,3,7,1942,0,1,2,NA,2,101,UNITED STATES 101 S/B (VENTURA FREEWAY),TUJUNGA AVE,70,S,N,A,-,Y,LA,NA,101,NA,NA,11.814,H,NA,L,Y,2,0,1,1,C,-,18,NA,NA,N,E,J,A,A,H,-,D,D,0,NA,NA,NA,NA,Y,NA,-,-,1,0,0,0,0,0,0,0,0,-,-,34.15372848510742,-118.37851715087892,LOS ANGELES,LOS ANGELES,-118.37850952148438,34.15373992919922
91751293,2022,2022-04-19,9565,2022-04-07,2305,022615,NA,4,3,5,1965,0,1,1,NA,2,081,I-10 WESTBOUND,20TH ST,650,W,N,A,-,Y,LA,NA,10,NA,R,2.919,H,NA,L,N,3,0,1,1,A,-,08,22107,NA,N,E,I,A,A,H,-,C,D,0,NA,NA,NA,NA,Y,NA,D,22,0,1,0,0,0,0,0,0,0,-,-,34.022300720214844,-118.4761199951172,LOS ANGELES,SANTA MONICA,-118.47611236572266,34.02229690551758
91751307,2022,2022-04-19,9580,2022-04-08,2255,022572,NA,5,3,7,1942,0,1,1,NA,2,404,I-405 N/B (SAN DIEGO FREEWAY) TO US-101 (VENTURA F,GREENLEAF ST,250,S,N,A,-,Y,LA,NA,405,NA,NA,38.799,H,NA,R,Y,4,0,1,1,A,-,08,22107,NA,N,E,I,A,A,H,-,C,D,0,NA,NA,NA,NA,Y,NA,A,07,0,0,1,0,0,0,0,0,0,-,-,34.15108108520508,-118.468017578125,LOS ANGELES,LOS ANGELES,-118.46810150146484,34.151092529296875
91751328,2022,2022-04-19,9525,2022-04-09,0440,021748,NA,6,3,1,1934,0,1,1,NA,2,652,I-605 N/B (SAN GABRIEL RIVER FWY),I-210 E/B (FOOTHILL FWY),2640,S,N,A,-,Y,LA,NA,605,NA,NA,25.173,H,NA,R,Y,2,0,1,2,A,-,01,23152,A,N,C,C,A,A,H,-,C,D,0,NA,NA,NA,Y,Y,Y,A,01,1,0,0,0,0,0,0,0,0,-,-,34.126468658447266,-117.96388244628906,LOS ANGELES,IRWINDALE,-117.96388244628906,34.12647247314453
91751338,2022,2022-04-19,9565,2022-04-10,2000,021473,NA,7,2,5,1928,0,1,1,NA,2,060,I-405 N/B (SAN DIEGO FWY),MARINE AVE,1000,N,N,A,-,Y,LA,NA,405,NA,NA,18.753,H,NA,R,Y,3,0,1,1,A,-,08,22107,NA,N,E,I,A,A,H,-,C,D,0,NA,NA,NA,NA,Y,NA,A,01,0,1,0,0,0,0,0,0,0,-,-,33.89558029174805,-118.36778259277344,LOS ANGELES,HAWTHORNE,-118.3676986694336,33.89566421508789
91751350,2022,2022-04-19,9525,2022-04-11,1510,022609,NA,1,2,9,1900,0,3,5,NA,2,003,AZUSA AVENUE (400 N),TEMPLE AVENUE,325,N,N,A,-,N,NA,NA,NA,NA,NA,NA,NA,NA,NA,Y,4,0,1,2,A,-,09,21801,A,N,D,C,A,D,H,-,A,D,0,NA,NA,NA,NA,Y,NA,A,07,0,0,1,0,0,0,0,0,0,-,-,34.02560043334961,-117.9171905517578,LOS ANGELES,UNINCORPORATED,-117.9173583984375,34.0255241394043
91751355,2022,2022-04-19,9530,2022-04-08,1308,021004,NA,5,1,9,1900,0,3,5,NA,2,001,BROADWAY,PACIFIC AVE,0,NA,Y,A,-,N,NA,NA,NA,NA,NA,NA,NA,NA,NA,N,4,0,1,2,A,-,09,21801,A,N,D,C,A,A,H,-,A,A,0,NA,NA,NA,NA,Y,NA,A,08,0,0,1,0,0,0,0,0,0,-,-,33.966670989990234,-118.22524261474608,LOS ANGELES,UNINCORPORATED,-118.1937255859375,33.76929473876953
91751383,2022,2022-04-19,9590,2022-04-16,1435,022417,NA,6,2,7,1942,0,1,1,NA,2,082,I-5 N/B (GOLDEN STATE FREEWAY),RIVERSIDE DRIVE,1500,S,N,A,-,Y,LA,NA,5,NA,NA,21.563,H,NA,R,N,3,0,1,2,A,-,03,22350,NA,N,C,C,A,A,H,-,A,D,0,NA,NA,Y,NA,Y,NA,C,02,0,1,0,0,0,0,0,0,1,-,-,34.091209411621094,-118.23959350585938,LOS ANGELES,LOS ANGELES,-118.2395477294922,34.09123992919922
91751412,2022,2022-04-19,9530,2022-03-12,1420,022079,NA,6,2,9,1900,0,3,5,NA,2,007,3RD ST. (900 BLOCK),BANDINI ST.,150,E,N,A,-,N,NA,NA,NA,NA,NA,NA,NA,NA,NA,N,4,0,1,2,A,-,08,22107,NA,N,D,E,A,A,H,-,A,D,0,NA,NA,NA,NA,Y,NA,-,-,0,0,1,0,0,0,0,0,0,-,-,33.74156188964844,-118.29837799072266,LOS ANGELES,UNINCORPORATED,-118.29846954345705,33.741539001464844
91751417,2022,2022-04-19,9530,2022-04-08,1130,020080,NA,5,1,4,1939,0,1,1,NA,2,400,I-405 S/B (SAN DIEGO FREEWAY),WESTERN AVE.,1003,N,N,A,-,Y,LA,NA,405,NA,NA,14.621,H,NA,L,N,4,0,1,2,A,-,03,22350,NA,N,C,C,A,A,H,-,A,D,0,NA,NA,NA,NA,Y,NA,D,22,0,0,1,0,0,0,0,0,0,-,-,33.86027908325195,-118.31269073486328,LOS ANGELES,LAWNDALE,-118.31266021728516,33.86034393310547
91751444,2022,2022-04-19,9590,2022-04-11,0027,021848,NA,1,3,7,1942,0,1,1,NA,2,063,I-10 W/B (SANTA MONICA FREEWAY),WALL STREET UNDERCROSSING,200,W,N,A,-,Y,LA,NA,10,NA,NA,15.809,H,NA,L,N,3,0,1,1,A,-,01,23152,A,N,E,I,A,A,H,-,E,D,0,NA,NA,NA,NA,Y,Y,A,01,0,1,0,0,0,0,0,0,0,-,-,34.0312385559082,-118.25937652587892,LOS ANGELES,LOS ANGELES,-118.25942230224608,34.03114318847656
91751458,2022,2022-04-19,9530,2022-04-08,0100,021310,NA,5,3,9,1900,0,1,1,NA,2,120,I-110 N/B TO I-405,I-405,250,S,N,A,-,Y,NA,NA,NA,NA,NA,NA,NA,NA,NA,Y,3,0,1,1,A,-,08,22107,NA,N,F,A,A,A,H,-,D,D,0,NA,NA,NA,NA,Y,NA,A,01,0,1,0,0,0,0,0,0,0,-,-,33.85408020019531,-118.28343963623048,LOS ANGELES,UNINCORPORATED,-118.28343963623048,33.85408020019531
91751470,2022,2022-11-22,9550,2022-03-11,0010,022239,NA,5,3,9,1900,0,1,3,NA,2,600,STATE ROUTE 60 WESTBOUND TO INTERSTATE 605 NORTHBO,STATE ROUTE 60,773,N,N,A,-,Y,LA,NA,605,NA,R,17.618,H,NA,R,N,1,1,1,1,A,-,03,22350,NA,N,E,I,A,A,H,-,C,D,0,NA,NA,NA,NA,Y,NA,A,07,0,1,0,0,0,0,0,0,0,-,-,34.036041259765625,-118.0239715576172,LOS ANGELES,UNINCORPORATED,-118.0241470336914,34.03619384765625
91751473,2022,2022-05-24,9565,2022-03-20,1423,022576,NA,7,2,7,1942,0,1,1,NA,2,061,I-405 N/B,CENTINELA AVE,250,S,N,A,-,Y,LA,NA,405,NA,NA,25.233,H,NA,R,N,4,0,2,2,A,-,07,21658,A,N,B,C,A,A,H,-,A,D,0,NA,NA,NA,NA,Y,NA,D,22,0,0,2,0,0,0,0,0,0,-,-,33.97932052612305,-118.39208221435548,LOS ANGELES,LOS ANGELES,-118.39214324951172,33.979270935058594
91751480,2022,2022-04-19,9530,2022-04-08,1443,016135,NA,5,2,9,1900,0,3,5,NA,2,006,VERMONT AVENUE,W 228TH STREET,0,NA,Y,A,-,N,NA,NA,NA,NA,NA,NA,NA,NA,NA,Y,3,0,2,2,A,-,09,21801,A,N,D,C,A,A,H,-,A,A,0,NA,NA,NA,NA,Y,NA,A,01,0,2,0,0,0,0,0,0,0,-,-,33.81895065307617,-118.29036712646484,LOS ANGELES,UNINCORPORATED,-118.29033660888672,33.818939208984375