CASE_ID,ACCIDENT_YEAR,PROC_DATE,JURIS,COLLISION_DATE,COLLISION_TIME,OFFICER_ID,REPORTING_DISTRICT,DAY_OF_WEEK,CHP_SHIFT,POPULATION,CNTY_CITY_LOC,SPECIAL_COND,BEAT_TYPE,CHP_BEAT_TYPE,CITY_DIVISION_LAPD,CHP_BEAT_CLASS,BEAT_NUMBER,PRIMARY_RD,SECONDARY_RD,DISTANCE,DIRECTION,INTERSECTION,WEATHER_1,WEATHER_2,STATE_HWY_IND,CALTRANS_COUNTY,CALTRANS_DISTRICT,STATE_ROUTE,ROUTE_SUFFIX,POSTMILE_PREFIX,POSTMILE,LOCATION_TYPE,RAMP_INTERSECTION,SIDE_OF_HWY,TOW_AWAY,COLLISION_SEVERITY,NUMBER_KILLED,NUMBER_INJURED,PARTY_COUNT,PRIMARY_COLL_FACTOR,PCF_CODE_OF_VIOL,PCF_VIOL_CATEGORY,PCF_VIOLATION,PCF_VIOL_SUBSECTION,HIT_AND_RUN,TYPE_OF_COLLISION,MVIW,PED_ACTION,ROAD_SURFACE,ROAD_COND_1,ROAD_COND_2,LIGHTING,CONTROL_DEVICE,CHP_ROAD_TYPE,PEDESTRIAN_ACCIDENT,BICYCLE_ACCIDENT,MOTORCYCLE_ACCIDENT,TRUCK_ACCIDENT,NOT_PRIVATE_PROPERTY,ALCOHOL_INVOLVED,STWD_VEHTYPE_AT_FAULT,CHP_VEHTYPE_AT_FAULT,COUNT_SEVERE_INJ,COUNT_VISIBLE_INJ,COUNT_COMPLAINT_PAIN,COUNT_PED_KILLED,COUNT_PED_INJURED,COUNT_BICYCLIST_KILLED,COUNT_BICYCLIST_INJURED,COUNT_MC_KILLED,COUNT_MC_INJURED,PRIMARY_RAMP,SECONDARY_RAMP,LATITUDE,LONGITUDE,COUNTY,CITY,POINT_X,POINT_Y
91753357,2022,2022-04-21,9580,2022-04-12,1055,017427,NA,2,1,9,1900,0,1,3,NA,1,270,SR-27 S/B (TOPANGA CYN. BLVD.),NAVAJO DR,1584,N,N,A,-,Y,NA,NA,NA,NA,NA,NA,NA,NA,NA,Y,3,0,1,1,A,-,03,22350,NA,N,E,J,A,A,H,-,A,D,0,NA,NA,NA,NA,Y,NA,A,07,0,1,0,0,0,0,0,0,0,-,-,34.140289306640625,-118.60420989990234,LOS ANGELES,UNINCORPORATED,-118.60443115234376,34.140689849853516
91753395,2022,2022-04-21,9535,2022-04-09,1002,022085,NA,6,1,9,1900,0,3,5,NA,2,002,HUBBARD ST. (6000 BLOCK),HENDRICKS AVE.,74,W,N,A,-,N,NA,NA,NA,NA,NA,NA,NA,NA,NA,N,3,0,1,3,A,-,08,22107,NA,F,D,C,E,A,H,-,A,D,0,Y,NA,NA,NA,Y,NA,A,01,0,1,0,0,1,0,0,0,0,-,-,34.0190315246582,-118.13974761962892,LOS ANGELES,UNINCORPORATED,-118.13971710205078,34.01905822753906
91753402,2022,2022-04-21,9565,2022-04-09,0133,022810,NA,6,3,7,1942,0,1,1,NA,2,063,I-405 N/B TO SUNSET BOULEVARD,SUNSET BOULEVARD,300,S,N,A,-,Y,NA,NA,NA,NA,NA,NA,NA,NA,NA,N,3,0,1,1,A,-,01,23152,A,N,G,I,A,A,H,-,C,A,0,NA,NA,NA,NA,Y,Y,A,01,0,1,0,0,0,0,0,0,0,-,-,34.07202911376953,-118.46527862548828,LOS ANGELES,LOS ANGELES,-118.46527862548828,34.07202911376953
91753404,2022,2022-04-21,9530,2022-04-10,2215,022079,NA,7,3,9,1900,0,3,5,NA,2,003,ATLANTIC AVE.,COMPTON BLVD.,0,NA,Y,A,-,N,NA,NA,NA,NA,NA,NA,NA,NA,NA,N,4,0,2,3,A,-,09,21801,A,F,D,C,A,A,H,-,C,A,0,NA,NA,NA,NA,Y,NA,-,99,0,0,2,0,0,0,0,0,0,-,-,33.896148681640625,-118.19344329833984,LOS ANGELES,UNINCORPORATED,-118.19344329833984,33.89616012573242
91753411,2022,2022-04-21,9530,2022-04-10,2050,021842,NA,7,2,9,1900,0,1,1,NA,2,400,I-405 N/B,166TH ST.,250,N,N,A,-,Y,LA,NA,405,NA,NA,17.191,H,NA,R,N,4,0,1,2,A,-,03,22350,NA,F,C,C,A,A,H,-,D,A,0,NA,NA,NA,NA,Y,NA,-,99,0,0,1,0,0,0,0,0,0,-,-,33.88056945800781,-118.34754943847656,LOS ANGELES,UNINCORPORATED,-118.34757232666016,33.88055419921875
91753445,2022,2023-02-22,9530,2022-04-10,1559,022438,NA,7,2,9,1900,0,3,5,NA,2,002,WILMINGTON AVENUE,E 119TH STREET,0,NA,Y,A,-,N,NA,NA,NA,NA,NA,NA,NA,NA,NA,Y,2,0,3,2,A,-,12,21453,A,N,D,C,A,A,H,-,A,A,0,NA,NA,NA,NA,Y,NA,D,22,1,0,2,0,0,0,0,0,0,-,-,33.92461013793945,-118.23914337158205,LOS ANGELES,UNINCORPORATED,-118.23902130126952,33.924617767333984
91753448,2022,2022-04-21,9580,2022-01-24,0730,019451,NA,1,1,7,1942,0,1,3,NA,2,115,STATE ROUTE 118 W/B (RONALD REAGAN FWY.),CHATSWORTH DR.,423,W,N,A,-,Y,LA,NA,118,NA,R,10.393,H,NA,L,Y,1,1,3,4,A,-,01,23152,F,N,G,E,E,A,H,-,A,D,0,Y,NA,NA,Y,Y,NA,F,26,2,1,0,1,1,0,0,0,0,-,-,34.26613998413086,-118.46179962158205,LOS ANGELES,LOS ANGELES,-118.46179962158205,34.266021728515625
91753469,2022,2022-04-21,9530,2022-04-10,2023,022438,NA,7,2,9,1900,0,1,1,NA,2,210,E/B I-105 (GLENN ANDERSON FREEWAY),HARRIS AVENUE,100,W,N,A,-,Y,LA,NA,105,NA,R,12.551,H,NA,R,N,4,0,6,4,A,-,03,22350,NA,F,C,C,A,A,H,-,C,D,0,NA,NA,NA,NA,Y,NA,A,01,0,0,6,0,0,0,0,0,0,-,-,33.9180793762207,-118.19489288330078,LOS ANGELES,UNINCORPORATED,-118.19489288330078,33.9180793762207
91753474,2022,2022-04-21,9550,2022-04-14,1348,021577,NA,4,1,9,1900,0,1,3,NA,2,602,STATE ROUTE 60 (POMONA FREEWAY),FAIRWAY DRIVE,1320,W,N,A,-,Y,LA,NA,60,NA,R,21.186,H,NA,R,Y,3,0,4,3,A,-,03,22350,NA,N,B,C,A,A,H,-,A,D,0,NA,NA,NA,NA,Y,NA,D,22,0,1,3,0,0,0,0,0,0,-,-,33.99551010131836,-117.87558746337892,LOS ANGELES,UNINCORPORATED,-117.87556457519533,33.99540328979492
91753485,2022,2022-04-21,9530,2022-04-12,0510,018278,NA,2,3,7,1941,0,1,1,NA,2,073,I-710 N/B (LONG BEACH FREEWAY),ANAHEIM ST.,1214,N,N,A,-,Y,LA,NA,710,NA,NA,6.289,H,NA,R,Y,4,0,1,1,A,-,08,22107,NA,N,E,I,A,A,H,-,C,D,0,NA,NA,NA,NA,Y,NA,A,01,0,0,1,0,0,0,0,0,0,-,-,33.78129959106445,-118.20761871337892,LOS ANGELES,LONG BEACH,-118.2075424194336,33.78130340576172
91753494,2022,2022-04-21,9530,2022-04-12,1913,017755,NA,2,2,9,1900,0,1,1,NA,2,410,I-405 S/B (SAN DIEGO FREEWAY),190TH ST.,443,S,N,A,-,Y,LA,NA,405,NA,NA,13.23,H,NA,L,Y,3,0,1,2,A,-,03,22350,NA,M,C,C,A,A,H,-,B,D,0,NA,NA,NA,NA,Y,NA,D,22,0,1,0,0,0,0,0,0,0,-,-,33.858699798583984,-118.2886199951172,LOS ANGELES,UNINCORPORATED,-118.28865051269533,33.85865020751953
91753497,2022,2022-04-21,9575,2022-04-11,0330,022503,NA,1,3,9,1900,0,2,4,NA,2,083,CALIFORNIA BLVD. (3300 BLOCK),MADRE ST. (600 BLOCK),0,NA,Y,B,-,N,NA,NA,NA,NA,NA,NA,NA,NA,NA,Y,4,0,1,2,A,-,12,21453,A,N,D,C,A,A,H,-,C,A,0,NA,NA,NA,NA,Y,NA,-,-,0,0,1,0,0,0,0,0,0,-,-,34.13582992553711,-118.08074188232422,LOS ANGELES,UNINCORPORATED,-118.08073425292967,34.13585662841797
91753511,2022,2022-04-21,9565,2022-04-10,2150,022810,NA,7,2,7,1942,0,1,1,NA,2,062,I-405 N/B (SAN DIEGO FREEWAY),PALMS BLVD,300,S,N,A,-,Y,LA,NA,405,NA,NA,28.423,H,NA,R,N,3,0,1,2,A,-,03,22350,NA,N,C,C,A,A,H,-,D,D,0,NA,NA,Y,NA,Y,NA,C,02,0,1,0,0,0,0,0,0,1,-,-,34.01784133911133,-118.4227294921875,LOS ANGELES,LOS ANGELES,-118.42276763916016,34.017818450927734
91753521,2022,2022-04-21,9530,2022-04-10,1805,020608,NA,7,2,9,1900,0,1,3,NA,2,310,SR-91 E/B (ARTESIA FREEWAY),SANTA FE AVENUE,325,W,N,A,-,Y,LA,NA,91,NA,R,10.374,H,NA,R,Y,3,0,2,3,A,-,01,23152,A,N,B,C,A,A,H,-,A,D,0,NA,NA,NA,NA,Y,Y,A,01,0,2,0,0,0,0,0,0,0,-,-,33.87342071533203,-118.21501159667967,LOS ANGELES,UNINCORPORATED,-118.21501159667967,33.87337112426758
91753552,2021,2022-04-21,9530,2021-05-08,2210,022197,NA,6,3,9,1900,0,3,5,NA,2,001,EL SEGUNDO BOULEVARD,CARLTON AVENUE,0,NA,Y,A,-,N,NA,NA,NA,NA,NA,NA,NA,NA,NA,Y,1,1,1,2,D,-,00,NA,NA,N,G,B,D,A,H,-,C,D,0,Y,NA,NA,NA,Y,NA,-,-,0,1,0,1,0,0,0,0,0,-,-,33.91645812988281,-118.27272033691406,LOS ANGELES,UNINCORPORATED,-118.2728271484375,33.91640853881836
91753555,2022,2022-04-21,9565,2022-04-09,0031,022775,NA,6,3,5,1928,0,1,1,NA,2,060,I-405 N/B TO I-105 E/B,120TH ST,1110,N,N,A,-,Y,NA,NA,NA,NA,NA,NA,NA,NA,NA,Y,3,0,1,1,A,-,01,23152,A,M,E,I,A,A,H,-,C,D,0,NA,NA,NA,NA,Y,Y,A,01,0,1,0,0,0,0,0,0,0,-,-,33.92705154418945,-118.36743927001952,LOS ANGELES,HAWTHORNE,-118.36743927001952,33.92705154418945
91753564,2022,2022-04-21,9535,2022-04-09,0200,022861,NA,6,3,9,1900,0,1,1,NA,2,400,I-10 (SAN BERNARDINO FREEWAY) E/B,VALLEY BLVD,1404,W,N,A,-,Y,LA,NA,10,NA,NA,29.848,H,NA,R,N,3,0,1,2,A,-,08,22107,NA,N,C,E,A,A,H,-,C,D,0,NA,NA,NA,NA,Y,NA,A,01,0,1,0,0,0,0,0,0,0,-,-,34.06760025024414,-118.02184295654295,LOS ANGELES,UNINCORPORATED,-118.02179718017578,34.06770706176758
91753577,2022,2022-04-21,9590,2022-04-13,0718,022750,NA,3,1,7,1942,0,1,2,NA,2,070,US-101 N/B (HOLLYWOOD FREEWAY),VERMONT AVENUE,1000,S,N,A,-,Y,LA,NA,101,NA,NA,4.2,H,NA,R,N,4,0,1,2,A,-,03,22350,NA,N,C,C,A,A,H,-,A,D,0,NA,NA,NA,NA,Y,NA,A,01,0,0,1,0,0,0,0,0,0,-,-,34.078880310058594,-118.2886199951172,LOS ANGELES,LOS ANGELES,-118.28863525390624,34.07883834838867
91753593,2022,2022-04-21,9525,2022-04-08,0252,021838,NA,5,3,1,1934,0,1,1,NA,2,652,I-605 N/B (SAN GABRIEL RIVER FWY),LOWER AZUSA RD.,50,N,N,A,-,Y,LA,NA,605,NA,NA,22.219,H,NA,R,Y,2,0,2,2,C,-,18,NA,NA,N,A,C,A,A,H,-,D,D,0,NA,NA,NA,NA,Y,NA,-,-,1,0,1,0,0,0,0,0,0,-,-,34.09230041503906,-117.9910125732422,LOS ANGELES,IRWINDALE,-117.99095916748048,34.092262268066406
91753594,2022,2022-04-21,9535,2022-04-11,1445,022336,NA,1,2,9,1900,0,2,4,NA,2,021,HUMPHREYS AVE,FORD BLVD.,0,NA,Y,A,-,N,NA,NA,NA,NA,NA,NA,NA,NA,NA,N,3,0,1,2,A,-,09,21802,A,N,D,C,A,A,H,-,A,A,0,NA,NA,NA,NA,Y,NA,D,22,0,1,0,0,0,0,0,0,0,-,-,34.02621078491211,-118.17019653320313,LOS ANGELES,UNINCORPORATED,-118.17019653320313,34.026145935058594
91753624,2022,2022-04-21,9525,2022-03-20,1840,019941,NA,7,2,9,1900,0,1,3,NA,2,611,SR-60 W/B (POMONA FWY),FAIRWAY DRIVE,1531,E,N,A,-,Y,LA,NA,60,NA,R,21.788,H,NA,L,N,2,0,1,2,A,-,07,21658,A,F,B,C,A,A,H,-,A,D,0,NA,NA,Y,NA,Y,NA,B,01,1,0,0,0,0,0,0,0,1,-,-,33.99721145629883,-117.86522674560548,LOS ANGELES,UNINCORPORATED,-117.865234375,33.99723815917969
91753625,2022,2022-04-21,9590,2022-04-01,2320,022404,NA,5,3,7,1942,0,1,1,NA,2,011,SR-110 S/B (ASP) FROM FIGUEROA ST.,SAN FERNANDO RD,520,N,N,A,-,Y,LA,NA,110,NA,NA,25.736,H,NA,L,N,2,0,1,2,A,-,06,21754,NA,N,B,C,A,A,H,-,C,D,0,NA,NA,Y,NA,Y,NA,C,02,1,0,0,0,0,0,0,0,1,-,-,34.08203125,-118.22412872314452,LOS ANGELES,LOS ANGELES,-118.22406768798828,34.08196258544922
91753630,2022,2022-04-21,9525,2022-04-11,0400,021545,NA,1,3,9,1900,0,3,5,NA,2,004,PUENTE AVE,TEMPLE AVE,0,NA,Y,A,-,N,NA,NA,NA,NA,NA,NA,NA,NA,NA,Y,4,0,1,2,A,-,12,21453,A,N,D,C,A,A,H,-,C,A,0,NA,NA,NA,NA,Y,NA,A,01,0,0,1,0,0,0,0,0,0,-,-,34.05059814453125,-117.98191833496094,LOS ANGELES,UNINCORPORATED,-117.98188018798828,34.050628662109375
91753638,2022,2022-04-21,9550,2022-01-23,1518,022631,NA,7,2,9,1900,0,1,3,NA,2,602,SR-60 WESTBOUND,FULLERTON RD,1000,W,N,A,-,Y,LA,NA,60,NA,NA,19.156,H,NA,L,Y,2,0,1,3,A,-,03,22350,NA,F,B,C,A,A,H,-,A,D,0,NA,NA,NA,NA,Y,NA,-,99,1,0,0,0,0,0,0,0,0,-,-,33.994510650634766,-117.91078186035156,LOS ANGELES,UNINCORPORATED,-117.91078948974608,33.99446105957031
91753643,2022,2022-04-21,9535,2022-04-11,1000,021795,NA,1,1,9,1900,0,2,4,NA,2,014,CESAR E. CHAVEZ AVENUE (4100 BLOCK),CARMELITA AVENUE,90,W,N,B,-,N,NA,NA,NA,NA,NA,NA,NA,NA,NA,Y,2,0,1,3,A,-,06,21750,A,N,B,C,A,A,H,-,A,D,0,NA,NA,Y,NA,Y,NA,C,02,1,0,0,0,0,0,0,0,1,-,-,34.0405387878418,-118.17780303955078,LOS ANGELES,UNINCORPORATED,-118.17772674560548,34.04056167602539
91753653,2021,2022-04-21,9530,2021-11-28,1720,022406,NA,7,2,7,1942,0,1,1,NA,2,110,I-110 N/B (HARBOR FREEWAY),117TH ST,400,S,N,A,-,Y,NA,NA,110,NA,NA,NA,NA,NA,N,Y,3,0,2,3,A,-,03,22350,NA,N,C,C,A,A,H,-,B,D,0,NA,NA,NA,NA,Y,NA,A,01,0,1,1,0,0,0,0,0,0,-,-,33.92620849609375,-118.28072357177734,LOS ANGELES,LOS ANGELES,-118.28097534179688,33.92624282836914
91753684,2022,2022-04-21,9590,2022-04-11,1715,022417,NA,1,2,7,1942,0,1,2,NA,2,071,US-101 S/B (HOLLYWOOD FREEWAY),BENTON WAY,50,S,N,A,-,Y,LA,NA,101,NA,NA,3.321,H,NA,L,N,4,0,1,2,A,-,07,21658,A,N,B,C,A,A,H,-,A,D,0,NA,NA,NA,NA,Y,NA,A,08,0,0,1,0,0,0,0,0,0,-,-,34.0749397277832,-118.27397918701172,LOS ANGELES,LOS ANGELES,-118.27396392822266,34.07497787475586
91753694,2022,2022-04-21,9525,2022-04-18,2250,015988,NA,1,3,6,1955,0,1,3,NA,2,072,SR-71 N/B (CHINO VALLEY FWY),PEYTON DR.,1584,N,N,A,-,Y,LA,NA,71,NA,R,4.523,H,NA,L,Y,3,0,2,1,A,-,08,22107,NA,N,E,8,A,A,D,-,D,D,0,NA,NA,NA,NA,Y,NA,A,01,0,2,0,0,0,0,0,0,0,-,-,34.022029876708984,-117.74770355224608,LOS ANGELES,POMONA,-117.74769592285156,34.022029876708984
91753700,2022,2022-04-21,9550,2022-04-15,0849,021934,NA,5,1,9,1900,0,1,3,NA,2,602,SR-60 EB,NOGALES ST,25,W,N,A,-,Y,LA,NA,60,NA,NA,20.423,H,NA,R,N,4,0,1,2,A,-,03,22350,NA,N,C,C,A,A,H,-,A,D,0,NA,NA,NA,NA,Y,NA,A,01,0,0,1,0,0,0,0,0,0,-,-,33.99407958984375,-117.88874816894533,LOS ANGELES,UNINCORPORATED,-117.88874816894533,33.994056701660156
91753704,2022,2022-04-21,9525,2022-04-17,0250,021967,NA,7,3,6,1955,0,1,3,NA,2,072,SR-71 N/B (CHINO VALLEY FWY),VALLEY BLVD,500,S,N,A,-,Y,LA,NA,71,NA,T,1.731,H,NA,R,Y,3,0,1,2,A,-,03,22350,NA,F,C,C,A,A,H,-,D,D,0,NA,NA,NA,NA,Y,NA,A,01,0,1,0,0,0,0,0,0,0,-,-,34.05897903442383,-117.78649139404295,LOS ANGELES,POMONA,-117.7865753173828,34.058921813964844
91753709,2022,2022-04-21,9530,2022-04-04,1805,022079,NA,1,2,9,1900,0,3,5,NA,2,003,ATLANTIC AVE.,LINSLEY ST.,0,NA,Y,A,-,N,NA,NA,NA,NA,NA,NA,NA,NA,NA,N,3,0,3,2,A,-,09,21802,A,N,D,C,A,A,H,-,A,A,0,NA,NA,NA,NA,Y,NA,A,01,0,3,0,0,0,0,0,0,0,-,-,33.890628814697266,-118.19296264648438,LOS ANGELES,UNINCORPORATED,-118.19303894042967,33.89060592651367
91753710,2022,2022-04-21,9565,2022-04-12,0031,022763,NA,2,3,7,1942,0,1,1,NA,2,064,I-405 S/B (SAN DIEGO FREEWAY),CHURCH LN,900,N,N,A,-,Y,LA,NA,405,NA,NA,33.549,H,NA,L,Y,4,0,1,1,A,-,08,22107,NA,N,E,I,A,A,H,-,D,D,0,NA,NA,NA,NA,Y,NA,A,01,0,0,1,0,0,0,0,0,0,-,-,34.07944869995117,-118.47209930419922,LOS ANGELES,LOS ANGELES,-118.47218322753906,34.07939147949219
91753715,2022,2022-04-21,9530,2022-04-12,1715,017860,NA,2,2,7,1941,0,1,1,NA,2,430,I-405 S/B (SAN DIEGO FREEWAY),BELLFLOWER BLVD.,1584,S,N,A,-,Y,LA,NA,405,NA,NA,1.962,H,NA,L,Y,4,0,4,2,A,-,03,22350,NA,N,C,C,A,A,H,-,A,D,0,NA,NA,NA,NA,Y,NA,A,01,0,0,4,0,0,0,0,0,0,-,-,33.80253982543945,-118.11992645263672,LOS ANGELES,LONG BEACH,-118.11992645263672,33.80259704589844
91753725,2022,2022-04-21,9525,2022-04-15,1615,022627,NA,5,2,1,1934,0,1,1,NA,2,203,I-210 W/B (FOOTHILL FWY),IRWINDALE AVE,300,W,N,A,-,Y,LA,NA,210,NA,R,37.795,H,NA,L,Y,4,0,1,1,C,-,18,NA,NA,N,E,J,A,A,H,-,A,D,0,NA,NA,NA,NA,Y,NA,-,-,0,0,1,0,0,0,0,0,0,-,-,34.129638671875,-117.9347915649414,LOS ANGELES,IRWINDALE,-117.93478393554688,34.1296272277832
91753735,2022,2022-04-21,9590,2022-03-26,2101,022569,NA,6,2,7,1942,0,1,1,NA,2,013,SR-110 S/B (ARROYO SECO PARKWAY),AVENUE 43,325,N,N,A,-,Y,LA,NA,110,NA,NA,27.187,H,NA,L,N,4,0,2,2,A,-,01,23152,A,F,C,C,A,A,E,-,C,D,0,NA,NA,NA,NA,Y,Y,A,07,0,0,2,0,0,0,0,0,0,-,-,34.09429168701172,-118.20622253417967,LOS ANGELES,LOS ANGELES,-118.20621490478516,34.09428787231445
91753770,2022,2022-04-21,9580,2022-04-20,1620,022755,NA,3,2,7,1942,0,1,2,NA,2,106,US-101 S/B (VENTURA FREEWAY),LAS VIRGENES RD,400,N,N,A,-,Y,LA,NA,101,NA,NA,31.524,H,NA,L,N,4,0,1,2,A,-,03,22350,NA,N,C,C,A,A,H,-,A,D,0,NA,NA,NA,NA,Y,NA,A,01,0,0,1,0,0,0,0,0,0,-,-,34.143619537353516,-118.70377349853516,LOS ANGELES,LOS ANGELES,-118.7038116455078,34.14366912841797
91753774,2022,2022-04-21,9565,2022-04-09,1900,021759,NA,6,2,9,1900,0,3,5,NA,2,003,OVERHILL DRIVE,62ND STREET,50,N,N,A,-,N,NA,NA,NA,NA,NA,NA,NA,NA,NA,N,4,0,1,4,A,-,08,22107,NA,N,B,E,A,A,H,-,B,D,0,NA,NA,NA,NA,Y,NA,A,07,0,0,1,0,0,0,0,0,0,-,-,33.98394012451172,-118.35498809814452,LOS ANGELES,UNINCORPORATED,-118.35520935058594,33.983612060546875
91753778,2022,2022-04-21,9550,2022-04-15,1100,022376,NA,5,1,9,1900,0,1,1,NA,2,650,I-605,DUNLAP CROSSING RD.,150,S,N,A,-,Y,LA,NA,605,NA,R,12.822,H,NA,R,N,4,0,1,2,A,-,03,22350,NA,N,C,C,A,A,H,-,A,D,0,NA,NA,NA,NA,Y,NA,A,01,0,0,1,0,0,0,0,0,0,-,-,33.983299255371094,-118.07347106933594,LOS ANGELES,UNINCORPORATED,-118.07334899902344,33.98323059082031
91753782,2022,2022-04-21,9550,2022-04-09,0900,022376,NA,6,1,9,1900,0,1,1,NA,2,650,I-605 NB,UNION PACIFIC R/R OVERCROSSING,750,N,N,A,-,Y,LA,NA,605,NA,R,14.919,H,NA,R,Y,4,0,1,3,A,-,03,22350,NA,N,C,C,A,A,H,-,A,D,0,NA,NA,NA,NA,Y,NA,D,22,0,0,1,0,0,0,0,0,0,-,-,34.012550354003906,-118.05653381347656,LOS ANGELES,UNINCORPORATED,-118.05654907226564,34.01255416870117
91753783,2022,2022-04-21,9580,2022-04-21,1110,016413,NA,4,1,7,1942,0,1,1,NA,2,407,I-405 S/B (SAN DIEGO FWY),CHATSWORTH ST,50,S,N,B,-,Y,LA,NA,405,NA,NA,46.613,H,NA,L,N,3,0,2,2,A,-,08,22107,NA,N,E,I,A,A,H,-,A,D,0,NA,NA,NA,NA,Y,NA,A,01,0,1,1,0,0,0,0,0,0,-,-,34.262630462646484,-118.47239685058594,LOS ANGELES,LOS ANGELES,-118.47232055664064,34.262630462646484
91753786,2021,2022-04-21,9530,2021-10-10,0825,021792,NA,7,1,7,1942,0,1,1,NA,2,110,I-110 N/B (HARBOR FREEWAY),SR-91,352,N,N,A,-,Y,NA,NA,110,NA,NA,NA,NA,NA,N,N,3,0,1,1,A,-,01,23152,F,M,E,I,A,A,H,-,A,D,0,NA,NA,NA,NA,Y,NA,D,22,0,1,0,0,0,0,0,0,0,-,-,33.87376022338867,-118.28469848632813,LOS ANGELES,LOS ANGELES,-118.28482055664064,33.87376022338867
91753792,2022,2022-04-21,9550,2022-04-09,1650,020709,NA,6,2,9,1900,0,3,5,NA,2,002,LAUREL AVE.,LANNING DR.,40,N,N,A,-,N,NA,NA,NA,NA,NA,NA,NA,NA,NA,Y,4,0,1,2,A,-,09,21801,A,N,D,C,A,A,H,-,A,D,0,NA,NA,Y,NA,Y,NA,A,01,0,0,1,0,0,0,0,0,1,-,-,33.95362091064453,-118.03672790527344,LOS ANGELES,UNINCORPORATED,-118.03672790527344,33.95353698730469
91753802,2022,2022-04-21,9525,2022-04-20,1530,021995,NA,3,2,6,1975,0,1,1,NA,2,104,I-10 E/B (SAN BERNARDINO FWY),VINCENT AVE,2000,W,N,A,-,Y,LA,NA,10,NA,NA,35.01,H,NA,R,N,4,0,2,3,A,-,08,22107,NA,N,B,C,A,A,H,-,A,D,0,NA,NA,NA,NA,Y,NA,A,01,0,0,2,0,0,0,0,0,0,-,-,34.072269439697266,-117.93359375,LOS ANGELES,WEST COVINA,-117.93358612060548,34.072296142578125
91753809,2022,2022-04-21,9525,2022-04-15,1800,022745,NA,5,2,4,1905,0,1,1,NA,2,203,I-210 W/B (FOOTHILL FWY),AZUSA AVE,2640,E,N,A,-,Y,LA,NA,210,NA,R,40.052,H,NA,L,Y,4,0,1,2,A,-,03,22350,NA,N,C,C,A,A,H,-,B,D,0,NA,NA,NA,NA,Y,NA,A,01,0,0,1,0,0,0,0,0,0,-,-,34.121299743652344,-117.89978790283205,LOS ANGELES,AZUSA,-117.89978790283205,34.12118911743164
91753813,2022,2022-04-21,9550,2022-04-18,0510,015449,NA,1,3,9,1900,0,3,5,NA,2,002,LA MIRADA BLVD,LEFFINGWELL RD.,625,N,N,A,-,N,NA,NA,NA,NA,NA,NA,NA,NA,NA,N,4,0,1,2,A,-,08,22107,NA,N,E,I,A,A,H,-,C,D,0,NA,NA,NA,NA,Y,NA,A,01,0,0,1,0,0,0,0,0,0,-,-,33.92866134643555,-118.0118408203125,LOS ANGELES,UNINCORPORATED,-118.01188659667967,33.92845153808594
91753827,2022,2022-04-21,9550,2022-04-15,1220,022434,NA,5,1,9,1900,0,1,1,NA,2,150,I-105 EB TO I-605 NB,IMPERIAL HWY.,100,N,N,A,-,Y,NA,NA,NA,NA,NA,NA,NA,NA,NA,N,4,0,1,2,A,-,03,22350,NA,N,C,C,A,A,H,-,A,D,0,NA,NA,NA,Y,Y,NA,A,07,0,0,1,0,0,0,0,0,0,-,-,33.91746139526367,-118.10411834716795,LOS ANGELES,UNINCORPORATED,-118.34593963623048,33.93111801147461
91753840,2022,2022-04-21,9525,2022-04-13,1650,021355,NA,3,2,9,1900,0,2,4,NA,2,023,LARKE ELLEN AVE.,TUDOR ST.,0,NA,Y,A,-,N,NA,NA,NA,NA,NA,NA,NA,NA,NA,Y,4,0,1,2,A,-,12,21453,A,N,D,C,A,A,H,-,A,A,0,NA,NA,NA,NA,Y,NA,A,01,0,0,1,0,0,0,0,0,0,-,-,34.1020393371582,-117.9165267944336,LOS ANGELES,UNINCORPORATED,-117.91677856445313,34.1018180847168
91753881,2022,2022-04-21,9535,2022-04-12,0610,021684,NA,2,1,9,1900,0,2,4,NA,2,014,CESAR E. CHAVEZ AVE.,EASTERN AVE.,0,NA,Y,B,-,N,NA,NA,NA,NA,NA,NA,NA,NA,NA,N,4,0,1,2,A,-,09,21801,A,N,A,C,A,A,H,-,B,A,0,NA,NA,NA,NA,Y,NA,A,01,0,0,1,0,0,0,0,0,0,-,-,34.04058074951172,-118.17362213134766,LOS ANGELES,UNINCORPORATED,-118.17361450195313,34.040557861328125
91753884,2022,2022-04-21,9535,2022-04-11,1320,021795,NA,1,1,9,1900,0,3,5,NA,2,001,CESAR E. CHAVEZ AVENUE (3900 BLOCK),SAN CARLOS STREET,40,W,N,B,-,N,NA,NA,NA,NA,NA,NA,NA,NA,NA,Y,3,0,1,5,A,-,13,22515,B,N,A,E,A,A,H,-,A,D,0,NA,NA,NA,Y,Y,NA,F,27,0,1,0,0,0,0,0,0,0,-,-,34.04050064086914,-118.18108367919922,LOS ANGELES,UNINCORPORATED,-118.18080902099608,34.040550231933594
91753890,2022,2022-04-21,9525,2022-04-21,0810,018505,NA,4,1,4,1946,0,1,1,NA,2,211,I-210 W/B (FOOTHILL FWY),CALIFORNIA AVE,500,E,N,A,-,Y,LA,NA,210,NA,R,34.369,H,NA,L,Y,4,0,1,4,A,-,03,22350,NA,N,C,C,A,A,H,-,A,D,0,NA,NA,NA,NA,Y,NA,A,01,0,0,1,0,0,0,0,0,0,-,-,34.1356201171875,-117.99299621582033,LOS ANGELES,MONROVIA,-117.99299621582033,34.13556671142578