CASE_ID,ACCIDENT_YEAR,PROC_DATE,JURIS,COLLISION_DATE,COLLISION_TIME,OFFICER_ID,REPORTING_DISTRICT,DAY_OF_WEEK,CHP_SHIFT,POPULATION,CNTY_CITY_LOC,SPECIAL_COND,BEAT_TYPE,CHP_BEAT_TYPE,CITY_DIVISION_LAPD,CHP_BEAT_CLASS,BEAT_NUMBER,PRIMARY_RD,SECONDARY_RD,DISTANCE,DIRECTION,INTERSECTION,WEATHER_1,WEATHER_2,STATE_HWY_IND,CALTRANS_COUNTY,CALTRANS_DISTRICT,STATE_ROUTE,ROUTE_SUFFIX,POSTMILE_PREFIX,POSTMILE,LOCATION_TYPE,RAMP_INTERSECTION,SIDE_OF_HWY,TOW_AWAY,COLLISION_SEVERITY,NUMBER_KILLED,NUMBER_INJURED,PARTY_COUNT,PRIMARY_COLL_FACTOR,PCF_CODE_OF_VIOL,PCF_VIOL_CATEGORY,PCF_VIOLATION,PCF_VIOL_SUBSECTION,HIT_AND_RUN,TYPE_OF_COLLISION,MVIW,PED_ACTION,ROAD_SURFACE,ROAD_COND_1,ROAD_COND_2,LIGHTING,CONTROL_DEVICE,CHP_ROAD_TYPE,PEDESTRIAN_ACCIDENT,BICYCLE_ACCIDENT,MOTORCYCLE_ACCIDENT,TRUCK_ACCIDENT,NOT_PRIVATE_PROPERTY,ALCOHOL_INVOLVED,STWD_VEHTYPE_AT_FAULT,CHP_VEHTYPE_AT_FAULT,COUNT_SEVERE_INJ,COUNT_VISIBLE_INJ,COUNT_COMPLAINT_PAIN,COUNT_PED_KILLED,COUNT_PED_INJURED,COUNT_BICYCLIST_KILLED,COUNT_BICYCLIST_INJURED,COUNT_MC_KILLED,COUNT_MC_INJURED,PRIMARY_RAMP,SECONDARY_RAMP,LATITUDE,LONGITUDE,COUNTY,CITY,POINT_X,POINT_Y
91753892,2022,2022-04-21,9545,2022-04-12,1215,017305,NA,2,1,9,1900,0,3,5,NA,2,004,AVENUE O,170TH STREET EAST,487,E,N,A,-,N,NA,NA,NA,NA,NA,NA,NA,NA,NA,N,4,0,2,2,A,-,09,21801,A,N,B,C,A,A,H,-,A,D,0,NA,NA,NA,NA,Y,NA,D,22,0,0,2,0,0,0,0,0,0,-,-,34.616519927978516,-117.82514190673828,LOS ANGELES,UNINCORPORATED,-117.82528686523438,34.61653137207031
91753909,2022,2022-04-21,9590,2022-04-11,2135,022404,NA,1,2,7,1942,0,1,1,NA,2,040,I-5 N/B (SANTA ANA FREEWAY),EUCLID AVE,345,N,N,A,-,Y,LA,NA,5,NA,NA,16.133,H,NA,R,N,3,0,1,1,A,-,08,22107,NA,N,E,I,A,A,H,-,C,D,0,NA,NA,NA,NA,Y,NA,D,22,0,1,0,0,0,0,0,0,0,-,-,34.02764892578125,-118.21063995361328,LOS ANGELES,LOS ANGELES,-118.2107391357422,34.02750015258789
91753931,2022,2022-04-21,9575,2022-04-12,1605,020711,NA,2,2,6,1925,0,1,1,NA,2,050,I-5 S/B (GOLDEN STATE FREEWAY),SONORA AVE,300,N,N,A,-,Y,LA,NA,5,NA,NA,27.612,H,NA,L,Y,4,0,3,3,A,-,01,23152,A,N,B,2,A,A,H,-,A,D,0,NA,NA,NA,Y,Y,Y,D,22,0,0,3,0,0,0,0,0,0,-,-,34.162010192871094,-118.2939224243164,LOS ANGELES,GLENDALE,-118.29387664794922,34.16202926635742
91753938,2022,2022-04-21,9590,2022-04-12,0335,022720,NA,2,3,7,1942,0,1,1,NA,2,010,SR-110 N/B (ASF) TO I-5 N/B (GSF),TUNNEL #4,170,N,N,A,-,Y,LA,NA,110,NA,NA,25.483,H,NA,R,Y,3,0,1,2,A,-,07,21658,A,F,B,C,A,A,H,-,C,D,0,NA,NA,NA,NA,Y,NA,-,99,0,1,0,0,0,0,0,0,0,-,-,34.07933044433594,-118.2272491455078,LOS ANGELES,LOS ANGELES,-118.22715759277344,34.07925033569336
91753962,2022,2022-04-22,9590,2022-04-20,2145,021998,NA,3,2,7,1942,0,1,1,NA,2,062,INTERSTATE 10 EASTBOUND (SANTA MONICA FREEWAY) TO,WESTERN AVENUE.,100,W,N,A,-,Y,NA,NA,NA,NA,NA,NA,NA,NA,NA,N,4,0,1,3,A,-,03,22350,NA,N,C,C,A,A,H,-,C,D,0,NA,NA,NA,NA,Y,NA,A,07,0,0,1,0,0,0,0,0,0,-,-,34.036590576171875,-118.30985260009766,LOS ANGELES,LOS ANGELES,-118.30982971191406,34.03705978393555
91753963,2022,2022-04-22,9590,2022-04-20,1140,016230,NA,3,1,7,1942,0,1,1,NA,2,083,I-5 SB GSF,RIVERSIDE DRIVE,1385,S,N,B,-,Y,LA,NA,5,NA,NA,21.684,H,NA,L,N,4,0,1,2,A,-,03,22350,NA,N,C,C,A,A,H,-,A,D,0,NA,NA,NA,NA,Y,NA,A,01,0,0,1,0,0,0,0,0,0,-,-,34.092491149902344,-118.24115753173828,LOS ANGELES,LOS ANGELES,-118.24111175537108,34.09252166748047
91753968,2022,2022-04-22,9590,2022-04-10,1730,022456,NA,7,2,7,1942,0,1,1,NA,2,052,I-110 NB (HARBOR FREEWAY) COLLECTOR ROAD,8TH STREET,70,N,N,A,-,Y,LA,NA,110,NA,NA,22.481,H,NA,R,Y,3,0,5,5,A,-,03,22350,NA,F,C,C,A,A,H,-,A,D,0,NA,NA,NA,NA,Y,NA,A,01,0,1,4,0,0,0,0,0,0,-,-,34.049468994140625,-118.26352691650392,LOS ANGELES,LOS ANGELES,-118.26366424560548,34.049617767333984
91753970,2022,2022-04-22,9565,2022-04-10,1050,016941,NA,7,1,7,1942,0,1,1,NA,2,083,I-10 W/B,ROBERTSON BLVD,200,E,N,A,-,Y,LA,NA,10,NA,R,8.41,H,NA,L,Y,3,0,2,4,A,-,07,21658,A,N,B,C,A,A,H,-,A,D,0,NA,NA,Y,NA,Y,NA,-,-,0,2,0,0,0,0,0,0,2,-,-,34.03477096557617,-118.3844985961914,LOS ANGELES,LOS ANGELES,-118.38450622558594,34.03477478027344
91753976,2022,2022-04-22,9550,2022-04-13,1755,022769,NA,3,2,3,1903,0,1,3,NA,2,091,STATE ROUTE 91 WESTBOUND,GRIDLEY ROAD,550,E,N,A,-,Y,LA,NA,91,NA,R,17.948,H,NA,L,N,3,0,1,1,A,-,03,22350,NA,N,F,A,A,A,H,-,A,D,0,NA,NA,Y,NA,Y,NA,C,02,0,1,0,0,0,0,0,0,1,-,-,33.87651824951172,-118.08496856689452,LOS ANGELES,ARTESIA,-118.08496856689452,33.87649154663086
91753980,2022,2022-04-22,9565,2022-04-11,0700,019530,NA,1,1,7,1942,0,1,1,NA,2,061,I-405 SOUTHBOUND,CENTINELA AVENUE,495,S,N,B,-,Y,LA,NA,405,NA,NA,25.202,H,NA,L,N,4,0,1,3,A,-,08,22107,NA,F,B,C,A,A,H,-,A,D,0,NA,NA,NA,NA,Y,NA,A,01,0,0,1,0,0,0,0,0,0,-,-,33.97871017456055,-118.39176177978516,LOS ANGELES,LOS ANGELES,-118.39175415039064,33.97871780395508
91754216,2021,2022-04-22,9590,2021-12-24,1810,022661,NA,5,2,7,1942,0,1,1,NA,2,064,I-10 E/B (SANTA MONICA FREEWAY),CENTRAL AVE.,300,W,N,A,-,Y,NA,NA,10,NA,NA,NA,NA,NA,E,N,4,0,2,5,A,-,03,22350,NA,N,C,2,A,A,H,-,C,D,0,NA,NA,NA,NA,Y,NA,A,07,0,0,2,0,0,0,0,0,0,-,-,34.02653121948242,-118.25052642822266,LOS ANGELES,LOS ANGELES,-118.25054931640624,34.02649688720703
91754225,2022,2022-04-22,9575,2022-04-12,1423,022558,NA,2,2,6,1925,0,1,3,NA,2,042,SR-134 W/B (VENTURA FREEWAY),CONCORD ST.,630,E,N,A,-,Y,LA,NA,134,NA,R,6.318,H,NA,L,Y,4,0,2,2,A,-,08,22107,NA,N,B,C,A,A,H,-,A,D,0,NA,NA,NA,NA,Y,NA,A,01,0,0,2,0,0,0,0,0,0,-,-,34.15536117553711,-118.26902770996094,LOS ANGELES,GLENDALE,-118.26905059814452,34.1554069519043
91754234,2022,2022-04-22,9575,2022-03-12,1405,022651,NA,6,2,7,1942,0,1,1,NA,2,052,I-5 S/B FROM ROSCOE BLVD.,ROSCOE BLVD,530,S,N,A,-,Y,LA,NA,5,NA,NA,33.141,H,NA,L,Y,3,0,1,2,A,-,08,22107,NA,F,F,J,A,A,H,-,A,D,0,NA,NA,NA,NA,Y,NA,-,99,0,1,0,0,0,0,0,0,0,-,-,34.22032165527344,-118.35778045654295,LOS ANGELES,LOS ANGELES,-118.35769653320313,34.220401763916016
91754236,2022,2022-04-22,9580,2022-04-13,1215,019715,NA,3,1,7,1942,0,1,1,NA,2,407,I-405 S/B (SAN DIEGO FWY) TO NORDHOFF ST.,NORDHOFF ST,700,N,N,A,-,Y,LA,NA,405,NA,NA,44.902,H,NA,L,N,4,0,1,3,A,-,03,22350,NA,N,C,C,A,A,H,-,A,D,0,NA,NA,NA,NA,Y,NA,A,01,0,0,1,0,0,0,0,0,0,-,-,34.23781967163086,-118.47332763671876,LOS ANGELES,LOS ANGELES,-118.47315979003906,34.23781967163086
91754239,2022,2022-04-22,9580,2022-04-10,2314,022572,NA,7,3,7,1942,0,1,1,NA,2,406,I-405 N/B (SAN DIEGO FWY),ROSCOE BLVD,100,N,N,A,-,Y,LA,NA,405,NA,NA,43.803,H,NA,R,Y,2,0,1,3,A,-,08,22107,NA,F,B,C,A,A,H,-,C,D,0,NA,NA,NA,NA,Y,NA,-,99,1,0,0,0,0,0,0,0,0,-,-,34.221839904785156,-118.4731216430664,LOS ANGELES,LOS ANGELES,-118.47308349609376,34.221839904785156
91754253,2022,2022-04-22,9590,2022-04-10,2205,022661,NA,7,3,7,1942,0,1,1,NA,2,052,I-110 N/B (HAF) TO US-101 N/B (HOF),TEMPLE STREET,200,S,N,A,-,Y,LA,NA,110,NA,NA,23.558,H,NA,R,N,4,0,1,2,A,-,03,22350,NA,N,C,C,A,A,H,-,D,D,0,NA,NA,NA,NA,Y,NA,A,01,0,0,1,0,0,0,0,0,0,-,-,34.06079864501953,-118.25076293945313,LOS ANGELES,LOS ANGELES,-118.2507781982422,34.060813903808594
91754255,2022,2022-04-22,9575,2022-04-12,1621,022558,NA,2,2,6,1912,0,1,3,NA,2,044,SR-134 W/B (VENTURA FREEWAY),CALIFORNIA ST,200,E,N,A,-,Y,LA,NA,134,NA,NA,2.43,H,NA,L,N,4,0,3,3,A,-,03,22350,NA,N,C,C,A,A,H,-,A,D,0,NA,NA,NA,NA,Y,NA,A,01,0,0,3,0,0,0,0,0,0,-,-,34.15256881713867,-118.33460998535156,LOS ANGELES,BURBANK,-118.33460235595705,34.15260314941406
91754257,2022,2022-04-22,9590,2022-04-08,2323,021673,NA,5,3,7,1942,0,1,1,NA,2,041,I-5 S/B (SANTA ANA FREEWAY) (SAF),EUCLID AVENUE,320,S,N,A,-,Y,LA,NA,5,NA,NA,15.991,H,NA,L,Y,3,0,2,3,A,-,03,22350,NA,N,C,C,A,A,H,-,D,D,0,NA,NA,NA,NA,Y,NA,A,01,0,1,1,0,0,0,0,0,0,-,-,34.02643966674805,-118.2086181640625,LOS ANGELES,LOS ANGELES,-118.20861053466795,34.026451110839844
91754267,2022,2022-04-22,9540,2022-04-15,1730,022355,NA,5,2,7,1942,0,1,1,NA,2,550,I-5 NB,SAN FERNANDO ROAD,1584,S,N,A,-,Y,LA,NA,5,NA,R,44.712,H,NA,R,Y,3,0,2,2,A,-,01,23152,A,N,C,C,A,A,H,-,A,D,0,NA,NA,NA,NA,Y,Y,A,01,0,1,1,0,0,0,0,0,0,-,-,34.323341369628906,-118.50025939941406,LOS ANGELES,LOS ANGELES,-118.50020599365234,34.32340621948242
91754268,2022,2022-04-22,9530,2022-04-12,1210,018745,NA,2,1,9,1900,0,3,5,NA,2,006,VERMONT AVE.,228TH ST.,0,NA,Y,A,-,N,NA,NA,NA,NA,NA,NA,NA,NA,NA,Y,4,0,1,2,A,-,12,21453,A,N,D,C,A,A,H,-,A,A,0,NA,NA,NA,NA,Y,NA,A,01,0,0,1,0,0,0,0,0,0,-,-,33.81898880004883,-118.29019165039064,LOS ANGELES,UNINCORPORATED,-118.29033660888672,33.818939208984375
91754275,2022,2022-04-22,9590,2022-03-28,0020,022661,NA,1,3,7,1942,0,1,2,NA,2,070,US-101 N/B (HOLLYWOOD FREEWAY),SILVERLAKE BOULEVARD,500,S,N,A,-,Y,LA,NA,101,NA,NA,3.556,H,NA,R,N,4,0,2,2,A,-,07,21658,A,M,B,C,A,A,H,-,D,D,0,NA,NA,NA,NA,Y,NA,-,-,0,0,2,0,0,0,0,0,0,-,-,34.076210021972656,-118.27777862548828,LOS ANGELES,LOS ANGELES,-118.27776336669922,34.07625198364258
91754279,2022,2022-04-22,9530,2022-04-12,1620,020548,NA,2,2,4,1939,0,1,1,NA,2,400,I-405 N/B FROM INGLEWOOD AVE,INGLEWOOD AVE.,360,S,N,A,-,Y,NA,NA,NA,NA,NA,NA,NA,NA,NA,N,4,0,1,2,A,-,03,22350,NA,N,C,C,A,A,H,-,A,A,0,NA,NA,NA,NA,Y,NA,A,01,0,0,1,0,0,0,0,0,0,-,-,33.89067077636719,-118.360107421875,LOS ANGELES,LAWNDALE,-118.360107421875,33.89067077636719
91754288,2022,2022-04-22,9575,2022-04-12,2110,022629,NA,2,2,7,1942,0,1,1,NA,2,052,I-5 N/B (GOLDEN STATE FREEWAY),ROSCOE BOULEVARD,1312,S,N,A,-,Y,LA,NA,5,NA,NA,32.968,H,NA,R,N,4,0,2,2,A,-,07,21658,A,N,B,C,A,A,H,-,C,D,0,NA,NA,NA,NA,Y,NA,A,07,0,0,2,0,0,0,0,0,0,-,-,34.218650817871094,-118.35561370849608,LOS ANGELES,LOS ANGELES,-118.3555908203125,34.21866226196289
91754306,2022,2022-04-22,9580,2022-04-13,1705,022717,NA,3,2,7,1942,0,1,2,NA,2,102,US-101 N/B (VENTURA FREEWAY),HAYVENHURST AVE,1320,S,N,A,-,Y,LA,NA,101,NA,NA,18.344,H,NA,R,N,3,0,1,2,A,-,03,22350,NA,N,C,C,A,A,H,-,A,D,0,NA,NA,NA,NA,Y,NA,D,22,0,1,0,0,0,0,0,0,0,-,-,34.16529846191406,-118.48764038085938,LOS ANGELES,LOS ANGELES,-118.48764038085938,34.16532516479492
91754313,2022,2022-04-22,9580,2022-04-13,1920,022717,NA,3,2,7,1942,0,1,2,NA,2,102,US-101 N/B (VENTURA FREEWAY),HAYVENHURST AVE,1056,S,N,A,-,Y,LA,NA,101,NA,NA,18.385,H,NA,R,N,3,0,3,2,A,-,03,22350,NA,N,C,C,A,A,H,-,B,D,0,NA,NA,NA,NA,Y,NA,A,01,0,3,0,0,0,0,0,0,0,-,-,34.16535949707031,-118.48835754394533,LOS ANGELES,LOS ANGELES,-118.48835754394533,34.165313720703125
91754318,2022,2022-04-22,9580,2022-04-14,1530,022717,NA,4,2,7,1942,0,1,3,NA,1,271,SR-27 N/B (TOPANGA CYN. BLVD.),SR-1 N/B (PACIFIC COAST HWY.),275,N,N,A,-,N,NA,NA,NA,NA,NA,NA,NA,NA,NA,N,3,0,3,2,A,-,06,21750,A,N,D,C,A,A,H,-,A,D,0,NA,NA,NA,NA,Y,NA,A,01,0,3,0,0,0,0,0,0,0,-,-,34.04093933105469,-118.57893371582033,LOS ANGELES,LOS ANGELES,-118.25624084472656,33.79149627685547
91754330,2022,2022-04-22,9540,2022-04-17,0210,020678,NA,7,3,7,1942,0,1,1,NA,1,503,I-5 S/B (GOLDEN STATE FWY),ROXFORD ST.,670,N,N,A,-,Y,LA,NA,5,NA,NA,42.79,H,NA,L,Y,2,0,2,4,A,-,03,22350,NA,N,C,C,A,A,H,-,C,D,0,NA,NA,NA,Y,Y,NA,A,01,1,0,1,0,0,0,0,0,0,-,-,34.304710388183594,-118.4812469482422,LOS ANGELES,LOS ANGELES,-118.4811782836914,34.30475616455078
91754333,2022,2022-04-22,9575,2022-04-13,1710,022626,NA,3,2,6,1912,0,1,3,NA,2,044,SR-134 W/B (VENTURA FREEWAY),RIVERSIDE DR.,2450,E,N,A,-,Y,LA,NA,134,NA,NA,3.367,H,NA,L,N,4,0,1,3,A,-,03,22350,NA,N,C,C,A,A,H,-,A,D,0,NA,NA,NA,NA,Y,NA,A,01,0,0,1,0,0,0,0,0,0,-,-,34.155128479003906,-118.31845855712892,LOS ANGELES,BURBANK,-118.31845855712892,34.15516662597656
91754342,2022,2022-04-22,9540,2022-04-08,1610,021078,NA,5,2,9,1900,0,1,1,NA,2,507,I-5 S/B (GOLDEN STATE FWY.),NEWHALL RANCH RD.,1000,S,N,A,-,Y,LA,NA,5,NA,R,55.104,H,NA,L,N,4,0,1,3,A,-,03,22350,NA,N,C,C,A,A,H,-,A,D,0,NA,NA,NA,NA,Y,NA,D,22,0,0,1,0,0,0,0,0,0,-,-,34.441551208496094,-118.6024169921875,LOS ANGELES,UNINCORPORATED,-118.60243988037108,34.44152069091797
91754354,2022,2022-04-22,9565,2022-04-12,1110,022442,NA,2,1,6,1933,0,1,1,NA,2,060,I-405 S/B,HILLCREST BOULEVARD,200,N,N,A,-,Y,LA,NA,405,NA,NA,23.045,H,NA,L,Y,3,0,1,2,A,-,03,22350,NA,N,C,C,A,A,H,-,A,D,0,NA,NA,Y,NA,Y,NA,C,02,0,1,0,0,0,0,0,0,1,-,-,33.957088470458984,-118.3694076538086,LOS ANGELES,INGLEWOOD,-118.36949157714844,33.95709228515625
91754371,2022,2022-04-22,9535,2022-04-12,1035,021371,NA,2,1,5,1901,0,1,1,NA,2,421,I-10 W/B (SAN BERNARDINO FREEWAY),I-710 (LONG BEACH FREEWAY),1848,E,N,A,-,Y,LA,NA,10,NA,NA,21.765,H,NA,L,Y,3,0,1,1,A,-,08,22107,NA,N,E,I,A,A,H,-,A,D,0,NA,NA,NA,NA,Y,NA,A,01,0,1,0,0,0,0,0,0,0,-,-,34.064151763916016,-118.15949249267578,LOS ANGELES,ALHAMBRA,-118.15952301025392,34.064208984375
91754374,2022,2022-04-22,9540,2022-04-14,1330,018582,NA,4,1,9,1900,0,2,4,NA,1,102,HASLEY CANYON ROAD,CAMBRIDGE AVE,0,NA,Y,A,-,N,NA,NA,NA,NA,NA,NA,NA,NA,NA,Y,2,0,1,2,A,-,17,21451,A,N,A,C,A,A,H,-,A,A,0,NA,NA,NA,NA,Y,NA,A,01,1,0,0,0,0,0,0,0,0,-,-,34.45486831665039,-118.62119293212892,LOS ANGELES,UNINCORPORATED,-118.62142944335938,34.4549446105957
91754403,2022,2022-04-22,9580,2022-04-12,1320,020800,NA,2,1,7,1942,0,1,1,NA,2,406,I-405 N/B (SAN DIEGO FREEWAY) TO SR-118 (RONALD RE,SR-118 FREEWAY,1584,S,N,A,-,Y,LA,NA,405,NA,NA,46.485,H,NA,R,Y,3,0,3,3,A,-,07,21658,A,N,B,C,A,A,H,-,A,D,0,NA,NA,NA,NA,Y,NA,A,01,0,1,2,0,0,0,0,0,0,-,-,34.26076126098633,-118.47193908691406,LOS ANGELES,LOS ANGELES,-118.47209930419922,34.26076126098633
91754411,2022,2022-04-22,9535,2022-04-12,0100,022650,NA,2,3,9,1900,0,3,5,NA,2,002,SUNOL DR. (1300 BLOCK),TUTTLE ST.,10,S,N,B,-,N,NA,NA,NA,NA,NA,NA,NA,NA,NA,N,4,0,1,2,A,-,03,22350,NA,N,D,E,A,A,H,-,C,A,0,NA,NA,NA,NA,Y,NA,A,01,0,0,1,0,0,0,0,0,0,-,-,34.015411376953125,-118.17902374267578,LOS ANGELES,UNINCORPORATED,-118.1790008544922,34.01548385620117
91754413,2022,2022-04-22,9540,2022-04-11,0640,018037,NA,1,1,9,1900,0,1,1,NA,2,507,I-5 S/B (GOLDEN STATE FREEWAY),RYE CANYON RD. U/C,459,N,N,B,-,Y,LA,NA,5,NA,R,54.267,H,NA,L,Y,3,0,2,2,A,-,07,21658,A,N,B,2,A,A,D,-,B,D,0,NA,NA,NA,NA,Y,NA,M,47,0,1,1,0,0,0,0,0,0,-,-,34.43212890625,-118.58949279785156,LOS ANGELES,UNINCORPORATED,-118.58950042724608,34.43212127685547
91754418,2022,2022-04-22,9535,2022-04-12,1430,022316,NA,2,2,4,1907,0,1,1,NA,2,073,I-710 S/B (LONG BEACH FREEWAY),CLARA ST,2000,S,N,A,-,Y,LA,NA,710,NA,NA,19.033,H,NA,L,N,3,0,1,2,A,-,08,22107,NA,N,B,C,A,A,H,-,A,D,0,NA,NA,Y,NA,Y,NA,A,01,0,1,0,0,0,0,0,0,1,-,-,33.95838928222656,-118.17047119140624,LOS ANGELES,BELL,-118.1704559326172,33.95838928222656
91754422,2022,2022-04-22,9550,2022-04-15,1727,020551,NA,5,2,6,1920,0,1,1,NA,2,151,I-105 EASTBOUND,GARFIELD AVE.,500,E,N,A,-,Y,LA,NA,105,NA,R,14.246,H,NA,R,N,4,0,1,2,A,-,03,22350,NA,N,C,C,A,A,H,-,A,D,0,NA,NA,NA,NA,Y,NA,A,01,0,0,1,0,0,0,0,0,0,-,-,33.9111213684082,-118.16687774658205,LOS ANGELES,DOWNEY,-118.16687774658205,33.911109924316406
91754433,2022,2022-04-22,9550,2022-04-15,1325,022587,NA,5,1,5,1935,0,1,1,NA,2,652,I-605 N/B,DEL AMO BOULEVARD,1800,N,N,A,-,Y,LA,NA,605,NA,R,3.217,H,NA,R,Y,4,0,1,3,A,-,03,22350,NA,N,C,C,A,A,H,-,A,D,0,NA,NA,NA,NA,Y,NA,A,07,0,0,1,0,0,0,0,0,0,-,-,33.85078048706055,-118.09416961669922,LOS ANGELES,LAKEWOOD,-118.09420776367188,33.850772857666016
91754464,2022,2022-04-22,9580,2022-04-13,0925,020879,NA,3,1,7,1942,0,1,2,NA,2,102,US-101 NB (VENTURA FWY),SEPULVEDA BLVD,200,S,N,A,-,Y,LA,NA,101,NA,NA,16.877,H,NA,R,N,4,0,1,5,A,-,07,21658,A,N,H,C,A,A,H,-,A,D,0,NA,NA,NA,Y,Y,NA,D,22,0,0,1,0,0,0,0,0,0,-,-,34.15950012207031,-118.46497344970705,LOS ANGELES,LOS ANGELES,-118.4649658203125,34.15951156616211
91754478,2021,2022-04-22,9545,2021-09-03,2118,022130,NA,5,2,9,1900,0,1,3,NA,2,011,STATE ROUTE 14 SOUTHBOUND,AVENUE D,3271,N,N,A,-,Y,NA,NA,14,NA,NA,NA,NA,NA,S,N,1,1,0,3,A,-,11,21954,A,N,G,B,E,A,H,-,D,D,0,Y,NA,NA,NA,Y,NA,N,60,0,0,0,1,0,0,0,0,0,-,-,34.7866096496582,-118.17095184326172,LOS ANGELES,UNINCORPORATED,-118.1709442138672,34.7866096496582
91754480,2021,2022-04-22,9535,2021-08-06,2259,022017,NA,5,3,5,1915,0,2,S,NA,2,901,ALONDRA BOULEVARD (4600 BLOCK),SOUTH LIME AVENUE,127.7,E,N,A,-,N,NA,NA,NA,NA,NA,NA,NA,NA,NA,Y,2,0,4,4,A,-,03,22350,NA,F,C,C,A,A,H,-,C,D,0,NA,NA,NA,NA,Y,NA,A,01,1,1,2,0,0,0,0,0,0,-,-,33.88883972167969,-118.19140625,LOS ANGELES,COMPTON,-118.1913833618164,33.88877868652344
91754605,2021,2022-04-22,9545,2021-11-12,2000,020749,NA,5,2,9,1900,0,3,5,NA,2,004,AVENUE W,175TH STREET EAST,135,E,N,A,-,N,NA,NA,NA,NA,NA,NA,NA,NA,NA,Y,1,1,0,1,A,-,08,22107,NA,N,E,I,A,A,H,-,D,D,0,NA,NA,NA,NA,Y,NA,A,07,0,0,0,0,0,0,0,0,0,-,-,34.498741149902344,-117.81743621826172,LOS ANGELES,UNINCORPORATED,-117.81790161132813,34.49776840209961
91754611,2022,2022-04-22,9550,2022-04-16,0830,020025,NA,6,1,9,1900,0,3,5,NA,2,005,PATHFINDER ROAD,ALEXDALE LN,0,NA,Y,A,-,N,NA,NA,NA,NA,NA,NA,NA,NA,NA,Y,4,0,2,2,A,-,09,21802,A,N,D,C,A,A,H,-,A,A,0,NA,NA,NA,NA,Y,NA,A,01,0,0,2,0,0,0,0,0,0,-,-,33.97608947753906,-117.88288116455078,LOS ANGELES,UNINCORPORATED,-117.88282775878906,33.9760627746582
91754625,2022,2022-04-22,9590,2022-03-19,2320,022661,NA,6,3,7,1942,0,1,2,NA,2,073,US-101 S/B (HOLLYWOOD FREEWAY),CAHUENGA BOULEVARD,450,S,N,A,-,Y,LA,NA,101,NA,NA,7.376,H,NA,L,Y,4,0,1,1,A,-,08,22107,NA,M,E,I,A,A,H,-,D,D,0,NA,NA,NA,NA,Y,NA,A,01,0,0,1,0,0,0,0,0,0,-,-,34.106910705566406,-118.32940673828124,LOS ANGELES,LOS ANGELES,-118.329345703125,34.10698318481445
91754655,2022,2022-04-22,9550,2022-04-13,1340,018187,NA,3,1,9,1900,0,3,5,NA,2,002,VALLEY VIEW AVE,SYRACUSE ST,0,NA,Y,A,-,N,NA,NA,NA,NA,NA,NA,NA,NA,NA,Y,4,0,2,2,A,-,09,21802,A,N,D,C,A,A,H,-,A,D,0,NA,NA,NA,NA,Y,NA,A,08,0,0,2,0,0,0,0,0,0,-,-,33.926849365234375,-118.02909088134766,LOS ANGELES,UNINCORPORATED,-118.0290985107422,33.92667770385742
91754664,2022,2022-04-22,9530,2022-04-12,1330,021965,NA,2,1,9,1900,0,3,5,NA,2,003,LIME AVE. (BLOCK#15000),SAN LUIS ST.,130,S,N,A,-,N,NA,NA,NA,NA,NA,NA,NA,NA,NA,N,2,0,1,2,A,-,03,22350,NA,F,C,G,A,A,H,-,A,D,0,NA,Y,NA,NA,Y,NA,-,99,1,0,0,0,0,0,1,0,0,-,-,33.89662170410156,-118.1923370361328,LOS ANGELES,UNINCORPORATED,-118.19234466552734,33.896644592285156
91754675,2022,2022-04-22,9535,2022-04-12,2054,022298,NA,2,2,5,1948,0,1,3,NA,2,600,SR-60 EASTBOUND (POMONA FREEWAY),ATLANTIC BOULEVARD,650,E,N,A,-,Y,LA,NA,60,NA,R,4.587,H,NA,R,Y,3,0,5,3,A,-,03,22350,NA,N,C,C,E,A,H,-,D,D,0,Y,NA,NA,NA,Y,NA,A,01,0,4,1,0,1,0,0,0,0,-,-,34.0341796875,-118.14820861816406,LOS ANGELES,MONTEREY PARK,-118.14820861816406,34.034183502197266
91754679,2022,2022-04-22,9535,2022-04-12,2053,022298,NA,2,2,5,1948,0,1,3,NA,2,600,SR-60 EASTBOUND (POMONA FREEWAY),ATLANTIC BOULEVARD,600,E,N,A,-,Y,LA,NA,60,NA,R,4.58,H,NA,R,N,4,0,1,2,A,-,03,22350,NA,N,C,C,A,A,H,-,D,D,0,NA,NA,NA,NA,Y,NA,A,01,0,0,1,0,0,0,0,0,0,-,-,34.03422164916992,-118.14830017089844,LOS ANGELES,MONTEREY PARK,-118.14829254150392,34.03422927856445
91754686,2022,2022-04-22,9525,2022-04-14,1635,022607,NA,4,2,9,1900,0,3,5,NA,2,001,SANTA ANITA AVE. (5100 BLOCK),FREER ST.,528,S,N,A,-,N,NA,NA,NA,NA,NA,NA,NA,NA,NA,N,4,0,1,2,A,-,03,22350,NA,N,C,C,A,A,H,-,A,D,0,NA,NA,NA,NA,Y,NA,A,07,0,0,1,0,0,0,0,0,0,-,-,34.098670959472656,-118.02884674072266,LOS ANGELES,UNINCORPORATED,-118.02902221679688,34.0990104675293