CASE_ID,ACCIDENT_YEAR,PROC_DATE,JURIS,COLLISION_DATE,COLLISION_TIME,OFFICER_ID,REPORTING_DISTRICT,DAY_OF_WEEK,CHP_SHIFT,POPULATION,CNTY_CITY_LOC,SPECIAL_COND,BEAT_TYPE,CHP_BEAT_TYPE,CITY_DIVISION_LAPD,CHP_BEAT_CLASS,BEAT_NUMBER,PRIMARY_RD,SECONDARY_RD,DISTANCE,DIRECTION,INTERSECTION,WEATHER_1,WEATHER_2,STATE_HWY_IND,CALTRANS_COUNTY,CALTRANS_DISTRICT,STATE_ROUTE,ROUTE_SUFFIX,POSTMILE_PREFIX,POSTMILE,LOCATION_TYPE,RAMP_INTERSECTION,SIDE_OF_HWY,TOW_AWAY,COLLISION_SEVERITY,NUMBER_KILLED,NUMBER_INJURED,PARTY_COUNT,PRIMARY_COLL_FACTOR,PCF_CODE_OF_VIOL,PCF_VIOL_CATEGORY,PCF_VIOLATION,PCF_VIOL_SUBSECTION,HIT_AND_RUN,TYPE_OF_COLLISION,MVIW,PED_ACTION,ROAD_SURFACE,ROAD_COND_1,ROAD_COND_2,LIGHTING,CONTROL_DEVICE,CHP_ROAD_TYPE,PEDESTRIAN_ACCIDENT,BICYCLE_ACCIDENT,MOTORCYCLE_ACCIDENT,TRUCK_ACCIDENT,NOT_PRIVATE_PROPERTY,ALCOHOL_INVOLVED,STWD_VEHTYPE_AT_FAULT,CHP_VEHTYPE_AT_FAULT,COUNT_SEVERE_INJ,COUNT_VISIBLE_INJ,COUNT_COMPLAINT_PAIN,COUNT_PED_KILLED,COUNT_PED_INJURED,COUNT_BICYCLIST_KILLED,COUNT_BICYCLIST_INJURED,COUNT_MC_KILLED,COUNT_MC_INJURED,PRIMARY_RAMP,SECONDARY_RAMP,LATITUDE,LONGITUDE,COUNTY,CITY,POINT_X,POINT_Y
91760975,2022,2022-04-29,9530,2022-04-19,2243,022760,NA,2,3,7,1941,0,1,1,NA,2,073,I-710 S/B (GERALD DESMOND BRIDGE),PIER T LN,180,S,N,A,-,Y,LA,NA,710,NA,R,4.227,H,NA,L,Y,3,0,3,2,A,-,03,22350,NA,N,C,C,A,A,H,-,C,D,0,NA,NA,NA,NA,Y,NA,A,01,0,1,2,0,0,0,0,0,0,-,-,33.763240814208984,-118.22588348388672,LOS ANGELES,LONG BEACH,-118.22590637207033,33.76327896118164
91760994,2022,2022-04-29,9530,2022-04-19,0400,022852,NA,2,3,9,1900,0,1,1,NA,2,120,I-110 N/B (HARBOR FREEWAY),I-405 S/B (SAN DIEGO FREEWAY),1600,S,N,A,-,Y,LA,NA,110,NA,NA,8.419,H,NA,R,Y,3,0,1,3,A,-,03,22350,NA,N,C,C,A,A,H,-,C,D,0,NA,NA,NA,Y,Y,NA,A,01,0,1,0,0,0,0,0,0,0,-,-,33.851741790771484,-118.2848663330078,LOS ANGELES,UNINCORPORATED,-118.28487396240234,33.851741790771484
91761015,2021,2022-04-29,9565,2021-12-06,0630,014952,NA,1,1,9,1900,0,1,1,NA,2,062,I-405 N/B (SAN DIEGO FWY),NATIONAL BL.,400,S,N,B,-,Y,NA,NA,NA,NA,NA,NA,NA,NA,NA,N,4,0,1,2,A,-,08,22107,NA,F,B,C,A,A,H,-,A,D,0,NA,NA,NA,NA,Y,NA,A,01,0,0,1,0,0,0,0,0,0,-,-,34.02682113647461,-118.42933654785156,LOS ANGELES,UNINCORPORATED,-118.42921447753906,34.02595520019531
91761016,2022,2022-04-29,9530,2022-03-29,0445,022585,NA,2,3,7,1942,0,1,1,NA,2,110,SB I-110,SR-91,1755,N,N,A,-,Y,LA,NA,110,NA,NA,10.218,H,NA,L,Y,3,0,1,1,A,-,08,22107,NA,N,E,I,A,A,H,-,C,C,0,NA,NA,NA,NA,Y,NA,A,01,0,1,0,0,0,0,0,0,0,-,-,33.87773132324219,-118.28531646728516,LOS ANGELES,LOS ANGELES,-118.28514099121094,33.87773132324219
91761028,2022,2022-04-29,9525,2022-04-23,1240,020552,NA,6,1,5,1906,0,1,1,NA,2,651,I-605 S/B (SAN GABRIEL RIVER FWY),RAMONA BLVD,1584,S,N,A,-,Y,LA,NA,605,NA,NA,20.777,H,NA,L,Y,3,0,1,2,A,-,03,22350,NA,N,C,D,A,A,D,-,A,D,0,NA,NA,Y,NA,Y,NA,C,02,0,1,0,0,0,0,0,0,1,-,-,34.073421478271484,-117.9993133544922,LOS ANGELES,BALDWIN PARK,-117.99937438964844,34.07343673706055
91761057,2022,2022-04-29,9535,2022-04-20,1720,022336,NA,3,2,5,1901,0,1,1,NA,2,421,I-10 (SAN BERNARDINO FREEWAY) W/B,NEW AVE.,1250,W,N,A,-,Y,LA,NA,10,NA,NA,24.623,H,NA,L,Y,4,0,3,3,A,-,03,22350,NA,N,C,C,A,A,H,-,A,D,0,NA,NA,NA,NA,Y,NA,A,01,0,0,3,0,0,0,0,0,0,-,-,34.071990966796875,-118.11196899414064,LOS ANGELES,ALHAMBRA,-118.11196899414064,34.07194137573242
91761068,2022,2022-04-29,9545,2022-04-27,1612,021340,NA,3,2,9,1900,0,3,5,NA,2,004,100TH STREET EAST,AVENUE S,400,N,N,A,-,N,NA,NA,NA,NA,NA,NA,NA,NA,NA,Y,4,0,1,2,A,-,08,22107,NA,N,D,C,A,A,H,-,A,D,0,NA,NA,NA,NA,Y,NA,A,07,0,0,1,0,0,0,0,0,0,-,-,34.559120178222656,-117.95191955566406,LOS ANGELES,UNINCORPORATED,-117.95200347900392,34.55903625488281
91761107,2022,2022-04-29,9550,2022-04-24,0555,020025,NA,7,3,9,1900,0,1,3,NA,2,602,SR60 EB,NOGALES ST,1700,E,N,A,-,Y,LA,NA,60,NA,NA,20.763,H,NA,R,Y,4,0,1,1,A,-,08,22107,NA,N,E,I,A,A,H,-,A,D,0,NA,NA,NA,NA,Y,NA,A,07,0,0,1,0,0,0,0,0,0,-,-,33.99420166015625,-117.8828125,LOS ANGELES,UNINCORPORATED,-117.88282775878906,33.99428939819336
91761109,2022,2022-04-29,9535,2022-04-20,1750,022330,NA,3,2,9,1900,0,1,1,NA,2,071,I-710 S/B (LONG BEACH FWY),1ST ST.,100,S,N,A,-,Y,LA,NA,710,NA,NA,24.692,H,NA,L,N,2,0,5,3,A,-,03,22350,NA,N,C,C,A,A,H,-,A,D,0,NA,NA,NA,NA,Y,NA,D,22,1,4,0,0,0,0,0,0,0,-,-,34.036590576171875,-118.17012786865234,LOS ANGELES,UNINCORPORATED,-118.17008972167967,34.036590576171875
91761118,2022,2022-04-29,9535,2022-04-21,1610,022829,NA,4,2,5,1901,0,1,1,NA,2,420,I-10 E/B (SAN BERNARDINO FREEWAY),FREMONT AVE.,790,W,N,A,-,Y,LA,NA,10,NA,NA,21.84,H,NA,L,Y,2,0,1,2,A,-,03,22350,NA,N,C,C,A,A,H,-,A,D,0,NA,NA,Y,NA,Y,NA,C,02,1,0,0,0,0,0,0,0,1,-,-,34.064849853515625,-118.15837860107422,LOS ANGELES,ALHAMBRA,-118.15833282470705,34.06479263305664
91761128,2022,2022-04-29,9535,2022-04-21,1730,022342,NA,4,2,9,1900,0,1,1,NA,2,500,I-5 N/B (SANTA ANA FWY),DOWNEY RD,107,N,N,A,-,Y,LA,NA,5,NA,NA,14.275,H,NA,R,N,3,0,1,2,A,-,07,21658,A,N,B,C,A,A,H,-,A,D,0,NA,NA,Y,Y,Y,NA,C,02,0,1,0,0,0,0,0,0,1,-,-,34.01979064941406,-118.18048095703124,LOS ANGELES,UNINCORPORATED,-118.18047332763672,34.019805908203125
91761130,2021,2022-04-29,9545,2021-11-08,0455,022265,NA,1,3,9,1900,0,3,5,NA,2,004,90TH STREET EAST,AVENUE R-4,150,N,N,A,-,N,NA,NA,NA,NA,NA,NA,NA,NA,NA,Y,1,1,0,2,A,-,11,21956,A,N,G,B,D,A,H,-,C,D,0,Y,NA,NA,NA,Y,NA,N,60,0,0,0,1,0,0,0,0,0,-,-,34.56924057006836,-117.96971893310548,LOS ANGELES,UNINCORPORATED,-117.96976470947266,34.57273864746094
91761134,2022,2022-04-29,9580,2022-04-15,1405,022663,NA,5,2,7,1942,0,1,1,NA,2,407,I-405 S/B (SAN DIEGO FWY) TO ROSCOE BLVD,ROSCOE BLVD,30,N,N,A,-,Y,NA,NA,NA,NA,NA,NA,NA,NA,NA,Y,4,0,1,2,A,-,08,22107,NA,M,B,C,A,A,H,-,A,A,0,NA,NA,NA,Y,Y,NA,G,27,0,0,1,0,0,0,0,0,0,-,-,34.22114944458008,-118.47373962402344,LOS ANGELES,LOS ANGELES,-118.47373962402344,34.22114944458008
91761142,2022,2022-04-29,9535,2022-04-21,2200,022214,NA,4,3,5,1901,0,1,1,NA,2,421,I-10 W/B (SAN BERNARDINO FREEWAY),FREMONT AVE.,2112,E,N,B,-,Y,LA,NA,10,NA,NA,22.757,H,NA,L,Y,3,0,2,2,A,-,03,22350,NA,N,C,C,A,A,H,-,D,D,0,NA,NA,NA,NA,Y,NA,A,01,0,1,1,0,0,0,0,0,0,-,-,34.07188034057617,-118.14456939697266,LOS ANGELES,ALHAMBRA,-118.1445541381836,34.07181930541992
91761155,2022,2022-04-29,9535,2022-04-22,0143,022418,NA,5,3,5,1915,0,1,1,NA,2,074,INTERSTATE 710 NORTHBOUND (LONG BEACH FREEWAY),IMPERIALY HIGHWAY,160,N,N,B,C,Y,LA,NA,710,NA,NA,16.948,H,NA,R,N,4,0,1,3,A,-,07,21658,A,M,B,C,A,B,H,-,D,D,0,NA,NA,NA,NA,Y,NA,-,99,0,0,1,0,0,0,0,0,0,-,-,33.9303092956543,-118.17877960205078,LOS ANGELES,COMPTON,-118.17874145507813,33.9303092956543
91761158,2022,2022-04-29,9540,2022-04-28,1245,021349,NA,4,1,6,1985,0,1,3,NA,1,143,SR-14 S/B (ANTELOPE VALLEY FREEWAY),NEWHALL AVE,6230,S,N,A,-,Y,LA,NA,14,NA,R,25.838,H,NA,L,Y,4,0,1,2,A,-,03,22350,NA,N,C,C,A,A,H,-,A,D,0,NA,NA,NA,NA,Y,NA,A,08,0,0,1,0,0,0,0,0,0,-,-,34.34836959838867,-118.50399780273438,LOS ANGELES,SANTA CLARITA,-118.50401306152344,34.34836959838867
91761165,2022,2022-04-29,9525,2022-04-26,2335,022546,NA,2,3,4,1946,0,1,1,NA,2,202,I-210 E/B (FOOTHILL FWY),HUNTINGTON DR,100,E,N,A,-,Y,LA,NA,210,NA,R,32.936,H,NA,R,Y,3,0,1,1,A,-,01,23152,A,N,F,8,A,A,H,-,C,D,0,NA,NA,NA,NA,Y,Y,A,01,0,1,0,0,0,0,0,0,0,-,-,34.140010833740234,-118.01645660400392,LOS ANGELES,MONROVIA,-118.0164794921875,34.13999557495117
91761183,2022,2022-04-29,9535,2022-04-22,0440,022650,NA,5,3,3,1914,0,1,1,NA,2,501,I-5 (SANTA ANA FREEWAY) S/B,WASHINGTON BLVD.,475,N,N,B,-,Y,LA,NA,5,NA,NA,11.68,H,NA,L,N,4,0,1,2,A,-,07,21658,A,N,C,C,A,A,H,-,D,D,0,NA,NA,NA,NA,Y,NA,A,07,0,0,1,0,0,0,0,0,0,-,-,33.99660873413086,-118.14630889892578,LOS ANGELES,COMMERCE,-118.1462631225586,33.99662780761719
91761220,2022,2022-04-29,9535,2022-04-22,0633,022840,NA,5,1,5,1948,0,1,1,NA,2,070,I-710 N/B (LONG BEACH FREEWAY),RAMONA BLVD,3238,S,N,B,-,Y,LA,NA,710,NA,NA,25.724,H,NA,R,N,4,0,1,2,A,-,03,22350,NA,N,C,C,A,A,H,-,A,D,0,NA,NA,NA,NA,Y,NA,A,01,0,0,1,0,0,0,0,0,0,-,-,34.050750732421875,-118.1650619506836,LOS ANGELES,MONTEREY PARK,-118.1650619506836,34.050750732421875
91761228,2022,2022-04-29,9525,2022-04-28,0900,018505,NA,4,1,6,1975,0,1,1,NA,2,103,I-10 W/B (SAN BERNARDINO FWY),SUNSET AVE,1000,E,N,B,-,Y,LA,NA,10,NA,NA,35.051,H,NA,L,Y,4,0,1,3,A,-,03,22350,NA,N,C,C,A,A,H,-,A,D,0,NA,NA,NA,Y,Y,NA,A,01,0,0,1,0,0,0,0,0,0,-,-,34.07252883911133,-117.93280029296876,LOS ANGELES,WEST COVINA,-117.93280029296876,34.07249069213867
91761233,2022,2022-04-29,9535,2022-04-22,1630,022316,NA,5,2,5,1901,0,1,1,NA,2,420,I-10 E/B (SAN BERNARDINO FREEWAY),FREMONT AVE,1056,E,N,A,-,Y,LA,NA,10,NA,NA,22.564,H,NA,R,N,4,0,1,2,A,-,03,22350,NA,N,C,C,A,A,H,-,A,D,0,NA,NA,NA,NA,Y,NA,A,07,0,0,1,0,0,0,0,0,0,-,-,34.07020950317383,-118.1474380493164,LOS ANGELES,ALHAMBRA,-118.14742279052734,34.0701904296875
91761268,2022,2022-04-29,9535,2022-04-22,1735,022316,NA,5,2,5,1959,0,1,1,NA,2,111,I-10 W/B,BALDWIN AVE,350,W,N,A,-,Y,LA,NA,10,NA,NA,27.895,H,NA,L,N,3,0,1,3,A,-,07,21658,A,M,D,C,A,A,H,-,A,D,0,NA,NA,NA,NA,Y,NA,-,99,0,1,0,0,0,0,0,0,0,-,-,34.07265853881836,-118.05494689941406,LOS ANGELES,ROSEMEAD,-118.0549545288086,34.072757720947266
91761271,2022,2022-04-29,9525,2022-04-28,0810,020552,NA,4,1,9,1900,0,3,5,NA,2,001,WILDFLOWER RD,GARYPARK AVE,78,W,N,B,-,N,NA,NA,NA,NA,NA,NA,NA,NA,NA,N,4,0,1,2,A,-,06,21750,NA,N,B,C,A,A,H,-,A,D,0,NA,NA,NA,NA,Y,NA,A,07,0,0,1,0,0,0,0,0,0,-,-,34.103370666503906,-118.01991271972656,LOS ANGELES,UNINCORPORATED,-118.01985168457033,34.103302001953125
91761284,2022,2022-04-29,9535,2022-04-23,1730,022336,NA,6,2,5,1915,0,1,1,NA,2,075,I-710 S/B TO ALONDRA BLVD. E/B,ALONDRA BLVD.,285,S,N,A,-,Y,LA,NA,710,NA,NA,13.876,H,NA,L,Y,4,0,1,1,A,-,08,22107,NA,N,E,I,A,A,H,-,A,D,0,NA,NA,NA,NA,Y,NA,A,01,0,0,1,0,0,0,0,0,0,-,-,33.88814163208008,-118.18949127197266,LOS ANGELES,COMPTON,-118.18933868408205,33.888099670410156
91761292,2022,2022-04-29,9530,2022-04-20,0825,018278,NA,3,1,9,1900,0,3,5,NA,2,004,SANTA FE AVE (17600 BLOCK),SR-91 E/B (ARTESIA FREEWAY),456,S,N,A,-,N,NA,NA,NA,NA,NA,NA,NA,NA,NA,Y,4,0,1,2,A,-,08,22100,B,N,D,C,A,A,H,-,A,D,0,NA,NA,NA,NA,Y,NA,A,01,0,0,1,0,0,0,0,0,0,-,-,33.872100830078125,-118.21404266357422,LOS ANGELES,UNINCORPORATED,-118.2140655517578,33.87226867675781
91761296,2022,2022-04-29,9535,2022-04-22,1440,022342,NA,5,2,5,1915,0,1,1,NA,2,075,I-710 S/B (LONG BEACH FWY),SOMERSET BLVD,280,S,N,A,-,Y,LA,NA,710,NA,NA,14.386,H,NA,L,N,3,0,2,3,A,-,07,21658,A,N,B,C,A,A,H,-,A,D,0,NA,NA,NA,NA,Y,NA,J,41,0,2,0,0,0,0,0,0,0,-,-,33.89537048339844,-118.1877899169922,LOS ANGELES,COMPTON,-118.18783569335938,33.8953742980957
91761298,2022,2022-04-29,9550,2022-04-24,1250,020025,NA,7,1,9,1900,0,1,3,NA,2,601,SR-60WB,AZUSA AVE,1500,E,N,A,-,Y,LA,NA,60,NA,NA,18.249,H,NA,R,Y,4,0,1,3,A,-,03,22350,NA,N,C,C,A,A,H,-,A,D,0,NA,NA,NA,NA,Y,NA,A,01,0,0,1,0,0,0,0,0,0,-,-,33.9964714050293,-117.92636871337892,LOS ANGELES,UNINCORPORATED,-117.92641448974608,33.99625778198242
91761317,2022,2022-04-29,9590,2022-04-27,1255,022741,NA,3,1,7,1942,0,1,2,NA,2,072,US-101 N/B (HOLLYWOOD FREEWAY),SANTA MONICA BOULEVARD,800,S,N,A,-,Y,LA,NA,101,NA,NA,5.395,H,NA,R,N,4,0,1,2,A,-,03,22350,NA,M,C,C,A,A,H,-,A,D,0,NA,NA,NA,NA,Y,NA,-,99,0,0,1,0,0,0,0,0,0,-,-,34.08876037597656,-118.30516815185548,LOS ANGELES,LOS ANGELES,-118.30513763427734,34.088775634765625
91761354,2022,2022-05-02,9525,2022-04-29,1320,020042,NA,5,1,1,1934,0,1,1,NA,2,204,I-210 EASTBOUND,IRWINDALE AVENUE,528,E,N,A,-,Y,LA,NA,210,NA,R,38.158,H,NA,R,N,4,0,1,2,A,-,03,22350,NA,N,C,C,A,A,H,-,A,D,0,NA,NA,NA,NA,Y,NA,D,22,0,0,1,0,0,0,0,0,0,-,-,34.13066864013672,-117.92871856689452,LOS ANGELES,IRWINDALE,-117.92872619628906,34.13072967529297
91761364,2022,2022-05-02,9535,2022-04-29,1415,022269,NA,5,2,5,1948,0,1,1,NA,2,421,I-10 (SAN BERNARDINO FREEWAY) W/B,I-710 (LONG BEACH FREEWAY) N/B,1200,E,N,A,-,Y,LA,NA,10,NA,NA,21.62,H,NA,L,N,2,0,1,1,A,-,01,23152,G,M,E,I,A,A,H,-,A,D,0,NA,NA,NA,NA,Y,Y,A,01,1,0,0,0,0,0,0,0,0,-,-,34.06315994262695,-118.1618881225586,LOS ANGELES,MONTEREY PARK,-118.16181182861328,34.06308364868164
91761556,2022,2022-05-02,9575,2022-04-22,2345,022448,NA,5,3,7,1942,0,1,1,NA,2,053,I-5 S/B (GOLDEN STATE FREEWAY),BRANFORD ST.,500,S,N,A,-,Y,LA,NA,5,NA,NA,36.787,H,NA,L,Y,2,0,2,2,A,-,03,22350,NA,N,C,C,A,A,H,-,C,D,0,NA,NA,NA,NA,Y,NA,A,01,2,0,0,0,0,0,0,0,0,-,-,34.2376708984375,-118.41522216796876,LOS ANGELES,LOS ANGELES,-118.41515350341795,34.23771667480469
91761557,2022,2022-05-02,9575,2022-04-07,1925,022651,NA,4,2,9,1900,0,3,5,NA,2,003,LITTLE TUJUNGA CANYON RD,ANGELES FOREST RANGE,7920,S,N,A,-,N,NA,NA,NA,NA,NA,NA,NA,NA,NA,N,3,0,1,2,A,-,03,22350,NA,F,C,C,A,A,H,-,C,D,0,NA,NA,NA,NA,Y,NA,-,99,0,1,0,0,0,0,0,0,0,-,-,34.284610748291016,-118.37036895751952,LOS ANGELES,UNINCORPORATED,NA,NA
91761558,2022,2022-05-02,9575,2022-04-22,0211,021254,NA,5,3,6,1953,0,1,1,NA,2,064,I-210 W/B (FOOTHILL FREEWAY),SIERRA MADRE BOULEVARD,138,W,N,B,-,Y,LA,NA,210,NA,R,28.45,H,NA,L,Y,2,0,1,2,A,-,01,23152,A,N,E,I,A,B,H,-,C,D,0,NA,NA,NA,Y,Y,Y,A,01,1,0,0,0,0,0,0,0,0,-,-,34.15272903442383,-118.09523010253906,LOS ANGELES,PASADENA,-118.09523010253906,34.1527099609375
91761561,2022,2022-05-02,9575,2022-04-23,1515,022629,NA,6,2,7,1942,0,1,1,NA,2,053,I-5 N/B (GOLDEN STATE FREEWAY),VAN NUYS BOULEVARD,1056,N,N,A,-,Y,LA,NA,5,NA,NA,38.741,H,NA,R,N,4,0,2,2,A,-,03,22350,NA,N,C,C,A,A,H,-,A,D,0,NA,NA,NA,NA,Y,NA,A,07,0,0,2,0,0,0,0,0,0,-,-,34.25925064086914,-118.43743896484376,LOS ANGELES,LOS ANGELES,-118.4375457763672,34.25917053222656
91761566,2022,2022-05-02,9575,2022-04-23,1314,021344,NA,6,1,6,1953,0,1,1,NA,2,064,I-210 E/B (FOOTHILL FREEWAY),EL MOLINO AVENUE,595,W,N,A,-,Y,LA,NA,210,NA,R,25.945,H,NA,R,N,4,0,1,2,A,-,03,22350,NA,N,C,C,A,A,H,-,A,D,0,NA,NA,NA,NA,Y,NA,D,22,0,0,1,0,0,0,0,0,0,-,-,34.15171813964844,-118.13903045654295,LOS ANGELES,PASADENA,-118.13903045654295,34.151649475097656
91761567,2022,2022-05-02,9575,2022-02-20,1028,022558,NA,7,1,9,1900,0,2,4,NA,2,320,ANGELS FOREST HIGHWAY,CEDAR CREEK CAMP,3485,N,N,A,-,N,NA,NA,NA,NA,NA,NA,NA,NA,NA,Y,1,1,0,1,A,-,08,22107,NA,N,E,I,A,A,H,-,A,D,0,NA,NA,Y,NA,Y,NA,C,02,0,0,0,0,0,0,0,1,0,-,-,34.28181076049805,-118.17682647705078,LOS ANGELES,UNINCORPORATED,-118.19066619873048,33.869239807128906
91761571,2022,2022-05-02,9575,2022-04-23,1020,021006,NA,6,1,6,1912,0,1,1,NA,2,051,I-5 S/B (GOLDEN STATE FREEWAY),MAGNOLIA BLVD.,500,N,N,A,-,Y,LA,NA,5,NA,NA,29.438,H,NA,L,N,4,0,1,2,A,-,03,22350,NA,M,C,C,A,A,H,-,A,D,0,NA,NA,NA,NA,Y,NA,A,01,0,0,1,0,0,0,0,0,0,-,-,34.181461334228516,-118.31462097167967,LOS ANGELES,BURBANK,-118.31450653076172,34.18152618408203
91761599,2022,2022-05-02,9580,2022-04-21,2345,022550,NA,4,3,7,1942,0,1,2,NA,2,101,US-101 S/B (VENTURA FREEWAY),WHITSETT AVE,528,S,N,C,-,Y,LA,NA,101,NA,NA,13.24,H,NA,L,Y,3,0,3,2,A,-,03,22350,NA,N,C,C,A,B,H,-,D,D,0,NA,NA,NA,NA,Y,NA,A,01,0,1,2,0,0,0,0,0,0,-,-,34.15612030029297,-118.40222930908205,LOS ANGELES,LOS ANGELES,-118.40225219726564,34.15608596801758
91761603,2022,2022-05-02,9580,2022-04-29,1340,022663,NA,5,1,7,1942,0,1,2,NA,2,100,US-101 N/B (VENTURA FREEWAY) TO WOODMAN AVE,WOODMAN AVE,30,S,N,A,-,Y,NA,NA,NA,NA,NA,NA,NA,NA,NA,N,4,0,1,2,A,-,03,22350,NA,N,C,C,A,A,H,-,A,A,0,NA,NA,NA,NA,Y,NA,A,07,0,0,1,0,0,0,0,0,0,-,-,34.15599822998047,-118.43105316162108,LOS ANGELES,LOS ANGELES,-118.43105316162108,34.15599822998047
91761606,2022,2022-05-02,9590,2022-04-21,2340,021122,NA,4,3,7,1942,0,1,2,NA,2,072,US-101 N/B (HOF) (HOLLYWOOD FREEWAY),HOLLYWOOD BOULEVARD,100,N,N,C,-,Y,LA,NA,101,NA,NA,6.55,H,NA,R,Y,4,0,1,2,A,-,03,22350,NA,M,C,C,A,B,H,-,C,D,0,NA,NA,NA,NA,Y,NA,A,07,0,0,1,0,0,0,0,0,0,-,-,34.102088928222656,-118.31681060791016,LOS ANGELES,LOS ANGELES,-118.31679534912108,34.10210037231445
91761612,2022,2022-05-02,9590,2022-04-21,1620,022456,NA,4,2,7,1942,0,1,1,NA,2,052,I-110 N/B (HARBOR FREEWAY),30TH STREET,200,S,N,A,-,Y,LA,NA,110,NA,NA,20.44,H,NA,R,N,4,0,2,6,A,-,06,21755,A,N,B,2,A,A,H,-,A,D,0,NA,NA,NA,NA,Y,NA,-,-,0,0,2,0,0,0,0,0,0,-,-,34.02397155761719,-118.27635192871094,LOS ANGELES,LOS ANGELES,-118.27643585205078,34.02399826049805
91761615,2022,2022-05-02,9590,2022-04-23,0640,022313,NA,6,1,7,1942,0,1,1,NA,2,080,I-5 N/B (GOLDEN STATE FREEWAY) TO CESAR CHAVEZ AVE,CESAR CHAVEZ AVENUE,50,S,N,A,-,Y,NA,NA,NA,NA,NA,NA,NA,NA,NA,N,4,0,1,2,A,-,03,22350,NA,N,C,C,A,A,H,-,A,D,0,NA,NA,NA,NA,Y,NA,A,08,0,0,1,0,0,0,0,0,0,-,-,34.04917907714844,-118.21376037597656,LOS ANGELES,LOS ANGELES,-118.21376037597656,34.04917907714844
91761618,2022,2022-05-02,9590,2022-04-23,0710,022313,NA,6,1,7,1942,0,1,1,NA,2,041,I-5 S/B (SANTA ANA FREEWAY),LORENA STREET,150,N,N,A,-,Y,LA,NA,5,NA,NA,15.707,H,NA,L,N,4,0,2,2,A,-,03,22350,NA,N,C,C,A,A,H,-,A,D,0,NA,NA,NA,NA,Y,NA,A,07,0,0,2,0,0,0,0,0,0,-,-,34.02471160888672,-118.20413208007813,LOS ANGELES,LOS ANGELES,-118.20413208007813,34.02470779418945
91761686,2022,2022-05-02,9575,2022-04-23,1340,022651,NA,6,1,6,1953,0,1,1,NA,2,064,I-210 W/B (FOOTHILL FREEWAY),N CRAIG AVE.,445,E,N,A,-,Y,LA,NA,210,NA,R,27.917,H,NA,L,Y,4,0,2,3,A,-,03,22350,NA,N,C,C,A,A,H,-,A,D,0,NA,NA,NA,NA,Y,NA,A,01,0,0,2,0,0,0,0,0,0,-,-,34.15262985229492,-118.10468292236328,LOS ANGELES,PASADENA,-118.10468292236328,34.15266036987305
91761687,2022,2022-05-02,9575,2022-04-23,1527,022558,NA,6,2,9,1900,0,3,5,NA,2,003,LITTLE TUJUNGA CANYON ROAD,DEXTER PARK ROAD,686,N,N,A,-,N,NA,NA,NA,NA,NA,NA,NA,NA,NA,Y,4,0,1,2,A,-,08,22107,NA,N,B,C,A,A,H,-,A,D,0,NA,NA,Y,NA,Y,NA,C,02,0,0,1,0,0,0,0,0,1,-,-,34.29344940185547,-118.3593292236328,LOS ANGELES,UNINCORPORATED,NA,NA
91761741,2022,2022-05-02,9530,2022-03-09,1820,022636,NA,3,2,7,1942,0,1,1,NA,2,200,I-105 E/B (GLENN ANDERSON FWY),HOOVER STREET,20,E,N,A,-,Y,NA,NA,NA,NA,NA,NA,NA,NA,NA,N,4,0,1,2,A,-,07,21658,A,N,C,C,A,A,H,-,C,D,0,NA,NA,Y,NA,Y,NA,A,01,0,0,1,0,0,0,0,0,1,-,-,33.55427169799805,-118.17205810546876,LOS ANGELES,LOS ANGELES,-118.28694152832033,33.9284782409668
91761745,2022,2022-05-02,9530,2022-03-16,1610,022847,NA,3,2,5,1915,0,3,5,NA,2,002,S WILLOWBROOK AVENUE,EL SEGUNDO BOULEVARD,80,S,N,A,-,N,NA,NA,NA,NA,NA,NA,NA,NA,NA,N,3,0,1,2,A,-,11,21954,A,N,G,B,D,A,H,-,A,D,0,Y,NA,NA,NA,Y,NA,N,60,0,1,0,0,1,0,0,0,0,-,-,33.915889739990234,-118.23155212402344,LOS ANGELES,COMPTON,-118.23160552978516,33.91606140136719
91761749,2022,2022-05-02,9580,2022-04-26,0645,019715,NA,2,1,7,1942,0,1,2,NA,2,102,US-101 N/B (VENTURA FREEWAY),SEPULVEDA BLVD,850,S,N,B,-,Y,LA,NA,101,NA,NA,16.792,H,NA,R,N,3,0,2,3,A,-,03,22350,NA,N,C,A,A,A,H,-,A,D,0,NA,NA,NA,NA,Y,NA,A,01,0,1,1,0,0,0,0,0,0,-,-,34.15959167480469,-118.46349334716795,LOS ANGELES,LOS ANGELES,-118.46349334716795,34.15950393676758
91761750,2022,2022-05-02,9580,2022-05-01,0545,020879,NA,7,3,7,1942,0,1,2,NA,2,103,US-101 S/B (VENTURA FREEWAY),BALBOA BLVD,1320,N,N,A,-,Y,LA,NA,101,NA,NA,19.601,H,NA,L,N,4,0,1,1,C,-,18,NA,NA,N,E,J,A,A,C,-,D,D,0,NA,NA,NA,NA,Y,NA,-,-,0,0,1,0,0,0,0,0,0,-,-,34.17102813720703,-118.50747680664064,LOS ANGELES,LOS ANGELES,-118.50747680664064,34.17108917236328