CASE_ID,ACCIDENT_YEAR,PROC_DATE,JURIS,COLLISION_DATE,COLLISION_TIME,OFFICER_ID,REPORTING_DISTRICT,DAY_OF_WEEK,CHP_SHIFT,POPULATION,CNTY_CITY_LOC,SPECIAL_COND,BEAT_TYPE,CHP_BEAT_TYPE,CITY_DIVISION_LAPD,CHP_BEAT_CLASS,BEAT_NUMBER,PRIMARY_RD,SECONDARY_RD,DISTANCE,DIRECTION,INTERSECTION,WEATHER_1,WEATHER_2,STATE_HWY_IND,CALTRANS_COUNTY,CALTRANS_DISTRICT,STATE_ROUTE,ROUTE_SUFFIX,POSTMILE_PREFIX,POSTMILE,LOCATION_TYPE,RAMP_INTERSECTION,SIDE_OF_HWY,TOW_AWAY,COLLISION_SEVERITY,NUMBER_KILLED,NUMBER_INJURED,PARTY_COUNT,PRIMARY_COLL_FACTOR,PCF_CODE_OF_VIOL,PCF_VIOL_CATEGORY,PCF_VIOLATION,PCF_VIOL_SUBSECTION,HIT_AND_RUN,TYPE_OF_COLLISION,MVIW,PED_ACTION,ROAD_SURFACE,ROAD_COND_1,ROAD_COND_2,LIGHTING,CONTROL_DEVICE,CHP_ROAD_TYPE,PEDESTRIAN_ACCIDENT,BICYCLE_ACCIDENT,MOTORCYCLE_ACCIDENT,TRUCK_ACCIDENT,NOT_PRIVATE_PROPERTY,ALCOHOL_INVOLVED,STWD_VEHTYPE_AT_FAULT,CHP_VEHTYPE_AT_FAULT,COUNT_SEVERE_INJ,COUNT_VISIBLE_INJ,COUNT_COMPLAINT_PAIN,COUNT_PED_KILLED,COUNT_PED_INJURED,COUNT_BICYCLIST_KILLED,COUNT_BICYCLIST_INJURED,COUNT_MC_KILLED,COUNT_MC_INJURED,PRIMARY_RAMP,SECONDARY_RAMP,LATITUDE,LONGITUDE,COUNTY,CITY,POINT_X,POINT_Y
91763143,2022,2022-05-03,9550,2022-04-30,2110,020974,NA,6,2,9,1900,0,2,4,NA,1,031,HACIENDA BOULEVARD N/B,THREE PALMS STREET,125,S,N,A,-,N,NA,NA,NA,NA,NA,NA,NA,NA,NA,Y,4,0,2,2,A,-,03,22350,NA,F,C,C,A,A,H,-,C,D,0,NA,NA,NA,NA,Y,NA,-,99,0,0,2,0,0,0,0,0,0,-,-,34.00489044189453,-117.96499633789064,LOS ANGELES,UNINCORPORATED,-117.96510314941406,34.00496292114258
91763145,2022,2022-05-03,9580,2022-04-30,0210,022591,NA,6,3,7,1942,0,1,1,NA,2,404,I-405 N/B (SAN DIEGO FWY),MULHOLLAND DR,1050,N,N,A,-,Y,LA,NA,405,NA,NA,37.047,H,NA,R,Y,4,0,1,2,A,-,01,23152,A,N,B,C,A,A,H,-,D,D,0,NA,NA,NA,NA,Y,Y,A,01,0,0,1,0,0,0,0,0,0,-,-,34.12657928466797,-118.47511291503906,LOS ANGELES,LOS ANGELES,-118.47516632080078,34.126609802246094
91763167,2021,2022-05-03,9550,2021-09-29,0029,022012,NA,3,3,6,1920,0,1,1,NA,2,500,INTERSTATE 5 SOUTHBOUND,THE BROCK AVENUE STORM DRAIN,40,S,N,A,-,Y,NA,NA,5,NA,NA,NA,NA,NA,S,Y,4,0,1,2,A,-,03,22350,NA,N,C,C,A,A,H,-,D,D,0,NA,NA,NA,NA,Y,NA,A,07,0,0,1,0,0,0,0,0,0,-,-,33.96318817138672,-118.11920928955078,LOS ANGELES,DOWNEY,-118.11919403076172,33.96321105957031
91763174,2022,2022-05-03,9550,2022-04-27,1502,016761,NA,3,2,5,1919,0,1,3,NA,2,092,STATE ROUTE 91 WESTBOUND (ARTESIA FREEWAY),NORWALK BOULEVARD,675,W,N,A,-,Y,LA,NA,91,NA,R,18.517,H,NA,L,Y,4,0,1,2,A,-,03,22350,NA,N,C,C,A,A,H,-,A,D,0,NA,NA,NA,NA,Y,NA,A,07,0,0,1,0,0,0,0,0,0,-,-,33.876670837402344,-118.0750732421875,LOS ANGELES,CERRITOS,-118.07506561279295,33.87653350830078
91763195,2022,2022-05-03,9535,2022-04-23,1818,022812,NA,6,2,5,1948,0,1,3,NA,2,621,SR-60 W/B (POMONA FREEWAY),GREENWOOD AVE,340,E,N,A,-,Y,LA,NA,60,NA,R,6.92,H,NA,L,Y,3,0,1,1,A,-,08,22107,NA,M,F,A,A,A,H,-,A,D,0,NA,NA,NA,NA,Y,Y,A,08,0,1,0,0,0,0,0,0,0,-,-,34.034420013427734,-118.10756683349608,LOS ANGELES,MONTEREY PARK,-118.10757446289064,34.03443145751953
91763201,2022,2022-05-03,9575,2022-04-22,2340,022477,NA,5,3,7,1942,0,1,1,NA,2,053,I-5 S/B (GOLDEN STATE FREEWAY),BRANFORD ST.,400,S,N,A,-,Y,LA,NA,5,NA,NA,36.787,H,NA,L,Y,2,0,1,1,A,-,08,22107,NA,N,E,I,A,A,H,-,C,D,0,NA,NA,NA,NA,Y,NA,A,01,1,0,0,0,0,0,0,0,0,-,-,34.2376708984375,-118.41522216796876,LOS ANGELES,LOS ANGELES,-118.41515350341795,34.23771667480469
91763225,2022,2022-05-03,9530,2022-04-24,1455,022380,NA,7,2,7,1942,0,1,3,NA,2,220,I-110 SB TO I-105 W/B,FIGUEROA ST,10,E,N,A,-,Y,NA,NA,NA,NA,NA,NA,NA,NA,NA,N,3,0,1,2,A,-,01,23152,A,N,B,C,A,A,H,-,A,D,0,NA,NA,NA,NA,Y,Y,D,22,0,1,0,0,0,0,0,0,0,-,-,33.92972946166992,-118.28240966796876,LOS ANGELES,LOS ANGELES,-118.28240966796876,33.92972946166992
91763268,2022,2022-07-20,9530,2022-04-22,0900,020938,NA,5,1,7,1941,0,1,3,NA,2,320,SR-91 W/B (ARTESIA FREEWAY),LONG BEACH BLVD.,300,E,N,A,-,Y,LA,NA,91,NA,R,11.251,H,NA,L,Y,3,0,1,2,A,-,07,21658,A,N,C,C,A,A,H,-,A,A,0,NA,NA,Y,NA,Y,NA,A,07,0,1,0,0,0,0,0,0,1,-,-,33.873130798339844,-118.19996643066406,LOS ANGELES,LONG BEACH,-118.19994354248048,33.87300491333008
91763288,2022,2022-05-03,9535,2022-04-25,1350,022342,NA,1,1,5,1947,0,1,3,NA,2,621,SR-60 WESTBOUND (POMONA FWY),PARAMOUNT BLVD,100,W,N,A,-,Y,LA,NA,60,NA,R,7.719,H,NA,L,N,3,0,2,3,A,-,03,22350,NA,N,C,C,A,A,H,-,A,D,0,NA,NA,NA,NA,Y,NA,A,01,0,2,0,0,0,0,0,0,0,-,-,34.03588104248047,-118.09385681152344,LOS ANGELES,MONTEBELLO,-118.0938720703125,34.03593444824219
91763292,2022,2022-05-03,9590,2022-04-21,0108,021346,NA,4,3,7,1942,0,1,1,NA,2,020,I-10 E/B (SAN BERNARDINO FREEWAY) TO SOTO STREET,SOTO STREET,800,W,N,B,-,Y,LA,NA,10,NA,NA,18.829,H,NA,R,Y,4,0,1,1,A,-,08,22107,NA,N,E,I,A,A,H,-,C,D,0,NA,NA,NA,NA,Y,NA,A,01,0,0,1,0,0,0,0,0,0,-,-,34.053321838378906,-118.20671844482422,LOS ANGELES,LOS ANGELES,-118.20670318603516,34.053550720214844
91763296,2022,2022-05-03,9530,2022-04-25,0925,018270,NA,1,1,6,1972,0,1,1,NA,2,400,NORTHBOUND I-405 (SAN DIEGO FREEWAY),YUKON AVE.,217,S,N,A,-,Y,LA,NA,405,NA,NA,15.933,H,NA,R,N,4,0,1,2,A,-,03,22350,NA,N,C,C,A,A,H,-,A,D,0,NA,NA,NA,NA,Y,NA,A,01,0,0,1,0,0,0,0,0,0,-,-,33.86695861816406,-118.33413696289064,LOS ANGELES,TORRANCE,-118.33412170410156,33.86700439453125
91763305,2022,2022-05-03,9535,2022-04-26,0740,022142,NA,2,1,3,1914,0,1,1,NA,2,501,I-5 S/B (SANTA ANA FREEWAY),TRIGGS ST.,50,N,N,A,-,Y,LA,NA,5,NA,NA,12.939,H,NA,L,Y,4,0,1,2,A,-,04,21703,NA,N,C,C,A,A,H,-,A,D,0,NA,NA,NA,Y,Y,NA,A,07,0,0,1,0,0,0,0,0,0,-,-,34.01042175292969,-118.16030883789064,LOS ANGELES,COMMERCE,-118.1602783203125,34.01044464111328
91763309,2022,2022-05-03,9525,2022-04-30,1730,022605,NA,6,2,5,1990,0,1,3,NA,2,603,SR-60 W/B (POMONA FWY),GRAND AVE,2112,E,N,A,-,Y,LA,NA,60,NA,R,24.94,H,NA,L,N,4,0,1,2,A,-,03,22350,NA,N,C,C,A,A,H,-,A,D,0,NA,NA,NA,NA,Y,NA,A,01,0,0,1,0,0,0,0,0,0,-,-,34.01591110229492,-117.81819152832033,LOS ANGELES,DIAMOND BAR,-117.81826782226564,34.01594924926758
91763325,2022,2022-05-03,9550,2022-04-23,2235,022600,NA,6,3,9,1900,0,1,3,NA,2,091,STATE ROUTE-91 WESTBOUND,PIONEER BLVD.,2000,W,N,A,-,Y,LA,NA,91,NA,R,17.704,H,NA,L,Y,4,0,3,2,A,-,03,22350,NA,N,C,C,A,A,H,-,C,D,0,NA,NA,NA,NA,Y,NA,A,01,0,0,3,0,0,0,0,0,0,-,-,33.87662124633789,-118.08921813964844,LOS ANGELES,UNINCORPORATED,-118.08921813964844,33.87646484375
91763328,2022,2022-05-03,9550,2022-04-25,0340,022631,NA,1,3,9,1900,0,1,3,NA,2,600,SR-60 EB,7TH AVE,1000,W,N,A,-,Y,LA,NA,60,NA,NA,12.807,H,NA,R,Y,3,0,2,3,A,-,03,22350,NA,F,C,C,A,A,H,-,D,D,0,NA,NA,NA,NA,Y,NA,A,01,0,1,1,0,0,0,0,0,0,-,-,34.029029846191406,-118.00965881347656,LOS ANGELES,UNINCORPORATED,-118.00965881347656,34.02899169921875
91763337,2022,2022-05-03,9550,2022-04-25,0025,022597,NA,1,3,9,1900,0,1,1,NA,2,501,INTERSTATE-5 SOUTHBOUND,IMPERIAL HIGHWAY,850,N,N,A,-,Y,LA,NA,5,NA,NA,5.107,H,NA,L,Y,4,0,2,2,A,-,03,22350,NA,N,C,2,A,A,H,-,C,D,0,NA,NA,NA,NA,Y,NA,A,01,0,0,2,0,0,0,0,0,0,-,-,33.91917037963867,-118.08158111572266,LOS ANGELES,UNINCORPORATED,-118.08144378662108,33.91923522949219
91763356,2022,2022-05-03,9550,2022-04-25,1645,020974,NA,1,2,9,1900,0,2,4,NA,1,051,COLIMA ROAD E/B,NOGALES STREET,400,E,N,A,-,N,NA,NA,NA,NA,NA,NA,NA,NA,NA,N,4,0,1,2,A,-,07,21658,A,N,B,C,A,A,H,-,A,D,0,NA,NA,NA,NA,Y,NA,A,07,0,0,1,0,0,0,0,0,0,-,-,33.98733139038086,-117.88790893554688,LOS ANGELES,UNINCORPORATED,-117.88800048828124,33.9874382019043
91763381,2022,2022-05-03,9535,2022-04-28,1550,022105,NA,4,2,5,1959,0,1,1,NA,2,401,I-10 W/B FROM SAN GABRIEL BLVD N/B,SAN GABRIEL BLVD,65,E,N,A,-,Y,LA,NA,10,NA,NA,25.873,H,NA,L,N,4,0,2,2,A,-,03,22350,NA,N,C,C,A,A,H,-,A,D,0,NA,NA,NA,NA,Y,NA,A,08,0,0,2,0,0,0,0,0,0,-,-,34.0723991394043,-118.09033966064452,LOS ANGELES,ROSEMEAD,-118.09033966064452,34.072208404541016
91763398,2022,2022-05-03,9550,2022-04-29,1550,020037,NA,5,2,7,1941,0,1,3,NA,2,090,STATE ROUTE 91 EASTBOUND TO CHERRY AVENUE,CHERRY AVENUE,60,W,N,A,-,Y,NA,NA,NA,NA,NA,NA,NA,NA,NA,Y,4,0,2,3,A,-,03,22350,NA,N,C,C,A,A,H,-,A,D,0,NA,NA,NA,NA,Y,NA,D,22,0,0,2,0,0,0,0,0,0,-,-,33.875640869140625,-118.16902923583984,LOS ANGELES,LONG BEACH,-118.16902923583984,33.875640869140625
91763414,2021,2022-05-03,9530,2021-12-12,0243,021582,NA,7,3,9,1900,0,3,5,NA,2,004,VICTORIA ST.,SANTA FE AVE.,0,NA,Y,A,-,N,NA,NA,NA,NA,NA,NA,NA,NA,NA,Y,3,0,1,1,A,-,03,22350,NA,N,E,A,A,A,H,-,C,A,0,NA,NA,NA,NA,Y,Y,A,01,0,1,0,0,0,0,0,0,0,-,-,33.86492156982422,-118.21283721923828,LOS ANGELES,UNINCORPORATED,-118.21282958984376,33.864967346191406
91763460,2022,2022-05-03,9530,2022-04-30,0415,021842,NA,6,3,9,1900,0,3,5,NA,2,001,BELL AVE. (7400 BLOCK),74TH ST.,125,S,N,A,-,N,NA,NA,NA,NA,NA,NA,NA,NA,NA,N,4,0,1,2,A,-,01,23152,A,N,E,I,A,A,H,-,C,D,0,NA,NA,NA,NA,Y,Y,A,01,0,0,1,0,0,0,0,0,0,-,-,33.97291946411133,-118.23812103271484,LOS ANGELES,UNINCORPORATED,-118.23818969726564,33.97297668457031
91763469,2022,2022-05-03,9550,2022-04-25,1709,016761,NA,1,2,5,1908,0,1,3,NA,2,091,STATE ROUTE 91 WESTBOUND (ARTESIA FREEWAY),LAKEWOOD BOULEVARD,775,W,N,A,-,Y,LA,NA,91,NA,R,14.439,H,NA,L,Y,4,0,1,2,A,-,03,22350,NA,N,C,C,A,A,H,-,A,D,0,NA,NA,NA,NA,Y,NA,D,22,0,0,1,0,0,0,0,0,0,-,-,33.87738037109375,-118.1457290649414,LOS ANGELES,BELLFLOWER,-118.1457290649414,33.87722396850586
91763477,2022,2022-05-03,9550,2022-04-25,2150,022600,NA,1,2,3,1964,0,1,1,NA,2,650,INTERSTATE 605 SOUTHBOUND,TELEGRAPH ROAD,2640,N,N,A,-,Y,LA,NA,605,NA,R,10.884,H,NA,L,Y,3,0,1,2,A,-,03,22350,NA,N,C,C,A,A,H,-,C,D,0,NA,NA,Y,Y,Y,Y,G,25,0,1,0,0,0,0,0,0,1,-,-,33.9580192565918,-118.08733367919922,LOS ANGELES,SANTA FE SPRINGS,-118.08733367919922,33.95802307128906
91763480,2022,2022-05-03,9525,2022-04-22,0129,020719,NA,5,3,9,1900,0,1,1,NA,2,106,I-10 E/B (SAN BERNARDINO FWY),HOLT AVE.,2640,E,N,B,C,Y,LA,NA,10,NA,NA,39.553,H,NA,R,Y,3,0,1,1,A,-,03,22350,NA,N,E,J,A,B,H,-,D,D,0,NA,NA,NA,NA,Y,NA,A,07,0,1,0,0,0,0,0,0,0,-,-,34.067970275878906,-117.85543823242188,LOS ANGELES,UNINCORPORATED,-117.85546112060548,34.0681266784668
91763488,2022,2022-05-03,9525,2022-04-22,0100,020216,NA,5,3,9,1900,0,3,5,NA,2,005,MT BALDY RD.,SOUTH TUNNEL,1584,N,N,C,-,N,NA,NA,NA,NA,NA,NA,NA,NA,NA,Y,4,0,1,1,A,-,03,22350,NA,N,E,I,A,B,H,-,D,D,0,NA,NA,NA,NA,Y,NA,A,01,0,0,1,0,0,0,0,0,0,-,-,34.20650863647461,-117.67581176757813,LOS ANGELES,UNINCORPORATED,NA,NA
91763500,2022,2022-05-03,9575,2022-04-24,1230,021394,NA,7,1,9,1900,0,3,5,NA,2,003,LITTLE TUJUNGA CANYON RD.,GARRICK AVE.,3700,N,N,A,-,N,NA,NA,NA,NA,NA,NA,NA,NA,NA,Y,3,0,1,2,A,-,03,22350,NA,N,A,C,A,A,H,-,A,D,0,NA,NA,Y,NA,Y,NA,C,02,0,1,0,0,0,0,0,0,1,-,-,34.28656005859375,-118.36946105957033,LOS ANGELES,UNINCORPORATED,NA,NA
91763512,2022,2022-05-03,9530,2022-03-29,1640,022438,NA,2,2,9,1900,0,3,5,NA,2,002,AVALON BOULEVARD,REDONDO BEACH BOULEVARD,0,NA,Y,A,-,N,NA,NA,NA,NA,NA,NA,NA,NA,NA,N,4,0,1,2,D,-,00,NA,NA,N,D,C,A,A,H,-,A,A,0,NA,NA,NA,NA,Y,NA,-,-,0,0,1,0,0,0,0,0,0,-,-,33.893211364746094,-118.26529693603516,LOS ANGELES,UNINCORPORATED,-118.2654037475586,33.89321517944336
91763558,2022,2022-05-03,9550,2022-04-23,1135,021054,NA,6,1,6,1920,0,1,1,NA,2,501,I-5 N/B,ROSECRANS AVE.,1000,N,N,A,-,Y,NA,NA,NA,NA,NA,NA,NA,NA,NA,N,3,0,1,2,A,-,08,22107,NA,N,E,A,A,A,H,-,A,D,0,NA,NA,Y,NA,Y,NA,C,02,0,1,0,0,0,0,0,0,1,-,-,33.90623092651367,-118.06699371337892,LOS ANGELES,DOWNEY,-118.06388092041016,33.90409469604492
91763562,2022,2022-05-03,9530,2022-03-11,0530,014654,NA,5,3,7,1941,0,1,1,NA,2,420,I-405 S/B (SAN DIEGO FREEWAY),TEMPLE AVE.,330,N,N,A,-,Y,LA,NA,405,NA,NA,4.366,H,NA,L,Y,3,0,1,5,A,-,03,22350,NA,N,B,C,A,A,H,-,D,D,0,NA,NA,NA,NA,Y,NA,-,-,0,1,0,0,0,0,0,0,0,-,-,33.810420989990234,-118.15959930419922,LOS ANGELES,LONG BEACH,-118.15960693359376,33.8104133605957
91763576,2022,2022-05-03,9550,2022-04-26,1446,020861,NA,2,2,9,1900,0,1,1,NA,2,650,I-605 N/B (SAN GABRIEL RIVER FREEWAY),WHITTIER BOULEVARD,550,S,N,A,-,Y,LA,NA,605,NA,R,13.456,H,NA,R,N,4,0,1,2,A,-,03,22350,NA,N,C,C,A,A,H,-,A,D,0,NA,NA,NA,NA,Y,NA,A,01,0,0,1,0,0,0,0,0,0,-,-,33.99177932739258,-118.069580078125,LOS ANGELES,UNINCORPORATED,-118.0695343017578,33.99177169799805
91763613,2022,2022-05-03,9525,2022-04-27,0705,015445,NA,3,1,9,1900,0,2,4,NA,2,045,VALLEY BLVD. (14400 BLOCK),6TH AVE.,0,NA,Y,A,-,N,NA,NA,NA,NA,NA,NA,NA,NA,NA,N,4,0,1,2,A,-,09,21802,A,N,D,C,A,A,H,-,A,A,0,NA,NA,NA,NA,Y,NA,A,08,0,0,1,0,0,0,0,0,0,-,-,34.03694152832031,-117.97827911376952,LOS ANGELES,UNINCORPORATED,-117.97827911376952,34.037296295166016
91763624,2022,2022-05-03,9550,2022-04-26,0550,022037,NA,2,3,5,1908,0,1,1,NA,2,150,I-105 W/B,BELLFLOWER BOULEVARD O/C,600,E,N,A,-,Y,LA,NA,105,NA,R,16.753,H,NA,L,Y,4,0,1,3,A,-,03,22350,NA,N,C,C,A,A,H,-,A,D,0,NA,NA,NA,Y,Y,NA,G,27,0,0,1,0,0,0,0,0,0,-,-,33.9134407043457,-118.12342834472656,LOS ANGELES,BELLFLOWER,-118.12342834472656,33.91343307495117
91763671,2022,2022-05-03,9535,2022-05-01,1529,022105,NA,7,2,5,1959,0,1,1,NA,2,401,I-10 (SAN BERNARDINO FREEWAY) W/B,ROSEMEAD BLVD,1000,E,N,A,-,Y,LA,NA,10,NA,NA,27.354,H,NA,L,N,4,0,1,2,A,-,03,22350,NA,N,C,C,A,A,H,-,A,D,0,NA,NA,NA,NA,Y,NA,A,01,0,0,1,0,0,0,0,0,0,-,-,34.072471618652344,-118.06437683105467,LOS ANGELES,ROSEMEAD,-118.06438446044922,34.072505950927734
91763685,2022,2022-05-03,9530,2022-04-23,1240,020938,NA,6,1,9,1900,0,3,5,NA,2,003,ROSECRANS AVE (4600 BLOCK),ATLANTIC AVE,100,E,N,A,-,N,NA,NA,NA,NA,NA,NA,NA,NA,NA,N,4,0,2,2,A,-,07,21658,A,N,B,C,A,A,H,-,A,D,0,NA,NA,NA,NA,Y,NA,A,01,0,0,2,0,0,0,0,0,0,-,-,33.90393829345703,-118.19342041015624,LOS ANGELES,UNINCORPORATED,-118.19361114501952,33.9035758972168
91763691,2022,2022-05-03,9550,2022-04-26,0714,015746,NA,2,1,9,1900,0,3,5,NA,2,005,HARBOR BOULEVARD,VANTAGE POINTE DRIVE,75,S,N,B,-,N,NA,NA,NA,NA,NA,NA,NA,NA,NA,Y,4,0,2,2,A,-,03,22350,NA,N,C,C,A,A,H,-,A,A,0,NA,NA,NA,NA,Y,NA,A,07,0,0,2,0,0,0,0,0,0,-,-,33.9598503112793,-117.91719818115234,LOS ANGELES,UNINCORPORATED,-117.91754150390624,33.9597282409668
91763705,2022,2022-05-03,9550,2022-04-26,0800,021934,NA,2,1,6,1920,0,1,1,NA,2,500,I-5 NB,PARAMOUNT BLVD,1000,S,N,A,-,Y,LA,NA,5,NA,NA,8.762,H,NA,R,Y,4,0,1,3,A,-,03,22350,NA,N,C,C,A,A,H,-,A,D,0,NA,NA,NA,NA,Y,NA,D,22,0,0,1,0,0,0,0,0,0,-,-,33.96221923828125,-118.11775207519533,LOS ANGELES,DOWNEY,-118.11771392822266,33.962257385253906
91763712,2022,2022-05-03,9525,2022-04-30,0022,021967,NA,6,3,9,1900,0,3,5,NA,2,004,ORANGE BLOSSSOM AVE,ALANWOOD RD,0,NA,Y,A,-,N,NA,NA,NA,NA,NA,NA,NA,NA,NA,Y,3,0,3,2,A,-,12,22450,A,N,D,C,A,A,H,-,C,A,0,NA,NA,NA,NA,Y,NA,A,01,0,3,0,0,0,0,0,0,0,-,-,34.04138946533203,-118.00080108642578,LOS ANGELES,UNINCORPORATED,-118.00083160400392,34.0413932800293
91763724,2022,2022-05-03,9550,2022-04-26,0810,015449,NA,2,1,6,1949,0,1,1,NA,2,500,I-5 S/B (SANTA ANA FREEWAY),NORWALK BLVD.,10,N,N,A,-,Y,LA,NA,5,NA,NA,4.429,H,NA,L,Y,4,0,1,3,A,-,08,22107,NA,N,E,I,A,A,H,-,A,D,0,NA,NA,NA,Y,Y,NA,-,-,0,0,1,0,0,0,0,0,0,-,-,33.91217041015625,-118.07363891601564,LOS ANGELES,NORWALK,-118.07363128662108,33.91218566894531
91763730,2022,2022-05-03,9535,2022-04-28,1755,022105,NA,4,2,9,1900,0,1,1,NA,2,401,I-10 W/B (SAN BERNARDINO FREEWAY),PECK ROAD,200,W,N,A,-,Y,LA,NA,10,NA,NA,29.31,H,NA,L,N,4,0,1,2,A,-,03,22350,NA,N,C,C,A,A,H,-,A,D,0,NA,NA,NA,NA,Y,NA,A,01,0,0,1,0,0,0,0,0,0,-,-,34.06806182861328,-118.0312728881836,LOS ANGELES,UNINCORPORATED,-118.0312728881836,34.06804656982422
91763750,2022,2022-05-03,9545,2022-04-29,1155,019816,NA,5,1,9,1900,0,3,5,NA,2,003,ANGELES FOREST HIGHWAY,UPPER BIG TUJUNGA CANYON RD,0,NA,Y,A,-,N,NA,NA,NA,NA,NA,NA,NA,NA,NA,Y,4,0,1,2,A,-,05,21752,D,N,D,C,A,A,H,-,A,D,0,NA,NA,NA,NA,Y,NA,A,01,0,0,1,0,0,0,0,0,0,-,-,34.32926940917969,-118.11976623535156,LOS ANGELES,UNINCORPORATED,-118.11978912353516,34.32923126220703
91763752,2022,2022-05-03,9550,2022-04-26,0932,020340,NA,2,1,3,1903,0,1,3,NA,2,092,SR-91 WESTBOUND,PIONEER BOULEVARD,1000,E,N,A,-,Y,LA,NA,91,NA,R,18.416,H,NA,L,Y,4,0,1,4,A,-,03,22350,NA,N,C,C,A,A,H,-,A,D,0,NA,NA,NA,NA,Y,NA,D,22,0,0,1,0,0,0,0,0,0,-,-,33.87657165527344,-118.07682800292967,LOS ANGELES,ARTESIA,-118.07682800292967,33.876529693603516
91763755,2022,2022-05-03,9525,2022-04-30,1320,022009,NA,6,1,9,1900,0,1,3,NA,1,024,SR-39 (SAN GABRIEL CANYON RD.),NORTH FORK BRIDGE,1056,S,N,A,-,Y,LA,NA,39,NA,NA,28.989,H,NA,R,Y,2,0,1,2,A,-,03,22350,NA,N,F,8,A,A,H,-,A,D,0,NA,NA,Y,NA,Y,NA,C,02,1,0,0,0,0,0,0,0,1,-,-,34.26250076293945,-117.85090637207033,LOS ANGELES,UNINCORPORATED,-117.85091400146484,34.26249694824219
91763756,2022,2022-05-03,9550,2022-04-26,1325,020974,NA,2,1,9,1900,0,2,4,NA,1,022,LEFFINGWELL ROAD W/B,DOUBLE EAGLE DRIVE,150,E,N,A,-,N,NA,NA,NA,NA,NA,NA,NA,NA,NA,Y,4,0,1,3,A,-,08,22107,NA,N,C,E,A,A,H,-,A,D,0,NA,NA,NA,NA,Y,NA,A,01,0,0,1,0,0,0,0,0,0,-,-,33.92518997192383,-118.0193328857422,LOS ANGELES,UNINCORPORATED,-118.01968383789064,33.92502212524414
91763761,2021,2022-05-04,9525,2021-09-05,1400,022398,NA,7,2,6,1975,0,1,1,NA,2,106,I-10 E/B (SAN BERNARDINO FREEWAY),HOLT AVENUE,482,W,N,A,-,Y,NA,NA,10,NA,NA,NA,NA,NA,E,Y,1,1,0,1,A,-,08,22107,NA,N,E,J,A,A,H,-,A,D,0,NA,NA,NA,NA,Y,NA,A,01,0,0,0,0,0,0,0,0,0,-,-,34.07101058959961,-117.86701965332033,LOS ANGELES,WEST COVINA,-117.86698150634766,34.0711669921875
91763764,2022,2022-05-04,9550,2022-04-26,1600,022613,NA,2,2,9,1900,0,3,5,NA,2,002,VALLEY VIEW AVENUE,LEFFINGWELL ROAD,275,N,N,A,-,N,NA,NA,NA,NA,NA,NA,NA,NA,NA,Y,2,0,1,2,A,-,08,22107,NA,N,C,E,A,A,H,-,A,D,0,NA,NA,NA,NA,Y,NA,A,01,1,0,0,0,0,0,0,0,0,-,-,33.55255126953125,-118.14447784423828,LOS ANGELES,UNINCORPORATED,-118.02918243408205,33.92352294921875
91763769,2021,2022-05-04,9525,2021-12-31,2338,022509,NA,5,3,9,1900,0,1,1,NA,2,107,I-10 W/B (SAN BERNARDINO FWY),HOLT AVENUE,4150,E,N,A,-,Y,NA,NA,10,NA,NA,NA,NA,NA,W,Y,1,1,6,2,C,-,18,NA,NA,N,D,2,A,A,H,-,D,D,0,NA,NA,NA,NA,Y,Y,-,-,3,1,2,0,0,0,0,0,0,-,-,34.06850051879883,-117.85057067871094,LOS ANGELES,UNINCORPORATED,-117.85057067871094,34.06845474243164
91764058,2022,2022-05-04,9530,2022-03-24,1045,022805,NA,4,1,4,1939,0,1,1,NA,2,400,I-405,INGLEWOOD AVE,300,W,N,A,-,Y,LA,NA,405,NA,NA,18.512,H,NA,R,N,3,0,1,2,A,-,03,22350,NA,N,C,C,A,A,H,-,A,D,0,NA,NA,NA,NA,Y,NA,A,01,0,1,0,0,0,0,0,0,0,-,-,33.89345932006836,-118.36457061767578,LOS ANGELES,LAWNDALE,-118.3646240234375,33.893409729003906
91764062,2022,2022-05-04,9540,2022-04-27,0417,021132,NA,3,3,7,1942,0,1,1,NA,1,405,I-405 S/B,I-5,528,S,N,A,-,Y,LA,NA,405,NA,NA,48.377,H,NA,L,Y,4,0,1,2,A,-,03,22350,NA,N,C,C,A,A,H,-,C,D,0,NA,NA,NA,NA,Y,NA,D,22,0,0,1,0,0,0,0,0,0,-,-,34.2877197265625,-118.46778869628906,LOS ANGELES,LOS ANGELES,-118.46775817871094,34.287715911865234
91764063,2022,2022-05-04,9575,2022-04-27,1235,018814,NA,3,1,7,1942,0,1,3,NA,2,043,SR-134 E/B (VENTURA FREEWAY),FOREST LAWN DR,365,W,N,A,-,Y,LA,NA,134,NA,NA,3.741,H,NA,R,N,3,0,1,3,A,-,03,22350,NA,N,C,C,A,A,H,-,A,D,0,NA,NA,NA,NA,Y,NA,A,01,0,1,0,0,0,0,0,0,0,-,-,34.15459060668945,-118.3122787475586,LOS ANGELES,LOS ANGELES,-118.31226348876952,34.154541015625
91764070,2022,2022-05-04,9580,2022-04-26,0125,022550,NA,2,3,7,1942,0,1,2,NA,2,103,US-101 S/B (VENTURA FREEWAY),I-405,150,N,N,A,-,Y,LA,NA,101,NA,NA,17.188,H,NA,L,Y,4,0,1,1,A,-,01,23152,A,N,E,I,A,A,H,-,D,D,0,NA,NA,NA,NA,Y,Y,A,01,0,0,1,0,0,0,0,0,0,-,-,34.160179138183594,-118.47019958496094,LOS ANGELES,LOS ANGELES,-118.4700164794922,34.160343170166016