CASE_ID,ACCIDENT_YEAR,PROC_DATE,JURIS,COLLISION_DATE,COLLISION_TIME,OFFICER_ID,REPORTING_DISTRICT,DAY_OF_WEEK,CHP_SHIFT,POPULATION,CNTY_CITY_LOC,SPECIAL_COND,BEAT_TYPE,CHP_BEAT_TYPE,CITY_DIVISION_LAPD,CHP_BEAT_CLASS,BEAT_NUMBER,PRIMARY_RD,SECONDARY_RD,DISTANCE,DIRECTION,INTERSECTION,WEATHER_1,WEATHER_2,STATE_HWY_IND,CALTRANS_COUNTY,CALTRANS_DISTRICT,STATE_ROUTE,ROUTE_SUFFIX,POSTMILE_PREFIX,POSTMILE,LOCATION_TYPE,RAMP_INTERSECTION,SIDE_OF_HWY,TOW_AWAY,COLLISION_SEVERITY,NUMBER_KILLED,NUMBER_INJURED,PARTY_COUNT,PRIMARY_COLL_FACTOR,PCF_CODE_OF_VIOL,PCF_VIOL_CATEGORY,PCF_VIOLATION,PCF_VIOL_SUBSECTION,HIT_AND_RUN,TYPE_OF_COLLISION,MVIW,PED_ACTION,ROAD_SURFACE,ROAD_COND_1,ROAD_COND_2,LIGHTING,CONTROL_DEVICE,CHP_ROAD_TYPE,PEDESTRIAN_ACCIDENT,BICYCLE_ACCIDENT,MOTORCYCLE_ACCIDENT,TRUCK_ACCIDENT,NOT_PRIVATE_PROPERTY,ALCOHOL_INVOLVED,STWD_VEHTYPE_AT_FAULT,CHP_VEHTYPE_AT_FAULT,COUNT_SEVERE_INJ,COUNT_VISIBLE_INJ,COUNT_COMPLAINT_PAIN,COUNT_PED_KILLED,COUNT_PED_INJURED,COUNT_BICYCLIST_KILLED,COUNT_BICYCLIST_INJURED,COUNT_MC_KILLED,COUNT_MC_INJURED,PRIMARY_RAMP,SECONDARY_RAMP,LATITUDE,LONGITUDE,COUNTY,CITY,POINT_X,POINT_Y
91765064,2022,2022-05-05,9575,2022-04-25,1630,020711,NA,1,2,6,1925,0,1,1,NA,2,050,I-5 S/B (GOLDEN STATE FREEWAY),LOS ANGELES RIVER,50,N,N,A,-,Y,NA,NA,NA,NA,NA,NA,NA,NA,NA,Y,4,0,1,2,C,-,18,NA,NA,N,C,2,A,A,H,-,A,D,0,NA,NA,NA,NA,Y,NA,-,-,0,0,1,0,0,0,0,0,0,-,-,34.15658187866211,-118.29366302490234,LOS ANGELES,GLENDALE,-118.1054916381836,34.00773239135742
91765071,2022,2022-12-07,9575,2022-04-23,1430,022626,NA,6,2,9,1900,0,3,5,NA,2,003,UPPER BIG TUJUNGA CANYON RD.,CAMP COLBY RD (3N24) (CFM 1.28),7392,E,N,A,-,N,NA,NA,NA,NA,NA,NA,NA,NA,NA,Y,2,0,1,2,A,-,03,22350,NA,N,D,C,A,A,H,-,A,D,0,NA,NA,Y,NA,Y,NA,C,02,1,0,0,0,0,0,0,0,1,-,-,34.31222915649414,-118.0953369140625,LOS ANGELES,UNINCORPORATED,NA,NA
91765079,2022,2022-05-05,9575,2022-04-24,1450,022626,NA,7,2,9,1900,0,3,5,NA,2,003,UPPER BIG TUJUNGA CANYON RD.,SHORT CUT RD. (CFM 7.95),2904,W,N,A,-,N,NA,NA,NA,NA,NA,NA,NA,NA,NA,Y,3,0,1,2,A,-,03,22350,NA,N,F,A,A,A,H,-,A,D,0,NA,NA,Y,NA,Y,NA,C,02,0,1,0,0,0,0,0,0,1,-,-,34.28068161010742,-118.0383529663086,LOS ANGELES,UNINCORPORATED,NA,NA
91765080,2022,2022-05-05,9575,2022-04-24,1214,022110,NA,7,1,7,1942,0,1,1,NA,2,052,I-5 N/B TO SUNLAND BOULEVARD OFF-RAMP,SUNLAND BOULEVARD,128,S,N,A,-,Y,LA,NA,5,NA,NA,33.633,H,NA,R,Y,4,0,3,3,A,-,03,22350,NA,N,C,C,A,A,H,-,A,A,0,NA,NA,NA,Y,Y,NA,A,07,0,0,3,0,0,0,0,0,0,-,-,34.22233963012695,-118.3657684326172,LOS ANGELES,LOS ANGELES,-118.36579132080078,34.222068786621094
91765096,2022,2022-05-05,9575,2022-04-25,1718,022582,NA,1,2,7,1942,0,1,3,NA,2,044,SR-134 W/B (VENTURA FREEWAY),LANKERSHIM BOULEVARD,250,W,N,A,-,Y,LA,NA,134,NA,NA,0.451,H,NA,L,Y,3,0,1,7,A,-,03,22350,NA,F,B,C,A,A,H,-,A,D,0,NA,NA,NA,NA,Y,NA,-,99,0,1,0,0,0,0,0,0,0,-,-,34.1532096862793,-118.3686294555664,LOS ANGELES,LOS ANGELES,-118.3686294555664,34.15316390991211
91765129,2022,2022-05-05,9530,2022-03-24,1420,022852,NA,4,2,7,1942,0,1,1,NA,2,200,I-105 E/B (GLENN ANDERSON FWY),CENTRAL AVE,528,W,N,A,-,Y,LA,NA,105,NA,R,7.903,H,NA,R,Y,4,0,1,3,A,-,08,22107,NA,N,B,C,A,A,H,-,A,D,0,NA,NA,NA,Y,Y,NA,F,55,0,0,1,0,0,0,0,0,0,-,-,33.9276008605957,-118.2717514038086,LOS ANGELES,LOS ANGELES,-118.2717742919922,33.927490234375
91765131,2022,2022-05-05,9580,2022-04-25,1630,022799,NA,1,2,7,1942,0,1,3,NA,2,170,SR-170 N/B (HOLLYWOOD FWY.),SHERMAN WAY,2640,S,N,A,-,Y,LA,NA,170,NA,R,17.751,H,NA,R,N,4,0,1,2,A,-,03,22350,NA,M,C,C,A,A,H,-,A,D,0,NA,NA,NA,NA,Y,NA,A,01,0,0,1,0,0,0,0,0,0,-,-,34.19369125366211,-118.40228271484376,LOS ANGELES,LOS ANGELES,-118.40230560302734,34.193687438964844
91765136,2022,2023-12-28,9565,2022-04-25,0334,022761,NA,1,3,9,1900,0,2,4,NA,2,022,NORMANDIE AVE,105TH ST,6,S,N,A,-,N,NA,NA,NA,NA,NA,NA,NA,NA,NA,N,2,0,1,3,A,-,08,22107,NA,N,C,C,A,A,H,-,C,A,0,NA,NA,NA,Y,Y,NA,A,01,1,0,0,0,0,0,0,0,0,-,-,33.9409294128418,-118.3002471923828,LOS ANGELES,UNINCORPORATED,-118.30029296875,33.940895080566406
91765143,2022,2022-05-05,9565,2022-04-23,2218,022728,NA,6,3,5,1965,0,1,1,NA,2,081,I-10 E/B,20TH ST,200,E,N,A,-,Y,LA,NA,10,NA,R,3.12,H,NA,R,N,4,0,1,2,A,-,03,22350,NA,N,C,C,A,A,H,-,D,D,0,NA,NA,NA,NA,Y,NA,A,01,0,0,1,0,0,0,0,0,0,-,-,34.02349090576172,-118.47286987304688,LOS ANGELES,SANTA MONICA,-118.47286224365234,34.023475646972656
91765145,2022,2022-05-05,9580,2022-04-27,0600,020879,NA,3,1,7,1942,0,1,2,NA,2,102,US-101 N/B (VENTURA FREEWAY),WOODMAN AV.,1320,N,N,A,-,Y,LA,NA,101,NA,NA,15.202,H,NA,R,N,4,0,2,2,A,-,07,21658,A,N,B,C,A,A,H,-,A,D,0,NA,NA,NA,NA,Y,NA,A,07,0,0,2,0,0,0,0,0,0,-,-,34.15570831298828,-118.43657684326172,LOS ANGELES,LOS ANGELES,-118.43657684326172,34.15574645996094
91765158,2022,2022-05-05,9580,2022-05-03,0910,016690,NA,2,1,3,1989,0,1,2,NA,2,106,US 101 NB (VENTURA FREEWAY),MUREAU ROAD,2640,N,N,A,-,Y,LA,NA,101,NA,NA,29.609,H,NA,R,Y,3,0,1,2,A,-,03,22350,NA,N,C,C,A,A,H,-,A,D,0,NA,NA,NA,NA,Y,NA,A,01,0,1,0,0,0,0,0,0,0,-,-,34.1496696472168,-118.67436981201172,LOS ANGELES,CALABASAS,-118.67438507080078,34.149620056152344
91765165,2022,2022-05-05,9575,2022-04-25,1525,021403,NA,1,2,9,1900,0,2,4,NA,2,010,FOOTHILL BLVD.,ROSEMONT AVE.,0,NA,Y,A,-,N,NA,NA,NA,NA,NA,NA,NA,NA,NA,N,3,0,1,2,D,-,00,NA,NA,N,G,B,B,A,H,-,A,A,0,Y,NA,NA,NA,Y,NA,-,-,0,1,0,0,1,0,0,0,0,-,-,34.22101974487305,-118.23518371582033,LOS ANGELES,UNINCORPORATED,-118.23512268066406,34.221168518066406
91765191,2022,2022-05-05,9565,2022-04-25,1550,022672,NA,1,2,9,1900,0,1,1,NA,2,012,I-105 E/B (CENTURY FREEWAY),BUDLONG AVE.,400,W,N,A,-,Y,LA,NA,105,NA,R,6.433,H,NA,R,N,4,0,1,2,A,-,03,22350,NA,N,C,C,A,A,H,-,A,D,0,NA,NA,NA,NA,Y,NA,D,22,0,0,1,0,0,0,0,0,0,-,-,33.92789077758789,-118.29727935791016,LOS ANGELES,UNINCORPORATED,-118.29729461669922,33.92794418334961
91765200,2022,2022-05-05,9530,2022-04-24,2030,022674,NA,7,2,9,1900,0,1,1,NA,2,210,W/B I-105,CENTRAL AVENUE,2250,E,N,A,-,Y,LA,NA,105,NA,R,8.42,H,NA,L,N,3,0,1,2,A,-,03,22350,NA,F,C,C,A,A,H,-,C,D,0,NA,NA,Y,NA,Y,NA,-,99,0,1,0,0,0,0,0,0,1,-,-,33.927669525146484,-118.26287078857422,LOS ANGELES,UNINCORPORATED,-118.26287078857422,33.927650451660156
91765263,2022,2022-05-05,9550,2022-04-28,0850,015746,NA,4,1,9,1900,0,1,3,NA,2,600,STATE ROUTE 60 WESTBOUND,CROSSROADS PARKWAY,1000,E,N,B,-,Y,LA,NA,60,NA,NA,12.636,H,NA,L,Y,3,0,2,3,A,-,03,22350,NA,N,C,C,A,A,H,-,A,A,0,NA,NA,NA,NA,Y,NA,A,01,0,2,0,0,0,0,0,0,0,-,-,34.02919006347656,-118.01241302490234,LOS ANGELES,UNINCORPORATED,-118.01241302490234,34.02919387817383
91765297,2022,2022-05-05,9550,2022-04-27,0500,020795,NA,3,3,9,1900,0,2,4,NA,1,023,MULBERRY DRIVE,GUNN AVENUE,0,NA,Y,A,-,N,NA,NA,NA,NA,NA,NA,NA,NA,NA,Y,2,0,2,3,A,-,12,21453,A,N,D,C,A,A,H,-,C,A,0,NA,NA,NA,NA,Y,NA,A,01,1,1,0,0,0,0,0,0,0,-,-,33.945709228515625,-118.03134918212892,LOS ANGELES,UNINCORPORATED,-118.03134918212892,33.9456672668457
91765321,2022,2022-05-05,9550,2022-05-02,1350,022167,NA,1,1,9,1900,0,1,1,NA,2,650,I-605 S/B,SARAGOSA STREET,585,N,N,A,-,Y,LA,NA,605,NA,R,12.538,H,NA,L,N,4,0,2,3,A,-,03,22350,NA,N,C,D,A,A,H,-,A,D,0,NA,NA,NA,NA,Y,NA,D,22,0,0,2,0,0,0,0,0,0,-,-,33.98011016845703,-118.07656860351564,LOS ANGELES,UNINCORPORATED,-118.07659912109376,33.98012924194336
91765335,2022,2022-05-05,9530,2022-04-25,0740,021310,NA,1,1,5,1943,0,1,1,NA,2,210,I-105 E/B FROM LONG BEACH BLVD,LONG BEACH BLVD,1000,E,N,A,-,Y,NA,NA,NA,NA,NA,NA,NA,NA,NA,N,2,0,1,3,A,-,03,22350,NA,N,B,C,A,A,H,-,A,A,0,NA,NA,Y,NA,Y,NA,C,02,1,0,0,0,0,0,0,0,1,-,-,33.9228515625,-118.20661163330078,LOS ANGELES,LYNWOOD,-118.20661163330078,33.9228515625
91765382,2022,2022-05-05,9535,2022-04-29,0515,022159,NA,5,3,5,1959,0,1,1,NA,2,400,I-10 E/B (SAN BERNARDINO FREEWAY),WALNUT GROVE AVE.,1395,W,N,A,-,Y,LA,NA,10,NA,NA,26.076,H,NA,R,Y,3,0,2,2,A,-,03,22350,NA,N,C,C,A,A,H,-,D,D,0,NA,NA,NA,NA,Y,NA,A,01,0,1,1,0,0,0,0,0,0,-,-,34.07188034057617,-118.08663940429688,LOS ANGELES,ROSEMEAD,-118.08663940429688,34.07189178466797
91765427,2022,2022-05-05,9550,2022-04-27,1425,022434,NA,3,2,9,1900,0,1,1,NA,2,650,I-605,BEVERLY BLVD.,800,S,N,A,-,Y,LA,NA,605,NA,R,14.24,H,NA,R,N,3,0,1,2,A,-,03,22350,NA,N,C,C,A,A,H,-,A,D,0,NA,NA,NA,NA,Y,NA,D,22,0,1,0,0,0,0,0,0,0,-,-,34.002708435058594,-118.06601715087892,LOS ANGELES,UNINCORPORATED,-118.0657958984375,34.0025749206543
91765454,2022,2022-05-05,9550,2022-04-27,0735,021977,NA,3,1,9,1900,0,1,3,NA,2,602,STATE ROUTE 60,NOGALES STREET,2400,W,N,A,-,Y,NA,NA,NA,NA,NA,NA,NA,NA,NA,N,2,0,2,4,A,-,03,22350,NA,N,C,C,A,A,H,-,A,D,0,NA,NA,NA,NA,Y,NA,A,01,1,0,1,0,0,0,0,0,0,-,-,33.59379959106445,-117.54019927978516,LOS ANGELES,UNINCORPORATED,-117.89653778076172,33.99406051635742
91765476,2022,2022-05-05,9530,2022-04-23,0005,022670,NA,6,3,7,1941,0,1,1,NA,2,073,I-710  S/B (SEASIDE FWY),SR-47,145,N,N,A,-,Y,LA,NA,710,NA,R,3.498,H,NA,L,N,2,0,1,1,A,-,08,22107,NA,N,E,I,A,A,H,-,C,D,0,NA,NA,NA,NA,Y,Y,A,07,1,0,0,0,0,0,0,0,0,-,-,33.75865173339844,-118.23815155029295,LOS ANGELES,LONG BEACH,-118.23813629150392,33.75861358642578
91765483,2022,2022-05-05,9565,2022-04-26,1257,017648,NA,2,1,7,1942,0,1,1,NA,2,064,I-405 S/B,SUNSET BLVD.,2640,N,N,A,-,Y,LA,NA,405,NA,NA,33.482,H,NA,L,Y,3,0,2,2,A,-,03,22350,NA,N,C,C,A,A,H,-,A,D,0,NA,NA,NA,NA,Y,NA,A,07,0,2,0,0,0,0,0,0,0,-,-,34.078590393066406,-118.47149658203124,LOS ANGELES,LOS ANGELES,-118.47144317626952,34.07862854003906
91765497,2022,2022-05-05,9565,2022-04-24,1730,021678,NA,7,2,9,1900,0,1,1,NA,2,063,I-405 S/B FROM WILSHIRE BLVD.,WILSHIRE BLVD.,640,S,N,A,-,Y,NA,NA,NA,NA,NA,NA,NA,NA,NA,N,4,0,1,1,C,-,18,NA,NA,N,E,I,A,A,H,-,A,D,0,NA,NA,NA,NA,Y,NA,-,-,0,0,1,0,0,0,0,0,0,-,-,34.05376052856445,-118.45159149169922,LOS ANGELES,UNINCORPORATED,-118.45159149169922,34.05376052856445
91765515,2022,2022-05-05,9535,2022-04-02,2127,022263,NA,6,2,9,1900,0,1,1,NA,2,650,I-605 N/B (SAN GABRIEL RIVER FREEWAY),SAN JOSE CREEK,3170,N,N,A,-,Y,LA,NA,605,NA,R,18.353,H,NA,R,Y,2,0,2,2,A,-,03,22350,NA,N,C,C,A,A,H,-,C,D,0,NA,NA,NA,NA,Y,NA,A,01,1,1,0,0,0,0,0,0,0,-,-,34.041481018066406,-118.01348876953124,LOS ANGELES,UNINCORPORATED,-118.01346588134766,34.041439056396484
91765539,2022,2022-05-05,9545,2022-04-23,1635,021948,NA,6,2,9,1900,0,3,5,NA,2,004,AVENUE T,116TH ST E,351,W,N,A,-,N,NA,NA,NA,NA,NA,NA,NA,NA,NA,Y,2,0,1,2,A,-,08,22107,NA,N,B,C,A,A,H,-,A,D,0,NA,NA,Y,NA,Y,NA,B,01,1,0,0,0,0,0,0,0,1,-,-,34.54283142089844,-117.92411041259766,LOS ANGELES,UNINCORPORATED,-117.92403411865234,34.54280090332031
91765556,2021,2022-05-05,9530,2021-03-04,1710,022438,NA,4,2,9,1900,0,3,5,NA,2,002,AVALON BOULEVARD (12770 BLOCK),EL SEGUNDO BOULEVARD,40,N,N,A,-,N,NA,NA,NA,NA,NA,NA,NA,NA,NA,Y,1,1,1,6,A,-,01,23152,A,N,C,C,A,A,H,-,A,A,0,NA,NA,NA,NA,Y,Y,A,01,0,0,1,0,0,0,0,0,0,-,-,33.916648864746094,-118.26535034179688,LOS ANGELES,UNINCORPORATED,-118.26525115966795,33.91653060913086
91765560,2021,2022-05-05,9575,2021-12-22,0449,022469,NA,3,3,5,1902,0,1,1,NA,2,065,INTERSTATE 210 W/B (FOOTHILL FREEWAY),BALDWIN AVENUE,2909,E,N,A,-,Y,NA,NA,210,NA,NA,NA,NA,NA,W,Y,1,1,0,3,A,-,03,22350,NA,N,C,C,A,A,H,-,D,D,0,NA,NA,Y,NA,Y,NA,A,01,0,0,0,0,0,0,0,1,0,-,-,34.14894104003906,-118.04044342041016,LOS ANGELES,ARCADIA,-118.04043579101564,34.14897918701172
91765578,2022,2022-05-05,9530,2022-03-27,0225,022453,NA,7,3,7,1942,0,1,1,NA,2,110,I-110 N/B (HARBOR FREEWAY),EL SEGUNDO BOULEVARD,365,S,N,A,-,Y,LA,NA,110,NA,NA,12.821,H,NA,R,Y,3,0,2,3,A,-,01,23153,A,N,C,C,A,A,H,-,C,D,0,NA,NA,NA,NA,Y,Y,A,07,0,1,1,0,0,0,0,0,0,-,-,33.91535186767578,-118.28604888916016,LOS ANGELES,LOS ANGELES,-118.2861328125,33.915367126464844
91765592,2022,2022-05-05,9550,2022-04-26,1750,022769,NA,2,2,9,1900,0,1,3,NA,2,600,SR-60 WESTBOUND TO INTERSTATE-605,WORKMAN MILL RD,100,W,N,A,-,Y,LA,NA,60,NA,NA,11.986,H,NA,L,N,4,0,2,3,A,-,03,22350,NA,N,C,C,A,A,H,-,A,D,0,NA,NA,NA,NA,Y,NA,D,22,0,0,2,0,0,0,0,0,0,-,-,34.03221130371094,-118.02287292480467,LOS ANGELES,UNINCORPORATED,-118.02293395996094,34.032108306884766
91765611,2022,2022-05-05,9525,2022-05-01,1615,022627,NA,7,2,4,1946,0,1,1,NA,2,212,I-210 E/B (FOOTHILL FWY),HIGHLAND AVE,190,E,N,A,-,Y,LA,NA,210,NA,R,35.922,H,NA,R,N,4,0,2,2,A,-,03,22350,NA,N,C,C,A,A,H,-,A,D,0,NA,NA,NA,NA,Y,NA,A,08,0,0,2,0,0,0,0,0,0,-,-,34.135528564453125,-117.96588134765624,LOS ANGELES,MONROVIA,-117.96588134765624,34.135494232177734
91765647,2022,2022-05-05,9525,2022-04-24,0535,021074,NA,7,3,6,1955,0,1,1,NA,2,109,I-10 W/B (SAN BERNARDINO FREEWAY),INDIAN HILL BLVD,75,E,N,A,-,Y,LA,NA,10,NA,NA,47.755,H,NA,L,Y,4,0,2,2,A,-,01,23152,A,N,B,C,A,A,H,-,D,D,0,NA,NA,NA,NA,Y,NA,A,01,0,0,2,0,0,0,0,0,0,-,-,34.08161163330078,-117.71910095214844,LOS ANGELES,POMONA,-117.71910858154295,34.08184814453125
91765703,2022,2022-05-05,9530,2022-04-28,2255,021871,NA,4,3,5,1977,0,1,1,NA,2,410,I-405 N/B (SAN DIEGO FREEWAY),MAIN STREET,1500,E,N,A,-,Y,LA,NA,405,NA,NA,12.127,H,NA,R,Y,3,0,2,2,A,-,08,22107,NA,N,C,C,A,A,H,-,C,D,0,NA,NA,NA,NA,Y,NA,A,01,0,1,1,0,0,0,0,0,0,-,-,33.84878921508789,-118.27381896972656,LOS ANGELES,CARSON,-118.27376556396484,33.84884262084961
91765718,2022,2022-09-20,9535,2022-04-24,0316,022740,NA,7,3,9,1900,0,1,1,NA,2,501,INTERSTATE 5 SOUTHBOUND (SANTA ANA FWY),INDIANA ST,500,S,N,A,-,Y,LA,NA,5,NA,NA,14.858,H,NA,L,N,3,0,6,6,A,-,03,22350,NA,M,C,C,A,A,H,-,C,D,0,NA,NA,NA,NA,Y,Y,A,01,0,4,2,0,0,0,0,0,0,-,-,34.020118713378906,-118.19053649902344,LOS ANGELES,UNINCORPORATED,-118.19053649902344,34.02006149291992
91765739,2022,2022-05-05,9540,2022-05-01,0320,021132,NA,7,3,6,1985,0,1,3,NA,1,145,SR-14 S/B,NEWHALL AVENUE,1056,N,N,A,-,Y,LA,NA,14,NA,R,27.367,H,NA,L,N,4,0,1,2,A,-,03,22350,NA,N,C,2,A,A,H,-,C,D,0,NA,NA,NA,NA,Y,NA,A,07,0,0,1,0,0,0,0,0,0,-,-,34.369510650634766,-118.50118255615234,LOS ANGELES,SANTA CLARITA,-118.5012664794922,34.369544982910156
91765744,2022,2022-05-05,9540,2022-04-29,0054,022464,NA,5,3,7,1942,0,1,1,NA,1,501,I-5 S/B,ROXFORD ST,15,S,N,A,-,Y,LA,NA,5,NA,NA,42.66,H,NA,L,Y,4,0,1,2,A,-,03,22350,NA,N,D,C,A,A,H,-,C,D,0,NA,NA,NA,NA,Y,NA,A,07,0,0,1,0,0,0,0,0,0,-,-,34.303279876708984,-118.47975158691406,LOS ANGELES,LOS ANGELES,-118.47975158691406,34.303279876708984
91765751,2022,2022-05-05,9540,2022-04-27,1140,018037,NA,3,1,9,1900,0,2,4,NA,2,072,LAKE HUGHES RD. N/B (38200 BLOCK),WARM SPRINGS RD.,128,S,N,A,-,N,NA,NA,NA,NA,NA,NA,NA,NA,NA,Y,4,0,1,1,A,-,03,22350,NA,N,F,A,A,A,B,-,A,D,0,NA,NA,Y,NA,Y,NA,C,02,0,0,1,0,0,0,0,0,1,-,-,34.60662078857422,-118.5608367919922,LOS ANGELES,UNINCORPORATED,-118.56082916259766,34.606605529785156
91765752,2022,2022-05-05,9550,2022-04-28,1825,021656,NA,4,2,5,1908,0,1,3,NA,2,091,STATE ROUTE 91 E/B TO BELLFLOWER BLVD,BELLFLOWER BOULEVARD,100,W,N,A,-,Y,NA,NA,NA,NA,NA,NA,NA,NA,NA,N,4,0,2,2,A,-,21,22106,NA,N,C,C,A,A,H,-,A,D,0,NA,NA,NA,NA,Y,NA,A,07,0,0,2,0,0,0,0,0,0,-,-,33.875831604003906,-118.12567901611328,LOS ANGELES,BELLFLOWER,-118.12567901611328,33.875831604003906
91765756,2022,2022-05-05,9580,2022-04-24,1200,019952,NA,7,1,9,1900,0,2,4,NA,1,129,KANAN DUME RD,PITSCH CANYON RD,1350,S,N,A,-,N,NA,NA,NA,NA,NA,NA,NA,NA,NA,N,3,0,2,2,A,-,03,22350,NA,N,B,C,A,A,H,-,A,D,0,NA,NA,NA,NA,Y,NA,A,07,0,2,0,0,0,0,0,0,0,-,-,34.08702087402344,-118.8167724609375,LOS ANGELES,UNINCORPORATED,-118.81629180908205,34.08627700805664
91765759,2022,2022-05-05,9540,2022-04-28,2355,021132,NA,4,3,7,1942,0,1,1,NA,2,551,I-5 S/B,SAN FERNANDO MISSION ROAD,10,S,N,A,-,Y,LA,NA,5,NA,NA,40.228,H,NA,L,Y,3,0,1,1,A,-,03,22350,NA,N,F,A,A,A,H,-,C,D,0,NA,NA,Y,NA,Y,Y,C,02,0,1,0,0,0,0,0,0,1,-,-,34.27640914916992,-118.45291137695313,LOS ANGELES,LOS ANGELES,-118.45276641845705,34.276512145996094
91765763,2022,2022-05-06,9525,2022-04-27,2335,022745,NA,3,3,6,1975,0,1,1,NA,2,106,I-10 E/B (SAN BERNARDINO FWY),BARRANCA ST,1056,E,N,A,-,Y,LA,NA,10,NA,NA,37.916,H,NA,R,N,4,0,1,2,A,-,03,22350,NA,N,C,C,A,A,H,-,C,D,0,NA,NA,NA,NA,Y,NA,A,01,0,0,1,0,0,0,0,0,0,-,-,34.071651458740234,-117.88289642333984,LOS ANGELES,WEST COVINA,-117.88289642333984,34.07183837890625
91765766,2022,2022-05-06,9525,2022-04-30,1730,022617,NA,6,2,4,1905,0,1,1,NA,2,203,I-210 W/B (FOOTHILL FWY),VERNON AVE,1200,E,N,A,-,Y,LA,NA,210,NA,R,39.182,H,NA,L,N,4,0,1,2,A,-,03,22350,NA,N,C,C,A,A,H,-,A,D,0,NA,NA,NA,NA,Y,NA,A,01,0,0,1,0,0,0,0,0,0,-,-,34.1238899230957,-117.91338348388672,LOS ANGELES,AZUSA,-117.91344451904295,34.123844146728516
91765770,2022,2022-05-06,9525,2022-04-30,1810,022627,NA,6,2,4,1913,0,1,1,NA,2,209,SR-210 W/B (FOOTHILL FWY),TOWNE AVE,792,E,N,A,-,Y,LA,NA,210,NA,R,49.718,H,NA,L,Y,4,0,2,3,A,-,03,22350,NA,N,C,C,A,A,H,-,A,D,0,NA,NA,NA,NA,Y,Y,D,22,0,0,2,0,0,0,0,0,0,-,-,34.120479583740234,-117.73323822021484,LOS ANGELES,CLAREMONT,-117.73323822021484,34.12045669555664
91765772,2022,2022-05-06,9540,2022-04-23,1127,021118,NA,6,1,7,1942,0,1,1,NA,1,502,I-5 N/B (GOLDEN STATE FWY),BALBOA BLVD,1056,N,N,A,-,Y,LA,NA,5,NA,R,44.617,H,NA,R,Y,3,0,1,2,A,-,03,22350,NA,N,C,C,A,A,H,-,A,D,0,NA,NA,Y,NA,Y,NA,C,02,0,1,0,0,0,0,0,0,1,-,-,34.32258987426758,-118.49887084960938,LOS ANGELES,LOS ANGELES,-118.49884796142578,34.32261276245117
91765784,2022,2022-09-19,9525,2022-03-28,1130,019146,NA,1,1,9,1900,0,2,4,NA,2,045,VALLEY BOULEVARD,SUNSET AVENUE,685,W,N,B,C,N,NA,NA,NA,NA,NA,NA,NA,NA,NA,Y,1,1,2,3,A,-,03,22350,NA,N,A,C,A,B,H,-,A,D,0,NA,NA,NA,NA,Y,NA,D,22,0,1,1,0,0,0,0,0,0,-,-,34.03607177734375,-117.9763412475586,LOS ANGELES,UNINCORPORATED,-117.97631072998048,34.03594970703125
91765785,2022,2022-05-06,9590,2022-04-24,0147,022720,NA,7,3,7,1942,0,1,1,NA,2,050,I-110 N/B (HARBOR FREEWAY),47TH ST,40,N,N,A,-,Y,LA,NA,110,NA,NA,18.839,H,NA,R,Y,3,0,1,2,A,-,03,22350,NA,N,C,C,A,A,H,-,C,D,0,NA,NA,NA,NA,Y,NA,A,01,0,1,0,0,0,0,0,0,0,-,-,34.001258850097656,-118.28085327148438,LOS ANGELES,LOS ANGELES,-118.28094482421876,34.00125503540039
91765787,2022,2022-05-06,9590,2022-04-24,0310,022710,NA,7,3,7,1942,0,1,1,NA,2,053,I-110 S/B (HARBOR FREEWAY),4TH STREET,100,S,N,A,-,Y,LA,NA,110,NA,NA,23.003,H,NA,L,Y,4,0,2,3,A,-,01,23152,A,N,C,C,A,A,H,-,D,D,0,NA,NA,NA,NA,Y,Y,A,01,0,0,2,0,0,0,0,0,0,-,-,34.054840087890625,-118.25727081298828,LOS ANGELES,LOS ANGELES,-118.25726318359376,34.054840087890625
91765792,2022,2022-05-06,9565,2022-04-25,0610,017060,NA,1,1,6,1933,0,1,1,NA,2,060,I-405 NORTHBOUND (SAN DIEGO FREEWAY),MANCHESTER BLVD.,5,N,N,A,-,Y,LA,NA,405,NA,NA,23.367,H,NA,R,Y,4,0,1,3,A,-,08,22107,NA,F,B,C,A,A,H,-,A,D,0,NA,NA,NA,Y,Y,NA,-,99,0,0,1,0,0,0,0,0,0,-,-,33.96179962158203,-118.36942291259766,LOS ANGELES,INGLEWOOD,-118.36930084228516,33.96180725097656
91765793,2022,2022-05-06,9590,2022-03-12,0145,022698,NA,6,3,7,1942,0,1,1,NA,2,062,I-10 EASTBOUND (SANTA MONICA FREEWAY),WASHINGTON BOULEVARD,145,W,N,A,-,Y,LA,NA,10,NA,NA,14.454,H,NA,R,N,4,0,1,2,A,-,03,22350,NA,N,E,J,A,A,D,-,C,A,0,NA,NA,NA,NA,Y,Y,A,01,0,0,1,0,0,0,0,0,0,-,-,34.03776168823242,-118.2802963256836,LOS ANGELES,LOS ANGELES,-118.2802963256836,34.037742614746094
91766112,2022,2022-05-06,9530,2022-04-26,1735,017860,NA,2,2,2,1967,0,1,1,NA,2,420,I-405 N/B (SAN DIEGO FREEWAY),ATLANTIC AVE.,100,N,N,A,-,Y,LA,NA,405,NA,NA,6.117,H,NA,R,Y,4,0,1,3,A,-,07,21658,A,N,B,C,A,A,H,-,A,D,0,NA,NA,NA,NA,Y,NA,A,07,0,0,1,0,0,0,0,0,0,-,-,33.81563949584961,-118.1856689453125,LOS ANGELES,SIGNAL HILL,-118.18565368652344,33.815670013427734