CASE_ID,ACCIDENT_YEAR,PROC_DATE,JURIS,COLLISION_DATE,COLLISION_TIME,OFFICER_ID,REPORTING_DISTRICT,DAY_OF_WEEK,CHP_SHIFT,POPULATION,CNTY_CITY_LOC,SPECIAL_COND,BEAT_TYPE,CHP_BEAT_TYPE,CITY_DIVISION_LAPD,CHP_BEAT_CLASS,BEAT_NUMBER,PRIMARY_RD,SECONDARY_RD,DISTANCE,DIRECTION,INTERSECTION,WEATHER_1,WEATHER_2,STATE_HWY_IND,CALTRANS_COUNTY,CALTRANS_DISTRICT,STATE_ROUTE,ROUTE_SUFFIX,POSTMILE_PREFIX,POSTMILE,LOCATION_TYPE,RAMP_INTERSECTION,SIDE_OF_HWY,TOW_AWAY,COLLISION_SEVERITY,NUMBER_KILLED,NUMBER_INJURED,PARTY_COUNT,PRIMARY_COLL_FACTOR,PCF_CODE_OF_VIOL,PCF_VIOL_CATEGORY,PCF_VIOLATION,PCF_VIOL_SUBSECTION,HIT_AND_RUN,TYPE_OF_COLLISION,MVIW,PED_ACTION,ROAD_SURFACE,ROAD_COND_1,ROAD_COND_2,LIGHTING,CONTROL_DEVICE,CHP_ROAD_TYPE,PEDESTRIAN_ACCIDENT,BICYCLE_ACCIDENT,MOTORCYCLE_ACCIDENT,TRUCK_ACCIDENT,NOT_PRIVATE_PROPERTY,ALCOHOL_INVOLVED,STWD_VEHTYPE_AT_FAULT,CHP_VEHTYPE_AT_FAULT,COUNT_SEVERE_INJ,COUNT_VISIBLE_INJ,COUNT_COMPLAINT_PAIN,COUNT_PED_KILLED,COUNT_PED_INJURED,COUNT_BICYCLIST_KILLED,COUNT_BICYCLIST_INJURED,COUNT_MC_KILLED,COUNT_MC_INJURED,PRIMARY_RAMP,SECONDARY_RAMP,LATITUDE,LONGITUDE,COUNTY,CITY,POINT_X,POINT_Y
91766887,2022,2022-05-09,9575,2022-05-01,1405,021403,NA,7,2,9,1900,0,1,3,NA,2,043,SR-134 E/B (VENTURA FREEWAY),FOREST LAWN DRIVE,530,E,N,A,-,Y,LA,NA,134,NA,NA,3.96,H,NA,R,N,4,0,1,3,A,-,03,22350,NA,N,C,C,A,A,H,-,A,D,0,NA,NA,NA,NA,Y,NA,A,01,0,0,1,0,0,0,0,0,0,-,-,34.155460357666016,-118.30856323242188,LOS ANGELES,UNINCORPORATED,-118.3085479736328,34.15541458129883
91766889,2022,2022-05-09,9590,2022-04-27,1240,022750,NA,3,1,7,1942,0,1,1,NA,2,061,I-10 W/B (SANTA MONICA FREEWAY),CRENSHAW BOULEVARD,900,W,N,A,-,Y,LA,NA,10,NA,R,11.231,H,NA,L,N,4,0,3,3,A,-,03,22350,NA,N,C,C,A,A,H,-,A,D,0,NA,NA,NA,NA,Y,NA,A,01,0,0,3,0,0,0,0,0,0,-,-,34.03504943847656,-118.33650970458984,LOS ANGELES,LOS ANGELES,-118.33650970458984,34.03502655029297
91766895,2022,2022-05-09,9590,2022-05-05,1318,022304,NA,4,1,7,1942,0,1,1,NA,2,082,I-5 N/B (GOLDEN STATE FREEWAY),MAIN STREET,100,S,N,A,-,Y,LA,NA,5,NA,NA,19.181,H,NA,R,N,4,0,2,3,A,-,03,22350,NA,N,C,C,A,A,H,-,A,D,0,NA,NA,NA,NA,Y,NA,A,01,0,0,2,0,0,0,0,0,0,-,-,34.065670013427734,-118.21614837646484,LOS ANGELES,LOS ANGELES,-118.21615600585938,34.065670013427734
91766913,2022,2022-05-09,9590,2022-04-28,1205,016230,NA,4,1,7,1942,0,1,2,NA,2,042,I-5 NB (SAF),LORENA STREET,360,N,N,A,-,Y,LA,NA,5,NA,NA,15.715,H,NA,R,N,4,0,3,3,A,-,03,22350,NA,N,C,C,A,A,H,-,A,D,0,NA,NA,NA,NA,Y,NA,A,01,0,0,3,0,0,0,0,0,0,-,-,34.02490997314453,-118.20417785644533,LOS ANGELES,LOS ANGELES,-118.20417022705078,34.02492141723633
91767033,2022,2022-05-09,9575,2022-04-29,1750,022626,NA,5,2,5,1902,0,1,1,NA,2,065,I-210 W/B (FOOTHILL FREEWAY),MICHILLINDA AVE.,1200,E,N,A,-,Y,LA,NA,210,NA,R,30.045,H,NA,L,Y,2,0,1,1,A,-,08,22107,NA,N,F,A,A,A,H,-,A,D,0,NA,NA,Y,NA,Y,NA,C,02,1,0,0,0,0,0,0,0,1,-,-,34.14902114868164,-118.06369018554688,LOS ANGELES,ARCADIA,-118.06369018554688,34.148887634277344
91767036,2022,2022-05-09,9575,2022-04-26,1516,021344,NA,2,2,9,1900,0,1,3,NA,2,081,ROSEMEAD BOULEVARD,DUARTE ROAD,0,NA,Y,A,-,N,NA,NA,NA,NA,NA,NA,NA,NA,NA,N,4,0,2,3,A,-,12,21453,A,N,D,C,A,A,H,-,A,A,0,NA,NA,NA,NA,Y,NA,A,01,0,0,2,0,0,0,0,0,0,-,-,34.123008728027344,-118.07305908203124,LOS ANGELES,UNINCORPORATED,-118.07290649414064,34.12301254272461
91767047,2022,2022-05-09,9575,2022-05-01,0925,022110,NA,7,1,9,1900,0,2,4,NA,2,022,LINCOLN AVENUE (BLOCK 2400),FIGUEROA DRIVE (BLOCK 400),0,NA,Y,A,-,N,NA,NA,NA,NA,NA,NA,NA,NA,NA,N,4,0,1,2,A,-,10,21950,A,N,G,B,B,A,H,-,A,A,0,Y,NA,NA,NA,Y,NA,A,01,0,0,1,0,1,0,0,0,0,-,-,34.187408447265625,-118.1597900390625,LOS ANGELES,UNINCORPORATED,-118.15972900390624,34.1875
91767049,2022,2022-05-09,9545,2022-04-30,0737,019414,NA,6,1,9,1900,0,3,5,NA,2,002,SIERRA HWY,PEARBLOSSOM HWY,150,W,N,A,-,N,NA,NA,NA,NA,NA,NA,NA,NA,NA,Y,2,0,1,1,A,-,01,23152,A,N,E,I,A,A,H,-,A,D,0,NA,NA,NA,NA,Y,Y,A,07,1,0,0,0,0,0,0,0,0,-,-,34.52219009399414,-118.09781646728516,LOS ANGELES,UNINCORPORATED,-118.09777069091795,34.52232360839844
91767059,2022,2022-05-09,9580,2022-04-29,1550,022632,NA,5,2,7,1942,0,1,1,NA,2,405,I-405 S/B (SAN DIEGO FWY),SHERMAN WAY,250,S,N,A,-,Y,LA,NA,405,NA,NA,42.33,H,NA,L,Y,4,0,1,3,A,-,07,21658,A,F,B,C,A,A,H,-,A,D,0,NA,NA,NA,Y,Y,NA,-,99,0,0,1,0,0,0,0,0,0,-,-,34.20048904418945,-118.47377777099608,LOS ANGELES,LOS ANGELES,-118.47372436523438,34.20048141479492
91767061,2022,2022-05-09,9580,2022-05-01,0905,021522,NA,7,1,7,1942,0,1,3,NA,2,171,SR-170 S/B (HOLLYWOOD FWY.),RIVERSIDE DR,200,N,N,A,-,Y,LA,NA,170,NA,R,14.795,H,NA,L,Y,3,0,1,1,A,-,08,22107,NA,N,E,I,A,A,H,-,A,D,0,NA,NA,NA,NA,Y,NA,A,01,0,1,0,0,0,0,0,0,0,-,-,34.15684127807617,-118.379150390625,LOS ANGELES,LOS ANGELES,-118.37924194335938,34.156803131103516
91767064,2022,2022-05-09,9580,2022-05-01,1310,021985,NA,7,1,9,1900,0,3,5,NA,1,020,FERNWOOD PACIFIC DR,BASIN DR,100,W,N,A,-,N,NA,NA,NA,NA,NA,NA,NA,NA,NA,N,2,0,1,1,A,-,03,22350,NA,N,F,A,A,A,H,-,A,D,0,NA,Y,NA,NA,Y,NA,L,04,1,0,0,0,0,0,1,0,0,-,-,34.080928802490234,-118.60295104980467,LOS ANGELES,UNINCORPORATED,-118.60355377197266,34.08100509643555
91767065,2022,2022-05-09,9580,2022-05-01,1440,022653,NA,7,2,7,1942,0,1,1,NA,2,404,I-405 N/B (SAN DIEGO FWY),SHERMAN WAY,528,S,N,A,-,Y,LA,NA,405,NA,NA,42.113,H,NA,R,Y,3,0,2,2,C,-,18,NA,NA,N,A,C,A,A,H,-,A,D,0,NA,NA,NA,NA,Y,NA,-,-,0,1,1,0,0,0,0,0,0,-,-,34.19736099243164,-118.47411346435548,LOS ANGELES,LOS ANGELES,-118.47412872314452,34.19736099243164
91767078,2022,2022-05-09,9580,2022-05-06,2335,019876,NA,5,3,2,1993,0,1,2,NA,2,108,US-101 N/B (VENTURA FREEWAY),LINDERO CANYON RD,600,S,N,A,-,Y,LA,NA,101,NA,NA,37.393,H,NA,R,Y,4,0,1,2,A,-,08,22107,NA,M,C,2,A,A,H,-,D,D,0,NA,NA,NA,NA,Y,NA,-,99,0,0,1,0,0,0,0,0,0,-,-,34.14847183227539,-118.80174255371094,LOS ANGELES,WESTLAKE VILLAGE,-118.80175018310548,34.1484489440918
91767083,2022,2022-05-09,9580,2022-05-06,0045,022566,NA,5,3,7,1942,0,1,3,NA,2,171,SR-170 S/B (HOLLYWOOD FWY.),MAGNOLIA BLVD,245,S,N,A,-,Y,LA,NA,170,NA,R,15.321,H,NA,L,Y,4,0,1,1,A,-,08,22107,NA,N,E,I,A,A,H,-,C,D,0,NA,NA,NA,NA,Y,NA,A,01,0,0,1,0,0,0,0,0,0,-,-,34.16415023803711,-118.38259887695313,LOS ANGELES,LOS ANGELES,-118.38249969482422,34.164180755615234
91767163,2022,2023-09-18,9540,2022-04-23,1247,021118,NA,6,1,7,1942,0,1,1,NA,1,502,I-5 NB (GOLDEN STATE FWY),SR-14 S/B,500,S,N,A,-,Y,LA,NA,5,NA,R,45.495,H,NA,R,N,4,0,1,2,D,-,00,NA,NA,N,C,C,A,A,H,-,A,D,0,NA,NA,NA,Y,Y,NA,-,-,0,0,1,0,0,0,0,0,0,-,-,34.33283996582031,-118.50729370117188,LOS ANGELES,LOS ANGELES,-118.50739288330078,34.33279037475586
91767166,2022,2022-05-09,9530,2022-04-27,1400,021709,NA,3,2,9,1900,0,1,1,NA,2,120,I-110 N/B (HARBOR FREEWAY),TORRANCE BLVD,185,N,N,A,-,Y,LA,NA,110,NA,NA,7.784,H,NA,R,Y,3,0,1,1,A,-,08,22107,NA,N,F,A,A,A,H,-,A,D,0,NA,NA,NA,Y,Y,NA,G,25,0,1,0,0,0,0,0,0,0,-,-,33.8426399230957,-118.28585052490234,LOS ANGELES,UNINCORPORATED,-118.28581237792967,33.84263229370117
91767171,2022,2022-05-09,9540,2022-04-29,0051,022464,NA,5,3,7,1942,0,1,1,NA,1,503,I-5 S/B,ROXFORD ST U/C,171,N,N,A,-,Y,LA,NA,5,NA,NA,42.696,H,NA,L,Y,4,0,1,2,A,-,07,21658,A,F,B,2,A,A,H,-,D,D,0,NA,NA,NA,NA,Y,NA,-,99,0,0,1,0,0,0,0,0,0,-,-,34.303619384765625,-118.48023223876952,LOS ANGELES,LOS ANGELES,-118.48014068603516,34.303680419921875
91767172,2022,2022-05-09,9540,2022-04-29,1214,018037,NA,5,1,9,1900,0,1,1,NA,2,508,I-5 N/B (GOLDEN STATE FREEWAY),PARKER RD O/C,1375,S,N,A,-,Y,LA,NA,5,NA,R,58.742,H,NA,R,Y,2,0,1,1,A,-,03,22350,NA,N,E,J,A,A,D,-,A,D,0,NA,NA,NA,NA,Y,NA,A,01,1,0,0,0,0,0,0,0,0,-,-,34.48649978637695,-118.6165771484375,LOS ANGELES,UNINCORPORATED,-118.6166534423828,34.48646545410156
91767173,2022,2022-05-09,9530,2022-04-19,2228,022847,NA,2,3,4,1939,0,1,1,NA,2,400,I-405 S/B TO HAWTHORNE BLVD.,HAWTHORNE BLVD.,35,W,N,A,-,Y,NA,NA,NA,NA,NA,NA,NA,NA,NA,N,4,0,1,2,A,-,01,23152,A,N,C,C,A,A,H,-,C,A,0,NA,NA,NA,NA,Y,Y,A,01,0,0,1,0,0,0,0,0,0,-,-,33.88420867919922,-118.35289764404295,LOS ANGELES,LAWNDALE,-118.35289764404295,33.88420867919922
91767175,2022,2022-05-09,9540,2022-04-30,1840,022047,NA,6,2,9,1900,0,1,3,NA,2,146,SR-14 N/B,ESCONDIDO CANYON RD,2112,S,N,A,-,Y,LA,NA,14,NA,NA,42.801,H,NA,R,N,3,0,1,1,A,-,03,22350,NA,N,F,A,A,A,H,-,A,D,0,NA,NA,Y,NA,Y,NA,C,02,0,1,0,0,0,0,0,0,1,-,-,34.48590087890625,-118.2866668701172,LOS ANGELES,UNINCORPORATED,-118.28672790527344,34.485904693603516
91767182,2022,2022-05-09,9580,2022-05-06,2240,022573,NA,5,3,7,1942,0,1,2,NA,2,102,US-101 N/B (VENTURA FREEWAY),BALBOA BLVD,1426,N,N,A,-,Y,LA,NA,101,NA,NA,19.515,H,NA,R,N,4,0,1,2,A,-,03,22350,NA,N,C,C,A,A,H,-,D,D,0,NA,NA,NA,NA,Y,NA,D,22,0,0,1,0,0,0,0,0,0,-,-,34.17134094238281,-118.50598907470705,LOS ANGELES,LOS ANGELES,-118.50598907470705,34.17127990722656
91767200,2022,2022-05-09,9550,2022-04-27,2359,022631,NA,3,3,6,1920,0,1,1,NA,2,151,I-105 E/B,LAKEWOOD BLVD,600,W,N,B,-,Y,LA,NA,105,NA,R,15.411,H,NA,R,Y,4,0,1,1,A,-,01,23152,A,M,E,I,A,A,H,-,D,D,0,NA,NA,NA,NA,Y,Y,A,01,0,0,1,0,0,0,0,0,0,-,-,33.912841796875,-118.1465301513672,LOS ANGELES,DOWNEY,-118.1465301513672,33.91285705566406
91767204,2022,2022-05-09,9575,2022-04-25,1030,021394,NA,1,1,7,1942,0,1,1,NA,2,052,I-5 N/B (GOLDEN STATE FREEWAY),LANKERSHIM BLVD.,80,N,N,A,-,Y,LA,NA,5,NA,NA,35.013,H,NA,R,Y,2,0,3,3,A,-,08,22107,NA,N,C,E,A,A,H,-,A,D,0,NA,NA,NA,Y,Y,NA,A,01,1,1,1,0,0,0,0,0,0,-,-,34.22690963745117,-118.38815307617188,LOS ANGELES,LOS ANGELES,-118.38817596435548,34.226844787597656
91767222,2022,2022-05-09,9580,2022-05-07,1115,019715,NA,6,1,7,1942,0,1,1,NA,2,405,I-405 S/B (SAN DIEGO FWY),VICTORY BLVD,1200,S,N,A,-,Y,LA,NA,405,NA,NA,41.077,H,NA,L,N,4,0,3,3,A,-,03,22350,NA,N,C,C,A,A,H,-,A,D,0,NA,NA,NA,NA,Y,NA,D,22,0,0,3,0,0,0,0,0,0,-,-,34.18267059326172,-118.47239685058594,LOS ANGELES,LOS ANGELES,-118.47235107421876,34.18269348144531
91767231,2022,2022-05-09,9580,2022-05-06,1755,021985,NA,5,2,9,1900,0,1,3,NA,1,271,SR-27 N/B (TOPANGA CYN. BLVD.),CHENEY DR,300,S,N,A,-,N,NA,NA,NA,NA,NA,NA,NA,NA,NA,Y,3,0,1,2,A,-,09,21804,A,N,D,C,A,A,H,-,A,D,0,NA,NA,NA,NA,Y,NA,A,07,0,1,0,0,0,0,0,0,0,-,-,34.11204147338867,-118.59139251708984,LOS ANGELES,UNINCORPORATED,-118.59139251708984,34.11204147338867
91767251,2022,2022-05-09,9525,2022-04-30,1235,020552,NA,6,1,1,1934,0,1,1,NA,2,652,I-605 S/B (SAN GABRIEL RIVER FWY),LIVE OAK AVE.,100,S,N,A,-,Y,LA,NA,605,NA,NA,23.487,H,NA,L,N,4,0,1,2,A,-,03,22350,NA,N,C,C,A,A,H,-,A,D,0,NA,NA,NA,NA,Y,NA,A,01,0,0,1,0,0,0,0,0,0,-,-,34.108741760253906,-117.98117065429688,LOS ANGELES,IRWINDALE,-117.98133850097656,34.10879898071289
91767253,2022,2022-05-09,9565,2022-04-27,1405,019696,NA,3,2,7,1942,0,1,1,NA,2,082,I-10 E/B,CLOVERFIELD BLVD.,630,E,N,A,-,Y,LA,NA,10,NA,R,3.476,H,NA,R,Y,4,0,1,2,A,-,03,22350,NA,N,C,C,A,A,H,-,A,D,0,NA,NA,NA,NA,Y,NA,A,01,0,0,1,0,0,0,0,0,0,-,-,34.025001525878906,-118.46694183349608,LOS ANGELES,LOS ANGELES,-118.46696472167967,34.02506637573242
91767254,2022,2022-05-09,9580,2022-05-05,2000,020800,NA,4,2,7,1942,0,1,1,NA,2,405,I-405 S/B (SAN DIEGO FREEWAY),SEPULVEDA BLVD,900,S,N,A,-,Y,LA,NA,405,NA,NA,38.388,H,NA,L,Y,3,0,1,3,A,-,07,21658,A,N,B,C,A,A,H,-,C,D,0,NA,NA,NA,NA,Y,NA,A,01,0,1,0,0,0,0,0,0,0,-,-,34.14545822143555,-118.47087860107422,LOS ANGELES,LOS ANGELES,-118.4709930419922,34.14548873901367
91767262,2022,2022-05-09,9580,2022-04-29,2240,022717,NA,5,3,7,1942,0,3,5,NA,1,010,SR-1 N/B (PACIFIC COAST HWY.),COASTLINE DR,500,N,N,A,-,Y,LA,NA,1,NA,NA,40.179,H,NA,R,N,2,0,3,3,A,-,09,21804,A,N,D,C,A,A,H,-,D,D,0,NA,NA,NA,NA,Y,NA,A,01,1,2,0,0,0,0,0,0,0,-,-,34.042049407958984,-118.56954193115234,LOS ANGELES,LOS ANGELES,-118.5695343017578,34.0421028137207
91767269,2022,2022-05-09,9530,2022-04-28,0015,022292,NA,4,3,9,1900,0,3,5,NA,2,002,WILMINGTON AVE. (12700 BLOCK),EL SEGUNDO BLVD.,100,N,N,A,-,N,NA,NA,NA,NA,NA,NA,NA,NA,NA,Y,3,0,1,4,A,-,01,23152,F,N,E,I,A,A,H,-,C,D,0,NA,NA,NA,NA,Y,NA,A,01,0,1,0,0,0,0,0,0,0,-,-,33.916648864746094,-118.23887634277344,LOS ANGELES,UNINCORPORATED,-118.23915100097656,33.916465759277344
91767270,2022,2022-05-09,9580,2022-04-30,1740,021966,NA,6,2,7,1942,0,1,2,NA,2,102,US-101 N/B (VENTURA FREEWAY),I-405,75,N,N,A,-,Y,LA,NA,101,NA,NA,17.185,H,NA,R,Y,4,0,1,3,A,-,03,22350,NA,N,C,C,A,A,H,-,A,D,0,NA,NA,NA,NA,Y,NA,A,01,0,0,1,0,0,0,0,0,0,-,-,34.16123962402344,-118.46993255615234,LOS ANGELES,LOS ANGELES,-118.46990203857422,34.1612663269043
91767273,2022,2022-05-09,9525,2022-04-28,0740,021074,NA,4,1,9,1900,0,3,5,NA,2,002,ORKNEY ST. (17100 BLOCK),LEAF AVE.,175,E,N,A,-,N,NA,NA,NA,NA,NA,NA,NA,NA,NA,N,2,0,1,2,A,-,11,21954,A,M,D,B,D,A,H,-,A,D,0,Y,NA,NA,NA,Y,NA,N,60,1,0,0,0,1,0,0,0,0,-,-,34.11310958862305,-117.91223907470705,LOS ANGELES,UNINCORPORATED,-117.91226959228516,34.1130485534668
91767286,2022,2022-05-09,9545,2022-04-30,2022,021814,NA,6,2,9,1900,0,3,5,NA,2,004,50TH ST E,AVENUE M,0,NA,Y,A,-,N,NA,NA,NA,NA,NA,NA,NA,NA,NA,Y,4,0,2,2,A,-,03,22350,NA,M,D,C,A,A,H,-,D,A,0,NA,NA,NA,NA,Y,NA,A,01,0,0,2,0,0,0,0,0,0,-,-,34.645938873291016,-118.0408935546875,LOS ANGELES,UNINCORPORATED,-118.0408935546875,34.64602279663086
91767292,2022,2022-05-09,9545,2022-05-02,0807,022753,NA,1,1,9,1900,0,1,3,NA,2,011,PEARBLOSSOM HWY,SMALL ROAD,528,W,N,A,-,N,NA,NA,NA,NA,NA,NA,NA,NA,NA,N,4,0,1,2,A,-,03,22350,NA,N,C,C,A,A,H,-,A,D,0,NA,NA,NA,NA,Y,NA,D,22,0,0,1,0,0,0,0,0,0,-,-,34.528018951416016,-118.09233856201172,LOS ANGELES,UNINCORPORATED,-118.09259033203124,34.52766036987305
91767338,2022,2022-05-09,9535,2022-05-02,0735,021371,NA,1,1,1,1973,0,1,1,NA,2,073,I-710 S/B (LONG BEACH FREEWAY),ATLANTIC BLVD,30,N,N,B,-,Y,NA,NA,NA,NA,NA,NA,NA,NA,NA,N,4,0,1,2,A,-,07,21658,A,F,B,C,A,A,H,-,A,D,0,NA,NA,Y,NA,Y,NA,A,01,0,0,1,0,0,0,0,0,1,-,-,33.997230529785156,-118.17829895019533,LOS ANGELES,VERNON,-118.17672729492188,33.99784851074219
91767348,2022,2022-05-09,9575,2022-04-30,1414,022558,NA,6,2,6,1953,0,1,1,NA,2,062,I-210 E/B (FOOTHILL FREEWAY),MOUNTAIN ST,685,W,N,A,-,Y,LA,NA,210,NA,R,23.926,H,NA,R,Y,4,0,1,2,A,-,03,22350,NA,N,C,C,A,A,H,-,A,D,0,NA,NA,NA,NA,Y,NA,A,01,0,0,1,0,0,0,0,0,0,-,-,34.16427993774414,-118.15843200683594,LOS ANGELES,PASADENA,-118.15839385986328,34.164276123046875
91767369,2022,2022-05-09,9535,2022-04-29,1400,022269,NA,5,2,9,1900,0,1,1,NA,2,420,I-10 E/B (SAN BERNARDINO FREEWAY),MARGUERITA POC,200,W,N,A,-,Y,LA,NA,10,NA,NA,23.076,H,NA,R,N,3,0,3,3,A,-,03,22350,NA,N,C,C,A,A,H,-,A,D,0,NA,NA,NA,NA,Y,NA,A,07,0,1,2,0,0,0,0,0,0,-,-,34.07133102416992,-118.13892364501952,LOS ANGELES,UNINCORPORATED,-118.13892364501952,34.071258544921875
91767381,2022,2022-05-09,9530,2022-04-28,0215,022421,NA,4,3,7,1942,0,1,3,NA,1,470,SR-47 S/B (VINCENT THOMAS BRIDGE),FERRY STREET,1388,W,N,A,-,Y,LA,NA,47,NA,NA,1.601,H,NA,L,N,3,0,1,1,A,-,08,22107,NA,N,E,I,A,A,H,-,C,D,0,NA,NA,Y,NA,Y,NA,C,02,0,1,0,0,0,0,0,0,1,-,-,33.74897003173828,-118.26750946044922,LOS ANGELES,LOS ANGELES,-118.26751708984376,33.74892807006836
91767389,2022,2022-05-09,9535,2022-04-29,1625,022719,NA,5,2,9,1900,0,1,1,NA,2,500,I-5 NORTHBOUND (SANTA ANA FREEWAY),GARFIELD AVE.,1100,S,N,A,-,Y,LA,NA,5,NA,NA,10.487,H,NA,R,N,4,0,1,2,A,-,03,22350,NA,N,C,C,A,A,H,-,A,D,0,NA,NA,Y,NA,Y,NA,C,02,0,0,1,0,0,0,0,0,1,-,-,33.98352813720703,-118.13250732421876,LOS ANGELES,UNINCORPORATED,-118.13245391845705,33.98357009887695
91767395,2022,2022-05-09,9535,2022-04-27,1650,022105,NA,3,2,6,1922,0,1,1,NA,2,401,I-10 (SAN BERNARDINO FREEWAY) W/B,BALDWIN AVE,150,W,N,A,-,Y,LA,NA,10,NA,NA,27.928,H,NA,L,N,4,0,1,4,A,-,08,22107,NA,N,C,C,A,A,H,-,A,D,0,NA,NA,NA,NA,Y,NA,A,01,0,0,1,0,0,0,0,0,0,-,-,34.07268142700195,-118.05436706542967,LOS ANGELES,EL MONTE,-118.05437469482422,34.0727653503418
91767402,2022,2022-05-09,9535,2022-04-27,1435,022822,NA,3,2,5,1948,0,1,1,NA,2,421,I-10 W/B (SAN BERNARDINO FWY) TO I-710 (LONG BEACH,I-710 (LONG BEACH FREEWAY) N/B,990,E,N,A,-,Y,LA,NA,10,NA,NA,21.597,H,NA,L,Y,3,0,3,2,A,-,01,23152,F,M,F,C,A,A,H,-,A,D,0,NA,NA,NA,NA,Y,NA,A,07,0,1,2,0,0,0,0,0,0,-,-,34.06291961669922,-118.16224670410156,LOS ANGELES,MONTEREY PARK,-118.16210174560548,34.06283187866211
91767425,2022,2022-05-09,9530,2022-03-20,2130,022585,NA,7,2,9,1900,0,3,5,NA,2,002,BROADWAY,135TH ST.,0,NA,Y,A,-,N,NA,NA,NA,NA,NA,NA,NA,NA,NA,N,4,0,2,2,A,-,12,21453,A,F,D,C,A,A,H,-,A,A,0,NA,NA,NA,NA,Y,NA,-,99,0,0,2,0,0,0,0,0,0,-,-,33.9091682434082,-118.27835845947266,LOS ANGELES,UNINCORPORATED,-118.27841186523438,33.909156799316406
91767431,2022,2022-05-09,9575,2022-04-10,1728,022110,NA,7,2,7,1942,0,1,3,NA,2,044,SR-134 W/B (VENTURA FREEWAY),LEDGE AVENUE,1109,E,N,A,-,Y,LA,NA,134,NA,NA,1.328,H,NA,L,N,4,0,1,2,A,-,08,22107,NA,M,B,C,A,A,H,-,A,D,0,NA,NA,NA,NA,Y,NA,A,07,0,0,1,0,0,0,0,0,0,-,-,34.15309143066406,-118.35346221923828,LOS ANGELES,LOS ANGELES,-118.35346221923828,34.15313720703125
91767451,2022,2022-06-30,9590,2022-02-25,0200,022720,NA,5,3,7,1942,0,1,1,NA,2,010,STATE ROUTE-110 N/B (ARROYO SECO PARKWAY),WEST COLLEGE STREET,235,S,N,A,-,Y,LA,NA,110,NA,NA,24.122,H,NA,R,Y,1,1,1,1,A,-,01,23152,A,N,E,I,A,A,H,-,C,D,0,NA,NA,NA,NA,Y,Y,A,01,1,0,0,0,0,0,0,0,0,-,-,34.06534957885742,-118.24285888671876,LOS ANGELES,LOS ANGELES,-118.242919921875,34.0654296875
91767453,2022,2022-05-09,9545,2022-04-30,1440,021814,NA,6,2,9,1900,0,1,3,NA,2,031,SR-14 N/B,MOUNTAIN SPRINGS RD,9240,N,N,A,-,Y,LA,NA,14,NA,R,55.555,H,NA,R,Y,4,0,2,2,A,-,03,22350,NA,N,C,C,A,A,H,-,A,D,0,NA,NA,NA,NA,Y,NA,A,01,0,0,2,0,0,0,0,0,0,-,-,34.525230407714844,-118.11248016357422,LOS ANGELES,UNINCORPORATED,-118.11248016357422,34.525230407714844
91767454,2022,2022-05-09,9550,2022-05-01,0130,022239,NA,7,3,9,1900,0,3,5,NA,2,002,FLORENCE AVENUE,INEZ STREET,0,NA,Y,B,-,N,NA,NA,NA,NA,NA,NA,NA,NA,NA,Y,3,0,2,2,A,-,01,23152,A,F,D,C,A,A,H,-,C,D,0,NA,NA,NA,NA,Y,Y,A,01,0,2,0,0,0,0,0,0,0,-,-,33.93648147583008,-118.04425811767578,LOS ANGELES,UNINCORPORATED,-118.04417419433594,33.93645477294922
91767455,2022,2022-05-09,9550,2022-05-05,0110,022260,NA,4,3,9,1900,0,3,5,NA,2,005,NOGALES STREET,ROUTH DRIVE,65,N,N,A,-,N,NA,NA,NA,NA,NA,NA,NA,NA,NA,Y,3,0,1,2,A,-,01,23152,A,N,C,C,A,A,H,-,C,D,0,NA,NA,NA,NA,Y,Y,A,01,0,1,0,0,0,0,0,0,0,-,-,33.97439956665039,-117.88758850097656,LOS ANGELES,UNINCORPORATED,-117.88756561279295,33.97431945800781
91767462,2022,2022-05-09,9535,2022-04-27,1635,022105,NA,3,2,9,1900,0,1,1,NA,2,401,I-10 W/B (SAN BERNARDINO FREEWAY),BALDWIN AVE,300,W,N,A,-,Y,LA,NA,10,NA,NA,27.907,H,NA,L,Y,3,0,1,2,A,-,03,22350,NA,N,C,C,A,A,H,-,A,D,0,NA,NA,Y,Y,Y,NA,C,02,0,1,0,0,0,0,0,0,1,-,-,34.07270812988281,-118.05474090576172,LOS ANGELES,UNINCORPORATED,-118.05474090576172,34.07276153564453
91767464,2022,2022-05-09,9535,2022-04-30,2020,021772,NA,6,2,5,1901,0,1,1,NA,2,421,I-10 (SAN BERNARDINO FREEWAY) W/B,FREMONT AVENUE,528,E,N,A,-,Y,LA,NA,10,NA,NA,22.519,H,NA,L,Y,4,0,1,2,A,-,03,22350,NA,N,C,C,A,A,H,-,C,D,0,NA,NA,NA,NA,Y,NA,A,01,0,0,1,0,0,0,0,0,0,-,-,34.07014846801758,-118.14823150634766,LOS ANGELES,ALHAMBRA,-118.1482391357422,34.070159912109375