CASE_ID,ACCIDENT_YEAR,PROC_DATE,JURIS,COLLISION_DATE,COLLISION_TIME,OFFICER_ID,REPORTING_DISTRICT,DAY_OF_WEEK,CHP_SHIFT,POPULATION,CNTY_CITY_LOC,SPECIAL_COND,BEAT_TYPE,CHP_BEAT_TYPE,CITY_DIVISION_LAPD,CHP_BEAT_CLASS,BEAT_NUMBER,PRIMARY_RD,SECONDARY_RD,DISTANCE,DIRECTION,INTERSECTION,WEATHER_1,WEATHER_2,STATE_HWY_IND,CALTRANS_COUNTY,CALTRANS_DISTRICT,STATE_ROUTE,ROUTE_SUFFIX,POSTMILE_PREFIX,POSTMILE,LOCATION_TYPE,RAMP_INTERSECTION,SIDE_OF_HWY,TOW_AWAY,COLLISION_SEVERITY,NUMBER_KILLED,NUMBER_INJURED,PARTY_COUNT,PRIMARY_COLL_FACTOR,PCF_CODE_OF_VIOL,PCF_VIOL_CATEGORY,PCF_VIOLATION,PCF_VIOL_SUBSECTION,HIT_AND_RUN,TYPE_OF_COLLISION,MVIW,PED_ACTION,ROAD_SURFACE,ROAD_COND_1,ROAD_COND_2,LIGHTING,CONTROL_DEVICE,CHP_ROAD_TYPE,PEDESTRIAN_ACCIDENT,BICYCLE_ACCIDENT,MOTORCYCLE_ACCIDENT,TRUCK_ACCIDENT,NOT_PRIVATE_PROPERTY,ALCOHOL_INVOLVED,STWD_VEHTYPE_AT_FAULT,CHP_VEHTYPE_AT_FAULT,COUNT_SEVERE_INJ,COUNT_VISIBLE_INJ,COUNT_COMPLAINT_PAIN,COUNT_PED_KILLED,COUNT_PED_INJURED,COUNT_BICYCLIST_KILLED,COUNT_BICYCLIST_INJURED,COUNT_MC_KILLED,COUNT_MC_INJURED,PRIMARY_RAMP,SECONDARY_RAMP,LATITUDE,LONGITUDE,COUNTY,CITY,POINT_X,POINT_Y
91771391,2022,2022-05-13,9565,2022-05-03,1400,022715,NA,2,2,9,1900,0,2,4,NA,1,041,HAWTHORNE BOULEVARD S/B,LENNOX BOULEVARD,400,S,N,A,-,N,NA,NA,NA,NA,NA,NA,NA,NA,NA,N,4,0,1,3,A,-,03,22350,NA,N,C,C,A,A,H,-,A,D,0,NA,NA,NA,NA,Y,NA,D,22,0,0,1,0,0,0,0,0,0,-,-,33.9369010925293,-118.35272216796876,LOS ANGELES,UNINCORPORATED,-118.35272216796876,33.93708419799805
91771395,2022,2022-05-13,9590,2022-05-03,2100,021069,NA,2,2,7,1942,0,1,1,NA,2,021,I-10 W/B (SAN BERNARDINO FREEWAY) TO SOTO STREET,SOTO STREET,500,W,N,A,-,Y,LA,NA,10,S,NA,19.295,H,NA,L,Y,3,0,1,1,A,-,08,22107,NA,N,E,I,A,A,H,-,C,D,0,NA,NA,NA,NA,Y,NA,A,01,0,1,0,0,0,0,0,0,0,-,-,34.05569839477539,-118.19985198974608,LOS ANGELES,LOS ANGELES,-118.19985961914064,34.05577850341797
91771397,2022,2022-05-13,9530,2022-05-03,2035,022421,NA,2,2,7,1942,0,1,1,NA,2,400,S/B I-405,NORMANDIE AVENUE,147,S,N,A,-,Y,LA,NA,405,NA,NA,13.815,H,NA,R,Y,3,0,1,2,A,-,03,22350,NA,F,C,C,A,A,H,-,D,D,0,NA,NA,Y,NA,Y,NA,A,01,0,1,0,0,0,0,0,0,1,-,-,33.85980987548828,-118.29863739013672,LOS ANGELES,LOS ANGELES,-118.29863739013672,33.85991668701172
91771400,2022,2022-05-13,9575,2022-05-04,2040,020542,NA,3,2,9,1900,0,3,5,NA,2,002,ALAMEDA ST. (800 BLOCK),LAKE AVE.,75,W,N,A,-,N,NA,NA,NA,NA,NA,NA,NA,NA,NA,Y,4,0,1,3,D,-,00,NA,NA,N,D,C,A,A,H,-,C,D,0,NA,NA,NA,NA,Y,NA,-,-,0,0,1,0,0,0,0,0,0,-,-,34.18164825439453,-118.13189697265624,LOS ANGELES,UNINCORPORATED,-118.13192749023438,34.18165588378906
91771403,2022,2022-05-13,9590,2022-05-03,0545,017520,NA,2,3,7,1942,0,1,1,NA,2,050,I-110 N/B (HAF),GAGE AVE.,200,S,N,A,-,Y,NA,NA,NA,NA,NA,NA,NA,NA,NA,N,4,0,1,2,A,-,03,22350,NA,N,C,C,A,A,H,-,A,D,0,NA,NA,NA,NA,Y,NA,A,01,0,0,1,0,0,0,0,0,0,-,-,38.819801330566406,-121.02760314941406,LOS ANGELES,LOS ANGELES,-118.2804946899414,33.9818229675293
91771406,2022,2022-05-13,9565,2022-05-03,1545,022576,NA,2,2,7,1942,0,1,1,NA,2,082,I-10 E/B,GATEWAY BLVD,1075,E,N,A,-,Y,LA,NA,10,NA,R,5.129,H,NA,R,N,3,0,1,2,A,-,07,21658,A,N,B,C,A,A,H,-,A,D,0,NA,NA,Y,NA,Y,NA,A,07,0,1,0,0,0,0,0,0,1,-,-,34.03034973144531,-118.43914794921876,LOS ANGELES,LOS ANGELES,-118.4391632080078,34.0304069519043
91771415,2022,2022-05-13,9565,2022-05-03,1721,022576,NA,2,2,7,1942,0,1,1,NA,2,083,I-10 W/B,WESTWOOD BLVD,50,E,N,A,-,Y,LA,NA,10,NA,R,6.146,H,NA,L,N,4,0,2,2,A,-,08,22107,NA,N,B,C,A,A,H,-,A,A,0,NA,NA,NA,NA,Y,NA,A,01,0,0,2,0,0,0,0,0,0,-,-,34.03190994262695,-118.42163848876952,LOS ANGELES,LOS ANGELES,-118.42163848876952,34.03189468383789
91771422,2022,2022-05-13,9545,2022-05-06,0940,022844,NA,5,1,9,1900,0,1,3,NA,2,031,SR-14 S/B,RED ROVER MINE RD,400,N,N,A,-,Y,LA,NA,14,NA,R,47.14,H,NA,L,Y,4,0,1,2,A,-,03,22350,NA,N,C,C,A,A,H,-,A,D,0,NA,NA,NA,NA,Y,NA,D,22,0,0,1,0,0,0,0,0,0,-,-,34.498779296875,-118.22190856933594,LOS ANGELES,UNINCORPORATED,-118.22187042236328,34.49882888793945
91771431,2022,2022-05-13,9575,2022-05-06,1125,018814,NA,5,1,7,1942,0,1,3,NA,2,044,SR-134 W/B (VENTURA FREEWAY),LEDGE AVE,275,W,N,A,-,Y,LA,NA,134,NA,NA,1.1,H,NA,L,N,3,0,1,3,A,-,03,22350,NA,N,C,C,A,A,H,-,A,D,0,NA,NA,NA,NA,Y,NA,A,01,0,1,0,0,0,0,0,0,0,-,-,34.15303039550781,-118.35729217529295,LOS ANGELES,LOS ANGELES,-118.35728454589844,34.15311813354492
91771445,2022,2022-05-13,9580,2022-05-12,1146,019097,NA,4,1,7,1942,0,1,2,NA,2,102,US-101 N/B (VENTURA FREEWAY),HASKELL AVE,528,S,N,A,-,Y,LA,NA,101,NA,NA,17.314,H,NA,R,Y,4,0,5,2,A,-,03,22350,NA,N,C,C,A,A,H,-,A,D,0,NA,NA,NA,NA,Y,NA,D,22,0,0,5,0,0,0,0,0,0,-,-,34.16259002685547,-118.4713134765625,LOS ANGELES,LOS ANGELES,-118.47126770019533,34.16261291503906
91771448,2022,2022-05-13,9580,2022-05-09,0825,019451,NA,1,1,7,1942,0,1,2,NA,2,104,US-101 N/B (VENTURA FREEWAY),CANOGA AVE,528,N,N,A,-,Y,LA,NA,101,NA,NA,24.969,H,NA,R,N,4,0,1,2,A,-,03,22350,NA,N,C,C,A,A,H,-,A,D,0,NA,NA,NA,NA,Y,NA,A,07,0,0,1,0,0,0,0,0,0,-,-,34.169891357421875,-118.59932708740234,LOS ANGELES,LOS ANGELES,-118.5993423461914,34.16984176635742
91771468,2022,2022-05-13,9535,2022-05-05,1100,022740,NA,4,1,9,1900,0,1,3,NA,2,601,SR-60 (POMONA FREEWAY) W/B,3RD STREET,900,W,N,A,-,Y,LA,NA,60,NA,R,2.429,H,NA,L,N,4,0,1,3,A,-,03,22350,NA,M,C,C,A,A,H,-,A,D,0,NA,NA,NA,Y,Y,NA,-,99,0,0,1,0,0,0,0,0,0,-,-,34.032169342041016,-118.18396759033205,LOS ANGELES,UNINCORPORATED,-118.18396759033205,34.03217315673828
91771491,2022,2022-05-13,9550,2022-01-09,0150,022208,NA,7,3,5,1919,0,1,3,NA,2,092,STATE ROUTE 91 EASTBOUND TO BLOOMFIELD AVENUE,BLOOMFIELD AVENUE,500,W,N,A,-,Y,LA,NA,91,NA,R,19.072,H,NA,R,Y,1,1,0,2,A,-,11,21954,A,N,G,B,E,A,H,-,E,D,0,Y,NA,NA,NA,Y,Y,N,60,0,0,0,1,0,0,0,0,0,-,-,33.875701904296875,-118.0655517578125,LOS ANGELES,CERRITOS,-118.06546020507813,33.87588882446289
91771503,2022,2022-05-13,9535,2022-05-08,1010,022840,NA,7,1,9,1900,0,3,5,NA,2,001,HAMMEL ST. (3900 BLOCK),BONNIE BEACH PL.,20,E,N,A,-,N,NA,NA,NA,NA,NA,NA,NA,NA,NA,N,4,0,1,2,A,-,09,21804,A,N,D,C,A,A,H,-,A,D,0,NA,NA,NA,NA,Y,NA,A,01,0,0,1,0,0,0,0,0,0,-,-,34.0423583984375,-118.18099212646484,LOS ANGELES,UNINCORPORATED,-118.18104553222656,34.042381286621094
91771511,2022,2022-05-13,9525,2022-05-10,1055,017506,NA,2,1,5,1926,0,1,1,NA,2,205,I-210 W/B (FOOTHILL FWY),GRAND AVE.,100,E,N,A,-,Y,LA,NA,210,NA,R,41.64,H,NA,L,N,4,0,1,2,A,-,03,22350,NA,N,C,C,A,A,H,-,A,D,0,NA,NA,NA,NA,Y,NA,A,01,0,0,1,0,0,0,0,0,0,-,-,34.12063980102539,-117.87210083007813,LOS ANGELES,GLENDORA,-117.8720932006836,34.12069320678711
91771538,2022,2022-05-13,9565,2022-05-03,1140,017648,NA,2,1,9,1900,0,2,4,NA,2,021,VERMONT AVE S/B,108TH ST,20,S,N,A,-,N,NA,NA,NA,NA,NA,NA,NA,NA,NA,Y,3,0,1,2,A,-,09,21801,A,N,D,C,A,A,H,-,A,A,0,NA,NA,NA,NA,Y,NA,A,01,0,1,0,0,0,0,0,0,0,-,-,33.938011169433594,-118.29196166992188,LOS ANGELES,UNINCORPORATED,-118.29193115234376,33.93813705444336
91771545,2022,2022-05-13,9565,2022-05-04,1845,019696,NA,3,2,7,1942,0,1,1,NA,2,064,I-405 N/B,MULHOLLAND DR,450,S,N,A,-,Y,LA,NA,405,NA,NA,36.935,H,NA,R,Y,4,0,1,3,A,-,03,22350,NA,N,C,C,A,A,H,-,A,D,0,NA,NA,NA,NA,Y,NA,A,01,0,0,1,0,0,0,0,0,0,-,-,34.12525177001953,-118.47624206542967,LOS ANGELES,LOS ANGELES,-118.47628021240234,34.12527084350586
91771559,2022,2022-05-13,9565,2022-05-04,1828,019696,NA,3,2,7,1942,0,1,1,NA,2,064,I-405 N/B,SKIRBALL CENTER DRIVE,1900,S,N,A,-,Y,LA,NA,405,NA,NA,36.335,H,NA,R,Y,4,0,1,2,A,-,03,22350,NA,N,C,C,A,A,H,-,A,D,0,NA,NA,NA,NA,Y,NA,D,22,0,0,1,0,0,0,0,0,0,-,-,34.11783981323242,-118.4814224243164,LOS ANGELES,LOS ANGELES,-118.48162841796876,34.11787033081055
91771599,2022,2022-05-13,9565,2022-05-05,0820,015587,NA,4,1,7,1942,0,1,1,NA,2,063,I-405 N/B (SAN DIEGO FREEWAY),SANTA MONICA BLVD.,1773,S,N,A,-,Y,LA,NA,405,NA,NA,30.517,H,NA,R,Y,4,0,1,3,A,-,03,22350,NA,N,C,C,A,A,H,-,A,D,0,NA,NA,NA,NA,Y,NA,A,01,0,0,1,0,0,0,0,0,0,-,-,34.042991638183594,-118.44287109375,LOS ANGELES,LOS ANGELES,-118.44302368164064,34.04289627075195
91771611,2022,2022-05-13,9525,2022-05-08,1020,019966,NA,7,1,9,1900,0,3,5,NA,2,003,ECHELON AVE. (900 BLOCK),AMAR RD. (1600 E. BLOCK),0,NA,Y,B,-,N,NA,NA,NA,NA,NA,NA,NA,NA,NA,Y,3,0,1,2,A,-,09,21801,A,N,A,C,A,A,H,-,A,A,0,NA,NA,NA,NA,Y,NA,A,01,0,1,0,0,0,0,0,0,0,-,-,34.03617858886719,-117.93460083007813,LOS ANGELES,UNINCORPORATED,-117.9345932006836,34.036190032958984
91771621,2022,2022-05-13,9545,2022-05-08,0912,022844,NA,7,1,9,1900,0,3,5,NA,2,004,PEARBLOSSOM HWY,SMALL ROAD,500,W,N,A,-,N,NA,NA,NA,NA,NA,NA,NA,NA,NA,N,3,0,1,2,A,-,08,22107,NA,F,B,C,A,A,H,-,A,D,0,NA,NA,NA,NA,Y,NA,-,99,0,1,0,0,0,0,0,0,0,-,-,34.5276985168457,-118.09259033203124,LOS ANGELES,UNINCORPORATED,-118.09253692626952,34.52772521972656
91771627,2022,2022-05-13,9545,2022-05-03,1140,022753,NA,2,1,9,1900,0,3,5,NA,2,004,PALMDALE BLVD,90TH ST  E,0,NA,Y,A,-,N,NA,NA,NA,NA,NA,NA,NA,NA,NA,Y,4,0,1,2,A,-,12,21453,A,M,D,C,A,A,H,-,A,A,0,NA,NA,NA,NA,Y,NA,D,22,0,0,1,0,0,0,0,0,0,-,-,34.57973861694336,-117.96961975097656,LOS ANGELES,UNINCORPORATED,-117.96947479248048,34.57971954345703
91771634,2022,2022-05-13,9540,2022-05-09,0755,018037,NA,1,1,9,1900,0,1,3,NA,2,149,SR-14 S/B (ANTELOPE VALLEY FREEWAY),SIERRA HIGHWAY U/C,175,S,N,A,-,Y,LA,NA,14,NA,R,25.113,H,NA,L,Y,4,0,1,2,A,-,08,22107,NA,N,B,2,A,A,H,-,A,D,0,NA,NA,Y,NA,Y,NA,A,01,0,0,1,0,0,0,0,0,1,-,-,34.338260650634766,-118.5073699951172,LOS ANGELES,UNINCORPORATED,-118.5074462890625,34.338279724121094
91771636,2022,2022-05-13,9535,2022-05-07,1830,022342,NA,6,2,5,1901,0,1,1,NA,2,421,I-10 W/B (SAN GABRIEL RIVER FWY) FROM S/B NEW AVE,NEW AVE,120,W,N,A,-,Y,LA,NA,10,NA,NA,24.811,H,NA,L,N,3,0,1,2,A,-,08,22107,NA,N,B,C,A,A,H,-,A,A,0,NA,NA,NA,NA,Y,NA,A,01,0,1,0,0,0,0,0,0,0,-,-,34.07221984863281,-118.10871124267578,LOS ANGELES,ALHAMBRA,-118.10870361328124,34.071990966796875
91771644,2022,2022-05-13,9535,2022-05-11,0801,022840,NA,3,1,5,1952,0,1,1,NA,2,105,I-105 W/B TO I-710 S/B,I-710,610,E,N,A,-,Y,NA,NA,NA,NA,NA,NA,NA,NA,NA,Y,4,0,1,2,A,-,03,22350,NA,N,C,C,A,A,H,-,A,D,0,NA,NA,NA,NA,Y,NA,A,01,0,0,1,0,0,0,0,0,0,-,-,33.91265106201172,-118.17787170410156,LOS ANGELES,PARAMOUNT,-118.17787170410156,33.91265106201172
91771653,2022,2022-05-13,9575,2022-05-08,1353,021403,NA,7,1,9,1900,0,2,4,NA,2,084,DUARTE RD. (9000 BLOCK),ROSEMEAD BLVD.,360,E,N,B,-,N,NA,NA,NA,NA,NA,NA,NA,NA,NA,N,4,0,1,2,A,-,09,21804,A,N,D,C,A,A,H,-,A,D,0,NA,NA,NA,NA,Y,NA,A,01,0,0,1,0,0,0,0,0,0,-,-,34.123329162597656,-118.07167053222656,LOS ANGELES,UNINCORPORATED,-118.07176971435548,34.1232795715332
91771695,2022,2022-05-13,9540,2022-05-07,1125,022378,NA,6,1,7,1942,0,1,1,NA,1,502,I-5 N/B (GOLDEN STATE FWY),BALBOA BLVD,250,S,N,A,-,Y,LA,NA,5,NA,R,44.357,H,NA,R,Y,4,0,2,3,A,-,03,22350,NA,N,C,C,A,A,H,-,A,D,0,NA,NA,NA,NA,Y,NA,A,07,0,0,2,0,0,0,0,0,0,-,-,34.32054901123047,-118.49530792236328,LOS ANGELES,LOS ANGELES,-118.49528503417967,34.320579528808594
91771721,2022,2022-05-13,9575,2022-05-11,1510,020711,NA,3,2,6,1925,0,1,1,NA,2,050,I-5 S/B (GOLDEN STATE FREEWAY),WESTERN AVE,400,N,N,A,-,Y,LA,NA,5,NA,NA,27.935,H,NA,L,Y,4,0,2,2,A,-,03,22350,NA,N,C,C,A,A,H,-,A,D,0,NA,NA,NA,NA,Y,NA,A,01,0,0,2,0,0,0,0,0,0,-,-,34.165321350097656,-118.29781341552734,LOS ANGELES,GLENDALE,-118.29776000976564,34.165367126464844
91771723,2022,2022-06-21,9565,2022-05-05,1359,021678,NA,4,1,7,1942,0,1,1,NA,2,061,I-405 N/B,CENTINELA AVE,500,S,N,A,-,Y,LA,NA,405,NA,NA,25.246,H,NA,R,N,3,0,1,2,A,-,07,21658,A,N,C,C,A,A,H,-,A,D,0,NA,NA,NA,NA,Y,NA,A,01,0,1,0,0,0,0,0,0,0,-,-,33.979461669921875,-118.39221954345705,LOS ANGELES,LOS ANGELES,-118.39229583740234,33.97940444946289
91771733,2022,2022-06-21,9545,2022-04-30,1013,020140,NA,6,1,9,1900,0,2,4,NA,1,024,ELIZABETH LAKE RD,BOUQUET CANYON RD,0,NA,Y,A,-,N,NA,NA,NA,NA,NA,NA,NA,NA,NA,Y,2,0,2,2,A,-,09,21802,A,N,D,C,A,A,H,-,A,A,0,NA,NA,NA,NA,Y,NA,A,01,1,1,0,0,0,0,0,0,0,-,-,34.61172103881836,-118.27113342285156,LOS ANGELES,UNINCORPORATED,-118.27115631103516,34.611751556396484
91771758,2022,2022-05-13,9540,2022-05-06,0515,018513,NA,5,3,9,1900,0,1,3,NA,1,144,SR-14 N/B,GOLDEN VALLEY RD,1056,S,N,A,-,Y,LA,NA,14,NA,R,29.393,H,NA,R,N,4,0,1,2,A,-,08,22107,NA,M,B,C,A,A,H,-,B,D,0,NA,NA,NA,NA,Y,NA,-,-,0,0,1,0,0,0,0,0,0,-,-,34.390079498291016,-118.47669219970705,LOS ANGELES,UNINCORPORATED,-118.47671508789064,34.390113830566406
91771770,2022,2022-05-13,9545,2022-05-12,2253,022221,NA,4,3,9,1900,0,3,5,NA,2,001,50TH ST EAST,AVENUE H,2640,S,N,A,-,N,NA,NA,NA,NA,NA,NA,NA,NA,NA,Y,4,0,1,2,A,-,08,22107,NA,N,A,C,A,A,H,-,D,D,0,NA,NA,NA,NA,Y,NA,A,07,0,0,1,0,0,0,0,0,0,-,-,34.71200180053711,-118.04122161865234,LOS ANGELES,UNINCORPORATED,-118.04122924804688,34.71186065673828
91771794,2022,2022-05-13,9550,2022-05-05,2315,022208,NA,4,3,9,1900,0,3,5,NA,2,001,I-605 N/B TO WHITTIER BLVD.,N/B I-605 TO WHITTIER BLVD. OFF-RAMP,0,NA,Y,A,-,N,NA,NA,NA,NA,NA,NA,NA,NA,NA,N,4,0,2,3,A,-,03,22350,NA,F,C,C,A,A,H,-,C,D,0,NA,NA,NA,NA,Y,NA,-,99,0,0,2,0,0,0,0,0,0,-,-,33.99258041381836,-118.0678482055664,LOS ANGELES,UNINCORPORATED,NA,NA
91771804,2022,2022-05-13,9550,2022-05-08,0845,022738,NA,7,1,9,1900,0,3,5,NA,2,005,COLIMA ROAD,FULLERTON ROAD,15,E,N,B,-,N,NA,NA,NA,NA,NA,NA,NA,NA,NA,N,2,0,1,1,A,-,03,22350,NA,N,F,A,A,A,H,-,A,A,0,NA,NA,Y,NA,Y,NA,C,02,1,0,0,0,0,0,0,0,1,-,-,33.98844909667969,-117.90545654296876,LOS ANGELES,UNINCORPORATED,-117.9056396484375,33.98835754394531
91771809,2022,2022-05-13,9550,2022-05-04,0840,022738,NA,3,1,9,1900,0,1,3,NA,2,601,SR-60 WB,BARFORD PEDESTRIAN OVERCROSSING,2110,E,N,A,-,Y,LA,NA,60,NA,NA,17.228,H,NA,L,N,4,0,1,2,A,-,03,22350,NA,N,C,C,A,A,H,-,A,D,0,NA,NA,NA,NA,Y,NA,A,01,0,0,1,0,0,0,0,0,0,-,-,34.000511169433594,-117.94342041015624,LOS ANGELES,UNINCORPORATED,-117.94338989257813,34.000579833984375
91771811,2022,2022-05-13,9550,2022-04-23,2345,022507,NA,6,3,9,1900,0,2,4,NA,1,022,LEFFINGWELL ROAD,COLIMA ROAD,0,NA,Y,A,-,N,NA,NA,NA,NA,NA,NA,NA,NA,NA,Y,4,0,1,2,A,-,12,21453,A,N,D,C,A,A,H,-,C,A,0,NA,NA,NA,NA,Y,NA,A,07,0,0,1,0,0,0,0,0,0,-,-,33.92367935180664,-118.02548980712892,LOS ANGELES,UNINCORPORATED,-118.0255126953125,33.92372512817383
91771816,2022,2022-05-13,9550,2022-04-05,1015,018187,NA,2,1,9,1900,0,3,5,NA,2,002,BROADWAY,MILLS AVE,25,E,N,A,-,N,NA,NA,NA,NA,NA,NA,NA,NA,NA,N,4,0,1,2,A,-,03,22350,NA,F,C,C,A,A,H,-,A,A,0,NA,NA,NA,NA,Y,NA,-,99,0,0,1,0,0,0,0,0,0,-,-,33.9416389465332,-118.0299072265625,LOS ANGELES,UNINCORPORATED,-118.03005981445313,33.94169616699219
91771829,2022,2022-05-13,9550,2022-05-06,1900,022391,NA,5,2,9,1900,0,1,3,NA,2,600,SR-60 WESTBOUND,7TH AVENUE,300,W,N,A,-,Y,LA,NA,60,NA,NA,14.217,H,NA,L,N,4,0,1,2,A,-,03,22350,NA,N,C,C,A,A,H,-,A,D,0,NA,NA,NA,NA,Y,NA,A,07,0,0,1,0,0,0,0,0,0,-,-,34.02033996582031,-117.98876953125,LOS ANGELES,UNINCORPORATED,-117.98878479003906,34.02033233642578
91771838,2022,2022-05-13,9525,2022-05-12,0723,019966,NA,4,1,9,1900,0,3,5,NA,2,003,GEMINI ST. (17000 BLOCK),ZENITH AVE. (100 BLOCK),0,NA,Y,A,-,N,NA,NA,NA,NA,NA,NA,NA,NA,NA,N,3,0,1,2,A,-,08,22107,NA,N,B,G,A,A,H,-,A,D,0,NA,Y,NA,NA,Y,NA,L,04,0,1,0,0,0,0,1,0,0,-,-,34.01797866821289,-117.91780090332033,LOS ANGELES,UNINCORPORATED,-117.91780090332033,34.017967224121094
91771858,2022,2022-05-13,9525,2022-05-12,1104,017506,NA,4,1,4,1913,0,1,1,NA,2,209,SR-210 W/B (FOOTHILL FWY),TOWNE AVE.,300,W,N,A,-,Y,LA,NA,210,NA,R,49.425,H,NA,L,Y,3,0,1,1,A,-,08,22107,NA,N,E,I,A,A,H,-,A,D,0,NA,NA,NA,NA,Y,NA,A,01,0,1,0,0,0,0,0,0,0,-,-,34.120609283447266,-117.73829650878906,LOS ANGELES,CLAREMONT,-117.7383041381836,34.12057113647461
91771880,2022,2022-05-13,9590,2022-05-04,1033,017733,NA,3,1,7,1942,0,1,1,NA,2,083,I-5 S/B (GOLDEN STATE FREEWAY),MOZART ST PEDESTRIAN OC,333,N,N,A,-,Y,LA,NA,5,NA,NA,19.498,H,NA,L,N,4,0,1,2,A,-,03,22350,NA,N,C,C,A,A,H,-,A,D,0,NA,NA,NA,NA,Y,NA,A,07,0,0,1,0,0,0,0,0,0,-,-,34.069950103759766,-118.21784210205078,LOS ANGELES,LOS ANGELES,-118.21778869628906,34.06997299194336
91771881,2022,2022-05-13,9525,2022-05-08,2105,022630,NA,7,2,5,1990,0,1,3,NA,2,602,SR-60 E/B (POMONA FWY),GRAND AVE.,1584,W,N,B,-,Y,LA,NA,60,NA,R,24.152,H,NA,R,Y,4,0,1,3,A,-,07,21658,A,F,B,C,A,A,H,-,D,D,0,NA,NA,NA,NA,Y,NA,-,99,0,0,1,0,0,0,0,0,0,-,-,34.0065803527832,-117.82669830322266,LOS ANGELES,DIAMOND BAR,-117.82680511474608,34.00666046142578
91771884,2022,2022-05-13,9590,2022-05-04,1109,021823,NA,3,1,7,1942,0,1,1,NA,2,061,I-10 W/B (SANTA MONICA FREEWAY),CRENSHAW BLVD,200,E,N,A,-,Y,LA,NA,10,NA,R,11.444,H,NA,L,N,4,0,1,2,A,-,03,22350,NA,N,C,C,A,A,H,-,A,D,0,NA,NA,NA,NA,Y,NA,D,22,0,0,1,0,0,0,0,0,0,-,-,34.035240173339844,-118.33280181884766,LOS ANGELES,LOS ANGELES,-118.33279418945313,34.03520584106445
91771892,2022,2022-05-13,9525,2022-05-08,1559,022630,NA,7,2,5,1990,0,1,3,NA,2,601,SR-60 WB TO SR-57 SB,GRAND AVE.,5280,W,N,B,-,Y,LA,NA,57,NA,R,4.408,H,NA,L,Y,3,0,3,4,A,-,03,22350,NA,N,C,C,A,A,H,-,A,D,0,NA,NA,NA,NA,Y,NA,A,01,0,1,2,0,0,0,0,0,0,-,-,34.000789642333984,-117.83602142333984,LOS ANGELES,DIAMOND BAR,-117.83605194091795,34.00080871582031
91771905,2022,2022-05-13,9525,2022-05-12,1420,022009,NA,4,2,4,1905,0,1,1,NA,2,203,I-210 W/B (FOOTHILL FWY),CITRUS AVE.,1584,W,N,A,-,Y,LA,NA,210,NA,R,40.304,H,NA,L,Y,4,0,2,6,A,-,03,22350,NA,N,B,C,A,A,H,-,A,D,0,NA,NA,NA,NA,Y,NA,A,01,0,0,2,0,0,0,0,0,0,-,-,34.121070861816406,-117.89540100097656,LOS ANGELES,AZUSA,-117.89540100097656,34.12107467651367
91771920,2022,2022-05-13,9550,2022-05-08,1410,022613,NA,7,2,9,1900,0,2,4,NA,1,022,TELEGRAPH ROAD,TELECHRON AVENUE,30,W,N,A,-,N,NA,NA,NA,NA,NA,NA,NA,NA,NA,Y,4,0,1,2,A,-,17,21451,A,N,C,C,A,A,H,-,A,A,0,NA,NA,NA,NA,Y,NA,A,01,0,0,1,0,0,0,0,0,0,-,-,33.56787872314453,-118.22225952148438,LOS ANGELES,UNINCORPORATED,-118.03947448730467,33.93532943725586
91771923,2022,2022-05-13,9590,2022-05-04,1155,015575,NA,3,1,7,1942,0,1,1,NA,2,085,I-5 S/B (GOLDEN STATE FREEWAY),LOS FELIZ BLVD,1900,N,N,A,-,Y,LA,NA,5,NA,NA,24.693,H,NA,L,N,4,0,4,3,A,-,03,22350,NA,N,C,C,A,A,H,-,A,D,0,NA,NA,NA,NA,Y,NA,A,01,0,0,4,0,0,0,0,0,0,-,-,34.12556838989258,-118.27310180664064,LOS ANGELES,LOS ANGELES,-118.27313995361328,34.12556076049805
91771927,2022,2022-05-13,9590,2022-05-04,1350,017878,NA,3,1,7,1942,0,1,1,NA,2,041,I-5 S/B (SAF),EUCLID AVE,290,S,N,B,-,Y,LA,NA,5,NA,NA,16.014,H,NA,L,N,4,0,1,2,A,-,07,21658,A,F,B,C,A,A,H,-,A,D,0,NA,NA,Y,NA,Y,NA,-,99,0,0,1,0,0,0,0,0,1,-,-,34.026588439941406,-118.20896911621094,LOS ANGELES,LOS ANGELES,-118.2089614868164,34.02660369873047
91771932,2022,2022-05-13,9550,2022-05-11,1933,015045,NA,3,2,5,1919,0,1,1,NA,2,652,I-605 N/B (SAN GABRIEL RIVER FREEWAY),183RD STREET,528,S,N,A,-,Y,NA,NA,NA,NA,NA,NA,NA,NA,NA,Y,3,0,1,2,A,-,03,22350,NA,N,C,C,A,A,H,-,A,D,0,NA,NA,NA,NA,Y,NA,A,01,0,1,0,0,0,0,0,0,0,-,-,33.863990783691406,-118.09706115722656,LOS ANGELES,CERRITOS,-118.09773254394533,33.86374282836914
91771933,2022,2022-05-13,9590,2022-05-04,1400,021069,NA,3,2,7,1942,0,1,1,NA,2,082,I-5 N/B (GOLDEN STATE FREEWAY),BROADWAY,500,S,N,A,-,Y,LA,NA,5,NA,NA,19.677,H,NA,R,N,4,0,1,2,A,-,03,22350,NA,N,C,C,A,A,H,-,A,D,0,NA,NA,NA,NA,Y,NA,A,01,0,0,1,0,0,0,0,0,0,-,-,34.07238006591797,-118.2189712524414,LOS ANGELES,LOS ANGELES,-118.2189483642578,34.072383880615234