CASE_ID,ACCIDENT_YEAR,PROC_DATE,JURIS,COLLISION_DATE,COLLISION_TIME,OFFICER_ID,REPORTING_DISTRICT,DAY_OF_WEEK,CHP_SHIFT,POPULATION,CNTY_CITY_LOC,SPECIAL_COND,BEAT_TYPE,CHP_BEAT_TYPE,CITY_DIVISION_LAPD,CHP_BEAT_CLASS,BEAT_NUMBER,PRIMARY_RD,SECONDARY_RD,DISTANCE,DIRECTION,INTERSECTION,WEATHER_1,WEATHER_2,STATE_HWY_IND,CALTRANS_COUNTY,CALTRANS_DISTRICT,STATE_ROUTE,ROUTE_SUFFIX,POSTMILE_PREFIX,POSTMILE,LOCATION_TYPE,RAMP_INTERSECTION,SIDE_OF_HWY,TOW_AWAY,COLLISION_SEVERITY,NUMBER_KILLED,NUMBER_INJURED,PARTY_COUNT,PRIMARY_COLL_FACTOR,PCF_CODE_OF_VIOL,PCF_VIOL_CATEGORY,PCF_VIOLATION,PCF_VIOL_SUBSECTION,HIT_AND_RUN,TYPE_OF_COLLISION,MVIW,PED_ACTION,ROAD_SURFACE,ROAD_COND_1,ROAD_COND_2,LIGHTING,CONTROL_DEVICE,CHP_ROAD_TYPE,PEDESTRIAN_ACCIDENT,BICYCLE_ACCIDENT,MOTORCYCLE_ACCIDENT,TRUCK_ACCIDENT,NOT_PRIVATE_PROPERTY,ALCOHOL_INVOLVED,STWD_VEHTYPE_AT_FAULT,CHP_VEHTYPE_AT_FAULT,COUNT_SEVERE_INJ,COUNT_VISIBLE_INJ,COUNT_COMPLAINT_PAIN,COUNT_PED_KILLED,COUNT_PED_INJURED,COUNT_BICYCLIST_KILLED,COUNT_BICYCLIST_INJURED,COUNT_MC_KILLED,COUNT_MC_INJURED,PRIMARY_RAMP,SECONDARY_RAMP,LATITUDE,LONGITUDE,COUNTY,CITY,POINT_X,POINT_Y
91775471,2022,2022-05-19,9590,2022-05-07,2305,022281,NA,6,3,7,1942,0,1,1,NA,2,021,I-10 W/B (SBF),SOTO STREET,95,W,N,A,-,Y,LA,NA,10,NA,NA,19.035,H,NA,L,Y,4,0,1,2,A,-,01,23152,A,N,D,C,A,A,H,-,C,D,0,NA,NA,NA,NA,Y,Y,D,22,0,0,1,0,0,0,0,0,0,-,-,34.05440902709961,-118.2033920288086,LOS ANGELES,LOS ANGELES,-118.20338439941406,34.05439758300781
91775472,2022,2022-05-19,9590,2022-05-09,0100,022281,NA,1,3,7,1942,0,1,1,NA,2,013,SR-110 S/B (ASP),AVENUE 43,360,N,N,A,-,Y,LA,NA,110,NA,NA,27.193,H,NA,L,Y,4,0,1,1,A,-,08,22107,NA,N,E,8,A,A,H,-,C,D,0,NA,NA,NA,NA,Y,NA,A,01,0,0,1,0,0,0,0,0,0,-,-,34.094390869140625,-118.20626831054688,LOS ANGELES,LOS ANGELES,-118.20618438720705,34.09436798095703
91775629,2022,2022-05-19,9590,2022-05-07,0002,022720,NA,6,3,7,1942,0,1,S,NA,2,904,I-105 E/B (GLENN ANDERSON FREEWAY),STANFORD AVE,676,W,N,A,-,Y,LA,NA,105,NA,R,8.423,H,NA,L,Y,4,0,1,1,A,-,01,23152,A,N,E,I,A,A,H,-,C,D,0,NA,NA,NA,NA,Y,Y,A,01,0,0,1,0,0,0,0,0,0,-,-,33.92774963378906,-118.26283264160156,LOS ANGELES,LOS ANGELES,-118.26283264160156,33.927650451660156
91775639,2022,2022-05-19,9590,2022-05-09,1515,022369,NA,1,2,7,1942,0,1,1,NA,2,063,I-10 W/B (SANTA MONICA FREEWAY),OLIVE STREET,100,E,N,A,-,Y,LA,NA,10,NA,NA,15.381,H,NA,L,N,4,0,1,2,A,-,03,22350,NA,N,C,C,A,A,H,-,A,D,0,NA,NA,NA,NA,Y,NA,D,22,0,0,1,0,0,0,0,0,0,-,-,34.03404998779297,-118.26592254638672,LOS ANGELES,LOS ANGELES,-118.26592254638672,34.0340461730957
91775663,2022,2022-05-19,9580,2022-05-08,1137,019952,NA,7,1,7,1942,0,1,1,NA,2,404,I-405 N/B (SAN DIEGO FWY),SEPULVEDA BLVD,2640,S,N,B,-,Y,LA,NA,405,NA,NA,38.097,H,NA,R,N,4,0,1,2,A,-,03,22350,NA,N,C,C,A,A,H,-,A,D,0,NA,NA,NA,NA,Y,NA,A,01,0,0,1,0,0,0,0,0,0,-,-,34.14133071899414,-118.47115325927734,LOS ANGELES,LOS ANGELES,-118.4712371826172,34.141326904296875
91775669,2022,2022-05-19,9575,2022-05-12,1320,019629,NA,4,1,7,1942,0,1,3,NA,2,090,SR-2 E/B (GLENDALE FREEWAY),SR-134 (VENTURA FREEWAY),30,W,N,A,-,Y,NA,NA,NA,NA,NA,NA,NA,NA,NA,Y,3,0,1,2,A,-,03,22350,NA,N,C,C,A,A,H,-,A,A,0,NA,NA,NA,Y,Y,NA,J,48,0,1,0,0,0,0,0,0,0,-,-,34.14690017700195,-114.22621917724608,LOS ANGELES,LOS ANGELES,-118.22640228271484,34.146671295166016
91775672,2022,2022-05-19,9590,2022-05-09,0830,015575,NA,1,1,7,1942,0,1,1,NA,2,013,SR-110 S/B (ARROYO SECO PARKWAY),PASADENA AVENUE,1156,N,N,A,-,Y,LA,NA,110,NA,NA,26.644,H,NA,L,N,4,0,2,3,A,-,03,22350,NA,N,C,C,A,A,H,-,A,D,0,NA,NA,NA,NA,Y,NA,A,01,0,0,2,0,0,0,0,0,0,-,-,34.08760070800781,-118.2102279663086,LOS ANGELES,LOS ANGELES,-118.21024322509766,34.08761215209961
91775673,2022,2022-05-19,9535,2022-05-12,2245,022650,NA,4,3,5,1943,0,1,1,NA,2,075,I-710 (LONG BEACH FREEWAY) S/B TO MARTIN LUTHER KI,MARTIN LUTHER KING JR BLVD.,5,S,N,A,-,Y,NA,NA,NA,NA,NA,NA,NA,NA,NA,N,4,0,1,1,A,-,01,23152,A,N,E,I,A,A,H,-,C,A,0,NA,NA,NA,NA,Y,Y,A,01,0,0,1,0,0,0,0,0,0,-,-,33.919429779052734,-118.18135833740234,LOS ANGELES,LYNWOOD,-118.18135833740234,33.919429779052734
91775683,2022,2022-05-19,9530,2022-03-27,1500,022716,NA,7,2,9,1900,0,3,5,NA,2,001,HOOPER AVE,NADEAU ST,0,NA,Y,A,-,N,NA,NA,NA,NA,NA,NA,NA,NA,NA,Y,2,0,2,2,A,-,12,21453,A,N,D,C,A,A,H,-,A,A,0,NA,NA,NA,NA,Y,NA,A,01,1,1,0,0,0,0,0,0,0,-,-,33.9674186706543,-118.25208282470705,LOS ANGELES,UNINCORPORATED,-118.25205993652344,33.96745681762695
91775718,2022,2022-05-19,9525,2022-05-07,0050,022745,NA,6,3,6,1955,0,1,1,NA,2,110,I-10 E/B (SAN BERNARDINO FWY),WHITE AVE.,500,W,N,A,-,Y,LA,NA,10,NA,NA,45.176,H,NA,R,Y,4,0,1,1,A,-,01,23152,A,N,E,I,A,A,H,-,C,D,0,NA,NA,NA,NA,Y,Y,A,01,0,0,1,0,0,0,0,0,0,-,-,34.070701599121094,-117.76129913330078,LOS ANGELES,POMONA,-117.76131439208984,34.07084655761719
91775721,2022,2022-05-19,9545,2022-05-01,0950,022844,NA,7,1,9,1900,0,3,5,NA,2,003,ANGELES FOREST HIGHWAY,SIERRA HIGHWAY,50582,S,N,A,-,N,NA,NA,NA,NA,NA,NA,NA,NA,NA,N,3,0,1,1,A,-,09,21801,A,N,E,I,A,A,H,-,A,D,0,NA,NA,Y,NA,Y,NA,-,-,0,1,0,0,0,0,0,0,1,-,-,34.394859313964844,-118.0756607055664,LOS ANGELES,UNINCORPORATED,-118.0773696899414,34.39189910888672
91775724,2022,2022-05-19,9530,2022-03-30,0650,018270,NA,3,1,5,1977,0,1,1,NA,2,410,NORTHBOUND I-405 (SAN DIEGO FREEWAY),MAIN ST.,70,S,N,B,-,Y,LA,NA,405,NA,NA,12.583,H,NA,R,N,4,0,1,3,A,-,03,22350,NA,N,B,C,A,A,H,-,A,D,0,NA,NA,NA,NA,Y,NA,A,01,0,0,1,0,0,0,0,0,0,-,-,33.852989196777344,-118.27999114990234,LOS ANGELES,CARSON,-118.27992248535156,33.853057861328125
91775728,2022,2022-05-19,9550,2022-05-08,1425,022167,NA,7,2,9,1900,0,1,1,NA,2,650,I-605 S/B,BEVERLY BOULEVARD,1330,N,N,A,-,Y,LA,NA,605,NA,R,14.591,H,NA,L,N,4,0,1,2,A,-,07,21658,A,N,B,C,A,A,H,-,A,D,0,NA,NA,NA,NA,Y,NA,A,07,0,0,1,0,0,0,0,0,0,-,-,34.0070915222168,-118.06067657470705,LOS ANGELES,UNINCORPORATED,-118.06066131591795,34.007076263427734
91775759,2022,2022-05-19,9540,2022-05-09,0250,022182,NA,1,3,9,1900,0,2,4,NA,2,010,THE OLD ROAD,TOWSLEY CANYON ROAD,315,N,N,A,-,N,NA,NA,NA,NA,NA,NA,NA,NA,NA,Y,2,0,1,2,A,-,01,23152,A,N,B,C,A,A,H,-,C,D,0,NA,NA,NA,Y,Y,Y,A,01,1,0,0,0,0,0,0,0,0,-,-,34.359230041503906,-118.55523681640624,LOS ANGELES,UNINCORPORATED,-118.55549621582033,34.359317779541016
91775795,2022,2022-05-19,9580,2022-05-11,0500,022755,NA,3,3,7,1942,0,1,3,NA,2,117,SR-118 W/B (RONALD REAGAN FWY.),HAYVENHURST AVE,785,W,N,A,-,Y,LA,NA,118,NA,R,8.187,H,NA,L,Y,4,0,1,1,A,-,01,23152,A,N,B,I,A,A,H,-,D,D,0,NA,NA,NA,NA,Y,Y,A,01,0,0,1,0,0,0,0,0,0,-,-,34.27655029296875,-118.49571990966795,LOS ANGELES,LOS ANGELES,-118.4957275390625,34.27654266357422
91775809,2022,2022-05-19,9545,2022-05-08,1635,022265,NA,7,2,9,1900,0,3,5,NA,2,004,VALYERMO ROAD,PALLET CREEK RD,3600,S,N,A,-,N,NA,NA,NA,NA,NA,NA,NA,NA,NA,Y,3,0,1,1,A,-,08,22107,NA,N,E,I,A,A,H,-,A,D,0,NA,NA,Y,NA,Y,NA,C,02,0,1,0,0,0,0,0,0,1,-,-,34.45391845703125,-117.85867309570313,LOS ANGELES,UNINCORPORATED,-117.85879516601564,34.45383834838867
91775822,2022,2022-05-19,9545,2022-05-09,0445,022732,NA,1,3,9,1900,0,1,3,NA,2,011,SR-14 N/B TO AVENUE G,AVENUE G,0,NA,Y,A,-,Y,NA,NA,NA,NA,NA,NA,NA,NA,NA,Y,4,0,1,2,A,-,12,22450,A,N,D,C,A,A,H,-,C,A,0,NA,NA,NA,NA,Y,NA,A,01,0,0,1,0,0,0,0,0,0,-,-,34.733211517333984,-118.1688995361328,LOS ANGELES,UNINCORPORATED,-118.17012786865234,34.73321533203125
91775836,2022,2022-05-19,9580,2022-05-12,0740,017961,NA,4,1,7,1942,0,1,3,NA,2,115,SR-118 W/B (RONALD REAGAN FWY.) TO I-405 S/B,CHATSWORTH DR,360,W,N,A,-,Y,LA,NA,118,NA,R,10.361,H,NA,L,Y,3,0,2,3,A,-,08,22107,NA,N,D,C,A,A,H,-,A,D,0,NA,NA,NA,NA,Y,NA,D,22,0,1,1,0,0,0,0,0,0,-,-,34.266109466552734,-118.46237182617188,LOS ANGELES,LOS ANGELES,-118.46237182617188,34.26602554321289
91775845,2022,2022-05-19,9540,2022-05-12,0730,020862,NA,4,1,7,1942,0,1,1,NA,2,500,I-5 NORTHBOUND(GOLDEN STATE FWY),ROXFORD ST,2200,S,N,A,G,Y,LA,NA,5,NA,NA,42.24,H,NA,R,N,4,0,1,1,A,-,03,22350,NA,N,E,J,A,A,H,-,A,D,0,NA,NA,NA,NA,Y,NA,A,01,0,0,1,0,0,0,0,0,0,-,-,34.29887008666992,-118.4748077392578,LOS ANGELES,LOS ANGELES,-118.4750518798828,34.298702239990234
91775853,2022,2022-05-19,9545,2022-05-10,1730,015589,NA,2,2,9,1900,0,3,5,NA,2,004,PALMDALE BLVD,88TH ST  E,100,W,N,A,-,N,NA,NA,NA,NA,NA,NA,NA,NA,NA,N,3,0,1,3,A,-,03,22350,NA,N,C,C,A,A,H,-,A,D,0,NA,NA,NA,NA,Y,NA,A,01,0,1,0,0,0,0,0,0,0,-,-,34.5797004699707,-117.97177124023438,LOS ANGELES,UNINCORPORATED,-117.97198486328124,34.57973098754883
91775855,2022,2022-05-19,9530,2022-05-09,0250,021273,NA,1,3,9,1900,0,3,5,NA,2,002,ALAMEDA STREET,133RD STREET,75,N,N,A,-,N,NA,NA,NA,NA,NA,NA,NA,NA,NA,N,4,0,1,2,A,-,01,23152,A,M,B,C,A,A,H,-,C,D,0,NA,NA,NA,NA,Y,Y,D,22,0,0,1,0,0,0,0,0,0,-,-,33.9114990234375,-118.22280883789064,LOS ANGELES,UNINCORPORATED,-118.22288513183594,33.91170883178711
91775908,2022,2022-05-19,9525,2022-05-14,1210,018761,NA,6,1,4,1960,0,1,1,NA,2,207,SR-210 W/B (FOOTHILL FREEWAY),SAN DIMAS AVE,300,W,N,A,-,Y,LA,NA,210,NA,R,45.252,H,NA,L,N,4,0,1,4,A,-,03,22350,NA,N,C,C,A,A,H,-,A,D,0,NA,NA,NA,NA,Y,NA,D,22,0,0,1,0,0,0,0,0,0,-,-,34.11980056762695,-117.81098175048828,LOS ANGELES,SAN DIMAS,-117.81098175048828,34.11988067626953
91775909,2022,2022-05-19,9565,2022-05-12,1648,022576,NA,4,2,4,1918,0,1,1,NA,2,061,I-405 N/B,MCDONALD ST,50,S,N,A,-,Y,LA,NA,405,NA,NA,26.445,H,NA,R,Y,4,0,1,2,A,-,03,22350,NA,N,C,C,A,A,H,-,A,A,0,NA,NA,NA,NA,Y,NA,A,01,0,0,1,0,0,0,0,0,0,-,-,33.99385070800781,-118.40381622314452,LOS ANGELES,CULVER CITY,-118.40380859375,33.99385452270508
91775912,2022,2022-05-19,9580,2022-05-18,0700,020983,NA,3,1,7,1942,0,1,1,NA,2,405,I-405 S/B (SAN DIEGO FWY),VICTORY BLVD,1000,N,N,A,-,Y,LA,NA,405,NA,NA,41.417,H,NA,L,N,4,0,1,2,A,-,03,22350,NA,N,C,C,A,A,H,-,A,D,0,NA,NA,NA,NA,Y,NA,D,22,0,0,1,0,0,0,0,0,0,-,-,34.18724822998047,-118.47429656982422,LOS ANGELES,LOS ANGELES,-118.47431182861328,34.18724822998047
91775924,2022,2022-05-19,9525,2022-05-04,2217,022770,NA,3,3,5,1906,0,1,1,NA,2,103,I-10 W/B (SAN BERNARDINO FWY),PUENTE AVE,2112,E,N,A,-,Y,LA,NA,10,NA,NA,33.813,H,NA,L,Y,3,0,2,3,A,-,03,22350,NA,N,C,C,A,A,H,-,D,D,0,NA,NA,Y,NA,Y,NA,A,01,0,2,0,0,0,0,0,0,1,-,-,34.07114028930664,-117.95423889160156,LOS ANGELES,BALDWIN PARK,-117.95423126220705,34.071102142333984
91775927,2022,2022-05-19,9580,2022-05-13,2305,022566,NA,5,3,9,1900,0,3,5,NA,1,010,STUNT ROAD,STUNT RANCH ROAD,2006,S,N,A,-,N,NA,NA,NA,NA,NA,NA,NA,NA,NA,N,4,0,1,1,A,-,03,22350,NA,N,E,I,A,A,H,-,C,D,0,NA,NA,NA,NA,Y,NA,A,01,0,0,1,0,0,0,0,0,0,-,-,34.09379959106445,-118.6498794555664,LOS ANGELES,UNINCORPORATED,NA,NA
91775931,2022,2022-05-19,9525,2022-05-10,1810,022607,NA,2,2,9,1900,0,3,5,NA,2,003,TEMPLE AVE. (16200 BLOCK),RUTHCREST AVENUE (500 BLOCK),10,N,N,A,-,N,NA,NA,NA,NA,NA,NA,NA,NA,NA,N,3,0,1,2,A,-,05,21650,NA,N,D,G,A,A,H,-,A,D,0,NA,Y,NA,NA,Y,NA,L,04,0,1,0,0,0,0,1,0,0,-,-,34.02804946899414,-117.93302917480467,LOS ANGELES,UNINCORPORATED,-117.93302917480467,34.027931213378906
91775933,2022,2022-05-19,9550,2022-05-13,1840,020037,NA,5,2,5,1919,0,1,1,NA,2,652,INTERSTATE 605 NORTHBOUND (SAN GABRIEL RIVER FWY),183RD STREET,600,S,N,A,-,Y,LA,NA,605,NA,R,4.135,H,NA,R,N,4,0,2,2,A,-,07,21658,A,N,B,C,A,A,H,-,A,D,0,NA,NA,NA,NA,Y,NA,A,07,0,0,2,0,0,0,0,0,0,-,-,33.86391830444336,-118.09783172607422,LOS ANGELES,CERRITOS,-118.09780120849608,33.86392593383789
91775968,2022,2022-05-19,9575,2022-05-07,2300,022839,NA,6,3,7,1942,0,1,3,NA,2,043,SR-134 E/B (VENTURA FREEWAY),VICTORY BLVD,194,W,N,A,-,Y,LA,NA,134,NA,NA,4.771,H,NA,R,Y,2,0,1,2,A,-,01,23152,A,N,B,2,A,A,H,-,C,D,0,NA,NA,NA,Y,Y,Y,A,01,1,0,0,0,0,0,0,0,0,-,-,34.15530014038086,-118.29463958740234,LOS ANGELES,LOS ANGELES,-118.29463958740234,34.15528869628906
91775989,2022,2022-05-19,9565,2022-05-07,1125,022780,NA,6,1,7,1942,0,1,1,NA,2,083,I-10 W/B (SANTA MONICA FREEWAY),NATIONAL BOULEVARD,275,E,N,A,-,Y,LA,NA,10,NA,R,8.035,H,NA,L,Y,2,0,1,2,A,-,03,22350,NA,N,C,C,A,A,H,-,A,D,0,NA,NA,Y,NA,Y,NA,C,02,1,0,0,0,0,0,0,0,1,-,-,34.03163146972656,-118.38974761962892,LOS ANGELES,LOS ANGELES,-118.38977813720705,34.03166580200195
91776008,2022,2022-05-19,9535,2022-05-16,1155,022011,NA,1,1,5,1906,0,1,1,NA,2,651,I-605 S/B (SAN GABRIEL RIVER FWY),VALLEY BLVD.,1227,N,N,A,-,Y,LA,NA,605,NA,R,19.639,H,NA,L,N,4,0,1,2,A,-,07,21658,A,N,B,C,A,A,H,-,A,D,0,NA,NA,NA,NA,Y,NA,A,07,0,0,1,0,0,0,0,0,0,-,-,34.05747985839844,-118.0027084350586,LOS ANGELES,BALDWIN PARK,-118.0026626586914,34.05746078491211
91776013,2022,2022-05-19,9525,2022-05-15,2335,021383,NA,7,3,5,1990,0,1,3,NA,2,603,SR-60 W/B (POMONA FWY),DIAMOND BAR BLVD.,3168,E,N,A,-,Y,LA,NA,60,NA,R,26.214,H,NA,L,Y,3,0,1,2,A,-,03,22350,NA,N,C,C,A,A,H,-,C,D,0,NA,NA,NA,Y,Y,NA,A,07,0,1,0,0,0,0,0,0,0,-,-,34.0270881652832,-117.80159759521484,LOS ANGELES,DIAMOND BAR,-117.80158996582033,34.02707290649414
91776017,2022,2022-05-19,9535,2022-04-26,1325,022336,NA,2,1,9,1900,0,3,5,NA,2,001,DOZIER ST,RECORD AVE.,0,NA,Y,A,-,N,NA,NA,NA,NA,NA,NA,NA,NA,NA,N,3,0,1,4,A,-,12,22450,A,F,D,C,A,A,H,-,A,A,0,NA,NA,NA,NA,Y,NA,A,01,0,1,0,0,0,0,0,0,0,-,-,34.04145812988281,-118.18226623535156,LOS ANGELES,UNINCORPORATED,-118.18231201171876,34.04145431518555
91776034,2021,2022-05-19,9535,2021-12-12,0350,022292,NA,7,3,5,1906,0,1,1,NA,2,651,I-605 SOUTHBOUND (SAN GABRIEL RIVER FREEWAY),VALLEY BLVD.,1500,N,N,A,-,Y,NA,NA,NA,NA,NA,NA,NA,NA,NA,Y,3,0,1,1,A,-,08,22107,NA,N,E,I,A,A,H,-,C,D,0,NA,NA,NA,NA,Y,NA,A,01,0,1,0,0,0,0,0,0,0,-,-,33.05915069580078,-118.00180816650392,LOS ANGELES,BALDWIN PARK,-118.00225067138672,34.058162689208984
91776037,2022,2022-05-19,9565,2022-05-15,1408,022576,NA,7,2,5,1965,0,1,1,NA,2,081,I-10 W/B,11TH ST,500,E,N,B,-,Y,LA,NA,10,NA,R,2.48,H,NA,L,Y,3,0,1,2,A,-,08,22107,NA,N,C,2,A,A,H,-,A,A,0,NA,NA,Y,NA,Y,NA,C,02,0,1,0,0,0,0,0,0,1,-,-,34.017879486083984,-118.48161315917967,LOS ANGELES,SANTA MONICA,-118.48160552978516,34.01787567138672
91776050,2022,2022-05-19,9590,2022-05-03,2130,022691,NA,2,2,7,1942,0,1,1,NA,2,052,I-110 N/B (HARBOR FREEWAY),2ND STREET,200,S,N,A,-,Y,LA,NA,110,NA,NA,23.2,H,NA,R,N,4,0,1,2,A,-,03,22350,NA,N,C,C,A,A,H,-,C,D,0,NA,NA,NA,NA,Y,NA,A,01,0,0,1,0,0,0,0,0,0,-,-,34.05698013305664,-118.25496673583984,LOS ANGELES,LOS ANGELES,-118.25502014160156,34.0570182800293
91776051,2022,2022-05-19,9565,2022-05-13,1430,021473,NA,5,2,6,1933,0,1,1,NA,2,060,I-405 N/B (SAN DIEGO FWY),CENTURY BLVD,1000,S,N,A,-,Y,LA,NA,405,NA,NA,21.981,H,NA,R,N,4,0,1,2,A,-,03,22350,NA,N,C,C,A,A,H,-,A,D,0,NA,NA,NA,NA,Y,NA,A,07,0,0,1,0,0,0,0,0,0,-,-,33.941749572753906,-118.36823272705078,LOS ANGELES,INGLEWOOD,-118.36821746826172,33.941749572753906
91776055,2022,2022-05-19,9590,2022-05-07,0100,022741,NA,6,3,7,1942,0,1,1,NA,2,012,STATE ROUTE 110 NORTHBOUND (ARROYO SECO PARKWAY),VIA MARISOL,500,S,N,A,-,Y,LA,NA,110,NA,NA,28.294,H,NA,R,Y,3,0,1,1,A,-,01,23152,A,N,E,I,A,A,H,-,C,D,0,NA,NA,NA,NA,Y,Y,A,01,0,1,0,0,0,0,0,0,0,-,-,34.103240966796875,-118.19212341308594,LOS ANGELES,LOS ANGELES,-118.1921157836914,34.10322952270508
91776068,2022,2022-05-19,9525,2022-05-11,2100,022609,NA,3,2,4,1913,0,1,1,NA,2,110,I-10 E/B (SAN BERNARDINO FWY),INDIAN HILL BOULEVARD,40,W,N,A,-,Y,LA,NA,10,NA,NA,47.745,H,NA,R,Y,4,0,2,2,A,-,03,22350,NA,M,C,C,A,A,H,-,C,D,0,NA,NA,NA,NA,Y,NA,A,01,0,0,2,0,0,0,0,0,0,-,-,34.08171081542969,-117.71926879882813,LOS ANGELES,CLAREMONT,-117.71926879882813,34.081661224365234
91776081,2022,2022-05-19,9535,2022-05-16,0935,021371,NA,1,1,5,1959,0,1,1,NA,2,400,I-10 E/B (SAN BERNARDINO FREEWAY) FROM SAN GABRIEL,SAN GABRIEL BLVD,150,W,N,A,-,Y,NA,NA,NA,NA,NA,NA,NA,NA,NA,Y,4,0,1,2,A,-,03,22350,NA,N,B,C,A,A,H,-,A,D,0,NA,NA,NA,NA,Y,NA,A,01,0,0,1,0,0,0,0,0,0,-,-,34.07147979736328,-118.09127044677734,LOS ANGELES,ROSEMEAD,-118.09127044677734,34.07147979736328
91776114,2022,2022-05-19,9525,2022-05-13,0952,016677,NA,5,1,5,1990,0,1,3,NA,2,603,SR-60 WB (POMONA FREEWAY),PHILLIPS RANCH RD,4000,W,N,A,-,Y,LA,NA,60,NA,R,27.276,H,NA,L,Y,3,0,1,2,A,-,03,22350,NA,N,C,C,A,A,H,-,A,D,0,NA,NA,NA,NA,Y,NA,A,01,0,1,0,0,0,0,0,0,0,-,-,34.02553176879883,-117.78372192382813,LOS ANGELES,DIAMOND BAR,-117.78372955322266,34.02558517456055
91776135,2022,2022-05-19,9550,2022-05-09,0555,020014,NA,1,3,6,1920,0,1,1,NA,2,500,INTERSTATE 5 NB (SANTA ANA FREEWAY),FLORENCE AVE,515,N,N,A,-,Y,LA,NA,5,NA,NA,6.629,H,NA,R,Y,4,0,1,3,A,-,07,21658,A,N,C,C,A,A,H,-,A,D,0,NA,NA,Y,NA,Y,NA,A,01,0,0,1,0,0,0,0,0,1,-,-,33.93846130371094,-118.09468841552734,LOS ANGELES,DOWNEY,-118.09471893310548,33.938446044921875
91776137,2022,2022-05-19,9550,2022-05-09,1630,020037,NA,1,2,6,1920,0,1,1,NA,2,500,INTERSTATE 5 NORTHBOUND (SANTA ANA FWY),LAKEWOOD BOULEVARD,900,N,N,A,-,Y,LA,NA,5,NA,NA,8.49,H,NA,R,Y,4,0,1,2,D,-,00,NA,NA,N,C,C,A,A,H,-,A,D,0,NA,NA,Y,NA,Y,NA,-,-,0,0,1,0,0,0,0,0,1,-,-,33.95964813232422,-118.11416625976564,LOS ANGELES,DOWNEY,-118.1141357421875,33.959678649902344
91776139,2022,2022-05-19,9550,2022-05-11,0744,022376,NA,3,1,5,1908,0,1,3,NA,2,091,SR-91 EB,BIXBY AVE.,100,E,N,A,-,Y,LA,NA,91,NA,R,15.899,H,NA,R,Y,4,0,1,5,A,-,03,22350,NA,N,C,C,A,A,H,-,A,D,0,NA,NA,NA,NA,Y,NA,A,01,0,0,1,0,0,0,0,0,0,-,-,33.87615966796875,-118.12050628662108,LOS ANGELES,BELLFLOWER,-118.12050628662108,33.876129150390625
91776143,2022,2022-05-19,9575,2022-05-08,2220,022781,NA,7,3,6,1912,0,1,1,NA,2,051,I-5 S/B (GOLDEN STATE FREEWAY),MAGNOLIA BOULEVARD,200,S,N,A,-,Y,LA,NA,5,NA,NA,29.35,H,NA,L,Y,2,0,8,2,A,-,08,22107,NA,N,C,E,A,A,H,-,C,D,0,NA,NA,NA,NA,Y,NA,A,01,4,4,0,0,0,0,0,0,0,-,-,34.18056106567383,-118.31350708007813,LOS ANGELES,BURBANK,-118.31356048583984,34.18052291870117
91776144,2022,2022-05-19,9535,2022-05-08,1834,022694,NA,7,2,9,1900,0,3,5,NA,2,001,FLORAL DR.,MARIANNA AVE,0,NA,Y,A,-,N,NA,NA,NA,NA,NA,NA,NA,NA,NA,N,4,0,1,2,A,-,12,22450,A,F,A,C,A,A,H,-,A,A,0,NA,NA,NA,NA,Y,Y,A,01,0,0,1,0,0,0,0,0,0,-,-,34.04418182373047,-118.17577362060548,LOS ANGELES,UNINCORPORATED,-118.17578887939452,34.04415512084961
91776153,2022,2022-05-19,9535,2022-05-11,1500,022694,NA,3,2,9,1900,0,1,1,NA,2,501,I-5 SB (SANTA ANA FREEWAY),GARFIELD AVE.,528,N,N,A,-,Y,LA,NA,5,NA,NA,10.958,H,NA,L,N,4,0,1,2,A,-,03,22350,NA,N,C,C,A,A,H,-,A,D,0,NA,NA,NA,NA,Y,NA,D,22,0,0,1,0,0,0,0,0,0,-,-,33.98836135864258,-118.13835144042967,LOS ANGELES,UNINCORPORATED,-118.13837432861328,33.988346099853516
91776160,2022,2022-05-19,9575,2022-05-08,1730,022651,NA,7,2,7,1942,0,1,1,NA,2,052,I-5 N/B (GOLDEN STATE FREEWAY),ROSCOE BLVD.,110,N,N,A,-,Y,LA,NA,5,NA,NA,33.31,H,NA,R,N,4,0,1,1,A,-,01,23152,A,N,E,I,A,A,H,-,A,D,0,NA,NA,NA,NA,Y,Y,A,07,0,0,1,0,0,0,0,0,0,-,-,34.221588134765625,-118.36022186279295,LOS ANGELES,LOS ANGELES,-118.36019134521484,34.2216682434082
91776173,2021,2022-05-23,9530,2021-10-15,1917,022022,NA,5,2,9,1900,0,3,5,NA,2,004,EAST COMPTON BOULEVARD (4600 BLOCK),SOUTH LIME AVENUE,25,E,N,A,-,N,NA,NA,NA,NA,NA,NA,NA,NA,NA,N,1,1,1,2,A,-,10,21950,A,N,G,B,B,A,H,-,C,A,0,Y,NA,NA,NA,Y,NA,A,01,0,1,0,1,0,0,0,0,0,-,-,33.89617919921875,-118.19220733642578,LOS ANGELES,UNINCORPORATED,-118.19219970703124,33.89617919921875