CASE_ID,ACCIDENT_YEAR,PROC_DATE,JURIS,COLLISION_DATE,COLLISION_TIME,OFFICER_ID,REPORTING_DISTRICT,DAY_OF_WEEK,CHP_SHIFT,POPULATION,CNTY_CITY_LOC,SPECIAL_COND,BEAT_TYPE,CHP_BEAT_TYPE,CITY_DIVISION_LAPD,CHP_BEAT_CLASS,BEAT_NUMBER,PRIMARY_RD,SECONDARY_RD,DISTANCE,DIRECTION,INTERSECTION,WEATHER_1,WEATHER_2,STATE_HWY_IND,CALTRANS_COUNTY,CALTRANS_DISTRICT,STATE_ROUTE,ROUTE_SUFFIX,POSTMILE_PREFIX,POSTMILE,LOCATION_TYPE,RAMP_INTERSECTION,SIDE_OF_HWY,TOW_AWAY,COLLISION_SEVERITY,NUMBER_KILLED,NUMBER_INJURED,PARTY_COUNT,PRIMARY_COLL_FACTOR,PCF_CODE_OF_VIOL,PCF_VIOL_CATEGORY,PCF_VIOLATION,PCF_VIOL_SUBSECTION,HIT_AND_RUN,TYPE_OF_COLLISION,MVIW,PED_ACTION,ROAD_SURFACE,ROAD_COND_1,ROAD_COND_2,LIGHTING,CONTROL_DEVICE,CHP_ROAD_TYPE,PEDESTRIAN_ACCIDENT,BICYCLE_ACCIDENT,MOTORCYCLE_ACCIDENT,TRUCK_ACCIDENT,NOT_PRIVATE_PROPERTY,ALCOHOL_INVOLVED,STWD_VEHTYPE_AT_FAULT,CHP_VEHTYPE_AT_FAULT,COUNT_SEVERE_INJ,COUNT_VISIBLE_INJ,COUNT_COMPLAINT_PAIN,COUNT_PED_KILLED,COUNT_PED_INJURED,COUNT_BICYCLIST_KILLED,COUNT_BICYCLIST_INJURED,COUNT_MC_KILLED,COUNT_MC_INJURED,PRIMARY_RAMP,SECONDARY_RAMP,LATITUDE,LONGITUDE,COUNTY,CITY,POINT_X,POINT_Y
91779434,2022,2022-05-24,9565,2022-05-16,1907,022780,NA,1,2,9,1900,0,3,5,NA,2,002,NORMANDIE AVENUE,EL SEGUNDO BOULEVARD,300,N,N,A,-,Y,NA,NA,NA,NA,NA,NA,NA,NA,NA,Y,4,0,1,1,A,-,08,22107,NA,N,E,8,A,A,H,-,A,D,0,NA,NA,NA,NA,Y,NA,D,22,0,0,1,0,0,0,0,0,0,-,-,33.916988372802734,-118.30030822753906,LOS ANGELES,UNINCORPORATED,-118.30039978027344,33.91725158691406
91779502,2022,2022-05-24,9550,2022-05-06,1420,020037,NA,5,2,5,1908,0,1,3,NA,2,091,STATE ROUTE 91 WESTBOUND (ARTESIA FWY),WOODRUFF AVENUE,500,W,N,A,-,Y,LA,NA,91,NA,R,15.984,H,NA,L,Y,4,0,1,3,A,-,03,22350,NA,F,E,J,A,A,H,-,A,D,0,NA,NA,NA,Y,Y,NA,-,99,0,0,1,0,0,0,0,0,0,-,-,33.87628936767578,-118.11903381347656,LOS ANGELES,BELLFLOWER,-118.11903381347656,33.8763313293457
91779532,2022,2022-05-24,9525,2022-05-20,2340,022398,NA,5,3,9,1900,0,3,5,NA,2,004,VALLEY BLVD,COVINA BLVD,479,E,N,A,-,N,NA,NA,NA,NA,NA,NA,NA,NA,NA,Y,2,0,3,2,A,-,01,23152,A,N,C,E,A,A,H,-,C,A,0,NA,NA,NA,NA,Y,Y,A,01,3,0,0,0,0,0,0,0,0,-,-,34.049720764160156,-117.99665069580078,LOS ANGELES,UNINCORPORATED,-117.99684143066406,34.04971694946289
91779556,2022,2022-05-24,9525,2022-05-20,1829,022627,NA,5,2,5,1926,0,1,1,NA,2,205,I-210 W/B (FOOTHILL FWY),GLENDORA AVE,20,W,N,C,-,Y,LA,NA,210,NA,R,42.1,H,NA,L,Y,4,0,1,2,A,-,03,22350,NA,N,C,C,A,B,H,-,A,D,0,NA,NA,NA,NA,Y,NA,D,22,0,0,1,0,0,0,0,0,0,-,-,34.118221282958984,-117.86475372314452,LOS ANGELES,GLENDORA,-117.8647689819336,34.11819839477539
91779585,2022,2023-06-06,9525,2022-02-10,0420,021443,NA,4,3,5,1926,0,1,1,NA,2,207,I-210 W/B (FOOTHILL FWY),AMELIA AVENUE,616,W,N,A,-,Y,LA,NA,210,NA,R,44.557,H,NA,L,Y,1,1,0,2,A,-,08,22107,NA,N,E,8,A,A,H,-,C,D,0,NA,NA,NA,Y,Y,NA,B,08,0,0,0,0,0,0,0,0,0,-,-,34.120548248291016,-117.82298278808594,LOS ANGELES,GLENDORA,-117.82298278808594,34.12053680419922
91779600,2022,2022-05-25,9590,2022-05-12,1335,022520,NA,4,1,7,1942,0,1,2,NA,2,070,US-101 N/B (SANTA ANA FREEWAY),GRAND AVE.,400,S,N,A,-,Y,LA,NA,101,NA,NA,1.234,H,NA,R,N,4,0,1,2,A,-,07,21658,A,N,B,C,A,A,H,-,A,D,0,NA,NA,NA,Y,Y,NA,G,26,0,0,1,0,0,0,0,0,0,-,-,34.0583610534668,-118.24439239501952,LOS ANGELES,LOS ANGELES,-118.24439239501952,34.05835723876953
91779759,2021,2022-05-25,9530,2021-08-03,1700,022676,NA,2,2,5,1943,0,1,1,NA,2,210,I-105 W/B (GLENN ANDERSON FWY),LONG BEACH BLVD.,3168,E,N,A,-,Y,NA,NA,105,NA,NA,NA,NA,NA,W,Y,3,0,1,4,A,-,08,22107,NA,M,B,C,A,A,H,-,A,D,0,NA,NA,NA,NA,Y,NA,A,01,0,1,0,0,0,0,0,0,0,-,-,33.91960144042969,-118.19747924804688,LOS ANGELES,LYNWOOD,-118.19747924804688,33.919593811035156
91779767,2022,2022-05-25,9540,2022-05-20,0645,021349,NA,5,1,6,1985,0,1,3,NA,2,147,SR-14 S/B,VIA PRINCESSA,4200,N,N,B,-,Y,LA,NA,14,NA,R,31.718,H,NA,L,Y,3,0,1,2,A,-,07,21658,A,N,B,2,A,A,H,-,A,D,0,NA,NA,Y,NA,Y,NA,A,07,0,1,0,0,0,0,0,0,1,-,-,34.41107177734375,-118.44635009765624,LOS ANGELES,SANTA CLARITA,-118.44618988037108,34.411033630371094
91779769,2022,2022-05-25,9580,2022-05-22,2220,022755,NA,7,3,7,1942,0,1,2,NA,2,102,US-101 N/B (VENTURA FREEWAY),WHITE OAK AVENUE,400,S,N,A,-,Y,LA,NA,101,NA,NA,19.977,H,NA,R,Y,2,0,3,2,A,-,01,23152,A,N,C,C,A,A,H,-,D,D,0,NA,NA,NA,NA,Y,Y,A,01,1,0,2,0,0,0,0,0,0,-,-,34.17129135131836,-118.51405334472656,LOS ANGELES,LOS ANGELES,-118.51405334472656,34.17127990722656
91779791,2021,2022-05-25,9530,2021-09-13,0850,022676,NA,1,1,7,1942,0,1,1,NA,2,120,S/B I-110 (HARBOR FREEWAY),HARRY BRIDGES BLVD,845,S,N,A,-,Y,NA,NA,110,NA,NA,NA,NA,NA,NA,Y,3,0,1,1,A,-,08,22107,NA,N,B,I,A,A,H,-,A,D,0,NA,NA,NA,NA,Y,NA,D,22,0,1,0,0,0,0,0,0,0,-,-,33.770389556884766,-118.28045654296876,LOS ANGELES,LOS ANGELES,-118.28050994873048,33.770416259765625
91779824,2022,2022-05-25,9580,2022-05-20,1430,022653,NA,5,2,7,1942,0,1,1,NA,2,404,I-405 N/B (SAN DIEGO FWY) TO BURBANK BLVD,BURBANK BLVD,500,S,N,B,-,Y,LA,NA,405,NA,NA,40.237,H,NA,R,N,4,0,1,4,A,-,03,22350,NA,N,B,C,A,A,H,-,A,D,0,NA,NA,NA,NA,Y,NA,A,08,0,0,1,0,0,0,0,0,0,-,-,34.17144012451172,-118.4672622680664,LOS ANGELES,LOS ANGELES,-118.467529296875,34.17143630981445
91779836,2022,2022-05-25,9545,2022-05-18,0110,022732,NA,3,3,9,1900,0,3,5,NA,2,004,AVENUE T,116TH ST E,375,E,N,A,-,N,NA,NA,NA,NA,NA,NA,NA,NA,NA,N,4,0,1,2,A,-,01,23152,A,N,B,C,A,A,H,-,D,D,0,NA,NA,NA,NA,Y,Y,D,22,0,0,1,0,0,0,0,0,0,-,-,34.54280090332031,-117.92417144775392,LOS ANGELES,UNINCORPORATED,-117.921630859375,34.54280090332031
91779845,2022,2022-05-25,9580,2022-05-22,1320,022663,NA,7,1,7,1942,0,1,1,NA,2,405,I-405 S/B (SAN DIEGO FWY) TO US-101 (VENTURA FREEW,US-101 (VENTURA FREEWAY),1848,N,N,A,-,Y,LA,NA,405,NA,NA,39.827,H,NA,L,Y,4,0,1,2,A,-,03,22350,NA,N,C,C,A,A,H,-,A,D,0,NA,NA,NA,NA,Y,NA,A,01,0,0,1,0,0,0,0,0,0,-,-,34.16579818725586,-118.46971130371094,LOS ANGELES,LOS ANGELES,-118.4697036743164,34.16579818725586
91779860,2022,2022-05-25,9530,2022-05-14,1130,019412,NA,6,1,7,1941,0,1,1,NA,2,430,I-405 S/B (SAN DIEGO FREEWAY),STUDEBAKER RD,500,S,N,A,-,Y,LA,NA,405,NA,NA,0.41,H,NA,L,Y,4,0,1,2,A,-,07,21658,A,M,B,C,A,A,H,-,A,D,0,NA,NA,NA,NA,Y,NA,-,99,0,0,1,0,0,0,0,0,0,-,-,33.789798736572266,-118.09848022460938,LOS ANGELES,LONG BEACH,-118.09851837158205,33.78976058959961
91779862,2021,2022-05-25,9530,2021-11-30,1550,022676,NA,2,2,9,1900,0,3,5,NA,2,001,ZAMORA AVENUE,87 PLACE,0,NA,Y,A,-,N,NA,NA,NA,NA,NA,NA,NA,NA,NA,Y,4,0,1,2,A,-,09,21802,A,N,D,C,A,A,H,-,A,A,0,NA,NA,NA,NA,Y,NA,A,01,0,0,1,0,0,0,0,0,0,-,-,33.95827865600586,-118.25142669677734,LOS ANGELES,UNINCORPORATED,-118.25145721435548,33.95822525024414
91779894,2021,2022-05-25,9530,2021-12-11,1505,022676,NA,6,2,7,1941,0,3,5,NA,2,007,SB I-710 (LONG BEACH FREEWAY),208TH ST,190,S,N,A,-,Y,NA,NA,710,NA,NA,NA,NA,NA,NA,Y,4,0,1,2,A,-,07,21658,A,F,B,C,A,A,H,-,A,D,0,NA,NA,NA,Y,Y,NA,-,99,0,0,1,0,0,0,0,0,0,-,-,33.838871002197266,-118.20762634277344,LOS ANGELES,LONG BEACH,-118.20761108398438,33.838863372802734
91779906,2022,2022-05-25,9550,2022-05-15,1820,022391,NA,7,2,9,1900,0,2,4,NA,1,051,FULLERTON ROAD NORTHBOUND,CROSSHAVEN DRIVE,25,N,N,A,-,N,NA,NA,NA,NA,NA,NA,NA,NA,NA,Y,4,0,1,2,A,-,08,22107,NA,N,C,E,A,A,H,-,A,D,0,NA,NA,NA,NA,Y,NA,A,01,0,0,1,0,0,0,0,0,0,-,-,33.984031677246094,-117.90760040283205,LOS ANGELES,UNINCORPORATED,-117.90769958496094,33.98395919799805
91779907,2022,2022-05-25,9545,2022-05-20,1558,021819,NA,5,2,9,1900,0,1,3,NA,2,011,SR-14 S/B,AVENUE G,2567,N,N,A,-,Y,LA,NA,14,NA,R,71.475,H,NA,L,N,4,0,1,2,A,-,07,21658,A,N,B,C,A,A,H,-,A,D,0,NA,NA,NA,NA,Y,NA,D,22,0,0,1,0,0,0,0,0,0,-,-,34.74021911621094,-118.1706085205078,LOS ANGELES,UNINCORPORATED,-118.17056274414064,34.74021911621094
91779946,2022,2022-05-25,9535,2022-05-15,0500,022812,NA,7,3,5,1969,0,1,1,NA,2,075,I-710 (LONG BEACH FREEWAY) S/B,LOS ANGELES RIVER,820,N,N,A,-,Y,LA,NA,710,NA,NA,17.569,H,NA,L,Y,2,0,1,1,A,-,08,22107,NA,N,E,I,A,A,H,-,B,D,0,NA,NA,NA,NA,Y,NA,-,-,1,0,0,0,0,0,0,0,0,-,-,33.9375,-118.17301177978516,LOS ANGELES,SOUTH GATE,-118.17306518554688,33.93753433227539
91779951,2022,2022-05-25,9550,2022-05-20,1401,016761,NA,5,2,9,1900,0,1,3,NA,2,602,STATE ROUTE 60 EASTBOUND (POMONA FREEWAY),NOGALES STREET,1300,W,N,B,-,Y,LA,NA,60,NA,NA,20.182,H,NA,R,Y,4,0,1,3,A,-,03,22350,NA,N,C,C,A,A,H,-,A,D,0,NA,NA,NA,Y,Y,NA,G,25,0,0,1,0,0,0,0,0,0,-,-,33.9940185546875,-117.89293670654295,LOS ANGELES,UNINCORPORATED,-117.89293670654295,33.99407196044922
91779967,2022,2022-05-25,9525,2022-05-19,1150,016677,NA,4,1,6,1955,0,1,1,NA,2,110,I-10 EB (SAN BERNARDINO FREEWAY),ORANGE GROVE AVE,50,E,N,A,-,Y,LA,NA,10,NA,NA,45.887,H,NA,R,Y,3,0,1,2,A,-,03,22350,NA,N,C,C,A,A,H,-,A,D,0,NA,NA,NA,NA,Y,NA,A,01,0,1,0,0,0,0,0,0,0,-,-,34.07474136352539,-117.74993896484376,LOS ANGELES,POMONA,-117.74993896484376,34.07474136352539
91779974,2021,2022-05-25,9530,2021-12-17,1750,022676,NA,5,2,6,1920,0,1,S,NA,2,904,NB I-605 (SAN GABRIEL RIVER FREEWAY),FLORENCE AVE,1417,S,N,A,-,Y,NA,NA,605,NA,NA,NA,NA,NA,NA,Y,3,0,1,2,A,-,07,21658,A,F,B,C,A,A,H,-,C,D,0,NA,NA,Y,NA,Y,NA,-,99,0,1,0,0,0,0,0,0,1,-,-,33.9356689453125,-118.09938049316406,LOS ANGELES,DOWNEY,-118.09939575195313,33.93567657470703
91779979,2022,2022-05-25,9550,2022-05-18,1255,021742,NA,3,1,9,1900,0,3,5,NA,2,002,MEYER ROAD,CARMENITA ROAD,0,NA,Y,A,-,N,NA,NA,NA,NA,NA,NA,NA,NA,NA,Y,3,0,1,2,A,-,12,21453,A,N,D,C,A,A,H,-,A,B,0,NA,NA,NA,NA,Y,NA,A,01,0,1,0,0,0,0,0,0,0,-,-,33.92564010620117,-118.04653930664064,LOS ANGELES,UNINCORPORATED,-118.04657745361328,33.92559814453125
91780001,2022,2022-05-25,9550,2022-05-18,1215,018161,NA,3,1,6,1920,0,1,1,NA,2,650,I-605 S/B,I-5,300,N,N,A,-,Y,LA,NA,605,NA,R,9.469,H,NA,L,N,3,0,1,2,A,-,08,22107,NA,N,B,C,A,A,H,-,A,D,0,NA,NA,NA,Y,Y,NA,A,01,0,1,0,0,0,0,0,0,0,-,-,33.939449310302734,-118.09780120849608,LOS ANGELES,DOWNEY,-118.09765625,33.939395904541016
91780026,2022,2022-07-01,9535,2022-05-14,1640,022342,NA,6,2,5,1901,0,1,1,NA,2,420,I-10 E/B (SAN BERNARDINO FREEWAY),ATLANTIC BLVD,300,E,N,A,-,Y,LA,NA,10,NA,NA,23.394,H,NA,R,N,3,0,1,4,A,-,08,22107,NA,N,B,C,A,A,H,-,A,D,0,NA,NA,NA,NA,Y,NA,D,22,0,1,0,0,0,0,0,0,0,-,-,34.07143020629883,-118.13339233398438,LOS ANGELES,ALHAMBRA,-118.13338470458984,34.071319580078125
91780043,2022,2022-05-25,9530,2022-01-22,1610,022676,NA,6,2,5,1943,0,1,1,NA,2,210,WB I-105 (GLENN ANDERSON FREEWAY),LONG BEACH BLVD,1418,E,N,A,-,Y,LA,NA,105,NA,R,11.857,H,NA,R,Y,4,0,1,1,A,-,08,22107,NA,N,E,I,A,A,H,-,A,D,0,NA,NA,NA,NA,Y,NA,A,01,0,0,1,0,0,0,0,0,0,-,-,33.922969818115234,-118.20545196533205,LOS ANGELES,LYNWOOD,-118.20556640625,33.922786712646484
91780066,2022,2022-05-25,9550,2022-05-21,1025,022376,NA,6,1,5,1919,0,1,3,NA,2,092,SR-91 WB,NORWALK BLVD.,900,W,N,A,-,Y,LA,NA,91,NA,R,18.478,H,NA,L,N,4,0,1,2,A,-,03,22350,NA,N,C,C,A,A,H,-,A,D,0,NA,NA,NA,Y,Y,NA,G,25,0,0,1,0,0,0,0,0,0,-,-,33.87662124633789,-118.07573699951172,LOS ANGELES,CERRITOS,-118.07573699951172,33.87653350830078
91780113,2022,2022-05-25,9530,2022-05-15,1705,022380,NA,7,2,9,1900,0,1,3,NA,2,320,SR-91 W/B (ARTESIA FREEWAY),BUTLER AVE.,225,W,N,A,-,Y,LA,NA,91,NA,R,11.343,H,NA,L,N,3,0,1,2,A,-,03,22350,NA,N,C,C,A,A,H,-,A,D,0,NA,NA,Y,NA,Y,NA,C,02,0,1,0,0,0,0,0,0,1,-,-,33.873531341552734,-118.19847106933594,LOS ANGELES,UNINCORPORATED,-118.19842529296876,33.87342834472656
91780387,2022,2022-05-25,9590,2022-05-12,1300,021926,NA,4,1,7,1942,0,1,1,NA,2,052,I-110 N/B (HARBOR FREEWAY),6TH STREET,400,S,N,A,-,Y,LA,NA,110,NA,NA,22.667,H,NA,R,N,4,0,1,2,A,-,07,21658,A,N,C,C,A,A,H,-,A,D,0,NA,NA,Y,NA,Y,NA,A,01,0,0,1,0,0,0,0,0,1,-,-,34.0511589050293,-118.2610321044922,LOS ANGELES,LOS ANGELES,-118.26105499267578,34.051185607910156
91780399,2022,2022-05-25,9525,2022-05-19,1750,018357,NA,4,2,5,1990,0,1,3,NA,2,574,SR-57 N/B (ORNAGE FREEWAY),PATHFINDER RD.,200,S,N,A,-,Y,LA,NA,57,NA,R,3.133,H,NA,R,N,4,0,1,2,A,-,03,22350,NA,N,C,C,A,A,D,-,A,D,0,NA,NA,NA,NA,Y,NA,D,22,0,0,1,0,0,0,0,0,0,-,-,33.983768463134766,-117.84258270263672,LOS ANGELES,DIAMOND BAR,-117.84249877929688,33.98379135131836
91780414,2022,2022-05-25,9550,2022-04-15,0733,022376,NA,5,1,5,1969,0,1,1,NA,2,151,I-105 EB FROM PARAMOUNT BLVD.,PARAMOUNT BLVD.,1000,E,N,A,-,Y,NA,NA,NA,NA,NA,NA,NA,NA,NA,N,4,0,3,3,A,-,03,22350,NA,M,C,C,A,A,H,-,A,A,0,NA,NA,NA,NA,Y,NA,A,01,0,0,3,0,0,0,0,0,0,-,-,33.91176986694336,-118.15672302246094,LOS ANGELES,SOUTH GATE,-118.15672302246094,33.91176986694336
91780461,2022,2022-05-25,9590,2022-05-19,1550,021040,NA,4,2,7,1942,0,1,3,NA,2,095,SR-2 W/B (GLENDALE FREEWAY),SAN FERNANDO ROAD,400,E,N,A,-,Y,LA,NA,2,NA,NA,16.221,H,NA,L,N,4,0,1,2,A,-,03,22350,NA,N,C,C,A,A,H,-,A,D,0,NA,NA,NA,NA,Y,NA,A,01,0,0,1,0,0,0,0,0,0,-,-,34.11500930786133,-118.24131011962892,LOS ANGELES,LOS ANGELES,-118.24128723144533,34.114967346191406
91780471,2022,2022-05-25,9590,2022-05-18,1125,015575,NA,3,1,7,1942,0,1,1,NA,2,012,SR-110 N/B (ARROYO SECO PARKWAY),VIA MARISOL,282,S,N,B,-,Y,LA,NA,110,NA,NA,28.304,H,NA,R,Y,4,0,1,1,A,-,08,22107,NA,N,E,8,A,A,H,-,A,D,0,NA,NA,NA,NA,Y,NA,A,01,0,0,1,0,0,0,0,0,0,-,-,34.103271484375,-118.19193267822266,LOS ANGELES,LOS ANGELES,-118.19197082519533,34.10331344604492
91780474,2022,2022-05-25,9575,2022-05-13,1845,021006,NA,5,2,6,1925,0,1,1,NA,2,062,I-210 W/B (FOOTHILL FREEWAY),BOSTON AVE.,164,E,N,A,-,Y,LA,NA,210,NA,R,15.925,H,NA,L,Y,3,0,2,2,A,-,08,22107,NA,N,B,E,A,A,H,-,B,D,0,NA,NA,NA,NA,Y,NA,A,01,0,1,1,0,0,0,0,0,0,-,-,34.23025131225586,-118.26126098632813,LOS ANGELES,GLENDALE,-118.26129150390624,34.23017501831055
91780476,2022,2022-05-25,9535,2022-05-16,1145,017943,NA,1,1,9,1900,0,2,4,NA,2,014,CESAR E. CHAVEZ AVE. (3400 BLOCK),HICKS AVE,120,W,N,A,-,N,NA,NA,NA,NA,NA,NA,NA,NA,NA,N,4,0,1,2,A,-,09,21804,A,N,D,C,A,A,H,-,A,D,0,NA,NA,NA,NA,Y,NA,A,07,0,0,1,0,0,0,0,0,0,-,-,34.04050064086914,-118.19081878662108,LOS ANGELES,UNINCORPORATED,-118.19073486328124,34.04050064086914
91780480,2022,2022-05-25,9580,2022-05-25,1030,016413,NA,3,1,7,1942,0,1,2,NA,2,103,US-101 S/B (VENTURA FREEWAY),BALBOA BLVD.,1056,N,N,A,-,Y,LA,NA,101,NA,NA,19.432,H,NA,L,N,4,0,1,3,A,-,03,22350,NA,N,C,C,A,A,H,-,A,D,0,NA,NA,NA,NA,Y,NA,A,01,0,0,1,0,0,0,0,0,0,-,-,34.1710090637207,-118.50450897216795,LOS ANGELES,LOS ANGELES,-118.50450897216795,34.17108154296875
91780481,2022,2022-05-25,9530,2022-05-16,1230,013990,NA,1,1,9,1900,0,3,5,NA,2,004,SANTA FE AVE (18301 BLOCK),VICTORIA ST.,213,S,N,A,-,N,NA,NA,NA,NA,NA,NA,NA,NA,NA,Y,3,0,1,2,A,-,08,22102,NA,N,D,C,A,A,H,-,A,D,0,NA,NA,NA,Y,Y,NA,A,01,0,1,0,0,0,0,0,0,0,-,-,33.86376953125,-118.2131118774414,LOS ANGELES,UNINCORPORATED,-118.21298980712892,33.864402770996094
91780485,2022,2022-05-25,9530,2022-05-10,0708,020816,NA,2,1,9,1900,0,3,5,NA,2,002,COMPTON BLVD.,AVALON BLVD.,0,NA,Y,A,-,N,NA,NA,NA,NA,NA,NA,NA,NA,NA,Y,2,0,3,2,A,-,12,21453,A,N,D,C,A,A,H,-,A,A,0,NA,NA,NA,Y,Y,NA,A,07,1,0,2,0,0,0,0,0,0,-,-,33.895240783691406,-118.26535034179688,LOS ANGELES,UNINCORPORATED,-118.265380859375,33.895198822021484
91780499,2022,2022-05-25,9550,2022-05-19,1640,022778,NA,4,2,9,1900,0,1,3,NA,2,602,STATE ROUTE 60 WESTBOUND,FULLERTON ROAD,700,E,N,A,-,Y,LA,NA,60,NA,NA,19.627,H,NA,L,Y,4,0,1,2,A,-,03,22350,NA,N,C,C,A,A,H,-,A,D,0,NA,NA,NA,NA,Y,NA,A,07,0,0,1,0,0,0,0,0,0,-,-,33.99430847167969,-117.90258026123048,LOS ANGELES,UNINCORPORATED,-117.90258026123048,33.994285583496094
91780514,2022,2022-05-25,9535,2022-05-11,1650,022861,NA,3,2,9,1900,0,2,4,NA,2,011,EASTERN AVE.,WORTH ST.,0,NA,Y,A,-,N,NA,NA,NA,NA,NA,NA,NA,NA,NA,Y,4,0,3,3,A,-,03,22350,NA,N,D,C,A,A,H,-,A,D,0,NA,NA,NA,NA,Y,NA,A,01,0,0,3,0,0,0,0,0,0,-,-,34.062259674072266,-118.17919921875,LOS ANGELES,UNINCORPORATED,-118.17908477783205,34.06227111816406
91780518,2022,2022-05-25,9535,2022-05-16,1418,022269,NA,1,2,5,1906,0,1,1,NA,2,650,I-605 (SAN GABRIEL RIVER FWY) N/B,VALLEY BLVD.,500,S,N,A,-,Y,LA,NA,605,NA,R,19.306,H,NA,R,N,4,0,3,3,A,-,03,22350,NA,N,C,C,A,A,H,-,A,D,0,NA,NA,NA,Y,Y,NA,G,27,0,0,3,0,0,0,0,0,0,-,-,34.052940368652344,-118.0048599243164,LOS ANGELES,BALDWIN PARK,-118.0048828125,34.052947998046875
91780542,2022,2022-05-25,9535,2022-05-17,0140,022842,NA,2,3,9,1900,0,1,1,NA,2,420,I-10 E/B (SAN BERNARDINO FREEWAY),EASTERN AVENUE,150,W,N,A,-,Y,LA,NA,10,NA,NA,20.55,H,NA,R,N,4,0,1,2,A,-,03,22350,NA,N,C,C,A,A,H,-,C,D,0,NA,NA,NA,NA,Y,NA,A,01,0,0,1,0,0,0,0,0,0,-,-,34.0584602355957,-118.17806243896484,LOS ANGELES,UNINCORPORATED,-118.17801666259766,34.05839920043945
91780546,2022,2022-05-25,9530,2022-05-11,2035,022847,NA,3,2,7,1942,0,1,1,NA,2,120,I-110 N/B (HARBOR FREEWAY),CHANNEL ST.,380,S,N,A,-,Y,LA,NA,110,NA,R,1.28,H,NA,R,Y,3,0,1,2,A,-,01,23152,A,N,B,C,A,A,H,-,C,D,0,NA,NA,NA,Y,Y,Y,A,01,0,1,0,0,0,0,0,0,0,-,-,33.75395965576172,-118.2910385131836,LOS ANGELES,LOS ANGELES,-118.29106903076172,33.75395965576172
91780567,2022,2022-05-25,9525,2022-05-17,1625,022605,NA,2,2,5,1926,0,1,1,NA,2,205,I-210 W/B (FOOTHILL FWY),GRAND AVE,2640,E,N,A,-,Y,LA,NA,210,NA,R,42.766,H,NA,L,Y,4,0,1,2,A,-,03,22350,NA,N,D,C,A,A,H,-,A,D,0,NA,NA,NA,NA,Y,NA,A,01,0,0,1,0,0,0,0,0,0,-,-,34.11766052246094,-117.85343933105467,LOS ANGELES,GLENDORA,-117.85343933105467,34.117713928222656
91780574,2022,2022-05-25,9535,2022-05-13,2135,022829,NA,5,2,9,1900,0,3,5,NA,2,001,DOWNEY RD.,TELEGRAPH RD AND DOWNEY RD,0,NA,Y,A,-,N,NA,NA,NA,NA,NA,NA,NA,NA,NA,N,3,0,2,3,A,-,12,22450,A,F,B,C,A,A,H,-,C,D,0,NA,NA,NA,NA,Y,NA,D,22,0,2,0,0,0,0,0,0,0,-,-,34.02021026611328,-118.18006134033205,LOS ANGELES,UNINCORPORATED,-118.18006896972656,34.0201530456543
91780583,2022,2022-05-25,9525,2022-05-17,1830,022605,NA,2,2,4,1946,0,1,1,NA,2,211,I-210 W/B (FOOTHILL FWY),MOUNTAIN AVE,1584,E,N,A,-,Y,LA,NA,210,NA,R,35.114,H,NA,L,N,3,0,1,1,A,-,03,22350,NA,N,F,A,A,A,H,-,A,D,0,NA,NA,Y,NA,Y,NA,C,02,0,1,0,0,0,0,0,0,1,-,-,34.13541030883789,-117.9800262451172,LOS ANGELES,MONROVIA,-117.9800262451172,34.135475158691406
91780594,2022,2022-05-25,9535,2022-05-13,1515,022694,NA,5,2,9,1900,0,3,5,NA,2,001,1ST ST,INDIANA ST.,0,NA,Y,A,-,Y,NA,NA,NA,NA,NA,NA,NA,NA,NA,N,3,0,1,2,A,-,09,21801,A,N,D,A,A,A,H,-,A,A,0,NA,NA,NA,NA,Y,NA,A,01,0,1,0,0,0,0,0,0,0,-,-,34.03599166870117,-118.19241333007813,LOS ANGELES,UNINCORPORATED,-118.19241333007813,34.03598403930664
91780596,2022,2022-05-25,9535,2022-05-17,0450,022842,NA,2,3,5,1901,0,1,1,NA,2,420,I-10 E/B (SAN BERNARDINO FREEWAY),NEW AVE,1630,W,N,A,-,Y,LA,NA,10,NA,NA,24.521,H,NA,R,Y,4,0,1,2,A,-,07,21658,A,N,B,C,A,A,H,-,C,D,0,NA,NA,NA,NA,Y,NA,A,01,0,0,1,0,0,0,0,0,0,-,-,34.071571350097656,-118.11373901367188,LOS ANGELES,ALHAMBRA,-118.11373901367188,34.07160186767578
91780606,2022,2022-05-25,9550,2022-05-09,0532,022587,NA,1,3,9,1900,0,1,1,NA,2,650,INTERSTATE 605 SOUTHBOUND,ROSE HILLS ROAD,2100,S,N,A,-,Y,LA,NA,605,NA,R,14.94,H,NA,L,Y,4,0,1,2,A,-,03,22350,NA,N,C,C,A,A,H,-,B,D,0,NA,NA,NA,NA,Y,NA,A,01,0,0,1,0,0,0,0,0,0,-,-,34.01308822631836,-118.05658721923828,LOS ANGELES,UNINCORPORATED,-118.05662536621094,34.01309585571289
91780643,2022,2022-05-25,9590,2022-05-07,2350,022741,NA,6,3,7,1942,0,1,1,NA,2,021,INTERSTATE 10 WESTBOUND (SAN BERNARDINO FREEWAY),SOTO STREET,1800,E,N,A,-,Y,NA,NA,NA,NA,NA,NA,NA,NA,NA,Y,4,0,2,3,A,-,03,22350,NA,N,C,C,A,A,H,-,C,D,0,NA,NA,NA,NA,Y,NA,A,01,0,0,2,0,0,0,0,0,0,-,-,34.03702926635742,-118.27523803710938,LOS ANGELES,LOS ANGELES,-118.21295928955078,34.02951431274414