CASE_ID,ACCIDENT_YEAR,PROC_DATE,JURIS,COLLISION_DATE,COLLISION_TIME,OFFICER_ID,REPORTING_DISTRICT,DAY_OF_WEEK,CHP_SHIFT,POPULATION,CNTY_CITY_LOC,SPECIAL_COND,BEAT_TYPE,CHP_BEAT_TYPE,CITY_DIVISION_LAPD,CHP_BEAT_CLASS,BEAT_NUMBER,PRIMARY_RD,SECONDARY_RD,DISTANCE,DIRECTION,INTERSECTION,WEATHER_1,WEATHER_2,STATE_HWY_IND,CALTRANS_COUNTY,CALTRANS_DISTRICT,STATE_ROUTE,ROUTE_SUFFIX,POSTMILE_PREFIX,POSTMILE,LOCATION_TYPE,RAMP_INTERSECTION,SIDE_OF_HWY,TOW_AWAY,COLLISION_SEVERITY,NUMBER_KILLED,NUMBER_INJURED,PARTY_COUNT,PRIMARY_COLL_FACTOR,PCF_CODE_OF_VIOL,PCF_VIOL_CATEGORY,PCF_VIOLATION,PCF_VIOL_SUBSECTION,HIT_AND_RUN,TYPE_OF_COLLISION,MVIW,PED_ACTION,ROAD_SURFACE,ROAD_COND_1,ROAD_COND_2,LIGHTING,CONTROL_DEVICE,CHP_ROAD_TYPE,PEDESTRIAN_ACCIDENT,BICYCLE_ACCIDENT,MOTORCYCLE_ACCIDENT,TRUCK_ACCIDENT,NOT_PRIVATE_PROPERTY,ALCOHOL_INVOLVED,STWD_VEHTYPE_AT_FAULT,CHP_VEHTYPE_AT_FAULT,COUNT_SEVERE_INJ,COUNT_VISIBLE_INJ,COUNT_COMPLAINT_PAIN,COUNT_PED_KILLED,COUNT_PED_INJURED,COUNT_BICYCLIST_KILLED,COUNT_BICYCLIST_INJURED,COUNT_MC_KILLED,COUNT_MC_INJURED,PRIMARY_RAMP,SECONDARY_RAMP,LATITUDE,LONGITUDE,COUNTY,CITY,POINT_X,POINT_Y
91787739,2022,2022-06-09,9575,2022-05-22,0440,022489,NA,7,3,7,1942,0,1,3,NA,2,043,SR-134 W/B (VENTURA FREEWAY),RIVERSIDE DR.,1900,W,N,A,-,Y,LA,NA,134,NA,NA,4.454,H,NA,L,Y,3,0,1,3,A,-,01,23152,A,N,C,C,A,A,H,-,C,D,0,NA,NA,NA,Y,Y,Y,A,01,0,1,0,0,0,0,0,0,0,-,-,34.15629959106445,-118.30005645751952,LOS ANGELES,LOS ANGELES,-118.30006408691406,34.15628433227539
91787757,2022,2022-06-03,9590,2022-05-21,1525,022520,NA,6,2,7,1942,0,1,1,NA,2,052,I-110 N/B (HARBOR FREEWAY),37TH STREET,110,N,N,A,-,Y,LA,NA,110,NA,NA,19.971,H,NA,R,N,4,0,1,2,A,-,07,21658,NA,N,B,C,A,A,H,-,A,D,0,NA,NA,NA,NA,Y,NA,A,01,0,0,1,0,0,0,0,0,0,-,-,34.0177116394043,-118.27976989746094,LOS ANGELES,LOS ANGELES,-118.27999114990234,34.017784118652344
91787768,2022,2022-06-03,9565,2022-05-24,1500,021678,NA,2,2,9,1900,0,1,1,NA,2,063,I-405 N/B (SAN DIEGO FREEWAY),OHIO AVE.,500,N,N,A,-,Y,LA,NA,405,NA,NA,31.148,H,NA,R,N,3,0,1,2,A,-,03,22350,NA,N,C,C,A,A,H,-,A,D,0,NA,NA,NA,NA,Y,NA,A,01,0,1,0,0,0,0,0,0,0,-,-,34.05057144165039,-118.44895935058594,LOS ANGELES,UNINCORPORATED,-118.44891357421876,34.05058288574219
91787773,2022,2022-06-03,9530,2022-05-25,1821,022702,NA,3,2,7,1941,0,1,1,NA,2,073,I-710 S/B (LONG BEACH FREEWAY) FROM AHAHEIM STREET,ANAHEIM ST.,430,S,N,A,-,Y,LA,NA,710,NA,NA,6.281,H,NA,L,Y,3,0,1,1,A,-,03,22350,NA,N,F,A,A,A,H,-,A,D,0,NA,NA,NA,Y,Y,NA,G,26,0,1,0,0,0,0,0,0,0,-,-,33.78118133544922,-118.20800018310548,LOS ANGELES,LONG BEACH,-118.20789337158205,33.78117370605469
91787794,2022,2022-09-20,9535,2022-05-23,1520,021976,NA,1,2,5,1906,0,1,1,NA,2,651,I-605 S/B (SAN GABRIEL RIVER FREEWAY),VALLEY BLVD.,400,N,N,A,-,Y,LA,NA,605,NA,R,19.493,H,NA,L,N,4,0,1,2,A,-,07,21658,A,N,B,C,A,A,H,-,A,D,0,NA,NA,NA,Y,Y,NA,F,55,0,0,1,0,0,0,0,0,0,-,-,34.05559158325195,-118.00376129150392,LOS ANGELES,BALDWIN PARK,-118.0037078857422,34.05556869506836
91787808,2022,2022-06-03,9535,2022-05-25,0835,022085,NA,3,1,9,1900,0,2,4,NA,2,022,OLYMPIC BLVD. (4500 BLOCK),FORD BLVD.,75,E,N,A,-,N,NA,NA,NA,NA,NA,NA,NA,NA,NA,N,3,0,2,2,A,-,08,22107,NA,N,G,B,C,A,H,-,A,A,0,Y,NA,NA,NA,Y,NA,A,01,0,1,1,0,1,0,0,0,0,-,-,34.01879119873047,-118.172119140625,LOS ANGELES,UNINCORPORATED,-118.17214965820313,34.018917083740234
91787830,2022,2022-06-03,9590,2022-05-26,1035,016230,NA,4,1,7,1942,0,1,1,NA,2,081,I-5 SB GSF,WHITTIER BLVD,116,N,N,A,-,Y,LA,NA,5,NA,NA,17.084,H,NA,L,N,4,0,1,2,A,-,03,22350,NA,N,C,C,A,A,H,-,A,D,0,NA,NA,NA,NA,Y,NA,A,01,0,0,1,0,0,0,0,0,0,-,-,34.03688049316406,-118.22039031982422,LOS ANGELES,LOS ANGELES,-118.220458984375,34.03689956665039
91787840,2022,2022-06-03,9590,2022-05-26,1309,016230,NA,4,1,7,1942,0,1,1,NA,2,021,I-10 WB SBF,EVERGREEN AVENUE PED O/C,412,W,N,A,-,Y,LA,NA,10,NA,NA,19.448,H,NA,L,N,4,0,1,2,A,-,07,21658,A,N,B,C,A,A,H,-,A,D,0,NA,NA,NA,NA,Y,NA,A,01,0,0,1,0,0,0,0,0,0,-,-,34.05567932128906,-118.19638061523438,LOS ANGELES,LOS ANGELES,-118.19638061523438,34.055660247802734
91787854,2022,2022-06-03,9550,2022-05-25,0550,022789,NA,3,3,6,1920,0,1,1,NA,2,150,I-105 E/B,WOODRUFF AVE.,360,W,N,A,-,Y,LA,NA,105,NA,R,17.063,H,NA,R,N,4,0,1,2,A,-,03,22350,NA,F,C,C,A,A,H,-,A,D,0,NA,NA,NA,NA,Y,NA,D,22,0,0,1,0,0,0,0,0,0,-,-,33.913551330566406,-118.11805725097656,LOS ANGELES,DOWNEY,-118.11805725097656,33.913551330566406
91787859,2022,2022-06-03,9565,2022-05-25,0807,017060,NA,3,1,5,1928,0,1,1,NA,2,060,I-405 NORTHBOUND (SAN DIEGO FREEWAY),MARINE AVE.,2,N,N,B,-,Y,LA,NA,405,NA,NA,18.66,H,NA,R,N,3,0,1,2,A,-,03,22350,NA,F,C,C,A,A,H,-,A,A,0,NA,NA,NA,NA,Y,NA,A,08,0,1,0,0,0,0,0,0,0,-,-,33.89474105834961,-118.36650848388672,LOS ANGELES,HAWTHORNE,-118.366455078125,33.8947868347168
91787910,2022,2022-06-03,9590,2022-05-01,1805,022520,NA,7,2,7,1942,0,1,1,NA,2,062,I-10 E/B (SANTA MONICA FREEWAY),HOOVER STREET,150,E,N,A,-,Y,LA,NA,10,NA,NA,14.284,H,NA,R,Y,4,0,4,3,A,-,03,22350,NA,N,C,C,A,A,H,-,A,D,0,NA,NA,NA,NA,Y,NA,A,01,0,0,4,0,0,0,0,0,0,-,-,34.037200927734375,-118.2834014892578,LOS ANGELES,LOS ANGELES,-118.28339385986328,34.03717041015625
91787959,2022,2022-06-03,9550,2022-05-22,0227,022588,NA,7,3,9,1900,0,1,3,NA,2,600,SR-60,I-605,400,E,N,A,-,Y,LA,NA,60,NA,NA,11.818,H,NA,R,Y,4,0,2,2,A,-,03,22350,NA,N,C,C,A,A,H,-,D,D,0,NA,NA,NA,NA,Y,NA,A,01,0,0,2,0,0,0,0,0,0,-,-,34.03342056274414,-118.02586364746094,LOS ANGELES,UNINCORPORATED,-118.02593994140624,34.03329849243164
91787965,2022,2022-06-03,9550,2022-05-22,0225,022588,NA,7,3,9,1900,0,1,3,NA,2,600,SR-60 WB,I-605,465,E,N,A,-,Y,LA,NA,60,NA,NA,11.816,H,NA,L,Y,4,0,1,1,A,-,03,22350,NA,N,E,J,A,A,H,-,D,D,0,NA,NA,NA,NA,Y,NA,A,01,0,0,1,0,0,0,0,0,0,-,-,34.033329010009766,-118.02552032470705,LOS ANGELES,UNINCORPORATED,-118.02552795410156,34.03331756591797
91787981,2022,2022-07-19,9550,2022-05-24,2347,022790,NA,2,3,5,1976,0,1,1,NA,2,650,I-605 NORTHBOUND,ROSE HILLS ROAD,1300,S,N,A,-,Y,LA,NA,605,NA,R,15.182,H,NA,R,Y,3,0,4,2,A,-,03,22350,NA,N,D,C,A,A,H,-,D,D,0,NA,NA,NA,NA,Y,NA,A,07,0,3,1,0,0,0,0,0,0,-,-,34.01512908935547,-118.05551910400392,LOS ANGELES,WHITTIER,-118.05549621582033,34.01512145996094
91788010,2022,2022-06-03,9550,2022-05-21,1855,022474,NA,6,2,9,1900,0,1,3,NA,2,602,STATE ROUTE 60 W/B,FULLERTON ROAD,1180,E,N,A,-,Y,LA,NA,60,NA,NA,19.787,H,NA,L,N,2,0,1,1,C,-,18,NA,NA,N,F,A,A,A,H,-,A,D,0,NA,NA,Y,NA,Y,NA,-,-,1,0,0,0,0,0,0,0,1,-,-,33.99420166015625,-117.89978790283205,LOS ANGELES,UNINCORPORATED,-117.89978790283205,33.99428176879883
91788024,2022,2022-06-03,9550,2022-05-29,2059,022376,NA,7,2,9,1900,0,3,5,NA,2,005,VANTAGE POINT DR.,NORWICH PL.,70,W,N,A,-,N,NA,NA,NA,NA,NA,NA,NA,NA,NA,N,4,0,2,2,A,-,08,22107,NA,N,B,E,A,A,H,-,C,D,0,NA,NA,NA,NA,Y,NA,A,01,0,0,2,0,0,0,0,0,0,-,-,33.958290100097656,-117.91217803955078,LOS ANGELES,UNINCORPORATED,-117.91209411621094,33.958213806152344
91788036,2022,2022-06-03,9590,2022-05-28,1825,022520,NA,6,2,7,1942,0,1,1,NA,2,083,I-5 S/B (GOLDEN STATE FREEWAY),FLETCHER DR.,250,N,N,B,-,Y,LA,NA,5,NA,NA,23.041,H,NA,L,N,4,0,3,3,A,-,03,22350,NA,N,C,C,A,A,H,-,A,D,0,NA,NA,NA,NA,Y,NA,D,22,0,0,3,0,0,0,0,0,0,-,-,34.107078552246094,-118.25662994384766,LOS ANGELES,LOS ANGELES,-118.25666046142578,34.107032775878906
91788049,2022,2022-06-03,9550,2022-06-01,2032,020688,NA,3,2,9,1900,0,1,3,NA,2,602,STATE ROUTE-60 W/B,NOGALES ST.,2640,W,N,A,-,Y,LA,NA,60,NA,NA,19.962,H,NA,L,Y,3,0,2,2,A,-,08,22107,NA,N,C,C,A,A,H,-,C,D,0,NA,NA,NA,Y,Y,NA,A,07,0,2,0,0,0,0,0,0,0,-,-,33.99428176879883,-117.8967514038086,LOS ANGELES,UNINCORPORATED,-117.8967514038086,33.9942741394043
91788067,2022,2022-06-03,9550,2022-06-02,1514,015045,NA,4,2,5,1954,0,1,1,NA,2,650,I-605 N/B (SAN GABRIEL RIVER FREEWAY),ROSE HILLS ROAD,1056,N,N,A,-,Y,LA,NA,605,NA,R,15.977,H,NA,R,Y,4,0,1,2,A,-,03,22350,NA,N,C,C,A,A,H,-,A,D,0,NA,NA,NA,Y,Y,NA,F,27,0,0,1,0,0,0,0,0,0,-,-,34.0212516784668,-118.04682159423828,LOS ANGELES,PICO RIVERA,-118.04698944091795,34.02143859863281
91788072,2022,2022-06-03,9525,2022-05-25,1710,021809,NA,3,2,6,1955,0,1,1,NA,2,118,I-10 E/B (SAN BERNARDINO FWY),FAIRPLEX DR,1200,W,N,A,-,Y,LA,NA,10,NA,NA,43.054,H,NA,R,N,4,0,1,2,A,-,07,21658,A,N,B,C,A,A,H,-,A,D,0,NA,NA,Y,NA,Y,NA,C,02,0,0,1,0,0,0,0,0,1,-,-,34.069358825683594,-117.79696655273438,LOS ANGELES,POMONA,-117.79701995849608,34.069435119628906
91788117,2022,2022-06-03,9590,2022-05-21,2145,022673,NA,6,2,7,1942,0,1,2,NA,2,071,US-101 S/B (HOF) TO I-110 S/B (HAF),BEAUDRY AVENUE,390,S,N,A,-,Y,LA,NA,101,NA,NA,1.658,H,NA,L,N,3,0,1,1,A,-,08,22107,NA,N,E,I,A,A,H,-,C,D,0,NA,NA,NA,NA,Y,NA,A,01,0,1,0,0,0,0,0,0,0,-,-,34.063079833984375,-118.24964904785156,LOS ANGELES,LOS ANGELES,-118.24942779541016,34.06321334838867
91788128,2022,2022-06-03,9590,2022-05-25,1610,021040,NA,3,2,7,1942,0,1,1,NA,2,084,I-5 N/B (GOLDEN STATE FREEWAY),HYPERION AVENUE,700,S,N,A,-,Y,LA,NA,5,NA,NA,23.27,H,NA,R,Y,4,0,3,3,A,-,07,21658,A,N,B,C,A,A,H,-,A,D,0,NA,NA,NA,NA,Y,NA,A,08,0,0,3,0,0,0,0,0,0,-,-,34.10892868041992,-118.26000213623048,LOS ANGELES,LOS ANGELES,-118.26000213623048,34.10892868041992
91788129,2022,2022-06-03,9530,2022-05-26,1510,022714,NA,4,2,9,1900,0,3,5,NA,2,001,FIRESTONE BLVD.,BELL AVE.,0,NA,Y,A,-,N,NA,NA,NA,NA,NA,NA,NA,NA,NA,N,4,0,1,2,A,-,09,21802,A,N,D,C,A,A,H,-,A,D,0,NA,NA,NA,NA,Y,NA,A,08,0,0,1,0,0,0,0,0,0,-,-,33.96015167236328,-118.2388916015625,LOS ANGELES,UNINCORPORATED,-118.239013671875,33.96015167236328
91788139,2022,2022-06-03,9590,2022-05-24,1945,021069,NA,2,2,7,1942,0,1,1,NA,2,064,I-10 E/B (SANTA MONICA FREEWAY),LOS ANGELES RIVER,500,E,N,A,-,Y,LA,NA,60,NA,L,0.149,H,NA,R,N,4,0,1,1,A,-,08,22107,NA,N,E,I,A,A,H,-,C,D,0,NA,NA,Y,NA,Y,NA,C,02,0,0,1,0,0,0,0,0,1,-,-,34.02914047241211,-118.22451782226564,LOS ANGELES,LOS ANGELES,-118.22454071044922,34.02921676635742
91788146,2022,2022-06-03,9530,2022-05-27,1035,020938,NA,5,1,9,1900,0,3,5,NA,2,001,JUNIPER ST,92ND ST.,0,NA,Y,A,-,N,NA,NA,NA,NA,NA,NA,NA,NA,NA,N,4,0,1,2,A,-,09,21802,A,N,D,C,A,A,H,-,A,D,0,NA,NA,NA,NA,Y,NA,A,01,0,0,1,0,0,0,0,0,0,-,-,33.953338623046875,-118.23272705078124,LOS ANGELES,UNINCORPORATED,-118.23285675048828,33.95327377319336
91788153,2022,2022-06-03,9580,2022-06-03,0745,016413,NA,5,1,7,1942,0,1,1,NA,2,405,I-405 S/B (SAN DIEGO FWY) TO US-101,US-101 N/B (VENTURA FREEWAY),513,N,N,B,-,Y,NA,NA,NA,NA,NA,NA,NA,NA,NA,N,4,0,2,2,A,-,06,21750,NA,N,B,C,A,A,H,-,A,D,0,NA,NA,NA,NA,Y,NA,A,07,0,0,2,0,0,0,0,0,0,-,-,34.16259002685547,-118.47000122070313,LOS ANGELES,LOS ANGELES,-118.47000122070313,34.16259002685547
91788159,2022,2022-06-03,9530,2022-05-27,2215,021842,NA,5,3,9,1900,0,3,5,NA,2,001,NADEAU ST.,BELL AVE.,0,NA,Y,A,-,N,NA,NA,NA,NA,NA,NA,NA,NA,NA,N,3,0,2,2,A,-,09,21801,A,N,A,C,A,A,H,-,C,A,0,NA,NA,NA,NA,Y,NA,A,01,0,1,1,0,0,0,0,0,0,-,-,33.96739959716797,-118.2388916015625,LOS ANGELES,UNINCORPORATED,-118.23892211914064,33.96741485595703
91788163,2022,2022-06-03,9580,2022-05-27,1840,022632,NA,5,2,7,1942,0,1,1,NA,2,404,I-405 N/B (SAN DIEGO FWY),VENTURA BLVD,1900,S,N,B,-,Y,LA,NA,405,NA,NA,38.628,H,NA,R,N,4,0,3,2,A,-,03,22350,NA,N,C,C,A,A,H,-,A,D,0,NA,NA,NA,NA,Y,NA,A,01,0,0,3,0,0,0,0,0,0,-,-,34.14878845214844,-118.46920776367188,LOS ANGELES,LOS ANGELES,-118.46908569335938,34.14874267578125
91788167,2022,2022-06-03,9525,2022-05-30,1020,015445,NA,1,1,9,1900,0,2,4,NA,2,045,VALLEY BLVD (18100 BLOCK),RANCHO LA PUENTE ROAD,0,NA,Y,A,-,N,NA,NA,NA,NA,NA,NA,NA,NA,NA,Y,4,0,3,3,A,-,09,21801,A,N,D,C,A,A,H,-,A,A,0,NA,NA,NA,NA,Y,NA,D,22,0,0,3,0,0,0,0,0,0,-,-,34.00614929199219,-117.90611267089844,LOS ANGELES,UNINCORPORATED,-117.90615081787108,34.00593185424805
91788168,2022,2022-06-03,9580,2022-05-25,1512,022632,NA,3,2,7,1942,0,1,1,NA,2,405,I-405 S/B (SAN DIEGO FWY),US-101 N/B (VENTURA FREEWAY),1600,N,N,A,-,Y,LA,NA,405,NA,NA,39.818,H,NA,L,Y,4,0,2,3,A,-,03,22350,NA,N,C,C,A,A,H,-,A,D,0,NA,NA,NA,NA,Y,NA,A,01,0,0,2,0,0,0,0,0,0,-,-,34.16566848754883,-118.46984100341795,LOS ANGELES,LOS ANGELES,-118.46971130371094,34.16566848754883
91788169,2022,2022-06-03,9525,2022-05-22,2145,022745,NA,7,2,9,1900,0,2,4,NA,2,045,VALLEY BLVD,TEMPLE AVE,140,E,N,B,-,N,NA,NA,NA,NA,NA,NA,NA,NA,NA,N,4,0,1,2,A,-,01,23152,A,N,D,C,A,A,H,-,C,D,0,NA,NA,NA,NA,Y,Y,A,01,0,0,1,0,0,0,0,0,0,-,-,34.05284881591797,-118.00192260742188,LOS ANGELES,UNINCORPORATED,-117.81211090087892,34.04874801635742
91788181,2022,2022-06-03,9525,2022-05-29,0155,022745,NA,7,3,6,1975,0,1,1,NA,2,105,I-10 W/B (SAN BERNARDINO FWY),CITRUS ST.,1500,E,N,A,-,Y,LA,NA,10,NA,NA,37.821,H,NA,L,Y,4,0,3,2,A,-,07,21658,A,N,C,C,A,A,H,-,C,D,0,NA,NA,NA,NA,Y,Y,A,07,0,0,3,0,0,0,0,0,0,-,-,34.072139739990234,-117.88453674316406,LOS ANGELES,WEST COVINA,-117.88453674316406,34.07202911376953
91788186,2022,2022-06-03,9565,2022-05-25,1355,022715,NA,3,1,6,1933,0,2,S,NA,2,901,VAN NESS AVENUE,IMPERIAL HIGHWAY,255,N,N,A,-,N,NA,NA,NA,NA,NA,NA,NA,NA,NA,Y,3,0,1,4,A,-,08,22107,NA,N,B,E,A,A,H,-,A,A,0,NA,NA,NA,NA,Y,NA,A,01,0,1,0,0,0,0,0,0,0,-,-,33.931800842285156,-118.31786346435548,LOS ANGELES,INGLEWOOD,-118.31777954101564,33.93172073364258
91788191,2022,2022-06-03,9525,2022-05-31,1110,022745,NA,2,1,4,1905,0,1,1,NA,2,205,I-210 W/B (FOOTHILL FWY),CITRUS AVE,1056,E,N,A,-,Y,LA,NA,210,NA,R,40.809,H,NA,L,N,4,0,1,2,A,-,03,22350,NA,M,C,C,A,A,H,-,A,D,0,NA,NA,NA,Y,Y,NA,G,27,0,0,1,0,0,0,0,0,0,-,-,34.121028900146484,-117.88658905029295,LOS ANGELES,AZUSA,-117.88658905029295,34.1209831237793
91788195,2021,2022-06-03,9430,2021-12-24,2205,018681,NA,5,3,9,1900,0,1,1,NA,2,051,I-5 N/B (GOLDEN STATE FREEWAY),QUAIL LAKE ROAD U/C BR531799R,7392,N,N,A,-,Y,NA,NA,5,NA,NA,NA,NA,NA,N,N,1,1,0,2,A,-,11,21954,A,F,G,B,E,A,H,-,D,D,0,Y,NA,NA,NA,Y,NA,N,60,0,0,0,1,0,0,0,0,0,-,-,34.77885818481445,-118.81391143798828,LOS ANGELES,UNINCORPORATED,-118.81396484375,34.77876663208008
91788220,2022,2022-06-03,9525,2022-05-31,1258,016677,NA,2,1,5,1990,0,1,3,NA,2,603,SR-60 WB (POMONA FREEWAY),DIAMOND BAR BLVD,2000,E,N,A,-,Y,LA,NA,60,NA,R,25.961,H,NA,L,Y,3,0,1,2,A,-,03,22350,NA,N,C,C,A,A,H,-,A,D,0,NA,NA,Y,NA,Y,NA,C,02,0,1,0,0,0,0,0,0,1,-,-,34.025848388671875,-117.80574035644533,LOS ANGELES,DIAMOND BAR,-117.80571746826172,34.02580642700195
91788241,2022,2022-06-06,9525,2022-06-01,1325,021995,NA,3,1,5,1926,0,1,1,NA,2,205,I-210 W/B (FOOTHILL FWY),GLENDORA AVENUE,50,W,N,A,-,Y,LA,NA,210,NA,R,42.092,H,NA,L,Y,4,0,1,4,A,-,03,22350,NA,N,C,C,A,A,H,-,A,D,0,NA,NA,NA,NA,Y,NA,D,22,0,0,1,0,0,0,0,0,0,-,-,34.11827850341797,-117.8648681640625,LOS ANGELES,GLENDORA,-117.86488342285156,34.11825942993164
91788322,2022,2022-06-06,9575,2022-05-28,1805,022526,NA,6,2,6,1953,0,1,1,NA,2,064,I-210 E/B (FOOTHILL FREEWAY),ALTADENA DRIVE,500,E,N,A,-,Y,LA,NA,210,NA,R,28.385,H,NA,R,N,4,0,1,2,A,-,03,22350,NA,N,C,C,A,A,H,-,A,D,0,NA,NA,NA,NA,Y,NA,A,01,0,0,1,0,0,0,0,0,0,-,-,34.15238952636719,-118.09658050537108,LOS ANGELES,PASADENA,-118.09658050537108,34.152408599853516
91788339,2022,2022-06-06,9575,2022-05-28,1550,022651,NA,6,2,7,1942,0,1,3,NA,2,070,SR-118 W/B (RONALD REAGAN FREEWAY),SAN FERNANDO RD,40,W,N,A,-,Y,LA,NA,118,NA,R,12.385,H,NA,L,N,4,0,1,2,A,-,03,22350,NA,N,C,C,A,A,H,-,A,D,0,NA,NA,NA,NA,Y,NA,A,01,0,0,1,0,0,0,0,0,0,-,-,34.27241897583008,-118.42922973632813,LOS ANGELES,LOS ANGELES,-118.42919921875,34.27238845825195
91788342,2022,2022-06-06,9525,2022-06-03,1435,022645,NA,5,2,4,1905,0,1,1,NA,2,217,I-210 W/B (FOOTHILL FWY),CITRUS AVENUE,800,E,N,A,-,Y,LA,NA,210,NA,R,41.028,H,NA,L,Y,4,0,1,2,A,-,03,22350,NA,N,C,C,A,A,H,-,A,D,0,NA,NA,NA,NA,Y,NA,A,01,0,0,1,0,0,0,0,0,0,-,-,34.12102127075195,-117.8827667236328,LOS ANGELES,AZUSA,-117.8827667236328,34.121036529541016
91788343,2022,2022-06-06,9525,2022-05-28,1245,020216,NA,6,1,1,1934,0,1,1,NA,2,652,I-605 N/B TO I-210 W/B,I-210,500,S,N,B,-,Y,LA,NA,605,NA,NA,25.629,H,NA,L,Y,4,0,1,1,A,-,08,22107,NA,N,E,8,A,A,H,-,A,D,0,NA,NA,NA,NA,Y,NA,A,01,0,0,1,0,0,0,0,0,0,-,-,34.13302993774414,-117.95877838134766,LOS ANGELES,IRWINDALE,-117.9586181640625,34.13292694091797
91788345,2022,2022-06-06,9525,2022-05-28,1506,022630,NA,6,2,6,1955,0,1,3,NA,2,606,SR-60 E/B (POMONA FWY),RESERVIOR ST.,1056,W,N,B,-,Y,LA,NA,60,NA,R,30.121,H,NA,R,N,3,0,2,2,A,-,07,21658,A,F,B,C,A,A,H,-,A,D,0,NA,NA,NA,NA,Y,NA,A,07,0,2,0,0,0,0,0,0,0,-,-,34.02470016479492,-117.73529052734376,LOS ANGELES,POMONA,-117.73529052734376,34.02473449707031
91788449,2022,2022-06-06,9575,2022-05-28,1716,022651,NA,6,2,7,1942,0,1,1,NA,2,052,I-5 N/B (GOLDEN STATE FREEWAY),HOLLYWOOD WAY,1110,S,N,A,-,Y,LA,NA,5,NA,NA,32.124,H,NA,R,Y,3,0,2,2,A,-,07,21658,A,N,B,C,A,A,H,-,A,D,0,NA,NA,NA,NA,Y,NA,-,-,0,2,0,0,0,0,0,0,0,-,-,34.209739685058594,-118.34559631347656,LOS ANGELES,LOS ANGELES,-118.34556579589844,34.20976638793945
91788467,2022,2022-06-06,9575,2022-04-27,1050,022203,NA,3,1,7,1942,0,1,1,NA,2,061,I-210 E/B (FOOTHILL FREEWAY),OSBORNE ST,460,E,N,A,-,Y,LA,NA,210,NA,R,7.953,H,NA,R,Y,4,0,1,3,A,-,08,22107,NA,N,H,C,A,A,H,-,A,D,0,NA,NA,NA,Y,Y,NA,G,26,0,0,1,0,0,0,0,0,0,-,-,34.274688720703125,-118.37896728515624,LOS ANGELES,LOS ANGELES,-118.37901306152344,34.274532318115234
91788474,2022,2022-06-06,9575,2022-06-02,1155,018814,NA,4,1,7,1942,0,1,3,NA,2,044,SR-134 W/B (VENTURA FREEWAY),LEDGE AVE,110,E,N,A,-,Y,LA,NA,134,NA,NA,1.134,H,NA,L,N,4,0,1,2,A,-,08,22107,NA,N,C,C,A,A,H,-,A,D,0,NA,NA,NA,NA,Y,NA,A,01,0,0,1,0,0,0,0,0,0,-,-,34.15304183959961,-118.35669708251952,LOS ANGELES,LOS ANGELES,-118.35669708251952,34.15309143066406
91788615,2022,2022-06-06,9565,2022-05-21,2250,022646,NA,6,3,5,1928,0,1,1,NA,2,012,I-105 W/B (CENTURY FWY),VAN NESS AVENUE,775,W,N,A,-,Y,LA,NA,105,NA,R,5.081,H,NA,L,N,3,0,2,3,A,-,07,21658,A,N,C,C,A,A,H,-,D,D,0,NA,NA,NA,NA,Y,NA,A,01,0,2,0,0,0,0,0,0,0,-,-,33.925689697265625,-118.32047271728516,LOS ANGELES,HAWTHORNE,-118.32047271728516,33.9256591796875
91788616,2022,2022-06-06,9565,2022-05-23,0918,022442,NA,1,1,9,1900,0,3,5,NA,2,002,88TH ST,VERMONT AVE,175,W,N,B,-,N,NA,NA,NA,NA,NA,NA,NA,NA,NA,N,4,0,1,2,A,-,05,21202,A,F,H,G,A,A,H,-,A,D,0,NA,Y,NA,NA,Y,NA,L,04,0,0,1,0,0,0,1,0,0,-,-,33.95800018310547,-118.29248046875,LOS ANGELES,UNINCORPORATED,-118.29236602783205,33.95793914794922
91788618,2022,2022-06-06,9540,2022-05-27,1505,021124,NA,5,2,9,1900,0,1,3,NA,1,143,SR-14 S/B (ANTELOPE VALLEY FREEWAY),THE OLD ROAD,105,S,N,A,-,Y,LA,NA,14,NA,R,24.85,H,NA,L,Y,4,0,1,2,A,-,07,21658,A,N,D,2,A,A,H,-,A,D,0,NA,NA,NA,NA,Y,NA,D,22,0,0,1,0,0,0,0,0,0,-,-,34.33456039428711,-118.50843048095705,LOS ANGELES,UNINCORPORATED,-118.50843811035156,34.33456039428711
91788620,2022,2022-06-27,9540,2022-05-21,2050,021374,NA,6,2,9,1900,0,1,3,NA,2,126,MAGIC MOUNTAIN PKWY,I-5 S/B FROM MAGIC MOUNTAIN PKWY W/B,0,NA,Y,A,-,Y,NA,NA,NA,NA,NA,NA,NA,NA,NA,N,3,0,3,2,A,-,12,21453,A,N,D,C,A,A,H,-,C,A,0,NA,NA,NA,NA,Y,Y,D,22,0,2,1,0,0,0,0,0,0,-,-,34.42277145385742,-118.58377075195313,LOS ANGELES,UNINCORPORATED,-118.5819091796875,34.42406463623047