CASE_ID,ACCIDENT_YEAR,PROC_DATE,JURIS,COLLISION_DATE,COLLISION_TIME,OFFICER_ID,REPORTING_DISTRICT,DAY_OF_WEEK,CHP_SHIFT,POPULATION,CNTY_CITY_LOC,SPECIAL_COND,BEAT_TYPE,CHP_BEAT_TYPE,CITY_DIVISION_LAPD,CHP_BEAT_CLASS,BEAT_NUMBER,PRIMARY_RD,SECONDARY_RD,DISTANCE,DIRECTION,INTERSECTION,WEATHER_1,WEATHER_2,STATE_HWY_IND,CALTRANS_COUNTY,CALTRANS_DISTRICT,STATE_ROUTE,ROUTE_SUFFIX,POSTMILE_PREFIX,POSTMILE,LOCATION_TYPE,RAMP_INTERSECTION,SIDE_OF_HWY,TOW_AWAY,COLLISION_SEVERITY,NUMBER_KILLED,NUMBER_INJURED,PARTY_COUNT,PRIMARY_COLL_FACTOR,PCF_CODE_OF_VIOL,PCF_VIOL_CATEGORY,PCF_VIOLATION,PCF_VIOL_SUBSECTION,HIT_AND_RUN,TYPE_OF_COLLISION,MVIW,PED_ACTION,ROAD_SURFACE,ROAD_COND_1,ROAD_COND_2,LIGHTING,CONTROL_DEVICE,CHP_ROAD_TYPE,PEDESTRIAN_ACCIDENT,BICYCLE_ACCIDENT,MOTORCYCLE_ACCIDENT,TRUCK_ACCIDENT,NOT_PRIVATE_PROPERTY,ALCOHOL_INVOLVED,STWD_VEHTYPE_AT_FAULT,CHP_VEHTYPE_AT_FAULT,COUNT_SEVERE_INJ,COUNT_VISIBLE_INJ,COUNT_COMPLAINT_PAIN,COUNT_PED_KILLED,COUNT_PED_INJURED,COUNT_BICYCLIST_KILLED,COUNT_BICYCLIST_INJURED,COUNT_MC_KILLED,COUNT_MC_INJURED,PRIMARY_RAMP,SECONDARY_RAMP,LATITUDE,LONGITUDE,COUNTY,CITY,POINT_X,POINT_Y
91791118,2022,2022-06-08,9590,2022-05-26,2310,021848,NA,4,3,7,1942,0,1,1,NA,2,085,I-5 N/B (GOLDEN STATE FREEWAY),FLETCHER DRIVE,1600,N,N,A,-,Y,LA,NA,5,NA,NA,23.266,H,NA,R,N,3,0,1,1,A,-,01,23152,A,M,E,I,A,A,H,-,C,D,0,NA,NA,NA,NA,Y,Y,A,01,0,1,0,0,0,0,0,0,0,-,-,34.109039306640625,-118.25984954833984,LOS ANGELES,LOS ANGELES,-118.25994873046876,34.10890579223633
91791126,2022,2022-06-08,9535,2022-06-01,1835,022298,NA,3,2,9,1900,0,1,3,NA,2,600,SR-60 EASTBOUND,MEDNIK AVENUE,50,W,N,A,-,Y,LA,NA,60,NA,R,3.728,H,NA,R,N,4,0,1,2,A,-,03,22350,NA,N,C,C,A,A,H,-,A,D,0,NA,NA,NA,NA,Y,NA,A,07,0,0,1,0,0,0,0,0,0,-,-,34.03647994995117,-118.16214752197266,LOS ANGELES,UNINCORPORATED,-118.16214752197266,34.03641891479492
91791128,2022,2022-06-08,9535,2022-05-31,1415,022861,NA,2,2,3,1914,0,1,1,NA,2,500,I-5 (SANTA ANA FREEWAY) N/B,WASHINGTON BLVD,950,S,N,A,-,Y,LA,NA,5,NA,NA,11.567,H,NA,R,N,4,0,1,2,A,-,03,22350,NA,M,C,C,A,A,H,-,A,D,0,NA,NA,NA,NA,Y,NA,-,99,0,0,1,0,0,0,0,0,0,-,-,33.9952507019043,-118.14472198486328,LOS ANGELES,COMMERCE,-118.14479064941406,33.995201110839844
91791132,2022,2022-06-08,9550,2022-05-27,2145,022208,NA,5,2,6,1949,0,1,1,NA,2,651,INTERSTATE 605 (SAN GABRIEL RIVER FREEWAY),FIRESTONE BOULEVARD,1780,N,N,A,-,Y,LA,NA,605,NA,R,8.737,H,NA,R,N,4,0,2,3,A,-,03,22350,NA,N,C,C,A,D,H,-,E,D,0,NA,NA,NA,NA,Y,NA,A,01,0,0,2,0,0,0,0,0,0,-,-,33.92953872680664,-118.10252380371094,LOS ANGELES,NORWALK,-118.10244750976564,33.92951965332031
91791139,2022,2022-06-08,9550,2022-06-02,1900,022738,NA,4,2,9,1900,0,3,5,NA,2,003,TURNBULL CANYON ROAD,FINISTERRA PL,530,S,N,A,-,N,NA,NA,NA,NA,NA,NA,NA,NA,NA,Y,4,0,1,1,A,-,03,22350,NA,N,F,A,A,A,H,-,D,D,0,NA,NA,NA,NA,Y,NA,A,07,0,0,1,0,0,0,0,0,0,-,-,33.992759704589844,-117.99446105957033,LOS ANGELES,UNINCORPORATED,-117.99471282958984,33.993953704833984
91791149,2022,2022-06-08,9535,2022-05-26,0755,022783,NA,4,1,9,1900,0,3,5,NA,2,001,ROWAN AVE (600 S BLOCK),6TH STREET,140,S,N,A,-,N,NA,NA,NA,NA,NA,NA,NA,NA,NA,N,4,0,1,2,A,-,21,22106,NA,N,G,B,E,A,H,-,A,A,0,Y,NA,NA,NA,Y,NA,A,01,0,0,1,0,1,0,0,0,0,-,-,34.02796936035156,-118.18740844726564,LOS ANGELES,UNINCORPORATED,-118.18744659423828,34.02792739868164
91791151,2022,2022-06-08,9530,2022-06-02,1327,022852,NA,4,1,7,1942,0,1,1,NA,2,400,I-405 S/B (SAN DIEGO FREEWAY),NORMANDIE AVENUE,1220,S,N,A,-,Y,LA,NA,405,NA,NA,13.842,H,NA,L,N,4,0,1,2,A,-,07,21658,A,N,B,C,A,A,H,-,A,D,0,NA,NA,NA,Y,Y,NA,F,25,0,0,1,0,0,0,0,0,0,-,-,33.85963821411133,-118.2991180419922,LOS ANGELES,LOS ANGELES,-118.2991180419922,33.85972595214844
91791173,2022,2022-06-08,9530,2022-05-31,0850,020816,NA,2,1,9,1900,0,3,5,NA,2,002,COMPTON BLVD.,SAN PEDRO ST.,0,NA,Y,A,-,N,NA,NA,NA,NA,NA,NA,NA,NA,NA,N,4,0,2,2,A,-,12,21453,A,N,D,C,A,A,H,-,A,A,0,NA,NA,NA,NA,Y,NA,-,-,0,0,2,0,0,0,0,0,0,-,-,33.8951301574707,-118.26741027832033,LOS ANGELES,UNINCORPORATED,-118.26746368408205,33.89510726928711
91791175,2022,2022-06-08,9565,2022-05-29,1718,016074,NA,7,2,5,1965,0,1,1,NA,2,081,I-10 E/B (SANTA MONICA FWY),11TH ST,1000,E,N,A,-,Y,LA,NA,10,NA,R,2.551,H,NA,R,Y,3,0,1,3,A,-,07,21658,A,N,B,C,A,A,H,-,A,D,0,NA,NA,Y,NA,Y,NA,A,01,0,1,0,0,0,0,0,0,1,-,-,34.01850128173828,-118.4805908203125,LOS ANGELES,SANTA MONICA,-118.48054504394533,34.018463134765625
91791177,2022,2022-06-08,9550,2022-06-02,1920,021121,NA,4,2,9,1900,0,3,5,NA,2,002,COLIMA ROAD,LA MIRADA BOULEVARD,185,S,N,A,-,N,NA,NA,NA,NA,NA,NA,NA,NA,NA,Y,4,0,1,2,A,-,03,22350,NA,N,D,C,A,A,H,-,A,D,0,NA,NA,Y,NA,Y,NA,C,02,0,0,1,0,0,0,0,0,1,-,-,33.94091033935547,-118.01290130615234,LOS ANGELES,UNINCORPORATED,-118.0129165649414,33.940391540527344
91791192,2022,2022-06-08,9590,2022-06-02,0815,018345,NA,4,1,7,1942,0,1,1,NA,2,061,I-10 WB (SMF),ARLINGTON AVE.,390,W,N,A,-,Y,LA,NA,10,NA,R,12.236,H,NA,L,N,4,0,1,2,A,-,03,22350,NA,N,C,C,A,A,H,-,A,D,0,NA,NA,NA,NA,Y,NA,A,01,0,0,1,0,0,0,0,0,0,-,-,34.03662109375,-118.3191375732422,LOS ANGELES,LOS ANGELES,-118.3191375732422,34.036598205566406
91791200,2022,2022-06-08,9550,2022-05-27,1510,022167,NA,5,2,9,1900,0,3,5,NA,2,001,BROADWAY AVENUE,DICKY STREET,40,S,N,A,-,N,NA,NA,NA,NA,NA,NA,NA,NA,NA,N,3,0,1,2,A,-,08,22107,NA,N,D,C,A,A,H,-,A,D,0,NA,NA,NA,NA,Y,NA,A,01,0,1,0,0,0,0,0,0,0,-,-,33.97677993774414,-118.06556701660156,LOS ANGELES,UNINCORPORATED,-118.06553649902344,33.97681427001953
91791203,2022,2022-06-08,9530,2022-06-07,0805,020938,NA,2,1,7,1942,0,1,3,NA,2,310,SR-91 W/B (ARTESIA FREEWAY),I-110 N/B (HARBOR FREEWAY),50,E,N,A,-,Y,LA,NA,91,NA,NA,6.325,H,NA,L,N,4,0,1,2,A,-,03,22350,NA,N,C,C,A,A,H,-,A,D,0,NA,NA,NA,NA,Y,NA,A,07,0,0,1,0,0,0,0,0,0,-,-,33.87289810180664,-118.28549957275392,LOS ANGELES,LOS ANGELES,-118.28549957275392,33.872833251953125
91791216,2022,2022-06-08,9530,2022-06-01,2145,022022,NA,3,2,7,1942,0,1,1,NA,2,120,I-110 N/B (HARBOR FREEWAY),HARRY BRIDGES,2534,S,N,A,-,Y,LA,NA,110,NA,NA,2.293,H,NA,R,N,2,0,1,2,A,-,11,21954,A,N,G,B,E,A,H,-,E,D,0,Y,NA,NA,NA,Y,NA,N,60,1,0,0,0,1,0,0,0,0,-,-,33.7652587890625,-118.28286743164064,LOS ANGELES,LOS ANGELES,-118.28282165527344,33.76524353027344
91791230,2022,2022-06-08,9550,2022-05-29,1030,022391,NA,7,1,5,1908,0,1,3,NA,2,091,SR-91 EASTBOUND,WOODRUFF AVENUE,1584,E,N,A,-,Y,LA,NA,91,NA,R,16.432,H,NA,R,Y,4,0,3,2,D,-,00,NA,NA,N,C,C,A,A,H,-,A,D,0,NA,NA,NA,Y,Y,NA,-,-,0,0,3,0,0,0,0,0,0,-,-,33.876800537109375,-118.11113739013672,LOS ANGELES,BELLFLOWER,-118.11113739013672,33.876888275146484
91791256,2022,2022-06-08,9590,2022-05-28,1115,017733,NA,6,1,7,1942,0,1,3,NA,2,095,SR-2 W/B (GLF) TO I-5 S/B (GSF),LA RIVER,185,W,N,A,-,Y,LA,NA,2,NA,NA,15.507,H,NA,L,N,4,0,1,3,A,-,03,22350,NA,N,C,C,A,A,H,-,A,D,0,NA,NA,NA,NA,Y,NA,A,01,0,0,1,0,0,0,0,0,0,-,-,34.10784912109375,-118.24993133544922,LOS ANGELES,LOS ANGELES,-118.24978637695313,34.10784912109375
91791285,2022,2022-06-08,9530,2022-05-31,1727,017755,NA,2,2,5,1977,0,1,1,NA,2,410,I-405 S/B (SAN DIEGO FREEWAY),ALAMEDA ST.,1390,N,N,A,-,Y,LA,NA,405,NA,NA,9.045,H,NA,L,N,4,0,1,2,A,-,03,22350,NA,N,C,C,A,A,H,-,A,D,0,NA,NA,NA,NA,Y,NA,A,07,0,0,1,0,0,0,0,0,0,-,-,33.82561111450195,-118.2324676513672,LOS ANGELES,CARSON,-118.2324676513672,33.825660705566406
91791301,2022,2022-06-08,9545,2022-05-26,1600,021948,NA,4,2,9,1900,0,3,5,NA,2,004,77TH ST  E,SR-138,5,N,N,A,-,Y,LA,NA,138,NA,NA,54.191,H,NA,R,Y,4,0,1,1,A,-,03,22350,NA,N,E,I,A,A,H,-,A,A,0,NA,NA,NA,NA,Y,NA,A,01,0,0,1,0,0,0,0,0,0,-,-,34.521148681640625,-117.99266815185548,LOS ANGELES,UNINCORPORATED,-117.99266815185548,34.52106475830078
91791317,2022,2022-06-08,9525,2022-05-28,1705,022609,NA,6,2,9,1900,0,2,4,NA,2,057,BREA CANYON ROAD,TONNER CANYON ROAD,2640,N,N,A,-,Y,NA,NA,NA,NA,NA,NA,NA,NA,NA,Y,3,0,1,1,A,-,01,23152,A,N,E,I,A,A,H,-,A,D,0,NA,NA,NA,NA,Y,Y,A,01,0,1,0,0,0,0,0,0,0,-,-,33.94546890258789,-117.87074279785156,LOS ANGELES,UNINCORPORATED,NA,NA
91791323,2022,2022-06-08,9590,2022-05-31,1340,021069,NA,2,1,7,1942,0,1,1,NA,2,064,I-10 E/B (SMF) TO I-5 N/B (GSF),7TH STREET,100,W,N,A,-,Y,LA,NA,10,NA,NA,18.394,H,NA,R,Y,4,0,1,2,A,-,07,21658,A,N,B,C,A,A,H,-,A,D,0,NA,NA,NA,Y,Y,NA,A,01,0,0,1,0,0,0,0,0,0,-,-,34.03377151489258,-118.22090911865234,LOS ANGELES,LOS ANGELES,-118.2209701538086,34.03367233276367
91791334,2022,2022-06-08,9535,2022-05-30,0430,022842,NA,1,3,9,1900,0,3,5,NA,2,001,ALMA AVENUE (900 BLOCK),DUNDAS STREET,90,N,N,A,-,N,NA,NA,NA,NA,NA,NA,NA,NA,NA,N,4,0,2,4,A,-,08,22107,NA,N,C,C,A,A,H,-,C,D,0,NA,NA,NA,NA,Y,NA,A,01,0,0,2,0,0,0,0,0,0,-,-,34.04671859741211,-118.19197082519533,LOS ANGELES,UNINCORPORATED,-118.19194793701172,34.046688079833984
91791360,2022,2022-06-08,9565,2022-05-26,1430,021473,NA,4,2,9,1900,0,3,5,NA,2,003,FAIRFAX AVE,59TH ST,0,NA,Y,A,-,N,NA,NA,NA,NA,NA,NA,NA,NA,NA,Y,4,0,1,2,A,-,08,22107,NA,N,B,C,A,A,H,-,A,D,0,NA,NA,NA,NA,Y,NA,A,01,0,0,1,0,0,0,0,0,0,-,-,33.986690521240234,-118.3622817993164,LOS ANGELES,UNINCORPORATED,-118.36227416992188,33.986663818359375
91791375,2022,2022-06-08,9525,2022-06-02,1033,020552,NA,4,1,3,1921,0,1,1,NA,2,212,I-210 E/B (FOOTHILL FWY),HIGHLAND AVE,200,W,N,A,-,Y,LA,NA,210,NA,R,35.844,H,NA,R,Y,4,0,1,3,A,-,07,21658,A,N,B,C,A,A,H,-,A,D,0,NA,NA,NA,NA,Y,NA,A,01,0,0,1,0,0,0,0,0,0,-,-,34.135520935058594,-117.96726989746094,LOS ANGELES,DUARTE,-117.96726989746094,34.13548278808594
91791394,2022,2022-06-08,9535,2022-06-06,1000,018633,NA,1,1,5,1901,0,1,1,NA,2,421,I-10 (SAN BERNARDINO FREEWAY) W/B,GARFIELD AVE.,500,W,N,A,-,Y,LA,NA,10,NA,NA,23.903,H,NA,L,N,4,0,1,2,A,-,03,22350,NA,N,C,C,A,A,H,-,A,D,0,NA,NA,NA,NA,Y,NA,A,01,0,0,1,0,0,0,0,0,0,-,-,34.071659088134766,-118.12451934814452,LOS ANGELES,ALHAMBRA,-118.12451934814452,34.0717887878418
91791432,2022,2022-06-08,9565,2022-05-27,1005,017289,NA,5,1,4,1918,0,1,1,NA,2,061,I-405 S/B,JEFFERSON BLVD.,262,S,N,A,-,Y,LA,NA,405,NA,NA,25.886,H,NA,L,N,4,0,1,2,A,-,17,23114,A,M,E,J,A,A,H,-,A,D,0,NA,NA,NA,NA,Y,NA,-,99,0,0,1,0,0,0,0,0,0,-,-,33.98693084716797,-118.3986587524414,LOS ANGELES,CULVER CITY,-118.3986358642578,33.986942291259766
91791433,2022,2022-06-08,9580,2022-06-08,0820,016413,NA,3,1,7,1942,0,1,2,NA,2,102,US-101 N/B (VENTURA FREEWAY),WOODMAN AVE,1056,N,N,A,-,Y,NA,NA,NA,NA,NA,NA,NA,NA,NA,N,4,0,2,2,A,-,03,22350,NA,N,C,C,A,A,H,-,A,D,0,NA,NA,NA,NA,Y,NA,A,01,0,0,2,0,0,0,0,0,0,-,-,34.15583038330078,-118.4747314453125,LOS ANGELES,LOS ANGELES,-118.43106079101564,34.15571975708008
91791436,2022,2022-06-08,9575,2022-05-26,1635,021006,NA,4,2,6,1925,0,1,3,NA,2,042,SR-134 E/B (VENTURA FWY.) FROM PACIFIC AVE.,PACIFIC AVE.,350,W,N,A,-,Y,LA,NA,134,NA,R,6.679,H,NA,R,Y,3,0,2,2,A,-,03,22350,NA,N,C,C,A,A,H,-,A,A,0,NA,NA,NA,NA,Y,NA,A,01,0,1,1,0,0,0,0,0,0,-,-,34.15599822998047,-118.26286315917967,LOS ANGELES,GLENDALE,-118.26287841796876,34.15623092651367
91791440,2022,2022-06-09,9580,2022-06-08,1600,022717,NA,3,2,7,1942,0,1,2,NA,2,105,US-101 S/B (VENTURA FREEWAY),PARKWAY CALABASAS,750,S,N,A,-,Y,LA,NA,101,NA,NA,27.813,H,NA,L,N,3,0,1,3,A,-,03,22350,NA,N,C,C,A,A,H,-,A,D,0,NA,NA,NA,NA,Y,NA,A,01,0,1,0,0,0,0,0,0,0,-,-,34.15653991699219,-118.6447982788086,LOS ANGELES,LOS ANGELES,-118.64474487304688,34.15645980834961
91791443,2022,2022-06-09,9550,2022-06-03,1205,022778,NA,5,1,5,1919,0,1,3,NA,2,091,STATE ROUTE 91 WESTBOUND,GRIDLEY STREET,900,E,N,A,-,Y,LA,NA,91,NA,R,17.745,H,NA,L,N,4,0,2,2,A,-,07,21658,A,N,B,C,A,A,H,-,A,D,0,NA,NA,NA,Y,Y,NA,G,25,0,0,2,0,0,0,0,0,0,-,-,33.87656021118164,-118.08850860595705,LOS ANGELES,CERRITOS,-118.08850860595705,33.87646484375
91791445,2022,2022-06-09,9525,2022-06-02,1850,021995,NA,4,2,4,1913,0,1,1,NA,2,110,I-10 E/B (SAN BERNARDINO FWY),INDIAN HILL BLVD,1003,W,N,B,-,Y,LA,NA,10,NA,NA,47.543,H,NA,R,N,3,0,1,1,C,-,18,NA,NA,N,E,J,A,A,C,-,A,D,0,NA,NA,NA,NA,Y,NA,-,-,0,1,0,0,0,0,0,0,0,-,-,34.08155822753906,-117.72280120849608,LOS ANGELES,CLAREMONT,-117.72280120849608,34.08159255981445
91791447,2022,2022-06-09,9575,2022-06-01,0815,022110,NA,3,1,7,1942,0,1,1,NA,2,052,I-5 S/B (GOLDEN STATE FREEWAY),SUNLAND BOULEVARD,1320,N,N,A,-,Y,LA,NA,5,NA,NA,33.947,H,NA,L,Y,3,0,2,2,A,-,03,22350,NA,N,C,C,A,A,H,-,A,D,0,NA,NA,NA,Y,Y,NA,G,25,0,1,1,0,0,0,0,0,0,-,-,34.2229118347168,-118.37119293212892,LOS ANGELES,LOS ANGELES,-118.37118530273438,34.22291946411133
91791448,2022,2022-06-09,9550,2022-06-03,1640,022789,NA,5,2,6,1949,0,1,1,NA,2,650,I-605 N/B,I-5,450,S,N,A,-,Y,LA,NA,605,NA,R,9.521,H,NA,R,Y,3,0,1,3,A,-,03,22350,NA,N,C,C,A,A,H,-,A,D,0,NA,NA,NA,NA,Y,NA,A,07,0,1,0,0,0,0,0,0,0,-,-,33.93996810913086,-118.09725952148438,LOS ANGELES,NORWALK,-118.09716033935548,33.93993377685547
91791450,2022,2022-06-09,9575,2022-06-01,2259,017414,NA,3,3,7,1942,0,1,1,NA,2,053,I-5 S/B (GOLDEN STATE FREEWAY),TERRA BELLA ST.,75,S,N,A,-,Y,LA,NA,5,NA,NA,37.948,H,NA,L,Y,3,0,1,3,A,-,03,22350,NA,N,C,C,A,A,H,-,D,D,0,NA,NA,NA,NA,Y,Y,A,07,0,1,0,0,0,0,0,0,0,-,-,34.250431060791016,-118.4285125732422,LOS ANGELES,LOS ANGELES,-118.42856597900392,34.250389099121094
91791455,2022,2022-06-09,9550,2022-05-25,0910,016237,NA,3,1,9,1900,0,3,5,NA,2,003,LOS ROBLES AVENUE,TURNBULL CANYON RD,0,NA,Y,A,-,N,NA,NA,NA,NA,NA,NA,NA,NA,NA,Y,3,0,1,2,A,-,12,21453,A,N,D,C,A,A,H,-,A,A,0,NA,NA,NA,NA,Y,NA,A,01,0,1,0,0,0,0,0,0,0,-,-,34.00896072387695,-117.98159790039064,LOS ANGELES,UNINCORPORATED,-117.97978973388672,34.00813674926758
91791457,2022,2022-06-09,9525,2022-06-03,1555,022009,NA,5,2,6,1955,0,1,3,NA,2,572,SR-57 N/B TO I-10 E/B,TEMPLE AVE,5280,N,N,A,-,Y,NA,NA,NA,NA,NA,NA,NA,NA,NA,Y,2,0,1,2,A,-,03,22350,NA,N,C,C,A,A,H,-,A,D,0,NA,NA,NA,Y,Y,NA,A,07,1,0,0,0,0,0,0,0,0,-,-,34.0623893737793,-117.80493927001952,LOS ANGELES,POMONA,-117.80493927001952,34.0623893737793
91791632,2022,2022-06-09,9540,2022-05-27,1415,021374,NA,5,2,9,1900,0,1,3,NA,2,146,SR-14 N/B (ANTELOPE VALLEY FREEWAY),PURITAN MINE ROAD,3696,S,N,A,-,Y,LA,NA,14,NA,NA,45.034,H,NA,R,Y,2,0,2,3,A,-,08,22107,NA,N,G,E,E,A,H,-,A,D,0,Y,NA,NA,NA,Y,NA,A,01,2,0,0,0,1,0,0,0,0,-,-,34.50143814086914,-118.25591278076172,LOS ANGELES,UNINCORPORATED,-118.25598907470705,34.501495361328125
91791636,2022,2022-06-09,9565,2022-05-27,1155,022810,NA,5,1,9,1900,0,1,1,NA,2,060,I-405 N/B (SAN DIEGO FREEWAY),CENTURY BLVD,623,S,N,A,-,Y,LA,NA,405,NA,NA,22.156,H,NA,R,Y,3,0,2,4,A,-,03,22350,NA,N,C,C,A,A,H,-,A,D,0,NA,NA,NA,Y,Y,NA,F,26,0,2,0,0,0,0,0,0,0,-,-,33.94430160522461,-118.36827087402344,LOS ANGELES,UNINCORPORATED,-118.3682098388672,33.94430160522461
91791660,2022,2022-06-09,9565,2022-05-27,1300,022715,NA,5,1,9,1900,0,1,1,NA,2,010,I-105 WB TO I-405 NB,LENNOX BLVD.,1400,S,N,A,-,Y,NA,NA,NA,NA,NA,NA,NA,NA,NA,Y,4,0,1,2,A,-,07,21658,A,N,B,C,A,A,H,-,A,D,0,NA,NA,Y,NA,Y,NA,A,07,0,0,1,0,0,0,0,0,1,-,-,33.934329986572266,-118.367919921875,LOS ANGELES,UNINCORPORATED,NA,NA
91791664,2022,2022-06-09,9550,2022-06-08,1430,022738,NA,3,2,9,1900,0,2,4,NA,1,013,NORWALK BOULEVARD,WASHINGTON BOULEVARD,530,N,N,A,-,N,NA,NA,NA,NA,NA,NA,NA,NA,NA,N,3,0,1,2,A,-,08,22107,NA,N,G,B,F,A,H,-,A,D,0,Y,NA,NA,NA,Y,NA,A,01,0,1,0,0,1,0,0,0,0,-,-,33.97420883178711,-118.07459259033205,LOS ANGELES,UNINCORPORATED,-118.07456970214844,33.97386932373047
91791683,2022,2022-06-09,9545,2022-05-30,1920,022844,NA,1,2,9,1900,0,1,3,NA,1,042,SR-138 (PEARBLOSSOM HGHWAY),106TH ST  E,0,NA,Y,A,G,Y,LA,NA,138,NA,NA,57.18,H,NA,R,Y,3,0,1,2,A,-,09,21802,A,N,D,C,A,A,H,-,A,A,0,NA,NA,NA,NA,Y,NA,A,07,0,1,0,0,0,0,0,0,0,-,-,34.5211296081543,-117.94052124023438,LOS ANGELES,UNINCORPORATED,-117.94052124023438,34.521034240722656
91791684,2022,2022-06-09,9540,2022-06-04,1853,021190,NA,6,2,9,1900,0,1,1,NA,2,509,I-5 S/B,FRONTAGE ROAD,1800,S,N,A,-,Y,LA,NA,5,NA,R,63.81,H,NA,L,N,4,0,2,2,A,-,03,22350,NA,N,C,C,A,A,H,-,A,D,0,NA,NA,NA,NA,Y,NA,A,01,0,0,2,0,0,0,0,0,0,-,-,34.54808044433594,-118.66100311279295,LOS ANGELES,UNINCORPORATED,-118.66096496582033,34.54812240600586
91791690,2022,2022-06-09,9540,2022-06-01,1704,022405,NA,3,2,7,1942,0,1,1,NA,2,210,I-210 W/B (FOOTHILL FREEWAY),ROXFORD ST.,2000,W,N,A,-,Y,LA,NA,210,NA,R,1.546,H,NA,L,N,4,0,1,2,A,-,08,22107,NA,N,B,2,A,A,D,-,A,D,0,NA,NA,NA,Y,Y,NA,G,25,0,0,1,0,0,0,0,0,0,-,-,34.32373046875,-118.46717834472656,LOS ANGELES,LOS ANGELES,-118.46717834472656,34.32369613647461
91791694,2022,2022-06-09,9545,2022-06-05,1340,022093,NA,7,1,9,1900,0,1,3,NA,2,031,SR-14 NORTHBOUND,MOUNTAIN SPRINGS RD,550,N,N,A,-,Y,LA,NA,14,NA,R,53.911,H,NA,R,N,4,0,1,3,A,-,03,22350,NA,N,C,C,A,A,H,-,A,D,0,NA,NA,NA,NA,Y,NA,A,01,0,0,1,0,0,0,0,0,0,-,-,34.50325012207031,-118.11721801757813,LOS ANGELES,UNINCORPORATED,-118.11722564697266,34.50325393676758
91791697,2022,2022-06-09,9580,2022-06-09,0600,016413,NA,4,1,7,1942,0,1,1,NA,2,407,I-405 S/B (SAN DIEGO FWY),NORDHOFF ST,1584,N,N,A,-,Y,LA,NA,405,NA,NA,45.458,H,NA,L,N,4,0,2,3,A,-,03,22350,NA,N,C,C,A,A,H,-,A,D,0,NA,NA,NA,NA,Y,NA,D,22,0,0,2,0,0,0,0,0,0,-,-,34.245849609375,-118.47318267822266,LOS ANGELES,LOS ANGELES,-118.47304534912108,34.24584197998047
91791705,2022,2022-06-09,9580,2022-06-07,1030,022437,NA,2,1,7,1942,0,1,3,NA,2,171,I-5 S/B (GOLDEN STATE FWY) TO SR-170 S/B (HOLLYWOO,SHELDON AVE,1584,N,N,A,-,Y,LA,NA,170,NA,R,20.393,H,NA,L,Y,4,0,1,2,A,-,03,22350,NA,N,C,2,A,A,H,-,A,D,0,NA,NA,NA,NA,Y,NA,A,01,0,0,1,0,0,0,0,0,0,-,-,34.23212814331055,-118.41026306152344,LOS ANGELES,LOS ANGELES,-118.41030120849608,34.232120513916016
91791718,2022,2022-06-09,9550,2022-05-31,1504,020861,NA,2,2,3,1964,0,1,1,NA,2,650,I-605 SB TO I-5 (SAN GABRIEL RIVER FREEWAY),DAVENRICH STREET,200,S,N,A,-,Y,LA,NA,605,NA,R,9.911,H,NA,L,Y,3,0,1,2,A,-,03,22350,NA,N,C,C,A,A,H,-,A,D,0,NA,NA,Y,NA,Y,NA,C,02,0,1,0,0,0,0,0,0,1,-,-,33.94525909423828,-118.09484100341795,LOS ANGELES,SANTA FE SPRINGS,-118.09465026855467,33.9451904296875
91791719,2022,2022-06-09,9575,2022-05-29,2207,022839,NA,7,3,9,1900,0,2,4,NA,2,020,ALTADENA DRIVE (400 BLOCK),THURIN AVENUE,132,E,N,A,-,N,NA,NA,NA,NA,NA,NA,NA,NA,NA,Y,3,0,1,1,A,-,01,23152,A,N,E,I,A,A,H,-,C,D,0,NA,NA,NA,NA,Y,Y,A,07,0,1,0,0,0,0,0,0,0,-,-,34.197540283203125,-118.15644073486328,LOS ANGELES,UNINCORPORATED,-118.156494140625,34.197471618652344
91791748,2022,2022-06-09,9540,2022-05-16,1505,021190,NA,1,2,9,1900,0,3,5,NA,2,001,VALENCIA BOULEVARD,OLD ROCK ROAD,75,E,N,A,-,N,NA,NA,NA,NA,NA,NA,NA,NA,NA,N,4,0,1,2,A,-,07,21658,A,F,B,C,A,A,H,-,A,D,0,NA,NA,NA,NA,Y,NA,D,22,0,0,1,0,0,0,0,0,0,-,-,34.40325164794922,-118.59185791015624,LOS ANGELES,UNINCORPORATED,-118.592041015625,34.40333938598633
91791758,2022,2022-06-09,9540,2022-05-10,0215,022533,NA,2,3,9,1900,0,1,1,NA,2,508,I-5 N/B,LAKE HUGHES ROAD,2718,N,N,A,-,Y,LA,NA,5,NA,R,60.03,H,NA,R,N,1,1,0,2,A,-,11,21954,A,N,G,B,D,A,H,-,D,D,0,Y,NA,NA,Y,Y,NA,N,60,0,0,0,1,0,0,0,0,0,-,-,34.5028190612793,-118.62802886962892,LOS ANGELES,UNINCORPORATED,-118.62807464599608,34.50278854370117
91791762,2022,2022-06-09,9540,2022-04-10,0150,022415,NA,7,3,9,1900,0,1,1,NA,2,506,I-5 N/B,VALENCIA BLVD,2700,S,N,A,-,Y,LA,NA,5,NA,R,51.917,H,NA,R,Y,1,1,0,1,A,-,08,22107,NA,N,E,I,A,A,H,-,D,D,0,NA,NA,NA,NA,Y,NA,A,01,0,0,0,0,0,0,0,0,0,-,-,34.400901794433594,-118.5727081298828,LOS ANGELES,UNINCORPORATED,-118.57285308837892,34.400856018066406