CASE_ID,ACCIDENT_YEAR,PROC_DATE,JURIS,COLLISION_DATE,COLLISION_TIME,OFFICER_ID,REPORTING_DISTRICT,DAY_OF_WEEK,CHP_SHIFT,POPULATION,CNTY_CITY_LOC,SPECIAL_COND,BEAT_TYPE,CHP_BEAT_TYPE,CITY_DIVISION_LAPD,CHP_BEAT_CLASS,BEAT_NUMBER,PRIMARY_RD,SECONDARY_RD,DISTANCE,DIRECTION,INTERSECTION,WEATHER_1,WEATHER_2,STATE_HWY_IND,CALTRANS_COUNTY,CALTRANS_DISTRICT,STATE_ROUTE,ROUTE_SUFFIX,POSTMILE_PREFIX,POSTMILE,LOCATION_TYPE,RAMP_INTERSECTION,SIDE_OF_HWY,TOW_AWAY,COLLISION_SEVERITY,NUMBER_KILLED,NUMBER_INJURED,PARTY_COUNT,PRIMARY_COLL_FACTOR,PCF_CODE_OF_VIOL,PCF_VIOL_CATEGORY,PCF_VIOLATION,PCF_VIOL_SUBSECTION,HIT_AND_RUN,TYPE_OF_COLLISION,MVIW,PED_ACTION,ROAD_SURFACE,ROAD_COND_1,ROAD_COND_2,LIGHTING,CONTROL_DEVICE,CHP_ROAD_TYPE,PEDESTRIAN_ACCIDENT,BICYCLE_ACCIDENT,MOTORCYCLE_ACCIDENT,TRUCK_ACCIDENT,NOT_PRIVATE_PROPERTY,ALCOHOL_INVOLVED,STWD_VEHTYPE_AT_FAULT,CHP_VEHTYPE_AT_FAULT,COUNT_SEVERE_INJ,COUNT_VISIBLE_INJ,COUNT_COMPLAINT_PAIN,COUNT_PED_KILLED,COUNT_PED_INJURED,COUNT_BICYCLIST_KILLED,COUNT_BICYCLIST_INJURED,COUNT_MC_KILLED,COUNT_MC_INJURED,PRIMARY_RAMP,SECONDARY_RAMP,LATITUDE,LONGITUDE,COUNTY,CITY,POINT_X,POINT_Y
91796999,2022,2022-06-16,9525,2022-06-10,1625,021809,NA,5,2,6,1975,0,1,1,NA,2,105,I-10 W/B (SAN BERNARDINO FWY),VINCENT AVENUE,1300,E,N,A,-,Y,LA,NA,10,NA,NA,36.253,H,NA,L,Y,4,0,2,2,A,-,03,22350,NA,N,C,C,A,A,H,-,A,D,0,NA,NA,NA,NA,Y,NA,A,01,0,0,2,0,0,0,0,0,0,-,-,34.072471618652344,-117.91187286376952,LOS ANGELES,WEST COVINA,-117.91187286376952,34.07227325439453
91797006,2022,2022-06-16,9590,2022-06-15,1925,021040,NA,3,2,7,1942,0,1,3,NA,2,095,SR-2 W/B (GLENDALE FREEWAY),YORK BOULEVARD,200,E,N,A,-,Y,LA,NA,2,NA,R,17.32,H,NA,L,Y,4,0,1,1,A,-,08,22107,NA,N,E,I,A,A,H,-,A,D,0,NA,NA,NA,NA,Y,NA,A,01,0,0,1,0,0,0,0,0,0,-,-,34.12546920776367,-118.22841644287108,LOS ANGELES,LOS ANGELES,-118.22836303710938,34.12546920776367
91797007,2022,2022-06-16,9590,2022-06-05,1800,022369,NA,7,2,7,1942,0,1,1,NA,2,050,I-110 N/B (HAF) FROM MANCHESTER AVENUE,MANCHESTER AVENUE,5,N,N,A,-,Y,NA,NA,NA,NA,NA,NA,NA,NA,NA,N,3,0,1,2,A,-,10,21950,A,F,G,G,A,A,H,-,A,A,0,NA,Y,NA,NA,Y,NA,-,99,0,1,0,0,0,0,1,0,0,-,-,33.960208892822266,-118.27941131591795,LOS ANGELES,LOS ANGELES,-118.27941131591795,33.960208892822266
91797015,2022,2022-06-16,9575,2022-06-07,1855,022479,NA,2,2,9,1900,0,3,5,NA,2,008,DEL MAR BLVD. (3600 E),LOTUS AVE. (200 S),5,W,N,A,-,N,NA,NA,NA,NA,NA,NA,NA,NA,NA,N,3,0,1,2,A,-,10,21950,A,N,G,B,B,A,H,-,A,A,0,Y,NA,NA,NA,Y,NA,A,01,0,1,0,0,1,0,0,0,0,-,-,34.142269134521484,-118.07650756835938,LOS ANGELES,UNINCORPORATED,-118.07642364501952,34.142250061035156
91797018,2022,2022-06-16,9535,2022-06-07,1555,022694,NA,2,2,5,1947,0,1,3,NA,2,600,SR-60 (POMONA FREEWAY) E/B,GARFIELD AVE.,528,E,N,A,-,Y,LA,NA,60,NA,R,5.676,H,NA,R,N,4,0,1,3,A,-,03,22350,NA,N,C,C,A,A,H,-,A,D,0,NA,NA,NA,NA,Y,NA,A,01,0,0,1,0,0,0,0,0,0,-,-,34.0330810546875,-118.12908172607422,LOS ANGELES,MONTEBELLO,-118.12908172607422,34.033042907714844
91797042,2022,2022-06-16,9535,2022-06-07,0955,022740,NA,2,1,9,1900,0,3,5,NA,2,001,FLORAL DRIVE,ALMA AVENUE,45,E,N,A,-,N,NA,NA,NA,NA,NA,NA,NA,NA,NA,Y,4,0,1,3,A,-,08,22107,NA,N,B,E,A,A,H,-,A,D,0,NA,NA,NA,NA,Y,NA,A,07,0,0,1,0,0,0,0,0,0,-,-,34.042449951171875,-118.19123840332033,LOS ANGELES,UNINCORPORATED,-118.19129180908205,34.04248809814453
91797049,2022,2022-06-16,9590,2022-05-25,1610,018538,NA,3,2,7,1942,0,1,1,NA,2,051,I-110 S/B (HARBOR FWY.),CENTURY BLVD.,150,N,N,A,-,Y,LA,NA,110,NA,NA,15.011,H,NA,L,Y,3,0,1,2,A,-,08,22107,NA,N,D,C,A,A,H,-,A,D,0,NA,NA,NA,NA,Y,NA,A,01,0,1,0,0,0,0,0,0,0,-,-,33.94601058959961,-118.2798080444336,LOS ANGELES,LOS ANGELES,-118.27983856201172,33.94601058959961
91797054,2022,2022-06-16,9525,2022-06-06,0955,018997,NA,1,1,1,1934,0,1,1,NA,2,203,I-210 W/B (FOOTHILL FWY),VERNON AVENUE,600,E,N,A,-,Y,LA,NA,210,NA,R,38.679,H,NA,L,Y,3,0,3,4,A,-,07,21658,A,F,B,C,A,A,H,-,A,D,0,NA,NA,NA,NA,Y,NA,-,99,0,1,2,0,0,0,0,0,0,-,-,34.12839126586914,-117.9201431274414,LOS ANGELES,IRWINDALE,-117.92013549804688,34.128395080566406
91797063,2022,2022-06-16,9525,2022-06-16,1110,019966,NA,4,1,1,1934,0,1,1,NA,2,203,I-210 W/B (FOOTHILL FWY),I-605 N/B (SAN GABRIEL RIVER FWY),300,E,N,A,-,Y,LA,NA,210,NA,R,36.466,H,NA,L,Y,4,0,1,2,A,-,03,22350,NA,N,C,C,A,A,H,-,A,D,0,NA,NA,NA,NA,Y,NA,A,01,0,0,1,0,0,0,0,0,0,-,-,34.13414001464844,-117.9565887451172,LOS ANGELES,IRWINDALE,-117.95657348632813,34.134185791015625
91797070,2022,2022-06-16,9525,2022-06-08,1755,022655,NA,3,2,6,1955,0,1,3,NA,2,571,SR-57 S/B (ORANGE FWY),TEMPLE AVE,2100,N,N,A,-,Y,LA,NA,57,NA,R,6.97,H,NA,L,Y,2,0,1,1,A,-,08,22107,NA,N,E,8,A,A,H,-,A,D,0,NA,NA,NA,NA,Y,NA,D,22,1,0,0,0,0,0,0,0,0,-,-,34.0546989440918,-117.80330657958984,LOS ANGELES,POMONA,-117.80340576171876,34.05467987060547
91797082,2022,2022-06-16,9530,2022-05-10,1615,022760,NA,2,2,9,1900,0,3,5,NA,2,006,VERMONT AVE.,DEL AMO BLVD.,0,NA,Y,A,-,N,NA,NA,NA,NA,NA,NA,NA,NA,NA,Y,4,0,1,2,A,-,09,21801,A,N,D,C,A,A,H,-,A,A,0,NA,NA,NA,NA,Y,NA,A,01,0,0,1,0,0,0,0,0,0,-,-,33.84632110595703,-118.29054260253906,LOS ANGELES,UNINCORPORATED,-118.29039001464844,33.84624481201172
91797104,2022,2022-06-17,9580,2022-06-10,1500,019679,NA,5,2,7,1942,0,1,3,NA,2,116,SR-118 E/B (RONALD REAGAN FWY.),OF THE EAST ROAD EDGE OF TAMPA AVENUE,528,E,N,A,-,Y,LA,NA,118,NA,R,4.888,H,NA,R,N,3,0,2,3,A,-,07,21658,A,N,B,C,A,A,H,-,A,D,0,NA,NA,NA,NA,Y,NA,A,01,0,2,0,0,0,0,0,0,0,-,-,34.272579193115234,-118.5518798828125,LOS ANGELES,LOS ANGELES,-118.55188751220705,34.27260208129883
91797122,2022,2022-06-17,9525,2022-06-15,1838,020989,NA,3,2,3,1921,0,1,1,NA,2,202,I-210 E/B (FOOTHILL FWY),BUENA VISTA ST,3168,E,N,A,-,Y,LA,NA,210,NA,R,35.836,H,NA,R,Y,2,0,1,4,A,-,03,22350,NA,F,C,C,A,A,H,-,A,D,0,NA,NA,NA,NA,Y,NA,A,01,1,0,0,0,0,0,0,0,0,-,-,34.135501861572266,-117.9674072265625,LOS ANGELES,DUARTE,-117.9674072265625,34.13547897338867
91797123,2022,2023-12-28,9565,2022-06-05,0035,022671,NA,7,3,5,1928,0,1,1,NA,2,060,I-405 NORTHBOUND TO I-105 FREEWAY,EL SEGUNDO BOULEVARD,3700,N,N,A,-,Y,NA,NA,NA,NA,NA,NA,NA,NA,NA,N,3,0,1,2,A,-,01,23152,A,N,C,C,A,A,H,-,C,D,0,NA,NA,NA,NA,Y,Y,A,01,0,1,0,0,0,0,0,0,0,-,-,33.92723083496094,-118.367431640625,LOS ANGELES,HAWTHORNE,-118.367431640625,33.92723083496094
91797124,2022,2022-06-17,9580,2022-06-05,1210,021522,NA,7,1,7,1942,0,1,2,NA,2,104,US-101 N/B (VENTURA FREEWAY),LINDLEY AVE,70,N,N,A,-,Y,LA,NA,101,NA,NA,20.782,H,NA,R,Y,3,0,2,2,A,-,08,22107,NA,N,C,C,A,A,H,-,A,D,0,NA,NA,Y,NA,Y,NA,-,-,0,1,1,0,0,0,0,0,2,-,-,34.171268463134766,-118.52806854248048,LOS ANGELES,LOS ANGELES,-118.52806854248048,34.1712760925293
91797130,2022,2022-07-06,9565,2022-06-06,1633,021889,NA,1,2,9,1900,0,2,4,NA,1,054,ADMIRALTY WAY,BALI WAY,500,N,N,B,-,N,NA,NA,NA,NA,NA,NA,NA,NA,NA,N,3,0,1,2,A,-,03,22350,NA,N,D,C,A,A,H,-,A,D,0,NA,NA,NA,NA,Y,NA,M,93,0,1,0,0,0,0,0,0,0,-,-,33.98352813720703,-118.44490051269533,LOS ANGELES,UNINCORPORATED,-118.44265747070313,33.983150482177734
91797381,2022,2022-06-17,9540,2022-06-08,1530,021124,NA,3,2,6,1985,0,1,3,NA,1,142,SR-14 N/B (ANTELOPE VALLEY FREEWAY),NEWHALL AVENUE,2300,N,N,A,-,Y,LA,NA,14,NA,R,26.678,H,NA,R,Y,3,0,1,3,A,-,07,21658,A,N,C,C,A,A,H,-,A,D,0,NA,NA,Y,NA,Y,NA,A,01,0,1,0,0,0,0,0,0,1,-,-,34.36021041870117,-118.50607299804688,LOS ANGELES,SANTA CLARITA,-118.50601196289064,34.360198974609375
91797399,2022,2022-06-17,9540,2022-06-06,0910,018513,NA,1,1,6,1985,0,1,3,NA,1,145,SR-14 S/B (ANTELOPE VALLEY FREEWAY),CEDAR VALLEY RD,1056,S,N,A,-,Y,LA,NA,14,NA,R,30.384,H,NA,L,Y,4,0,1,3,A,-,03,22350,NA,N,C,C,A,A,H,-,A,D,0,NA,NA,NA,NA,Y,NA,A,07,0,0,1,0,0,0,0,0,0,-,-,34.39841842651367,-118.4626007080078,LOS ANGELES,SANTA CLARITA,-118.46255493164064,34.39837646484375
91797412,2022,2022-06-17,9550,2022-06-12,1400,022512,NA,7,2,6,1949,0,1,1,NA,2,501,I-5 S/B,ROSECRANS AVENUE,1860,N,N,A,-,Y,LA,NA,5,NA,NA,3.869,H,NA,L,N,4,0,3,2,A,-,03,22350,NA,N,C,C,A,A,H,-,A,D,0,NA,NA,NA,NA,Y,NA,A,01,0,0,3,0,0,0,0,0,0,-,-,33.906410217285156,-118.06688690185548,LOS ANGELES,NORWALK,-118.06671142578124,33.90653610229492
91797454,2022,2022-06-17,9580,2022-06-09,1835,022632,NA,4,2,7,1942,0,1,1,NA,2,405,I-405 S/B (SAN DIEGO FWY),BURBANK BLVD,1600,S,N,A,-,Y,LA,NA,405,NA,NA,39.972,H,NA,L,Y,4,0,3,4,A,-,03,22350,NA,N,C,C,A,A,H,-,A,D,0,NA,NA,NA,NA,Y,NA,A,01,0,0,3,0,0,0,0,0,0,-,-,34.167850494384766,-118.46910095214844,LOS ANGELES,LOS ANGELES,-118.468994140625,34.16780471801758
91797465,2022,2022-06-17,9525,2022-06-13,1150,018505,NA,1,1,5,1906,0,1,1,NA,2,103,I-10 W/B (SAN BERNARDINO FWY),BALDWIN PARK BLVD,450,W,N,B,-,Y,LA,NA,10,NA,NA,32.121,H,NA,L,Y,4,0,2,3,A,-,03,22350,NA,N,C,C,A,A,H,-,A,D,0,NA,NA,NA,NA,Y,NA,A,08,0,0,2,0,0,0,0,0,0,-,-,34.06753158569336,-117.98336029052734,LOS ANGELES,BALDWIN PARK,-117.98333740234376,34.067413330078125
91797541,2022,2022-06-17,9575,2022-06-07,1916,022651,NA,2,2,7,1942,0,1,1,NA,2,053,I-5 N/B (GOLDEN STATE FREEWAY),PAXTON ST,1175,S,N,A,-,Y,LA,NA,5,NA,NA,38.833,H,NA,R,N,4,0,1,4,A,-,03,22350,NA,N,C,C,A,A,H,-,A,D,0,NA,NA,NA,NA,Y,NA,A,01,0,0,1,0,0,0,0,0,0,-,-,34.260231018066406,-118.4385223388672,LOS ANGELES,LOS ANGELES,-118.43860626220705,34.260169982910156
91797543,2022,2022-06-17,9535,2022-06-09,0845,022085,NA,4,1,3,1914,0,1,1,NA,2,072,I-710 (LONG BEACH FREEWAY) N/B,EASTYARD R/R OVERHEAD,75,S,N,A,-,Y,LA,NA,710,NA,NA,22.669,H,NA,R,N,4,0,1,2,A,-,04,21703,NA,N,C,C,A,A,H,-,A,D,0,NA,NA,NA,NA,Y,NA,A,01,0,0,1,0,0,0,0,0,0,-,-,34.00775146484375,-118.17233276367188,LOS ANGELES,COMMERCE,-118.17228698730467,34.007747650146484
91797590,2022,2022-06-17,9565,2022-06-07,1820,022576,NA,2,2,7,1942,0,1,1,NA,2,083,I-10 W/B (SANTA MONICA FREEWAY),CATTARAUGUS AVE,550,W,N,B,-,Y,LA,NA,10,NA,R,8.225,H,NA,L,Y,4,0,1,2,A,-,03,22350,NA,N,C,2,A,A,H,-,A,D,0,NA,NA,NA,NA,Y,NA,A,07,0,0,1,0,0,0,0,0,0,-,-,34.0331916809082,-118.38706970214844,LOS ANGELES,LOS ANGELES,-118.38710784912108,34.03323745727539
91797615,2022,2022-06-17,9540,2022-05-31,1812,022405,NA,2,2,7,1942,0,1,1,NA,1,501,I-5 S/B (GOLDEN STATE FREEWAY),ROXFORD ST.,5075,S,N,A,-,Y,LA,NA,5,NA,NA,41.69,H,NA,L,Y,4,0,1,3,A,-,07,21658,A,N,C,C,A,A,H,-,A,D,0,NA,NA,NA,NA,Y,NA,A,01,0,0,1,0,0,0,0,0,0,-,-,34.292320251464844,-118.46869659423828,LOS ANGELES,LOS ANGELES,-118.46884155273438,34.2922248840332
91797622,2022,2022-06-17,9535,2022-06-09,2205,022641,NA,4,3,9,1900,0,3,5,NA,2,001,STATE UNIVERSITY DR.,CAMPUS RD,0,NA,Y,A,-,N,NA,NA,NA,NA,NA,NA,NA,NA,NA,N,4,0,2,1,A,-,08,22107,NA,N,E,I,A,A,H,-,C,A,0,NA,NA,NA,NA,Y,NA,A,01,0,0,2,0,0,0,0,0,0,-,-,34.06222152709961,-118.1716079711914,LOS ANGELES,UNINCORPORATED,-118.17142486572266,34.0623893737793
91797633,2022,2022-06-17,9565,2022-06-07,1625,022780,NA,2,2,9,1900,0,3,5,NA,2,004,LA CIENEGA BOULEVARD S/B,EL SEGUNDO BOULEVARD,0,NA,Y,A,-,Y,NA,NA,NA,NA,NA,NA,NA,NA,NA,N,4,0,1,2,A,-,08,22107,NA,N,B,C,A,A,H,-,A,A,0,NA,NA,NA,NA,Y,NA,-,-,0,0,1,0,0,0,0,0,0,-,-,33.91646957397461,-118.37156677246094,LOS ANGELES,UNINCORPORATED,-118.37149810791016,33.916481018066406
91797640,2022,2022-06-17,9590,2022-04-22,1100,021926,NA,5,1,7,1942,0,1,1,NA,2,010,SR-110 N/B (ARROYO SECO PARKWAY),STADIUM WAY,100,S,N,A,-,Y,LA,NA,110,NA,NA,24.433,H,NA,R,N,4,0,1,2,A,-,07,21658,A,F,B,C,A,A,H,-,A,D,0,NA,NA,NA,NA,Y,NA,-,99,0,0,1,0,0,0,0,0,0,-,-,34.067718505859375,-118.23838806152344,LOS ANGELES,LOS ANGELES,-118.23837280273438,34.06769943237305
91797684,2022,2022-06-17,9565,2022-05-20,0405,021786,NA,5,3,6,1933,0,1,1,NA,2,060,I-405 NB TO I-105,EL SEGUNDO BLVD.,550,N,N,A,-,Y,LA,NA,405,NA,NA,20.341,H,NA,R,N,4,0,1,2,A,-,03,22350,NA,N,C,C,A,A,H,-,C,D,0,NA,NA,NA,NA,Y,NA,A,07,0,0,1,0,0,0,0,0,0,-,-,33.91802978515625,-118.36943817138672,LOS ANGELES,INGLEWOOD,-118.36973571777344,33.91807174682617
91797688,2022,2022-06-17,9525,2022-06-08,0810,018364,NA,3,1,9,1900,0,2,4,NA,2,045,VALLEY BOULEVARD E/B (14900 BLOCK),CALIFORNIA AVENUE,225,E,N,A,-,N,NA,NA,NA,NA,NA,NA,NA,NA,NA,Y,4,0,1,3,A,-,07,21658,A,N,B,C,A,A,H,-,A,D,0,NA,NA,NA,Y,Y,NA,A,01,0,0,1,0,0,0,0,0,0,-,-,34.030799865722656,-117.96896362304688,LOS ANGELES,UNINCORPORATED,-117.96898651123048,34.03089904785156
91797693,2022,2022-06-17,9535,2022-06-10,1040,016642,NA,5,1,9,1900,0,1,3,NA,2,601,SR-60 W/B (POMONA FREEWAY),MEDNIK AVENUE,100,E,N,A,-,Y,LA,NA,60,NA,R,3.778,H,NA,L,N,4,0,1,2,A,-,03,22350,NA,N,C,D,A,A,H,-,A,D,0,NA,NA,NA,Y,Y,NA,F,55,0,0,1,0,0,0,0,0,0,-,-,34.036720275878906,-118.16130065917967,LOS ANGELES,UNINCORPORATED,-118.16130065917967,34.03667068481445
91797732,2022,2022-07-05,9580,2022-06-08,2215,022551,NA,3,3,7,1942,0,1,2,NA,2,105,US-101 S/B (VENTURA FREEWAY),WINNETKA AVE,2200,N,N,A,-,Y,LA,NA,101,NA,NA,23.664,H,NA,L,Y,2,0,2,2,A,-,03,22350,NA,N,C,C,A,A,H,-,D,D,0,NA,NA,NA,NA,Y,NA,A,01,1,0,1,0,0,0,0,0,0,-,-,34.16984939575195,-118.5771713256836,LOS ANGELES,LOS ANGELES,-118.57713317871094,34.1697883605957
91797733,2022,2022-06-17,9590,2022-04-27,1015,021926,NA,3,1,7,1942,0,1,2,NA,2,070,US-101 N/B (HOF),"RAMPART BLVD,",400,S,N,A,-,Y,LA,NA,101,NA,NA,3.34,H,NA,R,N,3,0,1,5,A,-,03,22350,NA,M,C,C,A,A,H,-,A,D,0,NA,NA,NA,NA,Y,NA,A,01,0,1,0,0,0,0,0,0,0,-,-,34.07514953613281,-118.27423095703124,LOS ANGELES,LOS ANGELES,-118.27420043945313,34.07522201538086
91797748,2022,2022-06-17,9535,2022-06-10,0955,022017,NA,5,1,6,1922,0,1,1,NA,2,401,INTERSTATE 10 (SAN BERNARDINO FREEWAY) W/B,PECK ROAD,500,W,N,A,-,Y,LA,NA,10,NA,NA,29.393,H,NA,L,N,4,0,3,5,A,-,03,22350,NA,N,C,C,A,A,H,-,A,D,0,NA,NA,NA,NA,Y,NA,D,22,0,0,3,0,0,0,0,0,0,-,-,34.06813049316406,-118.02977752685548,LOS ANGELES,EL MONTE,-118.02977752685548,34.06806564331055
91797775,2022,2022-08-23,9590,2022-06-10,1635,022741,NA,5,2,7,1942,0,1,1,NA,2,061,I-10 W/B (SANTA MONICA FREEWAY),CRENSHAW BOULEVARD,300,E,N,A,-,Y,LA,NA,10,NA,R,11.468,H,NA,L,Y,3,0,3,3,A,-,03,22350,NA,N,C,C,A,A,H,-,A,D,0,NA,NA,NA,NA,Y,NA,A,01,0,1,2,0,0,0,0,0,0,-,-,34.03548812866211,-118.3323974609375,LOS ANGELES,LOS ANGELES,-118.33238220214844,34.03522872924805
91797785,2022,2022-06-17,9550,2022-06-13,0820,021934,NA,1,1,9,1900,0,1,3,NA,2,600,SR-60 WB,CROSSROADS PARKWAY,4580,E,N,B,-,Y,LA,NA,60,NA,NA,13.501,H,NA,L,Y,3,0,1,3,A,-,07,21658,A,M,B,C,A,A,H,-,A,D,0,NA,NA,Y,NA,Y,NA,A,07,0,1,0,0,0,0,0,0,1,-,-,34.02735137939453,-117.9977569580078,LOS ANGELES,UNINCORPORATED,-117.99774169921876,34.02737808227539
91797788,2022,2022-06-17,9535,2022-06-11,1150,022783,NA,6,1,9,1900,0,1,1,NA,2,500,I-5 N/B (SANTA ANA FREEWAY),I-710 N/B (LONG BEACH FREEWAY),1056,S,N,A,-,Y,LA,NA,5,NA,NA,13.535,H,NA,R,N,4,0,1,2,A,-,03,22350,NA,N,C,C,A,A,H,-,A,D,0,NA,NA,NA,NA,Y,NA,A,07,0,0,1,0,0,0,0,0,0,-,-,34.0148811340332,-118.16902923583984,LOS ANGELES,UNINCORPORATED,-118.16903686523438,34.014869689941406
91797790,2022,2022-06-17,9575,2022-06-08,1610,021006,NA,3,2,5,1902,0,1,1,NA,2,065,I-210 E/B (FOOTHILL FREEWAY),MICHILLINDA AVE.,850,E,N,A,-,Y,LA,NA,210,NA,R,29.983,H,NA,R,Y,4,0,3,2,A,-,03,22350,NA,N,C,C,A,A,H,-,A,D,0,NA,NA,NA,NA,Y,NA,A,07,0,0,3,0,0,0,0,0,0,-,-,34.148521423339844,-118.06475067138672,LOS ANGELES,ARCADIA,-118.06475067138672,34.14857864379883
91797818,2022,2022-06-17,9590,2022-06-08,0930,017733,NA,3,1,7,1942,0,1,1,NA,2,083,I-5 S/B (GOLDEN STATE FREEWAY),ALTMAN STREET,85,N,N,A,-,Y,LA,NA,5,NA,NA,21.554,H,NA,L,Y,4,0,1,3,A,-,03,22350,NA,N,C,C,A,A,H,-,A,D,0,NA,NA,NA,NA,Y,NA,D,22,0,0,1,0,0,0,0,0,0,-,-,34.091068267822266,-118.23963165283205,LOS ANGELES,LOS ANGELES,-118.23966979980467,34.09104537963867
91797843,2022,2022-06-17,9590,2022-06-16,0308,021998,NA,4,3,7,1942,0,1,1,NA,2,060,INTERSTATE 10 EASTBOUND (SANTA MONICA FREEWAY),ARLINGTON AVENUE,1000,W,N,A,-,Y,LA,NA,10,NA,R,11.799,H,NA,R,Y,4,0,2,3,A,-,07,21658,A,F,B,2,A,A,H,-,C,D,0,NA,NA,NA,NA,Y,NA,A,01,0,0,2,0,0,0,0,0,0,-,-,34.0352783203125,-118.32660675048828,LOS ANGELES,LOS ANGELES,-118.32662200927734,34.03535461425781
91797851,2022,2022-06-17,9535,2022-06-12,1015,022011,NA,7,1,9,1900,0,3,5,NA,2,002,LA VERNE AVE.,6TH ST.,0,NA,Y,A,-,N,NA,NA,NA,NA,NA,NA,NA,NA,NA,Y,4,0,2,2,A,-,12,22450,A,N,D,C,A,A,H,-,A,A,0,NA,NA,NA,NA,Y,NA,A,07,0,0,2,0,0,0,0,0,0,-,-,34.025909423828125,-118.16082000732422,LOS ANGELES,UNINCORPORATED,-118.16085052490234,34.02592086791992
91797853,2022,2022-06-17,9525,2022-05-23,0618,018366,NA,1,1,4,1946,0,1,1,NA,2,212,I-210 E/B (FOOTHILL FWY),HUNTINGTON DR.,380,W,N,A,-,Y,NA,NA,NA,NA,NA,NA,NA,NA,NA,Y,3,0,3,4,A,-,03,22350,NA,N,C,C,A,A,H,-,A,D,0,NA,NA,NA,NA,Y,NA,A,07,0,1,2,0,0,0,0,0,0,-,-,34.14126968383789,-117.017822265625,LOS ANGELES,MONROVIA,-118.01758575439452,34.141056060791016
91797866,2022,2022-06-17,9590,2022-06-07,0504,022384,NA,2,3,7,1942,0,1,1,NA,2,021,I-10 W/B (SAN BERNARDINO FREEWAY) COLLECTOR,STATE STREET,440,E,N,A,-,Y,LA,NA,10,NA,NA,18.612,H,NA,L,N,4,0,1,1,A,-,08,22107,NA,N,E,8,A,A,H,-,C,D,0,NA,NA,NA,NA,Y,NA,A,01,0,0,1,0,0,0,0,0,0,-,-,34.054840087890625,-118.21035003662108,LOS ANGELES,LOS ANGELES,-118.21043395996094,34.054630279541016
91797871,2022,2022-06-17,9565,2022-06-08,1435,019696,NA,3,2,7,1942,0,1,1,NA,2,082,I-10 E/B TO I-405 N/B,PICO BLVD,30,S,N,A,-,Y,LA,NA,405,NA,NA,29.915,H,NA,R,N,4,0,1,2,A,-,03,22350,NA,N,C,C,A,A,H,-,A,D,0,NA,NA,NA,NA,Y,NA,A,01,0,0,1,0,0,0,0,0,0,-,-,34.03548049926758,-118.43760681152344,LOS ANGELES,LOS ANGELES,-118.43780517578124,34.035400390625
91797896,2022,2022-06-27,9590,2022-06-07,1050,021606,NA,2,1,7,1942,0,1,2,NA,2,073,US-101 S/B (HOLLYWOOD FREEWAY) TO MELROSE AVENUE,NORMANDIE AVE.,500,N,N,A,-,Y,LA,NA,101,NA,NA,5.108,H,NA,L,N,4,0,1,2,A,-,06,21755,NA,F,B,C,A,A,H,-,A,D,0,NA,NA,NA,NA,Y,NA,A,07,0,0,1,0,0,0,0,0,0,-,-,34.08551025390625,-118.30201721191406,LOS ANGELES,LOS ANGELES,-118.30186462402344,34.085662841796875
91797902,2022,2022-06-17,9590,2022-05-19,1120,021926,NA,4,1,7,1942,0,1,1,NA,2,061,I-10 W/B (SANTA MONICA FREEWAY),WASHINGTON BLVD,200,E,N,B,-,Y,LA,NA,10,NA,R,9.39,H,NA,L,N,4,0,2,3,A,-,03,22350,NA,N,C,C,A,A,H,-,A,D,0,NA,NA,NA,NA,Y,NA,A,01,0,0,2,0,0,0,0,0,0,-,-,34.03498077392578,-118.36842346191406,LOS ANGELES,LOS ANGELES,-118.36837768554688,34.035118103027344
91797903,2022,2022-06-17,9535,2022-06-13,1145,022011,NA,1,1,9,1900,0,1,1,NA,2,501,I-5 (SANTA ANA FWY) S/B,DITMAN AVE.,300,N,N,B,-,Y,LA,NA,5,NA,NA,14.899,H,NA,L,Y,4,0,1,3,A,-,03,22350,NA,N,C,C,A,A,H,-,A,D,0,NA,NA,NA,NA,Y,NA,A,08,0,0,1,0,0,0,0,0,0,-,-,34.01993179321289,-118.19126129150392,LOS ANGELES,UNINCORPORATED,-118.19124603271484,34.02006530761719
91797915,2022,2022-06-17,9590,2022-06-14,1740,021040,NA,2,2,7,1942,0,1,3,NA,2,095,SR-2 W/B (GLENDALE FREEWAY),AVENUE 36,600,E,N,A,-,Y,LA,NA,2,NA,R,16.808,H,NA,L,Y,4,0,2,3,A,-,07,21658,A,N,B,C,A,A,H,-,A,D,0,NA,NA,NA,NA,Y,NA,A,01,0,0,2,0,0,0,0,0,0,-,-,34.11933135986328,-118.23252105712892,LOS ANGELES,LOS ANGELES,-118.23251342773438,34.119319915771484
91797929,2022,2022-06-17,9525,2022-06-16,1710,022021,NA,4,2,6,1955,0,1,3,NA,2,071,SR-71 S/B (CHINO VALLEY FWY),SR-60 W/B (POMONA FWY),528,N,N,A,-,Y,LA,NA,71,NA,R,4.247,H,NA,R,Y,4,0,1,2,A,-,03,22350,NA,N,C,C,A,A,H,-,A,D,0,NA,NA,NA,NA,Y,NA,D,22,0,0,1,0,0,0,0,0,0,-,-,34.024871826171875,-117.7511978149414,LOS ANGELES,POMONA,-117.75118255615234,34.02488327026367