CASE_ID,ACCIDENT_YEAR,PROC_DATE,JURIS,COLLISION_DATE,COLLISION_TIME,OFFICER_ID,REPORTING_DISTRICT,DAY_OF_WEEK,CHP_SHIFT,POPULATION,CNTY_CITY_LOC,SPECIAL_COND,BEAT_TYPE,CHP_BEAT_TYPE,CITY_DIVISION_LAPD,CHP_BEAT_CLASS,BEAT_NUMBER,PRIMARY_RD,SECONDARY_RD,DISTANCE,DIRECTION,INTERSECTION,WEATHER_1,WEATHER_2,STATE_HWY_IND,CALTRANS_COUNTY,CALTRANS_DISTRICT,STATE_ROUTE,ROUTE_SUFFIX,POSTMILE_PREFIX,POSTMILE,LOCATION_TYPE,RAMP_INTERSECTION,SIDE_OF_HWY,TOW_AWAY,COLLISION_SEVERITY,NUMBER_KILLED,NUMBER_INJURED,PARTY_COUNT,PRIMARY_COLL_FACTOR,PCF_CODE_OF_VIOL,PCF_VIOL_CATEGORY,PCF_VIOLATION,PCF_VIOL_SUBSECTION,HIT_AND_RUN,TYPE_OF_COLLISION,MVIW,PED_ACTION,ROAD_SURFACE,ROAD_COND_1,ROAD_COND_2,LIGHTING,CONTROL_DEVICE,CHP_ROAD_TYPE,PEDESTRIAN_ACCIDENT,BICYCLE_ACCIDENT,MOTORCYCLE_ACCIDENT,TRUCK_ACCIDENT,NOT_PRIVATE_PROPERTY,ALCOHOL_INVOLVED,STWD_VEHTYPE_AT_FAULT,CHP_VEHTYPE_AT_FAULT,COUNT_SEVERE_INJ,COUNT_VISIBLE_INJ,COUNT_COMPLAINT_PAIN,COUNT_PED_KILLED,COUNT_PED_INJURED,COUNT_BICYCLIST_KILLED,COUNT_BICYCLIST_INJURED,COUNT_MC_KILLED,COUNT_MC_INJURED,PRIMARY_RAMP,SECONDARY_RAMP,LATITUDE,LONGITUDE,COUNTY,CITY,POINT_X,POINT_Y
91804653,2022,2022-06-28,9545,2022-06-21,0925,022732,NA,2,1,9,1900,0,3,5,NA,2,004,AVENUE K,115TH ST E,795,E,N,A,-,N,NA,NA,NA,NA,NA,NA,NA,NA,NA,Y,3,0,1,1,A,-,08,22107,NA,N,E,I,A,A,H,-,A,D,0,NA,NA,NA,NA,Y,NA,A,01,0,1,0,0,0,0,0,0,0,-,-,34.67536163330078,-117.92337799072266,LOS ANGELES,UNINCORPORATED,-117.92312622070313,34.675262451171875
91804656,2022,2022-06-28,9580,2022-06-27,0130,022573,NA,1,3,7,1942,0,1,1,NA,2,404,I-405 N/B (SAN DIEGO FWY),SHERMAN WAY,400,S,N,A,-,Y,LA,NA,405,NA,NA,42.294,H,NA,R,N,4,0,1,2,A,-,08,22107,NA,M,B,C,A,A,H,-,D,D,0,NA,NA,NA,NA,Y,NA,-,99,0,0,1,0,0,0,0,0,0,-,-,34.19995880126953,-118.4735870361328,LOS ANGELES,LOS ANGELES,-118.47360229492188,34.1999626159668
91804658,2022,2022-06-28,9545,2022-06-20,0830,022732,NA,1,1,9,1900,0,3,5,NA,2,002,20TH STREET WEST,AVENUE O,0,NA,Y,A,-,N,NA,NA,NA,NA,NA,NA,NA,NA,NA,Y,3,0,2,3,A,-,12,22450,A,N,D,C,A,A,H,-,A,A,0,NA,NA,NA,NA,Y,NA,A,01,0,1,1,0,0,0,0,0,0,-,-,34.61642074584961,-118.16551208496094,LOS ANGELES,UNINCORPORATED,-118.16549682617188,34.61639404296875
91804660,2022,2022-06-28,9580,2022-06-24,2050,022663,NA,5,2,7,1942,0,1,2,NA,2,102,US-101 N/B (VENTURA FREEWAY),SEPULVEDA BLVD,1584,S,N,A,-,Y,LA,NA,101,NA,NA,16.634,H,NA,R,Y,4,0,1,1,A,-,08,22107,NA,N,B,C,A,A,H,-,D,D,0,NA,NA,NA,NA,Y,NA,A,01,0,0,1,0,0,0,0,0,0,-,-,34.159488677978516,-118.4606704711914,LOS ANGELES,LOS ANGELES,-118.46067810058594,34.15943145751953
91804661,2022,2022-06-28,9540,2022-06-19,0210,022464,NA,7,3,7,1942,0,1,1,NA,2,504,I-5 N/B TRUCK ROUTE,SIERRA HIGHWAY,2853,S,N,A,-,Y,LA,NA,5,S,C,44.978,H,NA,L,Y,3,0,1,1,A,-,01,23152,A,N,E,I,A,A,H,-,C,D,0,NA,NA,NA,NA,Y,Y,A,01,0,1,0,0,0,0,0,0,0,-,-,34.326419830322266,-118.50228881835938,LOS ANGELES,LOS ANGELES,-118.50234985351564,34.326412200927734
91804671,2022,2022-06-28,9580,2022-06-23,1730,021291,NA,4,2,7,1942,0,1,3,NA,2,171,SR-170 S/B (HOLLYWOOD FWY.),RIVERSIDE DR,200,S,N,A,-,Y,LA,NA,170,NA,R,14.81,H,NA,L,N,4,0,1,2,A,-,03,22350,NA,N,C,C,A,A,H,-,A,D,0,NA,NA,NA,NA,Y,NA,A,01,0,0,1,0,0,0,0,0,0,-,-,34.15700912475586,-118.3794174194336,LOS ANGELES,LOS ANGELES,-118.3793716430664,34.15702438354492
91804674,2022,2022-06-28,9545,2022-06-18,1250,022732,NA,6,1,9,1900,0,3,5,NA,2,004,PALMDALE BLVD,LONGVIEW ROAD,13,E,N,A,-,N,NA,NA,NA,NA,NA,NA,NA,NA,NA,N,4,0,2,1,A,-,08,22107,NA,N,E,I,A,A,H,-,A,D,0,NA,NA,NA,NA,Y,NA,A,01,0,0,2,0,0,0,0,0,0,-,-,34.580108642578125,-117.88961791992188,LOS ANGELES,UNINCORPORATED,-117.88956451416016,34.58000183105469
91804681,2022,2022-06-28,9580,2022-06-22,1415,021212,NA,3,2,7,1942,0,1,2,NA,2,104,US-101 N/B (VENTURA FREEWAY),TAMPA AVE,600,S,N,A,-,Y,LA,NA,101,NA,NA,21.919,H,NA,R,Y,4,0,3,3,A,-,03,22350,NA,N,C,C,A,A,H,-,A,D,0,NA,NA,NA,NA,Y,NA,A,01,0,0,3,0,0,0,0,0,0,-,-,34.173561096191406,-118.54741668701172,LOS ANGELES,LOS ANGELES,-118.54741668701172,34.17355728149414
91804684,2022,2022-06-28,9580,2022-06-18,1715,022632,NA,6,2,7,1942,0,1,2,NA,2,101,US-101 S/B (VENTURA FREEWAY),WOODMAN AVE,1700,S,N,A,-,Y,LA,NA,101,NA,NA,14.563,H,NA,L,N,4,0,1,1,A,-,08,22107,NA,N,E,I,A,A,H,-,A,D,0,NA,NA,NA,NA,Y,NA,A,01,0,0,1,0,0,0,0,0,0,-,-,34.156009674072266,-118.42546081542967,LOS ANGELES,LOS ANGELES,-118.42543029785156,34.155914306640625
91804692,2022,2022-06-28,9545,2022-06-22,2315,021434,NA,3,3,9,1900,0,1,3,NA,2,021,SR-14 S/B,BARREL SPRINGS ROAD,2112,S,N,A,-,Y,LA,NA,14,NA,R,56.99,H,NA,L,Y,3,0,3,4,A,-,01,23152,A,N,C,C,A,A,H,-,D,D,0,NA,NA,NA,Y,Y,Y,A,07,0,1,2,0,0,0,0,0,0,-,-,34.54235076904297,-118.1252899169922,LOS ANGELES,UNINCORPORATED,-118.12528228759766,34.542354583740234
91804693,2022,2022-06-28,9575,2022-06-16,0840,018814,NA,4,1,7,1942,0,1,3,NA,2,043,SR-134 E/B (VENTURA FREEWAY),VICTORY BLVD,775,W,N,A,-,Y,LA,NA,134,NA,NA,4.641,H,NA,R,N,3,0,1,4,A,-,03,22350,NA,N,C,C,A,A,H,-,A,D,0,NA,NA,NA,NA,Y,NA,A,07,0,1,0,0,0,0,0,0,0,-,-,34.1556282043457,-118.29686737060548,LOS ANGELES,LOS ANGELES,-118.29688262939452,34.155574798583984
91804710,2022,2022-06-28,9580,2022-06-20,1630,022755,NA,1,2,7,1942,0,1,1,NA,2,407,I-405 S/B (SAN DIEGO FWY),ROSCOE BLVD,211,N,N,A,-,Y,LA,NA,405,NA,NA,44.183,H,NA,L,N,4,0,1,2,A,-,08,22107,NA,N,C,C,A,A,H,-,A,D,0,NA,NA,NA,NA,Y,NA,A,07,0,0,1,0,0,0,0,0,0,-,-,34.22732925415039,-118.47332000732422,LOS ANGELES,LOS ANGELES,-118.47325897216795,34.22732925415039
91804727,2022,2022-06-28,9540,2022-06-25,1505,022182,NA,6,2,9,1900,0,3,5,NA,2,200,SIERRA HIGHWAY,SR-14 (ANTELOPE VALLEY FREEWAY),50,W,N,A,-,Y,LA,NA,14,NA,R,25.154,H,NA,L,Y,4,0,2,2,A,-,08,22107,NA,N,B,E,A,A,H,-,A,D,0,NA,NA,NA,NA,Y,NA,A,01,0,0,2,0,0,0,0,0,0,-,-,34.33884811401367,-118.5072021484375,LOS ANGELES,UNINCORPORATED,-118.50722503662108,34.33885955810547
91804764,2022,2022-06-28,9540,2022-06-25,0625,022385,NA,6,1,7,1942,0,1,1,NA,2,500,I-5 N/B (GOLDEN STATE FREEWAY),ROXFORD STREET,2640,S,N,A,-,Y,LA,NA,5,NA,NA,42.137,H,NA,R,Y,4,0,1,2,A,-,03,22350,NA,N,B,C,A,A,H,-,A,D,0,NA,NA,NA,NA,Y,NA,A,01,0,0,1,0,0,0,0,0,0,-,-,34.29759979248047,-118.473876953125,LOS ANGELES,LOS ANGELES,-118.47393035888672,34.29756546020508
91804779,2022,2022-06-28,9530,2022-06-06,0950,016842,NA,1,1,9,1900,0,1,1,NA,2,120,I-110 S/B (HARBOR FREEWAY),CARSON ST.,200,N,N,A,-,Y,LA,NA,110,NA,NA,7.138,H,NA,L,N,4,0,1,2,A,-,08,22107,NA,N,E,C,A,A,H,-,A,A,0,NA,NA,NA,Y,Y,NA,A,07,0,0,1,0,0,0,0,0,0,-,-,33.833370208740234,-118.28755950927734,LOS ANGELES,UNINCORPORATED,-118.2874755859375,33.833370208740234
91804785,2022,2022-06-28,9565,2022-06-20,0450,022786,NA,1,3,5,1928,0,1,1,NA,2,012,I-105 W/B (CENTURY FREEWAY),CRENSHAW BOULEVARD,750,E,N,A,-,Y,LA,NA,105,NA,R,4.888,H,NA,L,Y,3,0,1,4,A,-,01,23152,A,N,A,C,A,A,H,-,D,D,0,NA,NA,NA,NA,Y,Y,A,01,0,1,0,0,0,0,0,0,0,-,-,33.92552947998047,-118.32386779785156,LOS ANGELES,HAWTHORNE,-118.32386779785156,33.92554473876953
91804788,2022,2022-06-28,9545,2022-06-23,1300,020244,NA,4,1,9,1900,0,1,3,NA,2,021,SR-14 N/B,TECHNOLOGY DR,5,N,N,A,-,Y,LA,NA,14,NA,R,60.727,H,NA,R,Y,3,0,2,2,A,-,03,22350,NA,N,B,C,A,A,H,-,A,D,0,NA,NA,NA,NA,Y,NA,A,07,0,1,1,0,0,0,0,0,0,-,-,34.59463882446289,-118.1346435546875,LOS ANGELES,UNINCORPORATED,-118.13457489013672,34.59466552734375
91804793,2022,2022-06-28,9575,2022-06-17,1910,020918,NA,5,2,7,1942,0,1,3,NA,2,043,SR-134 E/B (VENTURA FREEWAY),FOREST LAWN DR.,250,E,N,A,-,Y,LA,NA,134,NA,NA,3.871,H,NA,R,N,4,0,2,3,A,-,03,22350,NA,N,C,C,A,A,H,-,A,D,0,NA,NA,NA,NA,Y,NA,A,01,0,0,2,0,0,0,0,0,0,-,-,34.15504837036133,-118.31004333496094,LOS ANGELES,LOS ANGELES,-118.31004333496094,34.15505599975586
91804809,2021,2022-06-28,9590,2021-07-05,0447,022304,NA,1,3,7,1942,0,1,2,NA,2,073,US-101 S/B (HOLLYWOOD FREEWAY),PILGRIMAGE BRIDGE,1016,N,N,A,-,Y,NA,NA,101,NA,NA,NA,NA,NA,S,Y,1,1,1,3,A,-,01,23152,A,N,G,C,E,A,H,-,D,D,0,Y,NA,NA,NA,Y,Y,A,07,0,1,0,1,0,0,0,0,0,-,-,34.11724090576172,-118.33738708496094,LOS ANGELES,LOS ANGELES,-118.33738708496094,34.11724090576172
91804812,2022,2022-06-28,9575,2022-06-16,1740,020542,NA,4,2,6,1953,0,1,1,NA,2,064,I-210 W/B (FOOTHILL FREEWAY),HILL AVE.,300,E,N,A,-,Y,LA,NA,210,NA,R,27.056,H,NA,L,Y,4,0,2,3,A,-,03,22350,NA,N,C,C,A,A,H,-,A,D,0,NA,NA,NA,NA,Y,NA,A,01,0,0,2,0,0,0,0,0,0,-,-,34.152530670166016,-118.11968231201172,LOS ANGELES,PASADENA,-118.11968231201172,34.152503967285156
91804817,2022,2022-06-28,9590,2022-05-21,2235,022710,NA,6,3,7,1942,0,1,1,NA,2,081,I-5 S/B (GOLDEN STATE FREEWAY),MAIN ST,100,N,N,A,-,Y,LA,NA,5,NA,NA,19.248,H,NA,L,Y,4,0,1,4,A,-,03,22350,NA,N,B,C,A,A,H,-,D,D,0,NA,NA,NA,Y,Y,NA,G,27,0,0,1,0,0,0,0,0,0,-,-,34.06660079956055,-118.21646881103516,LOS ANGELES,LOS ANGELES,-118.21640777587892,34.06660079956055
91804832,2022,2022-06-28,9590,2022-05-07,0542,022313,NA,6,3,7,1942,0,1,3,NA,2,031,SR-60 W/B (POMONA FREEWAY) TO US-101 N/B (SANTA AN,MARIETTA STREET,300,E,N,A,-,Y,LA,NA,60,NA,R,0.821,H,NA,L,N,3,0,1,2,A,-,07,21658,A,N,C,C,A,A,H,-,A,D,0,NA,NA,NA,NA,Y,NA,A,01,0,1,0,0,0,0,0,0,0,-,-,34.028968811035156,-118.21128845214844,LOS ANGELES,LOS ANGELES,-118.21128082275392,34.02898406982422
91804833,2022,2022-06-28,9550,2022-06-26,1645,022738,NA,7,2,5,1908,0,1,3,NA,2,090,SR-91 WESTBOUND,LAKEWOOD BOULEVARD,265,W,N,A,-,Y,LA,NA,91,NA,R,14.557,H,NA,L,Y,4,0,1,3,A,-,03,22350,NA,N,C,C,A,A,H,-,A,D,0,NA,NA,NA,NA,Y,NA,D,22,0,0,1,0,0,0,0,0,0,-,-,33.87723159790039,-118.1436767578125,LOS ANGELES,BELLFLOWER,-118.1436767578125,33.877235412597656
91804834,2022,2022-06-28,9535,2022-06-11,0136,022277,NA,6,3,5,1948,0,1,3,NA,2,601,SR-60 W/B (POMONA FREEWAY),ATLANTIC BLVD.,1478,E,N,A,-,Y,LA,NA,60,NA,R,4.735,H,NA,L,Y,4,0,1,3,A,-,03,22350,NA,M,C,C,A,A,H,-,C,D,0,NA,NA,NA,NA,Y,NA,D,22,0,0,1,0,0,0,0,0,0,-,-,34.03342819213867,-118.14521026611328,LOS ANGELES,MONTEREY PARK,-118.1452407836914,34.0333366394043
91804840,2022,2022-06-28,9525,2022-06-14,1306,019146,NA,2,1,9,1900,0,3,5,NA,2,004,SHORT BOULEVARD,VALLEY BLVD,5,S,N,A,-,N,NA,NA,NA,NA,NA,NA,NA,NA,NA,N,2,0,1,2,A,-,10,21950,A,N,G,B,B,A,H,-,A,A,0,Y,NA,NA,Y,Y,NA,G,25,1,0,0,0,1,0,0,0,0,-,-,34.04513931274414,-117.98990631103516,LOS ANGELES,UNINCORPORATED,-117.98979949951172,34.04524230957031
91804853,2022,2022-06-28,9535,2022-06-18,2125,022330,NA,6,2,9,1900,0,3,5,NA,2,004,HUBBARD ST. (4600 BLOCK),MCDONNELL AVE.,200,E,N,A,-,N,NA,NA,NA,NA,NA,NA,NA,NA,NA,N,4,0,1,2,A,-,08,22107,NA,M,D,C,A,A,H,-,C,D,0,NA,NA,NA,NA,Y,NA,A,01,0,0,1,0,0,0,0,0,0,-,-,34.02479934692383,-118.16696166992188,LOS ANGELES,UNINCORPORATED,-118.16669464111328,34.02473068237305
91804900,2022,2022-06-28,9575,2022-06-16,2125,022489,NA,4,2,7,1942,0,1,3,NA,2,070,SR-118 E/B (RONALD REAGAN FREEWAY),GLENOAKS BLVD.,905,E,N,A,-,Y,LA,NA,118,NA,R,13.374,H,NA,R,Y,4,0,2,3,A,-,01,23152,A,N,C,C,A,A,D,-,C,A,0,NA,NA,NA,NA,Y,Y,A,01,0,0,2,0,0,0,0,0,0,-,-,34.2819709777832,-118.41629791259766,LOS ANGELES,LOS ANGELES,-118.41631317138672,34.281982421875
91804902,2022,2022-06-28,9545,2022-06-16,0950,020140,NA,4,1,9,1900,0,1,3,NA,2,011,SR-14 S/B,AVENUE B,0,NA,Y,A,-,Y,LA,NA,14,NA,R,76.008,H,NA,L,Y,3,0,5,3,A,-,03,22350,NA,N,C,C,A,A,C,-,A,D,0,NA,NA,NA,NA,Y,NA,A,08,0,1,4,0,0,0,0,0,0,-,-,34.80598831176758,-118.17108154296876,LOS ANGELES,UNINCORPORATED,-118.17111206054688,34.80598831176758
91804906,2022,2022-06-28,9535,2022-06-18,2322,022225,NA,6,3,3,1914,0,1,1,NA,2,073,I-710 S/B (LONG BEACH FREEWAY),WASHINGTON BLVD.,991,N,N,A,-,Y,LA,NA,710,NA,NA,22.661,H,NA,L,N,4,0,1,3,A,-,04,21703,NA,N,C,C,A,A,H,-,D,D,0,NA,NA,NA,NA,Y,NA,A,01,0,0,1,0,0,0,0,0,0,-,-,34.00764083862305,-118.17257690429688,LOS ANGELES,COMMERCE,-118.17250061035156,34.007633209228516
91804907,2022,2022-06-28,9580,2022-06-14,1730,022502,NA,2,2,7,1942,0,1,S,NA,2,904,US-101 N/B (VENTURA FREEWAY),KESTER AVE,650,E,N,A,-,Y,LA,NA,101,NA,NA,16.311,H,NA,R,N,4,0,1,3,A,-,03,22350,NA,N,C,C,A,A,H,-,A,D,0,NA,NA,NA,NA,Y,NA,A,01,0,0,1,0,0,0,0,0,0,-,-,34.158138275146484,-118.45526123046876,LOS ANGELES,LOS ANGELES,-118.4552993774414,34.15800857543945
91804918,2022,2022-06-28,9530,2022-06-16,0647,022847,NA,4,1,9,1900,0,3,5,NA,2,002,ROSECRANS AVE. (15000) BLOCK,AVALON BOULEVARD,120,W,N,B,-,N,NA,NA,NA,NA,NA,NA,NA,NA,NA,Y,3,0,1,2,A,-,09,21804,A,N,D,C,A,A,H,-,A,A,0,NA,NA,Y,Y,Y,NA,F,26,0,1,0,0,0,0,0,0,1,-,-,33.902061462402344,-118.26583099365234,LOS ANGELES,UNINCORPORATED,-118.26566314697266,33.90207290649414
91804928,2022,2022-06-28,9545,2022-06-22,0803,019816,NA,3,1,6,1992,0,1,3,NA,2,011,SR-14 S/B FROM AVENUE L,AVENUE L,528,S,N,C,-,Y,LA,NA,14,NA,R,65.52,H,NA,L,Y,4,0,1,2,A,-,03,22350,NA,N,D,C,A,B,H,-,A,D,0,NA,NA,NA,NA,Y,NA,D,22,0,0,1,0,0,0,0,0,0,-,-,34.657981872558594,-118.15348052978516,LOS ANGELES,LANCASTER,-118.15351104736328,34.65797805786133
91804932,2022,2022-07-01,9565,2022-06-17,1940,022775,NA,5,2,9,1900,0,3,5,NA,2,004,EL SEGUNDO BOULEVARD,OCEAN GATE AVENUE,0,NA,Y,A,-,N,NA,NA,NA,NA,NA,NA,NA,NA,NA,Y,3,0,1,2,A,-,12,21453,A,N,D,C,A,A,H,-,B,A,0,NA,NA,NA,NA,Y,NA,A,07,0,1,0,0,0,0,0,0,0,-,-,33.9163703918457,-118.36705780029295,LOS ANGELES,UNINCORPORATED,-118.36711120605467,33.91640090942383
91804955,2022,2022-06-28,9565,2022-06-17,1450,022576,NA,5,2,4,1918,0,1,1,NA,2,061,I-405 S/B,VENICE BLVD,850,S,N,A,-,Y,LA,NA,405,NA,NA,27.789,H,NA,L,Y,3,0,4,3,A,-,03,22350,NA,N,C,C,A,A,H,-,A,A,0,NA,NA,NA,NA,Y,NA,A,01,0,1,3,0,0,0,0,0,0,-,-,34.010040283203125,-118.41687774658205,LOS ANGELES,CULVER CITY,-118.4168701171875,34.010047912597656
91804963,2022,2022-06-28,9525,2022-06-27,0725,019146,NA,1,1,5,1926,0,1,1,NA,2,215,I-210 W/B (FOOTHILL FWY),SUNFLOWER AVE,1056,W,N,A,-,Y,LA,NA,210,NA,R,42.979,H,NA,L,N,4,0,1,4,A,-,03,22350,NA,N,C,C,A,A,H,-,A,D,0,NA,NA,NA,NA,Y,NA,A,01,0,0,1,0,0,0,0,0,0,-,-,34.11766052246094,-117.84970855712892,LOS ANGELES,GLENDORA,-117.84970855712892,34.117698669433594
91804977,2022,2022-06-28,9575,2022-06-17,0415,021879,NA,5,3,7,1942,0,1,1,NA,2,053,I-5 N/B TO TERRA BELLA ST.,TERRA BELLA ST.,291,N,N,B,-,Y,NA,NA,NA,NA,NA,NA,NA,NA,NA,N,2,0,1,1,A,-,03,22350,NA,N,E,I,A,A,H,-,C,A,0,NA,NA,NA,NA,Y,NA,D,22,1,0,0,0,0,0,0,0,0,-,-,34.2517204284668,-118.42897033691406,LOS ANGELES,LOS ANGELES,-118.42897033691406,34.2517204284668
91804978,2022,2022-06-28,9590,2022-06-19,1520,021622,NA,7,2,7,1942,0,1,1,NA,2,064,I-10 E/B (SANTA MONICA FREEWAY),SANTA FE AVENUE,950,E,N,A,-,Y,LA,NA,10,NA,NA,17.893,H,NA,R,Y,3,0,1,2,A,-,03,22350,NA,N,C,C,A,A,H,-,A,D,0,NA,NA,NA,NA,Y,NA,A,01,0,1,0,0,0,0,0,0,0,-,-,34.028900146484375,-118.22686004638672,LOS ANGELES,LOS ANGELES,-118.22687530517578,34.028953552246094
91804995,2022,2022-06-28,9525,2022-06-27,0830,019146,NA,1,1,3,1921,0,1,1,NA,2,201,I-210 W/B (FOOTHILL FWY),HIGHLAND AVE,500,W,N,A,-,Y,LA,NA,210,NA,R,35.681,H,NA,L,N,4,0,1,2,A,-,08,22107,NA,N,B,C,A,A,H,-,A,D,0,NA,NA,NA,NA,Y,NA,D,22,0,0,1,0,0,0,0,0,0,-,-,34.1356315612793,-117.97012329101564,LOS ANGELES,DUARTE,-117.97012329101564,34.135623931884766
91805003,2022,2022-06-28,9590,2022-06-27,1700,021040,NA,1,2,7,1942,0,1,1,NA,2,083,I-5 S/B (GOLDEN STATE FREEWAY),RIVERSIDE DRIVE,400,S,N,A,-,Y,LA,NA,5,NA,NA,21.74,H,NA,L,N,4,0,1,3,A,-,03,22350,NA,N,C,C,A,A,H,-,A,D,0,NA,NA,NA,NA,Y,NA,A,07,0,0,1,0,0,0,0,0,0,-,-,34.0932502746582,-118.2415771484375,LOS ANGELES,LOS ANGELES,-118.24172973632813,34.0931510925293
91805009,2022,2022-06-28,9575,2022-06-17,0955,022839,NA,5,1,7,1942,0,1,1,NA,2,052,I-5 S/B (GOLDEN STATE FREEWAY),HOLLYWOOD WAY,1068,N,N,B,-,Y,LA,NA,5,NA,NA,32.574,H,NA,L,Y,4,0,2,3,A,-,03,22350,NA,N,C,A,A,A,H,-,A,D,0,NA,NA,NA,NA,Y,NA,A,01,0,0,2,0,0,0,0,0,0,-,-,34.214210510253906,-118.35118865966795,LOS ANGELES,LOS ANGELES,-118.35114288330078,34.21424865722656
91805012,2022,2023-02-06,9540,2022-06-15,2225,022182,NA,3,3,9,1900,0,2,4,NA,2,081,THE OLD ROAD,RYE CANYON ROAD,120,N,N,A,-,N,NA,NA,NA,NA,NA,NA,NA,NA,NA,N,4,0,2,2,A,-,07,21658,A,N,B,C,A,A,H,-,C,D,0,NA,NA,NA,NA,Y,NA,A,07,0,0,2,0,0,0,0,0,0,-,-,34.43082046508789,-118.58930206298828,LOS ANGELES,UNINCORPORATED,-118.5892333984375,34.4307861328125
91805013,2022,2022-06-28,9550,2022-06-18,2240,022600,NA,6,3,5,1919,0,1,3,NA,2,091,STATE ROUTE 91 WESTBOUND,PIONEER BOULEVARD,2640,W,N,A,-,Y,LA,NA,91,NA,R,17.618,H,NA,L,Y,4,0,4,3,A,-,03,22350,NA,N,C,C,A,A,H,-,C,D,0,NA,NA,NA,NA,Y,NA,A,01,0,0,4,0,0,0,0,0,0,-,-,33.87662124633789,-118.09071350097656,LOS ANGELES,CERRITOS,-118.09071350097656,33.87646484375
91805022,2022,2022-06-28,9550,2022-06-21,1005,018854,NA,2,1,6,1949,0,1,1,NA,2,651,I-605 N/B,IMPERIAL HWY.,1000,N,N,A,-,Y,LA,NA,605,NA,R,8.011,H,NA,R,Y,3,0,3,3,A,-,03,22350,NA,N,C,C,A,A,H,-,A,D,0,NA,NA,NA,NA,Y,NA,A,01,0,1,2,0,0,0,0,0,0,-,-,33.91920852661133,-118.1044464111328,LOS ANGELES,NORWALK,-118.10448455810548,33.919212341308594
91805024,2022,2022-06-28,9535,2022-06-18,2220,022159,NA,6,3,9,1900,0,2,4,NA,2,012,CITY TERRACE DR (4100 BLOCK),CARMELITA AVE,290,E,N,A,-,N,NA,NA,NA,NA,NA,NA,NA,NA,NA,Y,4,0,1,3,A,-,01,23152,F,N,B,E,A,A,H,-,C,D,0,NA,NA,NA,NA,Y,NA,A,01,0,0,1,0,0,0,0,0,0,-,-,34.05664825439453,-118.17571258544922,LOS ANGELES,UNINCORPORATED,-118.1757583618164,34.05653381347656
91805033,2022,2022-06-28,9525,2022-06-24,1200,019421,NA,5,1,5,1926,0,1,1,NA,2,205,I-210 W/B (FOOTHILL FWY),GLENDORA AVENUE,750,E,N,A,-,Y,LA,NA,210,NA,R,42.301,H,NA,L,N,3,0,1,2,A,-,03,22350,NA,N,C,C,A,A,H,-,A,D,0,NA,NA,NA,NA,Y,NA,A,07,0,1,0,0,0,0,0,0,0,-,-,34.11725997924805,-117.86148071289064,LOS ANGELES,GLENDORA,-117.86148071289064,34.11724853515625
91805064,2022,2022-06-28,9575,2022-06-17,1915,022526,NA,5,2,6,1925,0,1,1,NA,2,050,I-5 S/B (GOLDEN STATE FREEWAY),SONORA AVENUE,363,S,N,A,-,Y,LA,NA,5,NA,NA,27.468,H,NA,L,N,4,0,5,3,A,-,07,21658,A,N,B,C,A,A,H,-,A,D,0,NA,NA,NA,NA,Y,NA,A,07,0,0,5,0,0,0,0,0,0,-,-,34.16020965576172,-118.2927017211914,LOS ANGELES,GLENDALE,-118.29276275634766,34.160186767578125
91805077,2022,2022-06-28,9535,2022-06-19,0145,022225,NA,7,3,4,1907,0,1,1,NA,2,073,I-710 (LONG BEACH FREEWAY) S/B,SLAUSON AVE,919,N,N,A,-,Y,LA,NA,710,NA,NA,21.21,H,NA,L,Y,3,0,1,2,A,-,07,21658,A,F,B,C,A,A,H,-,D,D,0,NA,NA,NA,NA,Y,NA,-,99,0,1,0,0,0,0,0,0,0,-,-,33.98891830444336,-118.17160034179688,LOS ANGELES,BELL,-118.17156982421876,33.98893737792969
91805084,2022,2022-06-28,9535,2022-06-17,1155,021795,NA,5,1,5,1948,0,1,1,NA,2,070,I-710 (LONG BEACH FREEWAY) N/B,RAMONA BOULEVARD,718,S,N,A,-,Y,LA,NA,710,NA,NA,26.25,H,NA,R,Y,4,0,1,3,A,-,04,21703,NA,N,C,C,A,A,H,-,A,D,0,NA,NA,NA,NA,Y,NA,D,22,0,0,1,0,0,0,0,0,0,-,-,34.05767822265625,-118.1651611328125,LOS ANGELES,MONTEREY PARK,-118.16512298583984,34.05768966674805
91805094,2022,2022-06-28,9575,2022-06-17,1652,022503,NA,5,2,6,1953,0,1,1,NA,2,063,I-210 E/B (FOOTHILL FREEWAY),HAMMOND ST.,220,W,N,A,-,Y,LA,NA,210,NA,R,23.767,H,NA,R,Y,4,0,2,3,A,-,03,22350,NA,N,C,C,A,A,H,-,A,D,0,NA,NA,NA,NA,Y,NA,A,07,0,0,2,0,0,0,0,0,0,-,-,34.16658020019531,-118.15825653076172,LOS ANGELES,PASADENA,-118.15818786621094,34.16657638549805
91805141,2022,2022-06-28,9565,2022-06-18,1700,022576,NA,6,2,5,1965,0,1,1,NA,2,081,I-10 W/B,14TH ST,300,W,N,A,-,Y,LA,NA,10,NA,R,2.544,H,NA,L,Y,4,0,1,3,A,-,03,22350,NA,N,C,C,A,A,H,-,A,D,0,NA,NA,NA,NA,Y,NA,A,07,0,0,1,0,0,0,0,0,0,-,-,34.018550872802734,-118.48082733154295,LOS ANGELES,SANTA MONICA,-118.48079681396484,34.018524169921875