CASE_ID,ACCIDENT_YEAR,PROC_DATE,JURIS,COLLISION_DATE,COLLISION_TIME,OFFICER_ID,REPORTING_DISTRICT,DAY_OF_WEEK,CHP_SHIFT,POPULATION,CNTY_CITY_LOC,SPECIAL_COND,BEAT_TYPE,CHP_BEAT_TYPE,CITY_DIVISION_LAPD,CHP_BEAT_CLASS,BEAT_NUMBER,PRIMARY_RD,SECONDARY_RD,DISTANCE,DIRECTION,INTERSECTION,WEATHER_1,WEATHER_2,STATE_HWY_IND,CALTRANS_COUNTY,CALTRANS_DISTRICT,STATE_ROUTE,ROUTE_SUFFIX,POSTMILE_PREFIX,POSTMILE,LOCATION_TYPE,RAMP_INTERSECTION,SIDE_OF_HWY,TOW_AWAY,COLLISION_SEVERITY,NUMBER_KILLED,NUMBER_INJURED,PARTY_COUNT,PRIMARY_COLL_FACTOR,PCF_CODE_OF_VIOL,PCF_VIOL_CATEGORY,PCF_VIOLATION,PCF_VIOL_SUBSECTION,HIT_AND_RUN,TYPE_OF_COLLISION,MVIW,PED_ACTION,ROAD_SURFACE,ROAD_COND_1,ROAD_COND_2,LIGHTING,CONTROL_DEVICE,CHP_ROAD_TYPE,PEDESTRIAN_ACCIDENT,BICYCLE_ACCIDENT,MOTORCYCLE_ACCIDENT,TRUCK_ACCIDENT,NOT_PRIVATE_PROPERTY,ALCOHOL_INVOLVED,STWD_VEHTYPE_AT_FAULT,CHP_VEHTYPE_AT_FAULT,COUNT_SEVERE_INJ,COUNT_VISIBLE_INJ,COUNT_COMPLAINT_PAIN,COUNT_PED_KILLED,COUNT_PED_INJURED,COUNT_BICYCLIST_KILLED,COUNT_BICYCLIST_INJURED,COUNT_MC_KILLED,COUNT_MC_INJURED,PRIMARY_RAMP,SECONDARY_RAMP,LATITUDE,LONGITUDE,COUNTY,CITY,POINT_X,POINT_Y
91816981,2022,2022-07-14,9540,2022-07-06,2300,021895,NA,3,3,9,1900,0,3,5,NA,2,200,SAND CANYON RD,FOREST SERVICE ROUTE 3N17,5280,N,N,A,-,N,NA,NA,NA,NA,NA,NA,NA,NA,NA,Y,2,0,2,1,A,-,03,22350,NA,N,E,I,A,A,H,-,D,D,0,NA,NA,NA,NA,Y,NA,A,01,1,1,0,0,0,0,0,0,0,-,-,34.36790084838867,-118.39729309082033,LOS ANGELES,UNINCORPORATED,NA,NA
91817002,2022,2022-07-14,9525,2022-07-11,0225,021986,NA,1,3,5,1906,0,1,1,NA,2,103,I-10 W/B (SAN BERNARDINO FWY),BALDWIN PARK BOULEVARD,400,E,N,A,-,Y,LA,NA,10,NA,NA,32.319,H,NA,L,Y,4,0,1,2,A,-,01,23152,A,N,C,C,A,A,H,-,D,D,0,NA,NA,NA,NA,Y,Y,A,01,0,0,1,0,0,0,0,0,0,-,-,34.06800842285156,-117.98004150390624,LOS ANGELES,BALDWIN PARK,-117.98001098632813,34.06785583496094
91817003,2022,2022-07-14,9565,2022-07-02,1137,022761,NA,6,1,7,1942,0,1,1,NA,2,063,I-405 SB (SAN DIEGO FREEWAY),OLYMPIC BLVD,950,N,N,A,-,Y,LA,NA,405,NA,NA,30.381,H,NA,L,Y,3,0,1,4,A,-,03,22350,NA,N,C,C,A,A,H,-,A,A,0,NA,NA,NA,NA,Y,NA,A,01,0,1,0,0,0,0,0,0,0,-,-,34.04111862182617,-118.44196319580078,LOS ANGELES,LOS ANGELES,-118.44184112548828,34.041194915771484
91817007,2022,2022-07-14,9575,2022-07-03,2200,022477,NA,7,3,7,1942,0,1,1,NA,2,053,INTERSTATE 5 S/B (GOLDEN STATE FWY),OSBORNE STREET,400,S,N,A,-,Y,LA,NA,5,NA,NA,37.343,H,NA,L,Y,4,0,1,3,A,-,07,21658,A,N,B,C,A,A,H,-,C,D,0,NA,NA,NA,NA,Y,NA,-,-,0,0,1,0,0,0,0,0,0,-,-,34.24374008178711,-118.42163848876952,LOS ANGELES,LOS ANGELES,-118.42157745361328,34.2437858581543
91817015,2022,2022-07-14,9525,2022-07-04,0040,022629,NA,1,3,5,1902,0,1,S,NA,2,904,I-210 W/B (FOOTHILL FREEWAY),HUNTINGTON DRIVE,600,E,N,A,-,Y,LA,NA,210,NA,R,33.058,H,NA,L,N,4,0,1,1,A,-,08,22107,NA,N,E,8,A,A,H,-,C,D,0,NA,NA,NA,NA,Y,NA,A,01,0,0,1,0,0,0,0,0,0,-,-,34.13887023925781,-118.01474761962892,LOS ANGELES,ARCADIA,-118.01496124267578,34.13871383666992
91817018,2022,2022-07-14,9550,2022-07-03,0105,020795,NA,7,3,6,1949,0,1,1,NA,2,500,INTERSTATE 5 NB,IMPERIAL HIGHWAY,1000,N,N,A,-,Y,LA,NA,5,NA,NA,4.968,H,NA,R,Y,3,0,2,3,A,-,01,23152,A,N,C,C,A,A,H,-,D,D,0,NA,NA,NA,NA,Y,Y,A,01,0,2,0,0,0,0,0,0,0,-,-,33.917640686035156,-118.08006286621094,LOS ANGELES,NORWALK,-118.08011627197266,33.9176139831543
91817022,2022,2022-07-14,9525,2022-07-08,0754,019632,NA,5,1,5,1926,0,1,1,NA,2,205,I-210 W/B (FOOTHILL FWY),GRAND AVENUE,1056,W,N,A,-,Y,LA,NA,210,NA,R,41.444,H,NA,L,Y,4,0,1,2,A,-,03,22350,NA,N,C,C,A,A,H,-,A,D,0,NA,NA,NA,NA,Y,NA,A,01,0,0,1,0,0,0,0,0,0,-,-,34.120880126953125,-117.87552642822266,LOS ANGELES,GLENDORA,-117.87552642822266,34.120887756347656
91817041,2022,2022-07-14,9550,2022-07-09,0530,021578,NA,6,3,6,1949,0,1,1,NA,2,651,I-605 S/B,IMPERIAL HWY.,300,N,N,A,-,Y,LA,NA,605,NA,R,7.918,H,NA,L,N,4,0,1,2,A,-,03,22350,NA,N,C,C,A,A,H,-,A,D,0,NA,NA,NA,NA,Y,Y,A,01,0,0,1,0,0,0,0,0,0,-,-,33.917869567871094,-118.10478973388672,LOS ANGELES,NORWALK,-118.10479736328124,33.917869567871094
91817070,2022,2022-07-14,9535,2022-07-02,0220,022277,NA,6,3,9,1900,0,1,3,NA,2,601,SR-60 WESTBOUND (SAN GABRIEL RIVER FREEWAY),ROSEMEAD BLVD,250,W,N,A,-,Y,LA,NA,60,NA,NA,9.373,H,NA,L,Y,3,0,1,1,A,-,01,23152,A,N,E,I,A,A,H,-,C,D,0,NA,NA,NA,NA,Y,Y,A,01,0,1,0,0,0,0,0,0,0,-,-,34.0413818359375,-118.06661987304688,LOS ANGELES,UNINCORPORATED,-118.06661987304688,34.04140090942383
91817076,2022,2022-07-14,9550,2022-06-30,1325,022789,NA,4,1,9,1900,0,1,1,NA,2,650,I-605 NB,BEVERLY BLVD.,1300,N,N,A,-,Y,LA,NA,605,NA,R,14.54,H,NA,R,N,3,0,3,3,A,-,03,22350,NA,N,C,C,A,A,H,-,A,D,0,NA,NA,NA,NA,Y,NA,A,01,0,3,0,0,0,0,0,0,0,-,-,34.006229400634766,-118.06137847900392,LOS ANGELES,UNINCORPORATED,-118.06137084960938,34.0062255859375
91817088,2022,2022-07-14,9540,2022-07-01,0845,021118,NA,5,1,7,1942,0,1,1,NA,2,551,I-5 S/B (GOLDEN STATE FWY),BALBOA BLVD,630,N,N,A,-,Y,LA,NA,5,NA,R,44.56,H,NA,L,Y,3,0,1,2,A,-,03,22350,NA,N,C,C,A,A,H,-,A,D,0,NA,NA,Y,NA,Y,NA,C,02,0,1,0,0,0,0,0,0,1,-,-,34.32194137573242,-118.49803161621094,LOS ANGELES,LOS ANGELES,-118.4980697631836,34.32189178466797
91817093,2022,2022-07-14,9535,2022-07-06,0444,022059,NA,3,3,5,1901,0,1,1,NA,2,421,I-10 (SAN BERNARDINO FREEWAY) W/B,WARWICK ROAD PEDESTRIAN OVERCROSSING,300,E,N,A,-,Y,LA,NA,10,NA,NA,21.918,H,NA,L,Y,3,0,2,2,A,-,03,22350,NA,N,C,C,A,A,H,-,D,D,0,NA,NA,NA,NA,Y,NA,A,01,0,1,1,0,0,0,0,0,0,-,-,34.06541061401367,-118.15714263916016,LOS ANGELES,ALHAMBRA,-118.15715026855467,34.06542205810547
91817101,2022,2022-07-14,9540,2022-07-02,1020,021118,NA,6,1,7,1942,0,1,1,NA,1,502,I-5 N/B (GOLDEN STATE FWY),BALBOA BLVD,600,N,N,A,-,Y,LA,NA,5,NA,R,44.57,H,NA,R,N,4,0,2,2,A,-,03,22350,NA,N,C,C,A,A,H,-,A,D,0,NA,NA,NA,NA,Y,NA,A,01,0,0,2,0,0,0,0,0,0,-,-,34.322208404541016,-118.49817657470705,LOS ANGELES,LOS ANGELES,-118.49817657470705,34.32221984863281
91817111,2022,2022-07-14,9530,2022-07-01,1905,021965,NA,5,2,7,1941,0,1,1,NA,2,420,I-405 N/B (SAN DIEGO FREEWAY),LONG BEACH BLVD.,290,S,N,A,-,Y,LA,NA,405,NA,NA,6.307,H,NA,R,Y,4,0,1,1,A,-,08,22107,NA,N,E,J,A,A,D,-,A,D,0,NA,NA,NA,NA,Y,Y,A,01,0,0,1,0,0,0,0,0,0,-,-,33.817161560058594,-118.1884536743164,LOS ANGELES,LONG BEACH,-118.18857574462892,33.81704330444336
91817113,2022,2022-07-14,9575,2022-07-04,1235,021394,NA,1,1,9,1900,0,2,4,NA,2,012,FOOTHILL BLVD.,LA CRESCENTA AVE.,0,NA,Y,A,-,N,NA,NA,NA,NA,NA,NA,NA,NA,NA,Y,3,0,3,2,A,-,12,21453,A,N,D,C,A,A,H,-,A,A,0,NA,NA,NA,NA,Y,NA,A,01,0,1,2,0,0,0,0,0,0,-,-,34.2240104675293,-118.24008178710938,LOS ANGELES,UNINCORPORATED,-118.23992156982422,34.22414779663086
91817116,2022,2022-07-14,9535,2022-07-01,1850,022159,NA,5,2,5,1901,0,1,1,NA,2,420,I-10 E/B (SAN BERNARDINO FREEWAY),GARFIELD AVE.,50,W,N,A,-,Y,LA,NA,10,NA,NA,23.975,H,NA,R,N,3,0,2,2,A,-,03,22350,NA,N,C,C,A,A,H,-,A,D,0,NA,NA,NA,NA,Y,NA,A,01,0,2,0,0,0,0,0,0,0,-,-,34.0715217590332,-118.12323760986328,LOS ANGELES,ALHAMBRA,-118.12323760986328,34.07145309448242
91817122,2022,2022-07-14,9530,2022-07-01,1119,022986,NA,5,1,9,1900,0,3,5,NA,2,001,COMPTON AVE (8200 BLOCK),82ND ST.,10,S,N,A,-,N,NA,NA,NA,NA,NA,NA,NA,NA,NA,Y,4,0,1,2,A,-,09,21804,A,N,D,C,A,A,H,-,A,D,0,NA,NA,NA,NA,Y,NA,D,22,0,0,1,0,0,0,0,0,0,-,-,33.96419906616211,-118.2477798461914,LOS ANGELES,UNINCORPORATED,-118.24767303466795,33.96498107910156
91817125,2022,2022-07-14,9565,2022-07-04,1834,021889,NA,1,2,5,1965,0,1,1,NA,2,081,I-10 W/B,LINCOLN BOULEVARD,250,E,N,A,-,Y,LA,NA,10,NA,R,2.254,H,NA,L,Y,3,0,2,3,A,-,03,22350,NA,N,C,C,A,A,H,-,A,D,0,NA,NA,NA,NA,Y,NA,A,07,0,1,1,0,0,0,0,0,0,-,-,34.015708923339844,-118.48455810546876,LOS ANGELES,SANTA MONICA,-118.48458099365234,34.01573181152344
91817132,2022,2022-07-14,9575,2022-07-04,1520,022513,NA,1,2,6,1953,0,1,1,NA,2,063,I-210 W/B (FOOTHILL FREEWAY),MOUNTAIN ST.,1426,E,N,A,-,Y,LA,NA,210,NA,R,24.355,H,NA,L,Y,3,0,1,2,A,-,07,21658,A,N,B,C,A,A,H,-,A,D,0,NA,NA,NA,NA,Y,NA,A,01,0,1,0,0,0,0,0,0,0,-,-,34.15800857543945,-118.15830993652344,LOS ANGELES,PASADENA,-118.158447265625,34.15799331665039
91817144,2022,2022-07-14,9545,2022-07-10,1745,021819,NA,7,2,6,1992,0,1,3,NA,2,011,SR-14 NORTHBOUND,LANCASTER BLVD,725,S,N,A,-,Y,LA,NA,14,NA,R,68.363,H,NA,R,Y,4,0,1,1,A,-,08,22107,NA,N,E,I,A,A,H,-,A,D,0,NA,NA,NA,NA,Y,NA,A,01,0,0,1,0,0,0,0,0,0,-,-,34.695159912109375,-118.16993713378906,LOS ANGELES,LANCASTER,-118.16983795166016,34.69516372680664
91817155,2022,2022-07-14,9575,2022-07-05,0200,022489,NA,2,3,9,1900,0,1,3,NA,2,302,SR-2 (ANGELES CREST HIGHWAY),STRAWBERRY PEAK TRAIL,2112,E,N,A,-,Y,LA,NA,2,NA,NA,38.885,H,NA,R,Y,4,0,1,1,A,-,03,22350,NA,N,E,I,A,A,H,-,D,D,0,NA,NA,NA,NA,Y,NA,A,01,0,0,1,0,0,0,0,0,0,-,-,34.263328552246094,-118.09999847412108,LOS ANGELES,UNINCORPORATED,-118.0998764038086,34.26332092285156
91817172,2022,2022-07-14,9545,2022-07-04,2105,022246,NA,1,2,9,1900,0,3,5,NA,2,004,170TH STREET EAST,AVENUE K,307,N,N,A,-,N,NA,NA,NA,NA,NA,NA,NA,NA,NA,Y,3,0,2,2,A,-,01,23152,A,N,A,C,A,A,H,-,D,D,0,NA,NA,NA,NA,Y,Y,D,22,0,1,1,0,0,0,0,0,0,-,-,34.676029205322266,-117.82746887207033,LOS ANGELES,UNINCORPORATED,-117.82746124267578,34.67593002319336
91817185,2022,2022-07-14,9575,2022-07-05,0555,021006,NA,2,3,3,1991,0,1,1,NA,2,063,I-210 E/B (FOOTHILL FREEWAY),COMMONWEALTH AVENUE OVERCROSSING,200,E,N,B,-,Y,LA,NA,210,NA,R,20.343,H,NA,R,Y,4,0,1,2,A,-,03,22350,NA,N,C,C,A,A,H,-,B,D,0,NA,NA,NA,NA,Y,NA,A,07,0,0,1,0,0,0,0,0,0,-,-,34.2034797668457,-118.19297790527344,LOS ANGELES,LA CANADA-FLINTRIDGE,-118.19295501708984,34.203514099121094
91817186,2022,2022-07-14,9535,2022-07-07,1340,022172,NA,4,1,5,1959,0,1,3,NA,2,620,SR-60 E/B (POMONA FREEWAY),SAN GABRIEL BOULEVARD,1584,W,N,A,-,Y,LA,NA,60,NA,R,8.212,H,NA,R,N,3,0,4,3,A,-,03,22350,NA,N,C,C,A,A,H,-,A,D,0,NA,NA,NA,NA,Y,NA,D,22,0,1,3,0,0,0,0,0,0,-,-,34.037811279296875,-118.0855712890625,LOS ANGELES,ROSEMEAD,-118.08555603027344,34.03776168823242
91817190,2022,2022-07-14,9535,2022-07-07,1700,022172,NA,4,2,9,1900,0,1,1,NA,2,650,I-605 N/B (SAN GABRIEL RIVER FREEWAY),SR-60 (POMONA FREEWAY),3168,N,N,A,-,Y,LA,NA,605,NA,R,17.965,H,NA,R,Y,4,0,1,2,A,-,03,22350,NA,N,C,C,A,A,H,-,A,D,0,NA,NA,NA,NA,Y,NA,D,22,0,0,1,0,0,0,0,0,0,-,-,34.039188385009766,-118.01937866210938,LOS ANGELES,UNINCORPORATED,-118.01937103271484,34.03916931152344
91817194,2022,2022-07-14,9530,2022-07-02,0100,022380,NA,6,3,9,1900,0,3,5,NA,2,002,MAIN ST.,COMPTON BLVD.,10,N,N,A,-,N,NA,NA,NA,NA,NA,NA,NA,NA,NA,N,3,0,1,1,A,-,03,22350,NA,N,F,A,A,A,H,-,B,A,0,NA,NA,Y,NA,Y,NA,C,02,0,1,0,0,0,0,0,0,1,-,-,33.894981384277344,-118.27633666992188,LOS ANGELES,UNINCORPORATED,-118.27632904052734,33.89490509033203
91817197,2022,2022-07-14,9535,2022-07-07,0800,022017,NA,4,1,6,1922,0,1,1,NA,2,401,INTERSTATE 10 (SAN BERNARDINO FREEWAY) W/B,SANTA ANITA AVENUE,100,E,N,A,-,Y,LA,NA,10,NA,NA,28.745,H,NA,L,N,4,0,1,3,A,-,03,22350,NA,N,C,C,A,A,H,-,A,D,0,NA,NA,NA,NA,Y,NA,A,01,0,0,1,0,0,0,0,0,0,-,-,34.068748474121094,-118.04109191894533,LOS ANGELES,EL MONTE,-118.04109954833984,34.06871032714844
91817199,2022,2022-07-14,9590,2022-07-01,0455,022673,NA,5,3,7,1942,0,1,1,NA,2,500,I-110 S/B (HARBOR FREEWAY) EXPRESS LANES,37TH STREET,700,S,N,A,-,Y,LA,NA,110,NA,NA,19.807,H,NA,L,N,3,0,1,2,A,-,07,21658,A,M,B,C,A,A,H,-,B,D,0,NA,NA,NA,NA,Y,NA,-,99,0,1,0,0,0,0,0,0,0,-,-,34.015480041503906,-118.28064727783205,LOS ANGELES,LOS ANGELES,-118.28093719482422,34.01551818847656
91817204,2022,2022-07-14,9575,2022-07-05,1828,022526,NA,2,2,7,1942,0,1,1,NA,2,052,I-5 S/B (GOLDEN STATE FREEWAY),ROSCOE BOULEVARD,740,N,N,A,-,Y,LA,NA,5,NA,NA,33.43,H,NA,L,N,4,0,2,2,A,-,03,22350,NA,N,C,2,A,A,H,-,A,D,0,NA,NA,NA,NA,Y,NA,A,01,0,0,2,0,0,0,0,0,0,-,-,34.22172927856445,-118.36235809326172,LOS ANGELES,LOS ANGELES,-118.36236572265624,34.22168731689453
91817208,2022,2022-07-14,9575,2022-06-09,2255,022477,NA,4,3,9,1900,0,1,3,NA,2,300,STATE ROUTE 2 (ANGELES CREST HIGHWAY) W/B,ANGELES CREST RANGER STATION,845,W,N,A,-,Y,LA,NA,2,NA,NA,27.328,H,NA,L,Y,2,0,4,1,A,-,03,22350,NA,N,E,I,A,A,H,-,D,D,0,NA,NA,NA,NA,Y,NA,A,01,4,0,0,0,0,0,0,0,0,-,-,34.23012161254883,-118.18177795410156,LOS ANGELES,UNINCORPORATED,-118.18178558349608,34.230125427246094
91817216,2022,2022-07-14,9535,2022-07-06,1443,021976,NA,3,2,5,1948,0,1,1,NA,2,420,I-10 (SAN BERNARDINO FREEWAY) E/B,I-710,400,E,N,A,-,Y,LA,NA,10,NA,NA,21.749,H,NA,R,N,4,0,1,2,A,-,03,22350,NA,N,C,C,A,A,H,-,A,D,0,NA,NA,NA,NA,Y,NA,A,01,0,0,1,0,0,0,0,0,0,-,-,34.06380081176758,-118.15943908691406,LOS ANGELES,MONTEREY PARK,-118.1594467163086,34.063804626464844
91817233,2022,2022-07-14,9540,2022-07-06,1335,021124,NA,3,1,6,1985,0,1,3,NA,1,144,SR-14 N/B (ANTELOPE VALLEY FREEWAY),LOST CANYON ROAD,1584,S,N,A,-,Y,LA,NA,14,NA,R,32.094,H,NA,R,Y,3,0,2,1,A,-,03,22350,NA,N,E,J,A,A,D,E,A,D,0,NA,NA,NA,NA,Y,NA,A,01,0,1,1,0,0,0,0,0,0,-,-,34.415950775146484,-118.44290924072266,LOS ANGELES,SANTA CLARITA,-118.44287872314452,34.415924072265625
91817243,2022,2022-07-14,9545,2022-07-11,0909,019951,NA,1,1,9,1900,0,3,5,NA,2,003,WARD ROAD,SIERRA HIGHWAY,792,S,N,A,-,N,NA,NA,NA,NA,NA,NA,NA,NA,NA,N,4,0,1,2,A,-,09,21804,A,N,D,C,A,A,H,-,A,A,0,NA,NA,NA,NA,Y,NA,D,22,0,0,1,0,0,0,0,0,0,-,-,34.499210357666016,-118.22740173339844,LOS ANGELES,UNINCORPORATED,-118.22750854492188,34.49933624267578
91817247,2022,2022-07-14,9565,2022-07-05,0835,015587,NA,2,1,9,1900,0,1,1,NA,2,063,I-405 SB TO WILSHIRE BLVD. W/B,WILSHIRE BLVD.,1590,N,N,A,-,Y,LA,NA,405,NA,NA,31.868,H,NA,L,Y,3,0,3,3,A,-,03,22350,NA,N,C,C,A,A,H,-,A,D,0,NA,NA,NA,NA,Y,NA,A,01,0,1,2,0,0,0,0,0,0,-,-,34.05937957763672,-118.45545196533205,LOS ANGELES,UNINCORPORATED,-118.4552764892578,34.05947494506836
91817250,2022,2022-07-14,9550,2022-07-08,1750,022167,NA,5,2,5,1919,0,1,1,NA,2,652,I-605 N/B,195TH STREET,100,N,N,A,-,Y,LA,NA,605,NA,R,3.417,H,NA,R,N,4,0,1,4,A,-,03,22350,NA,N,C,C,A,A,H,-,A,D,0,NA,NA,NA,NA,Y,NA,A,01,0,0,1,0,0,0,0,0,0,-,-,33.853641510009766,-118.09487152099608,LOS ANGELES,CERRITOS,-118.09487915039064,33.8536376953125
91817254,2022,2022-07-14,9545,2022-05-02,2206,021497,NA,1,3,9,1900,0,3,5,NA,2,004,170TH STREET EAST,PALMDALE BLVD,0,NA,Y,A,-,N,NA,NA,NA,NA,NA,NA,NA,NA,NA,Y,4,0,1,2,A,-,12,22450,A,N,D,C,A,A,H,-,C,A,0,NA,NA,NA,NA,Y,NA,-,-,0,0,1,0,0,0,0,0,0,-,-,34.579898834228516,-117.82665252685548,LOS ANGELES,UNINCORPORATED,-117.82666778564452,34.579925537109375
91817258,2022,2022-07-14,9580,2022-05-21,2320,022566,NA,6,3,9,1900,0,1,3,NA,2,119,SR-118 W/B (RONALD REAGAN FWY.),ROCKY PEAK ROAD,450,E,N,A,-,Y,LA,NA,118,NA,R,0.186,H,NA,L,Y,1,1,0,2,A,-,03,22350,NA,N,C,C,A,A,H,-,D,D,0,NA,NA,Y,NA,Y,NA,C,02,0,0,0,0,0,0,0,1,0,-,-,34.271728515625,-118.631103515625,LOS ANGELES,UNINCORPORATED,-118.6311264038086,34.27175521850586
91817267,2022,2022-07-14,9525,2022-07-05,2250,022546,NA,2,3,1,1934,0,1,1,NA,2,651,I-605 S/B (SAN GABRIEL RIVER FWY),RAMONA BLVD,2640,N,N,A,-,Y,LA,NA,605,NA,NA,21.636,H,NA,L,Y,4,0,1,2,A,-,03,22350,NA,M,B,C,A,A,H,-,C,D,0,NA,NA,NA,NA,Y,NA,-,99,0,0,1,0,0,0,0,0,0,-,-,34.085609436035156,-117.99648284912108,LOS ANGELES,IRWINDALE,-117.99649810791016,34.08561706542969
91817280,2022,2022-07-14,9565,2022-07-02,1755,022733,NA,6,2,7,1942,0,1,1,NA,2,064,I-405 NORTHBOUND (SAN DIEGO FREEWAY),SEPULVEDA BOULEVARD,1500,N,N,A,-,Y,LA,NA,405,NA,NA,35.145,H,NA,R,Y,3,0,1,2,A,-,08,22107,NA,N,B,C,A,A,H,-,A,D,0,NA,NA,Y,NA,Y,NA,A,01,0,1,0,0,0,0,0,0,1,-,-,34.10163879394531,-118.47750854492188,LOS ANGELES,LOS ANGELES,-118.47745513916016,34.101627349853516
91817295,2022,2022-07-14,9590,2022-07-01,1900,022750,NA,5,2,7,1942,0,1,1,NA,2,052,I-110 S/B (HARBOR FREEWAY),EXPOSITION BOULEVARD,500,N,N,A,-,Y,LA,NA,110,NA,NA,20.115,H,NA,L,Y,4,0,1,2,A,-,08,22107,NA,N,B,C,A,A,H,-,A,D,0,NA,NA,NA,NA,Y,NA,A,01,0,0,1,0,0,0,0,0,0,-,-,34.01966857910156,-118.27912902832033,LOS ANGELES,LOS ANGELES,-118.27912902832033,34.01966857910156
91817319,2022,2022-07-14,9590,2022-07-01,1000,022382,NA,5,1,7,1942,0,1,1,NA,2,053,I-110 S/B (HAF) TO I-10 W/B (SMF),TOBERMAN STREET,775,N,N,A,-,Y,NA,NA,NA,NA,NA,NA,NA,NA,NA,N,3,0,1,2,A,-,07,21658,A,N,B,C,A,A,H,-,A,D,0,NA,NA,Y,NA,Y,NA,A,01,0,1,0,0,0,0,0,0,1,-,-,34.03868103027344,-118.2763671875,LOS ANGELES,LOS ANGELES,-118.2763671875,34.03868103027344
91817324,2022,2022-07-14,9545,2022-07-02,1525,022558,NA,6,2,9,1900,0,3,5,NA,2,001,AVENUE E,45TH STREET EAST,9,W,N,A,-,N,NA,NA,NA,NA,NA,NA,NA,NA,NA,Y,4,0,1,2,D,-,00,NA,NA,N,B,C,A,A,H,-,A,D,0,NA,NA,NA,NA,Y,NA,-,-,0,0,1,0,0,0,0,0,0,-,-,34.763031005859375,-118.05021667480467,LOS ANGELES,UNINCORPORATED,-118.05020904541016,34.763031005859375
91817335,2022,2022-07-14,9590,2022-07-01,1920,022966,NA,5,2,7,1942,0,1,1,NA,2,063,I-10 W/B (SANTA MONICA FREEWAY),GRAND AVENUE,850,W,N,A,-,Y,LA,NA,10,NA,NA,15.14,H,NA,L,Y,4,0,1,3,A,-,03,22350,NA,N,C,C,A,A,H,-,A,D,0,NA,NA,NA,NA,Y,NA,A,07,0,0,1,0,0,0,0,0,0,-,-,34.03617858886719,-118.26934051513672,LOS ANGELES,LOS ANGELES,-118.2694091796875,34.036109924316406
91817339,2021,2022-07-14,9530,2021-07-05,2204,021325,NA,1,3,7,1942,0,1,1,NA,2,110,INTERSTATE 110 SOUTHBOUND,111TH PL,95,S,N,A,-,Y,NA,NA,110,NA,NA,NA,NA,NA,S,N,1,1,0,2,A,-,11,21954,A,N,G,B,E,A,H,-,C,D,0,Y,NA,NA,NA,Y,NA,N,60,0,0,0,1,0,0,0,0,0,-,-,33.93341064453125,-118.28057098388672,LOS ANGELES,LOS ANGELES,-118.28063201904295,33.93342208862305
91817341,2022,2022-07-14,9540,2022-07-08,1848,021374,NA,5,2,9,1900,0,3,5,NA,2,100,MAGIC MOUNTAIN PKWY,THE OLD RD,420,E,N,A,-,N,NA,NA,NA,NA,NA,NA,NA,NA,NA,Y,3,0,1,2,A,-,12,21453,A,N,D,C,A,A,H,-,A,A,0,NA,NA,NA,NA,Y,NA,A,01,0,1,0,0,0,0,0,0,0,-,-,34.42271041870117,-118.50364685058594,LOS ANGELES,UNINCORPORATED,-118.58415222167967,34.42277145385742
91817352,2022,2022-07-14,9590,2022-07-01,1415,022966,NA,5,2,7,1942,0,1,1,NA,2,063,I-10 W/B (SANTA MONICA FREEWAY),SAN PEDRO ST,708,E,N,A,-,Y,LA,NA,10,NA,NA,16.162,H,NA,L,N,4,0,1,2,A,-,03,22350,NA,N,C,C,A,A,H,-,A,D,0,NA,NA,NA,NA,Y,NA,D,22,0,0,1,0,0,0,0,0,0,-,-,34.02873992919922,-118.25401306152344,LOS ANGELES,LOS ANGELES,-118.25408172607422,34.02864456176758
91817357,2022,2022-07-14,9575,2022-07-06,1215,018814,NA,3,1,6,1925,0,1,3,NA,2,042,SR-134 W/B (VENTURA FREEWAY),HARVEY DR,10,E,N,A,-,Y,NA,NA,NA,NA,NA,NA,NA,NA,NA,N,4,0,1,2,A,-,08,22107,NA,N,B,C,A,A,H,-,A,D,0,NA,NA,NA,Y,Y,NA,G,27,0,0,1,0,0,0,0,0,0,-,-,34.1479606628418,-118.2284698486328,LOS ANGELES,GLENDALE,-118.2285385131836,34.14780044555664
91817359,2022,2022-07-14,9550,2022-07-01,1150,022950,NA,5,1,9,1900,0,1,3,NA,2,602,COLIMA ROAD EASTBOUND,FULLERTON ROAD,224,E,N,A,-,N,NA,NA,NA,NA,NA,NA,NA,NA,NA,N,3,0,1,2,A,-,07,21658,A,N,B,C,A,A,H,-,A,D,0,NA,NA,NA,NA,Y,NA,A,07,0,1,0,0,0,0,0,0,0,-,-,33.988311767578125,-117.90479278564452,LOS ANGELES,UNINCORPORATED,-117.90495300292967,33.988311767578125
91817371,2022,2022-07-14,9525,2022-07-09,1140,019632,NA,6,1,5,1906,0,1,1,NA,2,103,I-10 W/B (SAN BERNARDINO FWY),BALDWIN PARK BLVD,1056,W,N,A,-,Y,LA,NA,10,NA,NA,32.012,H,NA,L,N,4,0,1,2,A,-,07,21658,A,N,B,C,A,A,H,-,A,D,0,NA,NA,NA,NA,Y,NA,A,01,0,0,1,0,0,0,0,0,0,-,-,34.06726837158203,-117.98516845703124,LOS ANGELES,BALDWIN PARK,-117.98514556884766,34.067169189453125