CASE_ID,ACCIDENT_YEAR,PROC_DATE,JURIS,COLLISION_DATE,COLLISION_TIME,OFFICER_ID,REPORTING_DISTRICT,DAY_OF_WEEK,CHP_SHIFT,POPULATION,CNTY_CITY_LOC,SPECIAL_COND,BEAT_TYPE,CHP_BEAT_TYPE,CITY_DIVISION_LAPD,CHP_BEAT_CLASS,BEAT_NUMBER,PRIMARY_RD,SECONDARY_RD,DISTANCE,DIRECTION,INTERSECTION,WEATHER_1,WEATHER_2,STATE_HWY_IND,CALTRANS_COUNTY,CALTRANS_DISTRICT,STATE_ROUTE,ROUTE_SUFFIX,POSTMILE_PREFIX,POSTMILE,LOCATION_TYPE,RAMP_INTERSECTION,SIDE_OF_HWY,TOW_AWAY,COLLISION_SEVERITY,NUMBER_KILLED,NUMBER_INJURED,PARTY_COUNT,PRIMARY_COLL_FACTOR,PCF_CODE_OF_VIOL,PCF_VIOL_CATEGORY,PCF_VIOLATION,PCF_VIOL_SUBSECTION,HIT_AND_RUN,TYPE_OF_COLLISION,MVIW,PED_ACTION,ROAD_SURFACE,ROAD_COND_1,ROAD_COND_2,LIGHTING,CONTROL_DEVICE,CHP_ROAD_TYPE,PEDESTRIAN_ACCIDENT,BICYCLE_ACCIDENT,MOTORCYCLE_ACCIDENT,TRUCK_ACCIDENT,NOT_PRIVATE_PROPERTY,ALCOHOL_INVOLVED,STWD_VEHTYPE_AT_FAULT,CHP_VEHTYPE_AT_FAULT,COUNT_SEVERE_INJ,COUNT_VISIBLE_INJ,COUNT_COMPLAINT_PAIN,COUNT_PED_KILLED,COUNT_PED_INJURED,COUNT_BICYCLIST_KILLED,COUNT_BICYCLIST_INJURED,COUNT_MC_KILLED,COUNT_MC_INJURED,PRIMARY_RAMP,SECONDARY_RAMP,LATITUDE,LONGITUDE,COUNTY,CITY,POINT_X,POINT_Y
91817392,2022,2022-07-14,9550,2022-06-29,0855,022950,NA,3,1,9,1900,0,1,1,NA,2,650,I-605 S/B,SLAUSON AVE,1320,N,N,A,-,Y,LA,NA,605,NA,R,10.616,H,NA,L,N,3,0,1,2,A,-,03,22350,NA,N,C,C,A,A,H,-,A,D,0,NA,NA,NA,NA,Y,NA,A,01,0,1,0,0,0,0,0,0,0,-,-,33.95457077026367,-118.08934020996094,LOS ANGELES,UNINCORPORATED,-118.08924102783205,33.95452880859375
91817393,2022,2022-07-14,9525,2022-07-01,1045,014593,NA,5,1,5,1990,0,1,3,NA,2,601,SR 60 WB POMONA FREEWAY,GRAND AVE,2640,W,N,A,-,Y,LA,NA,60,NA,R,23.948,H,NA,L,N,3,0,1,2,A,-,03,22350,NA,N,C,C,A,A,H,-,A,D,0,NA,NA,Y,NA,Y,NA,C,02,0,1,0,0,0,0,0,0,1,-,-,34.00511169433594,-117.82948303222656,LOS ANGELES,DIAMOND BAR,-117.8293685913086,34.00502014160156
91817398,2022,2022-07-14,9550,2022-07-04,2305,022809,NA,1,3,9,1900,0,1,3,NA,2,601,SR-60 WB,AZUSA AVE,1890,E,N,A,-,Y,LA,NA,60,NA,NA,18.379,H,NA,L,Y,3,0,2,2,C,-,18,NA,NA,N,E,8,A,A,H,-,B,D,0,NA,NA,NA,NA,Y,NA,-,-,0,1,1,0,0,0,0,0,0,-,-,33.996219635009766,-117.92415618896484,LOS ANGELES,UNINCORPORATED,-117.92417144775392,33.996177673339844
91817403,2022,2022-07-14,9525,2022-07-09,2500,022927,NA,6,4,9,1900,0,1,3,NA,1,024,SR-39 (SAN GABRIEL CANYON RD.),NORTH FORK BRIDGE,10560,S,N,A,-,Y,LA,NA,39,NA,NA,29,H,NA,R,Y,4,0,2,1,A,-,03,22350,NA,N,E,I,A,A,H,-,A,D,0,NA,NA,NA,NA,Y,NA,A,01,0,0,2,0,0,0,0,0,0,-,-,34.262428283691406,-117.85067749023438,LOS ANGELES,UNINCORPORATED,-117.8508071899414,34.26236343383789
91817409,2022,2022-07-14,9550,2022-07-14,1030,019398,NA,4,1,9,1900,0,1,1,NA,2,650,INTERSTATE 605 (SAN GABRIEL RIVER FREEWAY),SLAUSON AVENUE,500,N,N,A,-,Y,LA,NA,605,NA,R,11.791,H,NA,L,Y,3,0,1,3,A,-,03,22350,NA,N,C,C,A,A,H,-,A,D,0,NA,NA,NA,NA,Y,NA,A,01,0,1,0,0,0,0,0,0,0,-,-,33.97037124633789,-118.08203887939452,LOS ANGELES,UNINCORPORATED,-118.08182525634766,33.97028732299805
91817417,2022,2022-07-14,9525,2022-07-09,1525,022617,NA,6,2,5,1990,0,1,3,NA,2,613,SR-60 W/B (POMONA FWY),DIAMOND BAR BLVD,2600,E,N,A,-,Y,LA,NA,60,NA,R,26.08,H,NA,L,Y,4,0,3,4,A,-,08,22107,NA,F,B,I,A,A,H,-,A,D,0,NA,NA,NA,NA,Y,NA,A,01,0,0,3,0,0,0,0,0,0,-,-,34.02635955810547,-117.8037567138672,LOS ANGELES,DIAMOND BAR,-117.80377960205078,34.02640914916992
91817424,2022,2022-07-14,9535,2022-07-05,1345,022842,NA,2,1,5,1943,0,1,1,NA,2,075,I-710 (LONG BEACH FREEWAY) S/B,I-105,2112,S,N,A,-,Y,LA,NA,710,NA,R,15.219,H,NA,L,Y,3,0,2,2,A,-,08,22107,NA,N,C,C,A,A,H,-,A,D,0,NA,NA,NA,NA,Y,NA,A,01,0,2,0,0,0,0,0,0,0,-,-,33.90660095214844,-118.18311309814452,LOS ANGELES,LYNWOOD,-118.1829833984375,33.90652084350586
91817428,2022,2022-07-14,9545,2022-07-08,0830,019816,NA,5,1,9,1900,0,3,5,NA,2,003,ANGELES FOREST HWY,KENTUCKY SPRINGS CANYON RD,3010,S,N,A,-,N,NA,NA,NA,NA,NA,NA,NA,NA,NA,Y,2,0,1,1,A,-,03,22350,NA,N,E,I,A,A,H,-,A,D,0,NA,NA,Y,NA,Y,NA,C,02,1,0,0,0,0,0,0,0,1,-,-,34.43632888793945,-118.08969116210938,LOS ANGELES,UNINCORPORATED,-118.08979034423828,34.43606185913086
91817441,2022,2022-07-14,9525,2022-07-06,1825,021074,NA,3,2,4,1946,0,1,1,NA,2,202,I-210 E/B (FOOTHILL FREEWAY),MOUNTAIN AVE.,1056,W,N,A,-,Y,LA,NA,210,NA,R,34.599,H,NA,R,N,3,0,3,2,A,-,03,22350,NA,N,C,C,A,A,H,-,A,D,0,NA,NA,NA,NA,Y,NA,A,01,0,3,0,0,0,0,0,0,0,-,-,34.13541030883789,-117.98898315429688,LOS ANGELES,MONROVIA,-117.98898315429688,34.135379791259766
91817465,2022,2022-07-14,9525,2022-07-10,0240,021393,NA,7,3,5,1990,0,1,3,NA,2,604,SR-60 E/B (POMONA FWY),DIAMOND BAR BLVD,300,W,N,A,-,Y,LA,NA,60,NA,R,25.534,H,NA,R,Y,3,0,1,2,A,-,01,23152,A,N,B,2,A,A,H,-,D,D,0,NA,NA,NA,NA,Y,Y,A,01,0,1,0,0,0,0,0,0,0,-,-,34.02278137207031,-117.81226348876952,LOS ANGELES,DIAMOND BAR,-117.81224060058594,34.02275848388672
91817468,2022,2022-07-14,9535,2022-07-06,1520,021931,NA,3,2,3,1914,0,1,1,NA,2,501,I-5 S/B,GARFIELD AVENUE,300,S,N,A,-,Y,LA,NA,5,NA,NA,10.826,H,NA,L,N,4,0,2,2,A,-,07,21658,A,N,B,C,A,A,H,-,A,B,0,NA,NA,NA,Y,Y,NA,-,-,0,0,2,0,0,0,0,0,0,-,-,33.986839294433594,-118.13687133789064,LOS ANGELES,COMMERCE,-118.13688659667967,33.9868278503418
91817472,2022,2022-07-14,9550,2022-07-04,2310,022952,NA,1,3,6,1920,0,1,1,NA,2,150,I-105 EB,BELLFLOWER BLVD,900,E,N,A,-,Y,LA,NA,105,NA,R,17.034,H,NA,R,Y,3,0,6,2,A,-,03,22350,NA,N,C,C,A,A,H,-,C,D,0,NA,NA,NA,NA,Y,NA,A,01,0,2,4,0,0,0,0,0,0,-,-,33.91347122192383,-118.11856079101564,LOS ANGELES,DOWNEY,-118.11856079101564,33.91352462768555
91817473,2022,2022-07-14,9550,2022-07-04,2315,022600,NA,1,3,6,1949,0,1,1,NA,2,150,INTERSTATE 105 EASTBOUND TO INTERSTATE 605 NORTHBO,IMPERIAL HIGHWAY,150,N,N,A,-,Y,NA,NA,NA,NA,NA,NA,NA,NA,NA,N,4,0,1,2,A,-,03,22350,NA,N,C,C,A,A,H,-,C,D,0,NA,NA,NA,NA,Y,NA,A,07,0,0,1,0,0,0,0,0,0,-,-,33.91764831542969,-118.10415649414064,LOS ANGELES,NORWALK,-118.34607696533205,33.93119430541992
91817475,2022,2022-07-14,9550,2022-07-05,0640,022769,NA,2,1,9,1900,0,1,1,NA,2,650,I-605 SB,TELEGRAPH RD.,500,S,N,A,-,Y,LA,NA,605,NA,R,10.159,H,NA,L,Y,4,0,1,3,A,-,03,22350,NA,F,C,C,A,A,H,-,A,D,0,NA,NA,NA,NA,Y,NA,D,22,0,0,1,0,0,0,0,0,0,-,-,33.948448181152344,-118.09295654296876,LOS ANGELES,UNINCORPORATED,-118.09285736083984,33.94840621948242
91817482,2022,2022-07-14,9550,2022-06-27,2125,022613,NA,1,2,6,1949,0,1,1,NA,2,651,I-605 NORTHBOUND,EXCELSIOR DRIVE,400,N,N,A,-,Y,NA,NA,NA,NA,NA,NA,NA,NA,NA,Y,2,0,2,2,A,-,03,22350,NA,F,C,2,A,A,H,-,D,D,0,NA,NA,NA,NA,Y,NA,-,99,1,0,1,0,0,0,0,0,0,-,-,33.53504943847656,-118.61773681640624,LOS ANGELES,NORWALK,-118.10479736328124,33.89713668823242
91817492,2022,2022-07-14,9550,2022-07-06,1800,020688,NA,3,2,9,1900,0,1,3,NA,2,601,STATE ROUTE 60 W/B,AZUSA AVE.,2112,E,N,A,-,Y,LA,NA,60,NA,NA,18.403,H,NA,L,Y,4,0,2,2,A,-,03,22350,NA,N,C,C,A,A,H,-,A,D,0,NA,NA,NA,NA,Y,NA,D,22,0,0,2,0,0,0,0,0,0,-,-,33.996150970458984,-117.92375946044922,LOS ANGELES,UNINCORPORATED,-117.92376708984376,33.99612808227539
91817516,2022,2022-07-14,9525,2022-07-04,1245,021074,NA,1,1,9,1900,0,1,3,NA,1,024,CRYSTAL LAKE RD.,STATE ROUTE-39,13000,N,N,A,-,N,NA,NA,NA,NA,NA,NA,NA,NA,NA,N,2,0,1,1,A,-,03,22350,NA,N,E,A,A,A,H,-,A,D,0,NA,NA,Y,NA,Y,NA,C,02,1,0,0,0,0,0,0,0,1,-,-,34.3184700012207,-117.8434600830078,LOS ANGELES,UNINCORPORATED,NA,NA
91817528,2021,2022-07-14,9525,2021-06-02,1431,020823,NA,3,2,9,1900,0,3,5,NA,2,004,WORKMAN MILL ROAD (1900 BLOCK),STATE ROUTE 60,6.4,N,N,A,-,N,NA,NA,NA,NA,NA,NA,NA,NA,NA,Y,1,1,2,2,A,-,05,21651,B,N,A,C,A,A,H,-,A,D,0,NA,NA,NA,Y,Y,NA,A,01,1,0,1,0,0,0,0,0,0,-,-,34.03194046020508,-118.02326202392578,LOS ANGELES,UNINCORPORATED,-118.02285766601564,34.0318717956543
91817534,2022,2022-07-14,9525,2022-07-12,1645,022925,NA,2,2,9,1900,0,2,4,NA,2,022,ARROW HIGHWAY (19700 E),GRAND AVE,1409,E,N,A,-,N,NA,NA,NA,NA,NA,NA,NA,NA,NA,Y,3,0,3,2,A,-,09,21804,A,N,B,C,A,A,H,-,A,D,0,NA,NA,NA,NA,Y,NA,A,01,0,1,2,0,0,0,0,0,0,-,-,34.106571197509766,-117.86785125732422,LOS ANGELES,UNINCORPORATED,-117.86807250976564,34.106544494628906
91817557,2022,2022-07-14,9590,2022-07-01,0515,021673,NA,5,3,7,1942,0,1,2,NA,2,071,US-101 S/B (HOLLYWOOD FREEWAY)(HOF) TO ALVARADO ST,ALVARADO STREET,35,N,N,A,-,Y,NA,NA,NA,NA,NA,NA,NA,NA,NA,N,4,0,1,2,A,-,01,23152,A,N,C,C,A,A,H,-,D,D,0,NA,NA,NA,NA,Y,Y,A,07,0,0,1,0,0,0,0,0,0,-,-,34.07176971435547,-118.26737213134766,LOS ANGELES,LOS ANGELES,-118.26737213134766,34.07176971435547
91817580,2022,2022-07-14,9535,2022-07-07,1508,021931,NA,4,2,3,1914,0,1,1,NA,2,501,I-5 S/B,ATLANTIC BLVD.,2112,S,N,A,-,Y,LA,NA,5,NA,NA,12.28,H,NA,L,Y,4,0,2,2,A,-,03,22350,NA,N,C,C,A,A,H,-,A,D,0,NA,NA,NA,Y,Y,NA,A,07,0,0,2,0,0,0,0,0,0,-,-,34.00362014770508,-118.15228271484376,LOS ANGELES,COMMERCE,-118.1522979736328,34.003604888916016
91817601,2022,2023-04-07,9525,2022-05-07,0120,022546,NA,6,3,6,1975,0,1,1,NA,2,105,I-10 W/B (SAN BERNARDINO FWY),HOLT AVENUE,2027,E,N,A,-,Y,LA,NA,10,NA,NA,39.393,H,NA,L,Y,1,1,2,2,A,-,08,22107,NA,N,E,I,A,A,H,-,C,D,0,NA,NA,NA,NA,Y,NA,A,07,0,1,1,0,0,0,0,0,0,-,-,34.06819152832031,-117.85803985595705,LOS ANGELES,WEST COVINA,-117.85803985595705,34.068111419677734
91817611,2022,2022-07-14,9590,2022-07-01,0955,021835,NA,5,1,7,1942,0,1,1,NA,2,500,I-110 N/B (HAF) HOT LANES,88TH PLACE,400,S,N,A,-,Y,LA,NA,110,NA,NA,15.683,H,NA,R,N,4,0,1,2,A,-,08,22107,NA,N,D,C,A,A,H,-,A,D,0,NA,NA,NA,NA,Y,NA,A,01,0,0,1,0,0,0,0,0,0,-,-,33.95560073852539,-118.28066253662108,LOS ANGELES,LOS ANGELES,-118.28070831298828,33.95560073852539
91817631,2022,2022-07-15,9550,2022-07-02,1420,022474,NA,6,2,9,1900,0,2,4,NA,1,051,FULLERTON ROAD,LOS PALACIOS DRIVE,0,NA,Y,A,-,N,NA,NA,NA,NA,NA,NA,NA,NA,NA,Y,3,0,3,2,A,-,12,21453,A,N,D,C,A,A,H,-,A,A,0,NA,NA,NA,NA,Y,NA,-,-,0,1,2,0,0,0,0,0,0,-,-,33.99094009399414,-117.90525817871094,LOS ANGELES,UNINCORPORATED,-117.90545654296876,33.99094009399414
91817634,2022,2022-07-15,9550,2022-07-05,1145,020014,NA,2,1,6,1920,0,1,1,NA,2,500,INTERSTATE 5 SB,INTERSTATE 605 (SAN GABRIEL RIVER FREEWAY),1600,N,N,A,-,Y,LA,NA,5,NA,NA,7.171,H,NA,L,Y,2,0,1,2,A,-,03,22350,NA,F,F,A,A,A,H,-,A,D,0,NA,NA,Y,NA,Y,NA,-,99,1,0,0,0,0,0,0,0,1,-,-,33.945220947265625,-118.0994110107422,LOS ANGELES,DOWNEY,-118.09940338134766,33.94522476196289
91817654,2021,2022-07-15,9590,2021-08-18,0213,021535,NA,3,3,7,1942,0,1,1,NA,2,085,INTERSTATE 5 SOUTHBOUND (GOLDEN STATE FREEWAY),I-5 N/B (GSF) FROM LOS FELIZ BLVD. OVERCROSSING [5,592,S,N,B,-,Y,NA,NA,5,NA,NA,NA,NA,NA,S,Y,1,1,0,2,A,-,11,21954,A,N,G,B,E,A,H,-,E,D,0,Y,NA,NA,NA,Y,NA,N,60,0,0,0,1,0,0,0,0,0,-,-,34.11516189575195,-118.2685089111328,LOS ANGELES,LOS ANGELES,-118.26848602294922,34.11517333984375
91817809,2022,2022-07-15,9540,2022-07-08,0230,020678,NA,5,3,6,1985,0,1,3,NA,1,145,SR-14 S/B (ANTELOPE VALLEY FWY),NEWHALL AVE.,1550,N,N,A,-,Y,LA,NA,14,NA,R,27.341,H,NA,L,Y,3,0,1,1,A,-,01,23152,A,N,E,I,A,A,H,-,C,D,0,NA,NA,NA,NA,Y,Y,A,01,0,1,0,0,0,0,0,0,0,-,-,34.36920928955078,-118.50154876708984,LOS ANGELES,SANTA CLARITA,-118.50147247314452,34.369178771972656
91817828,2022,2022-07-15,9575,2022-07-03,0425,021254,NA,7,3,7,1942,0,1,3,NA,2,044,SR-134 W/B TO US 101 N/B,RIVERSIDE DRIVE,92,E,N,A,-,Y,LA,NA,134,NA,NA,0.132,H,NA,L,Y,3,0,1,1,A,-,01,23152,A,N,E,I,A,A,H,-,C,D,0,NA,NA,NA,NA,Y,Y,A,07,0,1,0,0,0,0,0,0,0,-,-,34.15338897705078,-118.37494659423828,LOS ANGELES,LOS ANGELES,-118.37494659423828,34.15338897705078
91817829,2022,2022-07-15,9565,2022-07-05,1540,021372,NA,2,2,7,1942,0,1,1,NA,2,063,I-405 SOUTHBOUND (SAN DIEGO FREEWAY),SANTA MONICA BOULEVARD,1700,S,N,A,-,Y,LA,NA,405,NA,NA,30.534,H,NA,L,Y,3,0,5,5,A,-,03,22350,NA,N,C,C,A,A,H,-,A,D,0,NA,NA,NA,NA,Y,NA,A,01,0,3,2,0,0,0,0,0,0,-,-,34.04304122924805,-118.44335174560548,LOS ANGELES,LOS ANGELES,-118.4434051513672,34.04301071166992
91817831,2022,2022-07-15,9530,2022-07-02,0156,021842,NA,6,3,9,1900,0,3,5,NA,2,001,GAGE AVE. (1100 BLOCK),CENTRAL AVE.,10,E,N,A,-,N,NA,NA,NA,NA,NA,NA,NA,NA,NA,Y,3,0,1,1,A,-,01,23152,A,N,E,I,A,A,H,-,C,A,0,NA,NA,NA,NA,Y,Y,A,01,0,1,0,0,0,0,0,0,0,-,-,33.98212814331055,-118.25627899169922,LOS ANGELES,UNINCORPORATED,-118.25642395019533,33.98202133178711
91817857,2022,2022-07-15,9545,2022-06-25,2000,022844,NA,6,2,9,1900,0,3,5,NA,1,006,AVENUE N,MEDWAY AVE,4,W,N,A,-,N,NA,NA,NA,NA,NA,NA,NA,NA,NA,Y,3,0,1,1,A,-,01,23152,A,M,E,I,A,A,H,-,B,D,0,NA,NA,NA,NA,Y,Y,A,01,0,1,0,0,0,0,0,0,0,-,-,34.6309814453125,-118.21560668945313,LOS ANGELES,UNINCORPORATED,-118.21569061279295,34.63092041015625
91817873,2022,2022-07-15,9530,2022-07-02,0725,022847,NA,6,1,9,1900,0,3,5,NA,2,003,HARRIS AVE. (BLOCK #4100),SAN VINCENTE ST.,100,N,N,A,-,N,NA,NA,NA,NA,NA,NA,NA,NA,NA,Y,3,0,1,2,A,-,08,22107,NA,N,B,E,A,A,H,-,A,D,0,NA,NA,NA,NA,Y,NA,A,07,0,1,0,0,0,0,0,0,0,-,-,33.90011978149414,-118.19908142089844,LOS ANGELES,UNINCORPORATED,-118.19915771484376,33.899662017822266
91817893,2022,2022-07-15,9540,2022-07-10,1655,022182,NA,7,2,9,1900,0,3,5,NA,2,200,ESCONDIDO CANYON RD,VALLEY SAGE ROAD,0,NA,Y,A,-,N,NA,NA,NA,NA,NA,NA,NA,NA,NA,N,4,0,2,2,A,-,04,21703,NA,N,C,C,A,A,H,-,A,D,0,NA,NA,Y,NA,Y,NA,C,02,0,0,2,0,0,0,0,0,2,-,-,34.49232864379883,-118.28468322753906,LOS ANGELES,UNINCORPORATED,-118.2844009399414,34.49230194091797
91817908,2022,2022-07-15,9565,2022-07-03,1930,022099,NA,7,2,4,1918,0,1,1,NA,2,061,I-405 N/B (SAN DIEGO FWY),BRADDOCK DR,1500,N,N,A,-,Y,LA,NA,405,NA,NA,26.683,H,NA,R,Y,3,0,1,2,A,-,03,22350,NA,N,C,C,A,A,H,-,A,D,0,NA,NA,NA,NA,Y,NA,A,01,0,1,0,0,0,0,0,0,0,-,-,33.99674987792969,-118.40611267089844,LOS ANGELES,CULVER CITY,-118.40610504150392,33.99674987792969
91817910,2022,2022-07-15,9565,2022-07-02,0505,022810,NA,6,3,9,1900,0,1,1,NA,2,012,I-105 E/B (CENTURY FREEWAY),BUDLONG AVENUE,300,W,N,A,-,Y,LA,NA,105,NA,R,6.467,H,NA,R,N,2,0,1,1,A,-,08,22107,NA,N,E,I,A,A,H,-,B,D,0,NA,NA,NA,NA,Y,NA,A,01,1,0,0,0,0,0,0,0,0,-,-,33.928070068359375,-118.29673004150392,LOS ANGELES,UNINCORPORATED,-118.29672241210938,33.92805480957031
91817918,2022,2022-10-07,9525,2022-05-17,0508,021967,NA,2,3,6,1955,0,1,3,NA,2,071,STATE ROUTE 71 SOUTHBOUND TO STATE ROUTE 60 EASTBO,RIO RANCHO ROAD,2505,S,N,B,-,Y,NA,NA,NA,NA,NA,NA,NA,NA,NA,Y,1,1,0,2,A,-,03,22350,NA,N,C,C,A,A,H,-,C,D,0,NA,NA,Y,NA,Y,NA,C,02,0,0,0,0,0,0,0,1,0,-,-,34.02606964111328,-117.75341033935548,LOS ANGELES,POMONA,-117.75341033935548,34.02606964111328
91817956,2022,2022-10-04,9535,2022-07-05,0030,022254,NA,2,3,3,1914,0,1,1,NA,2,501,I-5 (SANTA ANA FREEWAY) S/B,SLAUSON AVE,1595,N,N,A,-,Y,LA,NA,5,NA,NA,10.083,H,NA,L,Y,3,0,1,3,A,-,03,22350,NA,N,F,I,A,A,H,-,C,D,0,NA,NA,NA,NA,Y,NA,A,01,0,1,0,0,0,0,0,0,0,-,-,33.978919982910156,-118.12811279296876,LOS ANGELES,COMMERCE,-118.12805938720705,33.97895431518555
91817970,2022,2022-07-15,9530,2022-07-05,1428,019029,NA,2,2,5,1915,0,1,3,NA,2,310,SR-91 E/B (ARTESIA FREEWAY),WILMINGTON AVE.,233,E,N,A,-,Y,LA,NA,91,NA,R,9.212,H,NA,R,N,4,0,1,3,A,-,07,21658,A,N,B,C,A,A,H,-,A,D,0,NA,NA,NA,NA,Y,NA,A,01,0,0,1,0,0,0,0,0,0,-,-,33.8736686706543,-118.23518371582033,LOS ANGELES,COMPTON,-118.23517608642578,33.87363052368164
91817981,2021,2022-07-15,9590,2021-12-04,0340,022444,NA,6,3,7,1942,0,1,1,NA,2,053,I-110 S/B (HAF),ADAMS BOULEVARD,1250,N,N,A,-,Y,NA,NA,110,NA,NA,NA,NA,NA,S,N,3,0,1,2,A,-,03,22350,NA,N,B,C,A,A,H,-,C,D,0,NA,NA,NA,NA,Y,NA,A,01,0,1,0,0,0,0,0,0,0,-,-,34.031009674072266,-118.27455139160156,LOS ANGELES,LOS ANGELES,-118.2746124267578,34.031005859375
91817984,2022,2022-07-15,9530,2022-07-05,0554,021310,NA,2,3,6,1972,0,1,1,NA,2,400,I-405 N/B,NORMANDIE AVE,850,N,N,A,-,Y,LA,NA,405,NA,NA,14.041,H,NA,R,Y,4,0,1,2,A,-,07,21658,A,F,B,C,A,A,H,-,A,D,0,NA,NA,Y,NA,Y,NA,A,01,0,0,1,0,0,0,0,0,1,-,-,33.8598518371582,-118.30259704589844,LOS ANGELES,TORRANCE,-118.30259704589844,33.85991287231445
91817988,2022,2022-07-15,9535,2022-07-03,0045,022335,NA,7,3,9,1900,0,2,4,NA,2,024,WHITTIER BOULEVARD,GERHART AVENUE,0,NA,Y,A,-,N,NA,NA,NA,NA,NA,NA,NA,NA,NA,Y,4,0,1,3,A,-,03,22350,NA,M,C,C,A,A,H,-,C,A,0,NA,NA,NA,NA,Y,NA,A,07,0,0,1,0,0,0,0,0,0,-,-,34.01829147338867,-118.14749908447266,LOS ANGELES,UNINCORPORATED,-118.14730834960938,34.0182991027832
91817998,2021,2022-07-15,9590,2021-12-24,1916,022661,NA,5,2,7,1942,0,1,1,NA,2,062,I-10 E/B (SANTA MONICA FREEWAY),HOOVER ST.,100,E,N,A,-,Y,NA,NA,10,NA,NA,NA,NA,NA,E,N,4,0,1,3,A,-,03,22350,NA,M,C,C,A,A,H,-,C,D,0,NA,NA,NA,NA,Y,NA,D,22,0,0,1,0,0,0,0,0,0,-,-,34.036991119384766,-118.283203125,LOS ANGELES,LOS ANGELES,-118.28324127197266,34.037200927734375
91818049,2022,2022-07-15,9535,2022-07-04,2355,022650,NA,1,3,9,1900,0,2,4,NA,2,025,ATLANTIC BLVD.,4TH ST.,20,N,N,A,-,N,NA,NA,NA,NA,NA,NA,NA,NA,NA,N,3,0,2,2,A,-,01,23152,A,M,C,C,A,A,H,-,C,D,0,NA,NA,NA,NA,Y,Y,A,01,0,1,1,0,0,0,0,0,0,-,-,34.0295295715332,-118.15444946289064,LOS ANGELES,UNINCORPORATED,-118.15455627441406,34.029441833496094
91818091,2022,2022-07-15,9575,2022-07-06,1115,015204,NA,3,1,6,1925,0,1,3,NA,2,042,SR-134 W/B (VENTURA FREEWAY),GLENDALE AVE,50,E,N,A,-,Y,LA,NA,134,NA,R,7.909,H,NA,L,N,4,0,1,2,A,-,03,22350,NA,N,C,C,A,A,H,-,A,D,0,NA,NA,NA,NA,Y,NA,A,01,0,0,1,0,0,0,0,0,0,-,-,34.1556396484375,-118.24154663085938,LOS ANGELES,GLENDALE,-118.24152374267578,34.15568923950195
91818096,2022,2022-07-15,9540,2022-07-04,1310,021118,NA,1,1,7,1942,0,1,1,NA,1,502,I-5 N/B (GOLDEN STATE FWY),SR-14,70,N,N,A,-,Y,LA,NA,5,NA,R,45.63,H,NA,R,N,4,0,1,2,A,-,04,21703,NA,N,C,C,A,A,D,-,A,D,0,NA,NA,NA,NA,Y,NA,D,22,0,0,1,0,0,0,0,0,0,-,-,34.33441162109375,-118.50872039794922,LOS ANGELES,LOS ANGELES,-118.50878143310548,34.33435821533203
91818155,2022,2022-07-15,9565,2022-07-03,1420,022832,NA,7,2,5,1965,0,1,1,NA,2,082,I-10 WESTBOUND,CLOVERFIELD BOULEVARD,150,W,N,A,-,Y,LA,NA,10,NA,R,3.275,H,NA,L,Y,4,0,1,4,A,-,03,22350,NA,N,C,C,A,A,H,-,A,D,0,NA,NA,NA,NA,Y,NA,A,01,0,0,1,0,0,0,0,0,0,-,-,34.02431106567383,-118.47045135498048,LOS ANGELES,SANTA MONICA,-118.47044372558594,34.024288177490234
91818168,2022,2022-07-15,9535,2022-07-07,0720,022081,NA,4,1,9,1900,0,2,4,NA,2,021,CITY TERRACE DR,VAN PELT AVE,0,NA,Y,A,-,N,NA,NA,NA,NA,NA,NA,NA,NA,NA,N,3,0,1,2,A,-,12,21453,A,N,D,C,A,A,H,-,A,A,0,NA,NA,NA,NA,Y,NA,A,01,0,1,0,0,0,0,0,0,0,-,-,34.055938720703125,-118.17704010009766,LOS ANGELES,UNINCORPORATED,-118.17706298828124,34.055908203125
91818178,2022,2022-07-15,9530,2022-05-31,1430,022714,NA,2,2,9,1900,0,3,5,NA,2,002,COMPTON AVE.,118TH ST.,120,N,N,A,-,N,NA,NA,NA,NA,NA,NA,NA,NA,NA,N,4,0,1,2,A,-,05,21460,A,N,D,C,A,A,H,-,A,D,0,NA,NA,NA,NA,Y,NA,I,09,0,0,1,0,0,0,0,0,0,-,-,33.92633056640625,-118.24626922607422,LOS ANGELES,UNINCORPORATED,-118.24627685546876,33.92626953125
91818195,2022,2022-07-15,9525,2022-07-02,0448,020719,NA,6,3,6,1975,0,1,1,NA,2,106,I-10 E/B (SAN BERNARDINO FWY),CITRUS ST.,528,W,N,A,-,Y,LA,NA,10,NA,NA,37.357,H,NA,R,N,4,0,1,3,A,-,07,21658,A,M,B,C,A,A,H,-,C,D,0,NA,NA,NA,NA,Y,NA,-,99,0,0,1,0,0,0,0,0,0,-,-,34.07183837890625,-117.89263153076172,LOS ANGELES,WEST COVINA,-117.89263153076172,34.07191467285156
91818219,2022,2022-07-15,9575,2022-07-04,1200,021006,NA,1,1,9,1900,0,1,3,NA,2,300,SR-2 (ANGELES CREST HIGHWAY),WOODWARDIA BRIDGE,200,E,N,A,-,N,NA,NA,NA,NA,NA,NA,NA,NA,NA,Y,2,0,1,1,A,-,03,22350,NA,N,F,A,A,A,H,-,A,D,0,NA,NA,Y,NA,Y,NA,C,02,1,0,0,0,0,0,0,0,1,-,-,34.25299072265625,-118.19734954833984,LOS ANGELES,UNINCORPORATED,-118.19743347167967,34.25302505493164