CASE_ID,ACCIDENT_YEAR,PROC_DATE,JURIS,COLLISION_DATE,COLLISION_TIME,OFFICER_ID,REPORTING_DISTRICT,DAY_OF_WEEK,CHP_SHIFT,POPULATION,CNTY_CITY_LOC,SPECIAL_COND,BEAT_TYPE,CHP_BEAT_TYPE,CITY_DIVISION_LAPD,CHP_BEAT_CLASS,BEAT_NUMBER,PRIMARY_RD,SECONDARY_RD,DISTANCE,DIRECTION,INTERSECTION,WEATHER_1,WEATHER_2,STATE_HWY_IND,CALTRANS_COUNTY,CALTRANS_DISTRICT,STATE_ROUTE,ROUTE_SUFFIX,POSTMILE_PREFIX,POSTMILE,LOCATION_TYPE,RAMP_INTERSECTION,SIDE_OF_HWY,TOW_AWAY,COLLISION_SEVERITY,NUMBER_KILLED,NUMBER_INJURED,PARTY_COUNT,PRIMARY_COLL_FACTOR,PCF_CODE_OF_VIOL,PCF_VIOL_CATEGORY,PCF_VIOLATION,PCF_VIOL_SUBSECTION,HIT_AND_RUN,TYPE_OF_COLLISION,MVIW,PED_ACTION,ROAD_SURFACE,ROAD_COND_1,ROAD_COND_2,LIGHTING,CONTROL_DEVICE,CHP_ROAD_TYPE,PEDESTRIAN_ACCIDENT,BICYCLE_ACCIDENT,MOTORCYCLE_ACCIDENT,TRUCK_ACCIDENT,NOT_PRIVATE_PROPERTY,ALCOHOL_INVOLVED,STWD_VEHTYPE_AT_FAULT,CHP_VEHTYPE_AT_FAULT,COUNT_SEVERE_INJ,COUNT_VISIBLE_INJ,COUNT_COMPLAINT_PAIN,COUNT_PED_KILLED,COUNT_PED_INJURED,COUNT_BICYCLIST_KILLED,COUNT_BICYCLIST_INJURED,COUNT_MC_KILLED,COUNT_MC_INJURED,PRIMARY_RAMP,SECONDARY_RAMP,LATITUDE,LONGITUDE,COUNTY,CITY,POINT_X,POINT_Y
91822607,2022,2022-07-21,9550,2022-03-18,0202,022268,NA,5,3,5,1919,0,1,3,NA,2,092,SR-91 W/B,ARTESIA BOULEVARD,510,E,N,A,-,Y,LA,NA,91,NA,R,19.546,H,NA,L,Y,4,0,2,3,A,-,01,23152,A,N,C,C,A,A,H,-,D,D,0,NA,NA,NA,NA,Y,NA,A,07,0,0,2,0,0,0,0,0,0,-,-,33.8721809387207,-118.05870056152344,LOS ANGELES,CERRITOS,-118.05867767333984,33.87220001220703
91822614,2022,2022-07-21,9575,2022-07-11,0930,021006,NA,1,1,9,1900,0,3,5,NA,2,002,BROWN MOUNTAIN TRUCK TRAIL,MT. LOWE ROAD,1003,N,N,A,-,N,NA,NA,NA,NA,NA,NA,NA,NA,NA,Y,2,0,1,1,A,-,17,21662,A,N,F,I,A,A,B,G,A,D,0,NA,NA,NA,NA,Y,NA,A,01,1,0,0,0,0,0,0,0,0,-,-,34.216400146484375,-118.15052795410156,LOS ANGELES,UNINCORPORATED,NA,NA
91822628,2022,2022-07-21,9575,2022-07-13,1354,022946,NA,3,1,9,1900,0,1,3,NA,2,304,SR-2 (ANGELES CREST HIGHWAY),SR-39,6864,W,N,A,-,Y,LA,NA,2,NA,NA,62.763,H,NA,R,Y,3,0,1,1,A,-,03,22350,NA,N,E,I,A,A,H,-,A,D,0,NA,NA,NA,NA,Y,NA,A,01,0,1,0,0,0,0,0,0,0,-,-,34.3626708984375,-117.86557769775392,LOS ANGELES,UNINCORPORATED,-117.86554718017578,34.36259460449219
91822646,2022,2022-07-21,9550,2022-07-09,0355,022600,NA,6,3,9,1900,0,3,5,NA,2,002,LELAND AVENUE,LUKAY STREET,200,S,N,A,-,Y,NA,NA,NA,NA,NA,NA,NA,NA,NA,N,3,0,1,2,A,-,08,22107,NA,M,C,E,A,A,H,-,C,D,0,NA,NA,NA,NA,Y,NA,A,07,0,1,0,0,0,0,0,0,0,-,-,33.92580032348633,-118.04206848144533,LOS ANGELES,UNINCORPORATED,-118.04203033447266,33.92573165893555
91822647,2022,2022-07-21,9550,2022-07-14,1440,022909,NA,4,2,3,1964,0,1,1,NA,2,650,I-605 SOUTHBOUND TO I-5 SOUTHBOUND,DAVENRICH STREET,1000,S,N,A,-,Y,NA,NA,NA,NA,NA,NA,NA,NA,NA,Y,4,0,3,3,A,-,03,22350,NA,N,C,C,A,A,H,-,A,D,0,NA,NA,NA,NA,Y,NA,A,01,0,0,3,0,0,0,0,0,0,-,-,33.943199157714844,-118.09668731689452,LOS ANGELES,SANTA FE SPRINGS,-118.09668731689452,33.943199157714844
91822661,2022,2022-07-22,9590,2022-07-11,1429,022088,NA,1,2,7,1942,0,1,1,NA,2,500,I-110 N/B (HARBOR FREEWAY) HOT LANES,SLAUSON AVE,440,S,N,A,-,Y,NA,NA,NA,NA,NA,NA,NA,NA,NA,N,4,0,1,3,A,-,07,21658,A,N,C,C,A,A,H,-,A,D,0,NA,NA,NA,NA,Y,NA,A,01,0,0,1,0,0,0,0,0,0,-,-,34.03705978393555,-118.27528381347656,LOS ANGELES,LOS ANGELES,NA,NA
91822662,2022,2022-07-22,9550,2022-07-11,1900,022820,NA,1,2,9,1900,0,3,5,NA,2,003,S. VALLECITO DR. SOUTHBOUND,LAS LOMITAS DR.,100,N,N,A,-,N,NA,NA,NA,NA,NA,NA,NA,NA,NA,Y,3,0,1,2,A,-,08,22107,NA,N,B,C,A,A,H,-,A,A,0,NA,NA,NA,NA,Y,NA,A,01,0,1,0,0,0,0,0,0,0,-,-,34.002838134765625,-117.98059844970705,LOS ANGELES,UNINCORPORATED,-117.9839324951172,33.99576187133789
91822664,2022,2022-07-22,9525,2022-07-14,1645,021074,NA,4,2,1,1934,0,1,1,NA,2,652,I-605 N/B (SAN GABRIEL FREEWAY),ARROW HIGHWAY,4500,N,N,A,-,Y,LA,NA,605,NA,NA,24.949,H,NA,R,Y,4,0,1,3,A,-,03,22350,NA,N,C,C,A,A,H,-,A,D,0,NA,NA,NA,Y,Y,NA,A,08,0,0,1,0,0,0,0,0,0,-,-,34.12403869628906,-117.96637725830078,LOS ANGELES,IRWINDALE,-117.96640014648438,34.124053955078125
91822667,2022,2022-07-22,9580,2022-07-15,2148,019876,NA,5,2,3,1989,0,1,2,NA,2,106,US-101 N/B (VENTURA FREEWAY),MUREAU RD,2112,N,N,A,-,Y,LA,NA,101,NA,NA,29.444,H,NA,R,Y,3,0,1,2,A,-,01,23152,A,N,C,C,A,A,H,-,D,D,0,NA,NA,NA,NA,Y,Y,A,01,0,1,0,0,0,0,0,0,0,-,-,34.14929962158203,-118.67156219482422,LOS ANGELES,CALABASAS,-118.67156219482422,34.14931106567383
91822670,2022,2022-07-22,9580,2022-07-15,2117,022603,NA,5,2,7,1942,0,1,3,NA,2,171,SR-170 S/B (HOLLYWOOD FWY.),SHERMAN WAY,1000,N,N,A,-,Y,LA,NA,170,NA,R,18.424,H,NA,L,N,3,0,1,2,A,-,01,23152,NA,N,F,I,A,A,H,-,D,D,0,NA,NA,NA,NA,Y,Y,A,01,0,1,0,0,0,0,0,0,0,-,-,34.20320129394531,-118.40489196777344,LOS ANGELES,LOS ANGELES,-118.4047393798828,34.203250885009766
91822671,2022,2022-07-22,9530,2022-07-15,1455,017860,NA,5,2,2,1967,0,1,1,NA,2,420,I-405 S/B (SAN DIEGO FREEWAY),CALIFORNIA AVE.,145,S,N,A,-,Y,LA,NA,405,NA,NA,5.603,H,NA,L,Y,4,0,1,3,A,-,03,22350,NA,F,C,C,A,A,H,-,A,D,0,NA,NA,NA,NA,Y,NA,D,22,0,0,1,0,0,0,0,0,0,-,-,33.81427001953125,-118.18009948730467,LOS ANGELES,SIGNAL HILL,-118.18009948730467,33.814186096191406
91822672,2022,2022-07-22,9580,2022-07-16,0310,021461,NA,6,3,7,1942,0,1,3,NA,2,115,SR-118 W/B (RONALD REAGAN FWY.) TRANSITION TO I-40,I-405,100,E,N,A,-,Y,LA,NA,118,NA,R,9.828,H,NA,L,Y,3,0,1,1,A,-,08,22107,NA,N,E,I,A,A,H,-,B,D,0,NA,NA,NA,NA,Y,Y,A,01,0,1,0,0,0,0,0,0,0,-,-,34.266029357910156,-118.47176361083984,LOS ANGELES,LOS ANGELES,-118.47175598144533,34.266090393066406
91822679,2022,2022-07-22,9590,2022-07-10,0311,022384,NA,7,3,7,1942,0,1,1,NA,2,021,I-10 W/B (SAN BERNARDINO FREEWAY),SOTO STREET,85,E,N,A,-,Y,LA,NA,10,NA,NA,19.098,H,NA,L,N,4,0,1,2,A,-,03,22350,NA,N,C,C,A,A,H,-,C,D,0,NA,NA,NA,NA,Y,NA,A,07,0,0,1,0,0,0,0,0,0,-,-,34.05474090576172,-118.20236206054688,LOS ANGELES,LOS ANGELES,-118.20236206054688,34.05474853515625
91822883,2022,2022-07-22,9540,2022-07-13,0625,019254,NA,3,1,9,1900,0,2,4,NA,1,201,SIERRA HIGHWAY (13800 BLOCK),RUSH CANYON ROAD,528,N,N,A,-,N,NA,NA,NA,NA,NA,NA,NA,NA,NA,Y,4,0,2,2,A,-,03,22350,NA,N,C,C,A,A,H,-,A,D,0,NA,NA,NA,NA,Y,NA,D,22,0,0,2,0,0,0,0,0,0,-,-,34.50122833251953,-118.38102722167967,LOS ANGELES,UNINCORPORATED,-118.38133239746094,34.50092697143555
91822890,2022,2022-07-22,9575,2022-07-12,1130,019595,NA,2,1,7,1942,0,1,1,NA,2,061,I-210 W/B (FOOTHILL FREEWAY),WHEATLAND AVE.,1025,E,N,A,-,Y,LA,NA,210,NA,R,9.653,H,NA,L,N,4,0,1,2,A,-,07,21658,A,N,B,C,A,A,D,E,A,D,0,NA,NA,NA,Y,Y,NA,-,-,0,0,1,0,0,0,0,0,0,-,-,34.271820068359375,-118.3492431640625,LOS ANGELES,LOS ANGELES,-118.3492431640625,34.271812438964844
91822911,2022,2022-07-22,9565,2022-07-13,0825,014952,NA,3,1,5,1965,0,1,1,NA,2,081,I-10 W/B (SANTA MONICA FWY),LINCOLN BLVD,190,E,N,B,-,Y,LA,NA,10,NA,R,2.187,H,NA,L,Y,3,0,1,2,A,-,03,22350,NA,N,C,C,A,A,H,-,A,D,0,NA,NA,NA,NA,Y,NA,A,01,0,1,0,0,0,0,0,0,0,-,-,34.015289306640625,-118.48562622070313,LOS ANGELES,SANTA MONICA,-118.48551940917967,34.01516342163086
91822918,2022,2022-07-22,9540,2022-07-20,0530,021349,NA,3,3,9,1900,0,1,3,NA,2,146,SR-14 N/B (ANTELOPE VALLEY FREEWAY),ESCONDIDO CYN RD,4382,N,N,A,-,Y,LA,NA,14,NA,NA,44.136,H,NA,R,Y,4,0,2,2,A,-,08,22107,NA,N,C,2,A,A,H,-,B,D,0,NA,NA,NA,NA,Y,NA,A,07,0,0,2,0,0,0,0,0,0,-,-,34.49702072143555,-118.2701416015625,LOS ANGELES,UNINCORPORATED,-118.27016448974608,34.497154235839844
91822922,2022,2022-07-22,9565,2022-07-12,0900,016943,NA,2,1,6,1933,0,1,1,NA,2,060,I-405 S/B (SAN DIEGO),ARBOR VITAE ST.,100,N,N,A,-,Y,LA,NA,405,NA,NA,22.82,H,NA,L,N,2,0,2,2,A,-,07,21658,A,N,C,C,A,A,H,-,A,D,0,NA,NA,Y,NA,Y,NA,D,22,1,1,0,0,0,0,0,0,2,-,-,33.953819274902344,-118.36966705322266,LOS ANGELES,INGLEWOOD,-118.36951446533205,33.953826904296875
91822925,2022,2022-07-22,9530,2022-06-26,1142,021004,NA,7,1,9,1900,0,3,5,NA,2,001,87TH ST,HICKORY ST,0,NA,Y,A,-,N,NA,NA,NA,NA,NA,NA,NA,NA,NA,N,4,0,1,2,A,-,09,21802,A,N,A,C,A,A,H,-,A,A,0,NA,NA,NA,NA,Y,NA,A,01,0,0,1,0,0,0,0,0,0,-,-,33.958499908447266,-118.23512268066406,LOS ANGELES,UNINCORPORATED,-118.23514556884766,33.958492279052734
91822926,2022,2022-07-22,9540,2022-07-18,0830,020918,NA,1,1,6,1985,0,1,3,NA,1,144,SR-14 N/B (ANTELOPE VALLEY FWY.),SAND CANYON RD.,4646,S,N,A,-,Y,LA,NA,14,NA,NA,32.521,H,NA,R,N,4,0,1,2,A,-,07,21658,A,N,B,C,A,A,H,-,A,D,0,NA,NA,NA,NA,Y,NA,-,99,0,0,1,0,0,0,0,0,0,-,-,34.41865158081055,-118.43739318847656,LOS ANGELES,SANTA CLARITA,-118.43746185302734,34.41875076293945
91822930,2022,2022-07-22,9575,2022-07-13,1015,022448,NA,3,1,5,1902,0,1,1,NA,2,065,I-210 E/B (FOOTHILL FREEWAY),FIRST AVENUE,50,E,N,A,-,Y,LA,NA,210,NA,R,32.096,H,NA,R,Y,4,0,1,4,A,-,08,22107,NA,M,B,C,A,A,H,-,A,D,0,NA,NA,NA,Y,Y,NA,D,22,0,0,1,0,0,0,0,0,0,-,-,34.146461486816406,-118.02863311767578,LOS ANGELES,ARCADIA,-118.0285873413086,34.146522521972656
91822938,2022,2022-07-22,9590,2022-05-20,1300,021926,NA,5,1,7,1942,0,1,1,NA,2,053,I-110 S/B (HAF),OLYMPIC BLVD,400,S,N,A,-,Y,LA,NA,110,NA,NA,22.138,H,NA,L,N,4,0,1,3,A,-,07,21658,A,F,C,C,A,A,H,-,A,D,0,NA,NA,NA,NA,Y,NA,A,07,0,0,1,0,0,0,0,0,0,-,-,34.04677963256836,-118.26873779296876,LOS ANGELES,LOS ANGELES,-118.26871490478516,34.0467529296875
91822954,2022,2022-07-22,9530,2022-07-12,1545,022866,NA,2,2,7,1942,0,1,1,NA,2,110,I-110 S/B (HARBOR FREEWAY),W 107TH ST,45,S,N,A,-,Y,LA,NA,110,NA,NA,14.523,H,NA,L,N,4,0,1,2,A,-,03,22350,NA,N,C,C,A,A,H,-,A,D,0,NA,NA,NA,NA,Y,NA,A,01,0,0,1,0,0,0,0,0,0,-,-,33.938899993896484,-118.280029296875,LOS ANGELES,LOS ANGELES,-118.28018951416016,33.93890380859375
91822960,2022,2022-07-22,9565,2022-07-13,2115,022646,NA,3,2,7,1942,0,1,1,NA,2,060,I-405 S/B,LA CIENEGA BLVD,1000,N,N,A,-,Y,LA,NA,405,NA,NA,23.926,H,NA,L,N,4,0,2,1,C,-,18,NA,NA,N,F,J,A,A,H,-,D,D,0,NA,NA,Y,NA,Y,NA,-,-,0,0,2,0,0,0,0,0,2,-,-,33.969051361083984,-118.37288665771484,LOS ANGELES,LOS ANGELES,-118.37291717529295,33.969024658203125
91822970,2022,2022-07-22,9550,2022-07-09,2210,022512,NA,6,3,5,1919,0,1,1,NA,2,652,I-605 S/B,ALONDRA BOULEVARD,1415,S,N,A,-,Y,LA,NA,605,NA,R,5.549,H,NA,L,Y,4,0,3,2,A,-,07,21658,A,N,B,C,A,A,H,-,D,D,0,NA,NA,NA,NA,Y,NA,A,01,0,0,3,0,0,0,0,0,0,-,-,33.88351821899414,-118.10436248779295,LOS ANGELES,CERRITOS,-118.1043701171875,33.88351821899414
91822972,2022,2022-07-22,9575,2022-07-14,0955,015204,NA,4,1,6,1925,0,1,3,NA,2,042,SR-134 W/B FROM PACIFIC AVE,PACIFIC AVE,387,W,N,A,-,Y,LA,NA,134,NA,R,6.519,H,NA,L,N,3,0,2,2,A,-,03,22350,NA,N,C,C,A,A,H,-,A,A,0,NA,NA,NA,NA,Y,NA,D,22,0,2,0,0,0,0,0,0,0,-,-,34.15631103515625,-118.26573181152344,LOS ANGELES,GLENDALE,-118.26567840576172,34.15610122680664
91822977,2022,2022-07-22,9530,2022-07-12,1615,022866,NA,2,2,7,1942,0,1,1,NA,2,110,I-110 S/B (HARBOR FREEWAY),W 106TH STREET,25,S,N,A,-,Y,LA,NA,110,NA,NA,14.595,H,NA,L,N,4,0,1,2,A,-,07,21658,A,N,B,C,A,A,H,-,A,D,0,NA,NA,Y,NA,Y,NA,C,02,0,0,1,0,0,0,0,0,1,-,-,33.93996047973633,-118.28016662597656,LOS ANGELES,LOS ANGELES,-118.2801513671875,33.93996047973633
91823008,2022,2022-07-22,9550,2022-07-14,0055,021578,NA,4,3,9,1900,0,3,5,NA,2,001,WADDELL ST.,DISNEY AVE.,100,E,N,A,-,N,NA,NA,NA,NA,NA,NA,NA,NA,NA,N,2,0,1,2,A,-,08,22107,NA,F,G,B,E,A,H,-,C,D,0,Y,NA,NA,NA,Y,NA,-,99,1,0,0,0,1,0,0,0,0,-,-,33.968170166015625,-118.06842041015624,LOS ANGELES,UNINCORPORATED,-118.06886291503906,33.968223571777344
91823010,2022,2022-07-22,9530,2022-07-12,1735,022866,NA,2,2,7,1941,0,1,3,NA,2,320,SR-91 W/B (ARTESIA FREEWAY),ATLANTIC AVE,150,W,N,A,-,Y,LA,NA,91,NA,R,12.066,H,NA,L,N,3,0,2,3,A,-,07,21658,A,N,C,2,A,A,H,-,A,D,0,NA,NA,NA,NA,Y,NA,D,22,0,1,1,0,0,0,0,0,0,-,-,33.87704086303711,-118.18672943115234,LOS ANGELES,LONG BEACH,-118.18672943115234,33.87690353393555
91823060,2022,2022-07-22,9535,2022-07-19,2135,022214,NA,2,2,9,1900,0,2,4,NA,2,014,CESAR E. CHAVEZ AVE.,MEDNIK AVE.,0,NA,Y,A,-,N,NA,NA,NA,NA,NA,NA,NA,NA,NA,Y,3,0,2,2,A,-,12,21453,A,N,D,C,A,A,H,-,C,A,0,NA,NA,NA,NA,Y,NA,A,01,0,1,1,0,0,0,0,0,0,-,-,34.04063034057617,-118.16187286376952,LOS ANGELES,UNINCORPORATED,-118.16188049316406,34.040611267089844
91823079,2022,2022-07-22,9550,2022-07-12,1330,022474,NA,2,1,5,1908,0,1,3,NA,2,091,STATE ROUTE 91 E/B,INTERSTATE 605,250,W,N,A,-,Y,LA,NA,91,NA,R,16.829,H,NA,R,N,3,0,7,3,A,-,03,22350,NA,N,C,C,A,A,H,-,A,D,0,NA,NA,NA,NA,Y,NA,A,01,0,1,6,0,0,0,0,0,0,-,-,33.87643051147461,-118.10443878173828,LOS ANGELES,BELLFLOWER,-118.10443878173828,33.876346588134766
91823144,2022,2022-07-22,9535,2022-07-16,0353,022059,NA,6,3,5,1959,0,1,1,NA,2,401,I-10 (SAN BERNARDINO FREEWAY) W/B,WALNUT GROVE AVE,1250,E,N,A,-,Y,LA,NA,10,NA,NA,26.601,H,NA,L,Y,4,0,1,1,A,-,08,22107,NA,N,E,I,A,A,H,-,C,D,0,NA,NA,NA,NA,Y,Y,A,07,0,0,1,0,0,0,0,0,0,-,-,34.07229995727539,-118.07775115966795,LOS ANGELES,ROSEMEAD,-118.07775115966795,34.07234573364258
91823145,2022,2022-07-22,9590,2022-07-02,2300,022741,NA,6,3,7,1942,0,1,1,NA,2,053,I-110 S/B (HARBOR FREEWAY),TEMPLE ST,545,S,N,A,-,Y,LA,NA,110,NA,NA,23.519,H,NA,L,N,4,0,1,2,A,-,07,21658,A,N,C,C,A,A,H,-,C,D,0,NA,NA,NA,NA,Y,NA,-,-,0,0,1,0,0,0,0,0,0,-,-,34.060550689697266,-118.25144958496094,LOS ANGELES,LOS ANGELES,-118.25138854980467,34.06049346923828
91823155,2022,2022-07-22,9575,2022-07-14,0130,022629,NA,4,3,7,1942,0,1,1,NA,2,053,I-5 S/B (GOLDEN STATE FREEWAY),OSBORNE STREET,1380,S,N,A,-,Y,LA,NA,5,NA,NA,37.155,H,NA,L,N,4,0,1,2,A,-,03,22350,NA,M,C,C,A,A,H,-,C,D,0,NA,NA,NA,NA,Y,NA,-,99,0,0,1,0,0,0,0,0,0,-,-,34.241661071777344,-118.41951751708984,LOS ANGELES,LOS ANGELES,-118.4194107055664,34.241737365722656
91823196,2022,2022-07-22,9535,2022-07-16,0830,022017,NA,6,1,5,1901,0,1,1,NA,2,421,INTERSTATE 10 (SAN BERNARDINO FREEWAY) W/B,ATLANTIC BOULEVARD,500,E,N,A,-,Y,LA,NA,10,NA,NA,23.506,H,NA,L,Y,4,0,1,4,A,-,03,22350,NA,N,C,C,A,A,H,-,A,D,0,NA,NA,NA,NA,Y,NA,A,01,0,0,1,0,0,0,0,0,0,-,-,34.07162094116211,-118.13143157958984,LOS ANGELES,ALHAMBRA,-118.13143157958984,34.07170867919922
91823199,2022,2022-07-22,9535,2022-07-15,1417,022418,NA,5,2,9,1900,0,2,4,NA,2,024,WHITTIER BOULEVARD (4000 E BLOCK),HERBERT AVENUE,96,W,N,A,-,N,NA,NA,NA,NA,NA,NA,NA,NA,NA,Y,4,0,6,5,A,-,03,22350,NA,N,C,C,A,A,H,-,A,A,0,NA,NA,NA,Y,Y,NA,A,07,0,0,6,0,0,0,0,0,0,-,-,34.02389907836914,-118.18415832519533,LOS ANGELES,UNINCORPORATED,-118.18406677246094,34.023929595947266
91823217,2022,2022-07-22,9590,2022-07-17,1205,022357,NA,7,1,7,1942,0,1,2,NA,2,071,US-101 S/B (HOLLYWOOD FREEWAY),GLENDALE BLVD,320,S,N,A,-,Y,LA,NA,101,NA,NA,2.436,H,NA,L,N,4,0,2,2,A,-,03,22350,NA,N,C,C,A,A,H,-,A,D,0,NA,NA,NA,NA,Y,NA,A,01,0,0,2,0,0,0,0,0,0,-,-,34.06917953491211,-118.26013946533205,LOS ANGELES,LOS ANGELES,-118.26011657714844,34.06922912597656
91823227,2022,2022-07-22,9590,2022-07-15,1735,022417,NA,5,2,7,1942,0,1,2,NA,2,070,US-101 N/B (SANTA ANA FREEWAY),GRAND AVE,200,S,N,A,-,Y,LA,NA,101,NA,NA,1.215,H,NA,R,N,3,0,1,2,A,-,07,21658,A,N,B,C,A,A,H,-,A,D,0,NA,NA,Y,NA,Y,NA,A,07,0,1,0,0,0,0,0,0,1,-,-,34.05820846557617,-118.24411010742188,LOS ANGELES,LOS ANGELES,-118.244140625,34.05817794799805
91823229,2022,2022-07-22,9565,2022-06-27,0430,022810,NA,1,3,9,1900,0,3,5,NA,2,006,WILSHIRE BOULEVARD,SEPULVEDA BOULEVARD,0,NA,Y,A,-,N,NA,NA,NA,NA,NA,NA,NA,NA,NA,N,2,0,1,2,A,-,12,21453,A,N,H,G,A,A,H,-,A,A,0,NA,Y,NA,NA,Y,NA,L,04,1,0,0,0,0,0,1,0,0,-,-,34.05615997314453,-118.45155334472656,LOS ANGELES,UNINCORPORATED,-118.45159149169922,34.05609893798828
91823233,2022,2022-07-22,9540,2022-07-15,0958,019254,NA,5,1,9,1900,0,3,5,NA,2,200,DAVENPORT ROAD (12400 BLOCK),SUMMIT KNOLL ROAD,90,W,N,A,-,N,NA,NA,NA,NA,NA,NA,NA,NA,NA,Y,3,0,1,1,A,-,03,22350,NA,N,E,I,A,A,H,-,A,D,0,NA,NA,NA,NA,Y,NA,A,01,0,1,0,0,0,0,0,0,0,-,-,34.4782600402832,-118.35822296142578,LOS ANGELES,UNINCORPORATED,-118.3579330444336,34.47822570800781
91823237,2022,2022-07-22,9535,2022-07-15,1700,021976,NA,5,2,5,1959,0,1,1,NA,2,401,I-10 WB TO TEMPLE CITY BLVD,TEMPLE CITY BLVD.,160,E,N,A,-,Y,LA,NA,10,NA,NA,27.696,H,NA,L,N,4,0,2,2,A,-,03,22350,NA,N,C,C,A,A,H,-,A,D,0,NA,NA,NA,NA,Y,NA,A,01,0,0,2,0,0,0,0,0,0,-,-,34.0726318359375,-118.05841064453124,LOS ANGELES,ROSEMEAD,-118.05841064453124,34.07260513305664
91823317,2022,2022-07-22,9535,2022-07-16,1300,022017,NA,6,1,5,1901,0,1,1,NA,2,420,INTERSTATE 10 (SAN BERNARDINO FREEWAY) E/B,NEW AVENUE,1000,W,N,A,-,Y,LA,NA,10,NA,NA,24.636,H,NA,R,Y,4,0,1,3,A,-,03,22350,NA,N,C,C,A,A,H,-,A,D,0,NA,NA,NA,NA,Y,NA,-,-,0,0,1,0,0,0,0,0,0,-,-,34.07160949707031,-118.11174774169922,LOS ANGELES,ALHAMBRA,-118.11174774169922,34.07163619995117
91823319,2022,2022-07-22,9525,2022-07-15,1201,019632,NA,5,1,6,1975,0,1,1,NA,2,106,I-10 E/B TO CITRUS ST,CITRUS ST.,30,W,N,A,-,Y,NA,NA,NA,NA,NA,NA,NA,NA,NA,N,3,0,1,2,A,-,06,21755,A,M,B,C,A,A,H,-,A,D,0,NA,NA,NA,Y,Y,NA,A,01,0,1,0,0,0,0,0,0,0,-,-,34.07149124145508,-114.8904266357422,LOS ANGELES,WEST COVINA,-117.89010620117188,34.07198715209961
91823344,2022,2022-07-22,9550,2022-07-16,0430,022398,NA,6,3,6,1949,0,1,S,NA,2,104,I-105 EASTBOUND TO I-605 SOUTHBOUND,ROSECRANS AVE,1320,N,N,A,-,Y,LA,NA,605,NA,R,7.086,H,NA,L,Y,2,0,2,1,A,-,07,21658,A,M,E,I,A,A,H,-,C,A,0,NA,NA,NA,NA,Y,NA,A,01,2,0,0,0,0,0,0,0,0,-,-,33.90581130981445,-118.10543060302734,LOS ANGELES,NORWALK,-118.10528564453124,33.90580749511719
91823346,2022,2022-07-22,9550,2022-07-18,0735,020014,NA,1,1,6,1949,0,1,1,NA,2,500,INTERSTATE 5 N/B (SANTA ANA FREEWAY),PIONEER BOULEVARD,50,N,N,A,-,Y,LA,NA,5,NA,NA,5.442,H,NA,R,Y,3,0,1,2,A,-,03,22350,NA,N,C,C,A,A,H,-,A,D,0,NA,NA,NA,NA,Y,NA,A,01,0,1,0,0,0,0,0,0,0,-,-,33.92362976074219,-118.08438873291016,LOS ANGELES,NORWALK,-118.08436584472656,33.923641204833984
91823347,2022,2022-07-22,9535,2022-07-16,1302,022025,NA,6,1,9,1900,0,2,4,NA,2,014,CESAR E CHAVEZ AVE,HUMPHREYS AVE,0,NA,Y,A,-,N,NA,NA,NA,NA,NA,NA,NA,NA,NA,Y,3,0,1,2,A,-,09,21801,A,N,B,C,A,A,H,-,A,A,0,NA,NA,NA,NA,Y,NA,A,07,0,1,0,0,0,0,0,0,0,-,-,34.04056930541992,-118.17137145996094,LOS ANGELES,UNINCORPORATED,-118.17137908935548,34.040584564208984
91823356,2022,2022-07-22,9525,2022-07-17,0455,021545,NA,7,3,9,1900,0,3,5,NA,2,002,E COVINA HILLS RD,N SAN JOAQUIN RD,25,W,N,A,-,N,NA,NA,NA,NA,NA,NA,NA,NA,NA,Y,3,0,1,1,A,-,08,22107,NA,N,E,I,A,A,H,-,C,D,0,NA,NA,NA,NA,Y,NA,D,22,0,1,0,0,0,0,0,0,0,-,-,34.07701873779297,-117.8677215576172,LOS ANGELES,UNINCORPORATED,-117.86772918701172,34.077030181884766
91823367,2022,2022-07-22,9525,2022-07-03,2500,022770,NA,7,4,9,1900,0,3,5,NA,2,001,NELSON AVENUE (BLOCK #13505),LE BORGNE AVENUE,75,W,N,B,-,N,NA,NA,NA,NA,NA,NA,NA,NA,NA,Y,3,0,1,3,A,-,08,22107,NA,M,B,E,A,A,H,-,C,D,0,NA,NA,NA,NA,Y,NA,-,99,0,1,0,0,0,0,0,0,0,-,-,34.04922103881836,-117.98928833007813,LOS ANGELES,UNINCORPORATED,-117.98926544189452,34.049137115478516
91823380,2022,2022-07-22,9530,2022-06-27,1615,017755,NA,1,2,5,1977,0,1,1,NA,2,410,I-405 S/B (SAN DIEGO FREEWAY),WILMINGTON AVE.,1200,S,N,A,-,Y,LA,NA,405,NA,NA,9.356,H,NA,L,N,4,0,2,3,A,-,03,22350,NA,F,C,C,A,A,H,-,A,D,0,NA,NA,NA,NA,Y,NA,A,07,0,0,2,0,0,0,0,0,0,-,-,33.82566833496094,-118.23779296875,LOS ANGELES,CARSON,-118.23779296875,33.825767517089844
91823385,2022,2022-07-22,9535,2022-07-21,1156,021538,NA,4,1,3,1914,0,1,1,NA,2,501,I-5 (SANTA ANA FREEWAY) S/B,ATLANTIC BLVD.,50,N,N,A,-,Y,LA,NA,5,NA,NA,12.864,H,NA,L,N,4,0,1,2,A,-,03,22350,NA,N,C,C,A,A,H,-,A,D,0,NA,NA,NA,NA,Y,NA,A,01,0,0,1,0,0,0,0,0,0,-,-,34.0095100402832,-118.15955352783205,LOS ANGELES,COMMERCE,-118.15946197509766,34.00956344604492