CASE_ID,ACCIDENT_YEAR,PROC_DATE,JURIS,COLLISION_DATE,COLLISION_TIME,OFFICER_ID,REPORTING_DISTRICT,DAY_OF_WEEK,CHP_SHIFT,POPULATION,CNTY_CITY_LOC,SPECIAL_COND,BEAT_TYPE,CHP_BEAT_TYPE,CITY_DIVISION_LAPD,CHP_BEAT_CLASS,BEAT_NUMBER,PRIMARY_RD,SECONDARY_RD,DISTANCE,DIRECTION,INTERSECTION,WEATHER_1,WEATHER_2,STATE_HWY_IND,CALTRANS_COUNTY,CALTRANS_DISTRICT,STATE_ROUTE,ROUTE_SUFFIX,POSTMILE_PREFIX,POSTMILE,LOCATION_TYPE,RAMP_INTERSECTION,SIDE_OF_HWY,TOW_AWAY,COLLISION_SEVERITY,NUMBER_KILLED,NUMBER_INJURED,PARTY_COUNT,PRIMARY_COLL_FACTOR,PCF_CODE_OF_VIOL,PCF_VIOL_CATEGORY,PCF_VIOLATION,PCF_VIOL_SUBSECTION,HIT_AND_RUN,TYPE_OF_COLLISION,MVIW,PED_ACTION,ROAD_SURFACE,ROAD_COND_1,ROAD_COND_2,LIGHTING,CONTROL_DEVICE,CHP_ROAD_TYPE,PEDESTRIAN_ACCIDENT,BICYCLE_ACCIDENT,MOTORCYCLE_ACCIDENT,TRUCK_ACCIDENT,NOT_PRIVATE_PROPERTY,ALCOHOL_INVOLVED,STWD_VEHTYPE_AT_FAULT,CHP_VEHTYPE_AT_FAULT,COUNT_SEVERE_INJ,COUNT_VISIBLE_INJ,COUNT_COMPLAINT_PAIN,COUNT_PED_KILLED,COUNT_PED_INJURED,COUNT_BICYCLIST_KILLED,COUNT_BICYCLIST_INJURED,COUNT_MC_KILLED,COUNT_MC_INJURED,PRIMARY_RAMP,SECONDARY_RAMP,LATITUDE,LONGITUDE,COUNTY,CITY,POINT_X,POINT_Y
91826022,2022,2022-07-27,9535,2022-07-17,0355,022641,NA,7,3,9,1900,0,1,1,NA,2,651,I-605 SOUTHBOUND (SAN GABRIEL RIVER FREEWAY),SR-60 (POMONA FREEWAY),850,N,N,C,-,Y,LA,NA,605,NA,R,17.915,H,NA,L,N,2,0,1,1,A,-,08,22107,NA,N,E,I,A,A,H,-,D,D,0,NA,NA,NA,NA,Y,NA,D,22,1,0,0,0,0,0,0,0,0,-,-,34.038970947265625,-118.02033233642578,LOS ANGELES,UNINCORPORATED,-118.02031707763672,34.03894805908203
91826120,2022,2022-07-27,9535,2022-07-20,0920,022243,NA,3,1,5,1943,0,1,1,NA,2,074,I-710 (LONG BEACH FREEWAY) N/B,IMPERIAL HIGHWAY,400,S,N,A,-,Y,LA,NA,710,NA,NA,16.904,H,NA,R,N,4,0,1,2,A,-,07,21658,A,N,B,C,A,A,H,-,A,D,0,NA,NA,NA,Y,Y,NA,-,-,0,0,1,0,0,0,0,0,0,-,-,33.92966079711914,-118.17886352539064,LOS ANGELES,LYNWOOD,-118.17872619628906,33.929664611816406
91826127,2022,2022-07-27,9535,2022-07-18,1330,022269,NA,1,1,9,1900,0,1,3,NA,2,066,SR-164 (ROSEMEAD BLVD.),SR-60 (POMONA FREEWAY),800,S,N,A,-,Y,LA,NA,164,NA,NA,3.175,H,NA,R,N,4,0,5,2,A,-,07,21658,A,N,B,C,A,A,H,-,A,D,0,NA,NA,NA,NA,Y,NA,A,01,0,0,5,0,0,0,0,0,0,-,-,34.038848876953125,-118.06433868408205,LOS ANGELES,UNINCORPORATED,-118.06420135498048,34.038848876953125
91826144,2022,2022-07-27,9535,2022-07-20,1740,022159,NA,3,2,6,1922,0,1,1,NA,2,400,I-10 E/B (SAN BERNARDINO FREEWAY),I-605,795,W,N,A,-,Y,LA,NA,10,NA,NA,30.991,H,NA,R,N,4,0,4,3,A,-,03,22350,NA,N,C,C,A,A,H,-,A,D,0,NA,NA,NA,NA,Y,NA,A,01,0,0,4,0,0,0,0,0,0,-,-,34.064659118652344,-118.00293731689452,LOS ANGELES,EL MONTE,-118.0029296875,34.06462478637695
91826157,2022,2022-07-27,9525,2022-07-22,0122,015988,NA,5,3,6,1955,0,1,1,NA,2,109,I-10 W/B (SAN BERNARDINO FWY),TOWNE AVE.,2640,E,N,A,-,Y,LA,NA,10,NA,NA,47.07,H,NA,L,Y,3,0,2,2,A,-,07,21658,A,N,B,C,A,A,H,-,D,D,0,NA,NA,NA,Y,Y,NA,A,01,0,2,0,0,0,0,0,0,0,-,-,34.08176040649414,-117.73104095458984,LOS ANGELES,POMONA,-117.73103332519533,34.081642150878906
91826171,2022,2022-07-27,9550,2022-07-19,0950,021656,NA,2,1,5,1908,0,1,3,NA,2,091,STATE ROUTE 91 W/B (ARTESIA FREEWAY),INTERSTATE 605,500,W,N,A,-,Y,LA,NA,91,NA,R,16.802,H,NA,L,Y,4,0,2,3,A,-,03,22350,NA,N,C,C,A,A,H,-,A,D,0,NA,NA,NA,NA,Y,NA,A,07,0,0,2,0,0,0,0,0,0,-,-,33.87643051147461,-118.10492706298828,LOS ANGELES,BELLFLOWER,-118.10492706298828,33.876461029052734
91826206,2021,2022-07-27,9575,2021-07-29,0115,022513,NA,4,3,9,1900,0,1,3,NA,2,304,SR-2 (ANGELES CREST HIGHWAY),6000 FT. ELEVATION,5966,E,N,A,-,Y,NA,NA,2,NA,NA,NA,NA,NA,NA,Y,1,2,1,1,A,-,03,22350,NA,N,E,I,A,A,H,-,D,D,0,NA,NA,NA,NA,Y,NA,A,01,1,0,0,0,0,0,0,0,0,-,-,34.34217834472656,-117.973876953125,LOS ANGELES,UNINCORPORATED,-117.97388458251952,34.34220504760742
91826233,2022,2022-07-27,9590,2022-07-13,0113,021998,NA,3,3,7,1942,0,1,1,NA,2,062,INTERSTATE 10 EASTBOUND (SANTA MONICA FREEWAY),WESTERN AVENUE,500,W,N,A,-,Y,LA,NA,10,NA,R,12.947,H,NA,R,Y,4,0,1,2,A,-,07,21658,A,F,B,2,A,A,H,-,C,D,0,NA,NA,NA,NA,Y,NA,-,99,0,0,1,0,0,0,0,0,0,-,-,34.03704833984375,-118.30680084228516,LOS ANGELES,LOS ANGELES,-118.30680084228516,34.03700256347656
91826263,2022,2022-07-27,9540,2022-07-20,0729,019254,NA,3,1,6,1985,0,1,3,NA,1,145,SR-14 S/B (ANTELOPE VALLEY FREEWAY),VIA PRINCESSA WAY,1056,S,N,A,-,Y,LA,NA,14,NA,R,30.699,H,NA,L,Y,4,0,2,2,A,-,03,22350,NA,N,C,C,A,A,H,-,A,D,0,NA,NA,NA,NA,Y,NA,A,01,0,0,2,0,0,0,0,0,0,-,-,34.40092849731445,-118.4580307006836,LOS ANGELES,SANTA CLARITA,-118.45806884765624,34.40098190307617
91826301,2022,2022-07-27,9590,2022-07-15,2335,021122,NA,5,3,7,1942,0,1,2,NA,2,071,US-101 S/B (HOLLYWOOD FREEWAY (HOF),BONNIE BRAE STREET,200,S,N,A,-,Y,LA,NA,101,NA,NA,2.677,H,NA,L,N,4,0,1,2,A,-,03,22350,NA,N,C,C,A,A,H,-,C,D,0,NA,NA,NA,NA,Y,NA,A,01,0,0,1,0,0,0,0,0,0,-,-,34.07065963745117,-118.26399993896484,LOS ANGELES,LOS ANGELES,-118.26400756835938,34.07065200805664
91826305,2022,2022-07-27,9540,2022-07-26,1040,020400,NA,2,1,9,1900,0,1,1,NA,2,508,I-5 N/B (GOLDEN STATE FWY.),HASLEY CANYON RD,1320,N,N,A,-,Y,LA,NA,5,NA,R,58.281,H,NA,R,N,4,0,1,2,A,-,21,22106,NA,N,C,C,A,A,D,E,A,D,0,NA,NA,NA,NA,Y,NA,A,01,0,0,1,0,0,0,0,0,0,-,-,34.48012924194336,-118.6143035888672,LOS ANGELES,UNINCORPORATED,-118.61431884765624,34.48012924194336
91826315,2022,2022-07-27,9590,2022-07-21,0900,017520,NA,4,1,7,1942,0,1,1,NA,2,051,I-110 S/B (HAF),VERNON AVE,75,N,N,A,-,Y,NA,NA,NA,NA,NA,NA,NA,NA,NA,N,4,0,1,2,A,-,03,22350,NA,N,C,C,A,A,H,-,A,D,0,NA,NA,NA,NA,Y,NA,D,22,0,0,1,0,0,0,0,0,0,-,-,34.952999114990234,-120.41549682617188,LOS ANGELES,LOS ANGELES,-118.28124237060548,34.00388717651367
91826328,2022,2022-07-27,9590,2022-07-15,1040,021823,NA,5,1,7,1942,0,1,1,NA,2,061,I-10 W/B (SANTA MONICA FREEWAY),6TH AVE,300,E,N,A,-,Y,NA,NA,NA,NA,NA,NA,NA,NA,NA,Y,4,0,1,2,A,-,03,22350,NA,N,C,C,A,A,H,-,A,D,0,NA,NA,NA,NA,Y,NA,A,07,0,0,1,0,0,0,0,0,0,-,-,34.93611145019531,-118.32257080078124,LOS ANGELES,LOS ANGELES,-118.32268524169922,34.03609848022461
91826344,2022,2022-07-27,9590,2022-07-15,2200,022698,NA,5,3,7,1942,0,1,1,NA,2,050,I-110 NORTHBOUND (HARBOR FREEWAY),VERNON AVENUE,55,N,N,A,-,Y,LA,NA,110,NA,NA,19.045,H,NA,R,N,3,0,1,1,A,-,08,22107,NA,N,E,J,A,A,H,-,C,D,0,NA,NA,NA,NA,Y,NA,A,01,0,1,0,0,0,0,0,0,0,-,-,34.004268646240234,-118.28089904785156,LOS ANGELES,LOS ANGELES,-118.28102111816406,34.0042724609375
91826355,2022,2022-07-27,9525,2022-07-21,1720,021995,NA,4,2,6,1955,0,1,3,NA,2,072,SR-71 N/B (CHINO VALLEY FREEWAY),RIO RANCHO ROAD,2200,S,N,B,-,Y,LA,NA,71,NA,R,4.054,H,NA,L,N,3,0,1,4,A,-,07,21658,A,N,H,C,A,A,H,-,A,D,0,NA,NA,Y,NA,Y,NA,A,01,0,1,0,0,0,0,0,0,1,-,-,34.027099609375,-117.75308227539064,LOS ANGELES,POMONA,-117.75308990478516,34.027095794677734
91826360,2022,2022-07-27,9535,2022-07-21,1925,022105,NA,4,2,5,1959,0,1,1,NA,2,400,I-10 (SAN BERNARDINO FREEWAY) E/B,ROSEMEAD BLVD,500,W,N,A,-,Y,LA,NA,10,NA,NA,26.746,H,NA,R,N,4,0,4,2,A,-,03,22350,NA,N,C,C,A,A,H,-,A,D,0,NA,NA,NA,NA,Y,NA,A,01,0,0,4,0,0,0,0,0,0,-,-,34.07209014892578,-118.0749969482422,LOS ANGELES,ROSEMEAD,-118.0749969482422,34.07204818725586
91826381,2022,2022-07-27,9535,2022-07-21,1730,022263,NA,4,2,9,1900,0,1,3,NA,2,601,SR-60 (POMONA FREEWAY) TO I-710 N/B (LONG BEACH FR,FLORAL DR,50,N,N,A,-,Y,LA,NA,710,NA,NA,25.23,H,NA,R,N,4,0,1,2,A,-,08,22107,NA,N,B,C,A,A,H,-,A,D,0,NA,NA,NA,NA,Y,NA,-,-,0,0,1,0,0,0,0,0,0,-,-,34.04446029663086,-118.16973876953124,LOS ANGELES,UNINCORPORATED,-118.1697998046875,34.04447555541992
91826398,2022,2022-07-27,9590,2022-07-15,1600,022689,NA,5,2,7,1942,0,1,1,NA,2,010,SR-110 NORTHBOUND (ARROYO SECO PARKWAY),AMADOR ST,30,N,N,A,-,Y,LA,NA,110,NA,NA,25.047,H,NA,R,N,4,0,1,2,A,-,07,21658,A,N,B,C,A,A,H,-,A,D,0,NA,NA,NA,NA,Y,NA,-,99,0,0,1,0,0,0,0,0,0,-,-,34.07469940185547,-118.232421875,LOS ANGELES,LOS ANGELES,-118.232421875,34.074703216552734
91826427,2022,2022-07-27,9535,2022-07-15,0850,022740,NA,5,1,9,1900,0,1,1,NA,2,650,I-605 N/B (SAN GABRIEL RIVER FWY),SARAGOSA ST,70,N,N,A,-,Y,LA,NA,605,NA,R,12.438,H,NA,R,N,4,0,2,3,A,-,07,21658,A,N,B,C,A,A,H,-,A,D,0,NA,NA,NA,NA,Y,NA,D,22,0,0,2,0,0,0,0,0,0,-,-,33.978939056396484,-118.0775909423828,LOS ANGELES,UNINCORPORATED,-118.07753753662108,33.97890090942383
91826455,2022,2022-07-27,9550,2022-07-19,1055,020014,NA,2,1,9,1900,0,3,5,NA,2,002,FLORENCE AVE,CARMENITA RD,0,NA,Y,A,-,N,NA,NA,NA,NA,NA,NA,NA,NA,NA,Y,4,0,1,2,A,-,12,21453,A,N,D,C,A,A,H,-,A,A,0,NA,NA,NA,NA,Y,NA,A,07,0,0,1,0,0,0,0,0,0,-,-,33.93634033203125,-118.04656982421876,LOS ANGELES,UNINCORPORATED,-118.04659271240234,33.93619918823242
91826466,2022,2022-07-27,9525,2022-07-23,0935,019966,NA,6,1,9,1900,0,3,5,NA,2,004,AMAR RD. (900 N. BLOCK),SUNKIST AVE. (14100 BLOCK),0,NA,Y,A,-,N,NA,NA,NA,NA,NA,NA,NA,NA,NA,N,4,0,1,2,A,-,05,21650,NA,N,D,C,A,A,H,-,A,D,0,NA,Y,NA,NA,Y,NA,L,04,0,0,1,0,0,0,1,0,0,-,-,34.05073165893555,-117.97020721435548,LOS ANGELES,UNINCORPORATED,-117.97042083740234,34.05045700073242
91826474,2022,2022-07-27,9525,2022-07-16,1903,022971,NA,6,2,5,1990,0,1,3,NA,2,573,SR-57 S/B (ORANGE FWY),ORANGE COUNTY LINE,160,N,N,A,-,Y,LA,NA,57,NA,R,0.041,H,NA,L,Y,3,0,1,1,A,-,08,22107,NA,N,E,I,A,A,D,-,A,D,0,NA,NA,NA,NA,Y,NA,A,01,0,1,0,0,0,0,0,0,0,-,-,33.94649887084961,-117.86830139160156,LOS ANGELES,DIAMOND BAR,-117.86824798583984,33.94646072387695
91826492,2022,2022-07-27,9550,2022-05-27,2000,022167,NA,5,2,9,1900,0,3,5,NA,2,001,WHITTIER BOULEVARD,EL RANCHO DRIVE,30,E,N,A,-,N,NA,NA,NA,NA,NA,NA,NA,NA,NA,N,4,0,1,2,A,-,03,22350,NA,F,C,C,A,A,H,-,C,D,0,NA,NA,NA,NA,Y,NA,D,22,0,0,1,0,0,0,0,0,0,-,-,33.98474884033203,-118.05629730224608,LOS ANGELES,UNINCORPORATED,-118.0563735961914,33.984737396240234
91826500,2022,2022-07-27,9525,2022-07-22,1000,022959,NA,5,1,6,1955,0,1,3,NA,2,605,SR-60 W/B (POMONA FWY),TOWNE AVENUE,500,W,N,A,-,Y,LA,NA,60,NA,R,29.742,H,NA,L,N,4,0,1,3,A,-,03,22350,NA,N,C,C,A,A,H,-,A,D,0,NA,NA,NA,NA,Y,NA,A,07,0,0,1,0,0,0,0,0,0,-,-,34.02431869506836,-117.74192810058594,LOS ANGELES,POMONA,-117.741943359375,34.02436828613281
91826501,2022,2022-07-27,9525,2022-07-24,1250,022745,NA,7,1,5,1926,0,1,3,NA,1,024,SR-39 N/B,RINCON FIRE STATION,3432,N,N,A,-,N,NA,NA,NA,NA,NA,NA,NA,NA,NA,N,2,0,2,2,A,-,03,22350,NA,N,C,C,A,A,H,-,A,D,0,NA,NA,Y,NA,Y,NA,C,02,2,0,0,0,0,0,0,0,2,-,-,34.24348831176758,-117.86972808837892,LOS ANGELES,GLENDORA,-117.86983489990234,34.24248123168945
91826523,2022,2022-07-27,9525,2022-07-27,0715,019966,NA,3,1,4,1960,0,1,3,NA,2,572,SR-57 N/B (ORANGE FWY),VIA VERDE AVE.,1600,S,N,A,-,Y,LA,NA,57,NA,R,8.38,H,NA,R,N,4,0,1,1,A,-,08,22107,NA,N,E,I,A,A,H,-,A,D,0,NA,NA,NA,NA,Y,NA,A,01,0,0,1,0,0,0,0,0,0,-,-,34.07426071166992,-117.81008911132813,LOS ANGELES,SAN DIMAS,-117.81018829345705,34.07419204711914
91826540,2022,2022-07-27,9530,2022-07-15,1550,022438,NA,5,2,9,1900,0,3,5,NA,2,001,COMPTON AVENUE,FIRESTONE BOULEVARD,0,NA,Y,A,-,N,NA,NA,NA,NA,NA,NA,NA,NA,NA,N,4,0,2,2,A,-,09,21801,A,N,D,C,A,A,H,-,A,A,0,NA,NA,NA,NA,Y,NA,A,07,0,0,2,0,0,0,0,0,0,-,-,33.96010971069336,-118.24739837646484,LOS ANGELES,UNINCORPORATED,-118.24745178222656,33.96015167236328
91826549,2022,2022-07-27,9550,2022-06-25,2120,022820,NA,6,2,6,1949,0,1,1,NA,2,651,INTERSTATE 605 NORTHBOUND,CECILIA STREET,35,N,N,A,-,Y,LA,NA,605,NA,R,8.91,H,NA,R,N,4,0,1,2,A,-,03,22350,NA,F,C,C,A,A,H,-,C,D,0,NA,NA,NA,NA,Y,NA,A,01,0,0,1,0,0,0,0,0,0,-,-,33.931861877441406,-118.1012725830078,LOS ANGELES,NORWALK,-118.1012954711914,33.93186950683594
91826573,2022,2022-07-28,9550,2022-07-19,0555,020014,NA,2,3,4,1936,0,1,1,NA,2,501,INTERSTATE 5 NB,VALLEY VIEW AVENUE,2000,S,N,A,-,Y,LA,NA,5,NA,NA,0.839,H,NA,R,Y,3,0,1,4,A,-,08,22107,NA,N,B,C,A,A,H,-,A,D,0,NA,NA,Y,NA,Y,NA,A,01,0,1,0,0,0,0,0,0,1,-,-,33.88108825683594,-118.0236587524414,LOS ANGELES,LA MIRADA,-118.02352905273438,33.881256103515625
91826764,2022,2022-07-28,9580,2022-07-17,0635,021522,NA,7,1,7,1942,0,1,1,NA,2,404,I-405 N/B TO US-101 N/B,VENTURA BLVD,900,N,N,A,-,Y,NA,NA,NA,NA,NA,NA,NA,NA,NA,Y,3,0,1,2,A,-,08,22107,NA,F,B,C,A,A,H,-,A,D,0,NA,NA,NA,NA,Y,NA,-,99,0,1,0,0,0,0,0,0,0,-,-,34.15861892700195,-118.4681396484375,LOS ANGELES,LOS ANGELES,-118.4681396484375,34.15861892700195
91826765,2022,2022-07-28,9580,2022-07-18,0950,019952,NA,1,1,7,1942,0,1,2,NA,2,102,US-101 N/B (VENTURA FREEWAY),SEPULVEDA BLVD,150,N,N,A,-,Y,LA,NA,101,NA,NA,17.025,H,NA,R,N,4,0,1,1,C,-,18,NA,NA,N,E,I,A,A,H,-,A,D,0,NA,NA,NA,NA,Y,NA,-,-,0,0,1,0,0,0,0,0,0,-,-,34.16004943847656,-118.46732330322266,LOS ANGELES,LOS ANGELES,-118.46736145019533,34.159969329833984
91826767,2022,2022-07-28,9580,2022-07-18,1245,019952,NA,1,1,7,1942,0,1,2,NA,2,102,US-101 N/B (VENTURA FREEWAY),VAN NUYS BLVD,675,S,N,A,-,Y,LA,NA,101,NA,NA,15.521,H,NA,R,N,4,0,1,2,A,-,03,22350,NA,N,C,C,A,A,H,-,A,D,0,NA,NA,NA,NA,Y,NA,D,22,0,0,1,0,0,0,0,0,0,-,-,34.155418395996094,-118.44228363037108,LOS ANGELES,LOS ANGELES,-118.44226837158205,34.15531921386719
91826809,2022,2022-07-28,9530,2022-06-25,0610,018745,NA,6,1,7,1941,0,1,1,NA,2,071,I-710 N/B (LONG BEACH FREEWAY),SR-91 (ARTESIA FREEWAY),1056,N,N,B,-,Y,LA,NA,710,NA,NA,13.201,H,NA,R,Y,4,0,3,2,A,-,07,21658,A,F,B,C,A,B,H,-,A,D,0,NA,NA,NA,NA,Y,NA,A,01,0,0,3,0,0,0,0,0,0,-,-,33.878780364990234,-118.19222259521484,LOS ANGELES,LONG BEACH,-118.19223785400392,33.8787841796875
91826815,2022,2022-07-28,9575,2022-07-16,1340,022839,NA,6,1,7,1942,0,1,1,NA,2,053,I-5 N/B (GOLDEN STATE FREEWAY) TO SR-118 (RONALD R,PAXTON STREET,1209,S,N,A,-,Y,LA,NA,5,NA,NA,38.834,H,NA,R,N,4,0,1,2,A,-,03,22350,NA,N,C,C,A,A,H,-,A,D,0,NA,NA,Y,NA,Y,NA,C,02,0,0,1,0,0,0,0,0,1,-,-,34.26023864746094,-118.4385223388672,LOS ANGELES,LOS ANGELES,-118.43860626220705,34.26017761230469
91826840,2022,2022-07-28,9565,2022-07-16,2142,022715,NA,6,2,7,1942,0,1,1,NA,2,083,I-10 EASTBOUND (SANTA MONICA FREEWAY),MANNING AVENUE,400,E,N,A,-,Y,LA,NA,10,NA,R,7.17,H,NA,R,Y,3,0,1,2,A,-,01,23152,A,N,B,C,A,A,H,-,C,D,0,NA,NA,NA,NA,Y,Y,A,01,0,1,0,0,0,0,0,0,0,-,-,34.02959060668945,-118.40411376953124,LOS ANGELES,LOS ANGELES,-118.40410614013672,34.02964401245117
91826858,2022,2022-07-28,9530,2022-01-22,1250,022696,NA,6,1,7,1941,0,1,1,NA,2,071,I-710 N/B (LONG BEACH FREEWAY),ARTESIA BLVD.,2376,S,N,A,-,Y,LA,NA,710,NA,NA,12.475,H,NA,R,Y,3,0,1,2,A,-,07,21658,A,F,B,C,A,A,H,-,A,D,0,NA,NA,Y,NA,Y,NA,-,99,0,1,0,0,0,0,0,0,1,-,-,33.86851119995117,-118.19554138183594,LOS ANGELES,LONG BEACH,-118.19552612304688,33.86850357055664
91826863,2022,2022-07-28,9525,2022-07-21,0930,017506,NA,4,1,5,1990,0,1,3,NA,2,603,SR-60 W/B (POMONA FWY),PHILLIPS RANCH RD.,2000,W,N,A,-,Y,NA,NA,NA,NA,NA,NA,NA,NA,NA,Y,4,0,1,3,A,-,03,22350,NA,M,C,C,A,A,H,-,A,D,0,NA,NA,NA,NA,Y,NA,D,22,0,0,1,0,0,0,0,0,0,-,-,NA,NA,LOS ANGELES,DIAMOND BAR,-117.77708435058594,34.02594757080078
91826873,2022,2022-07-28,9525,2022-07-22,0930,022959,NA,5,1,5,1990,0,1,3,NA,2,613,SR-60 W/B (POMONA FWY),GOLDEN SPRINGS DR.,1000,W,N,A,-,Y,LA,NA,60,NA,R,26.658,H,NA,L,Y,4,0,1,3,A,-,03,22350,NA,N,C,C,A,A,H,-,A,D,0,NA,NA,NA,NA,Y,NA,A,01,0,0,1,0,0,0,0,0,0,-,-,34.02756881713867,-117.79402160644533,LOS ANGELES,DIAMOND BAR,-117.79400634765624,34.027610778808594
91826906,2022,2022-07-28,9565,2022-07-16,1650,022832,NA,6,2,5,1965,0,1,1,NA,2,081,I-10 WESTBOUND,CLOVERFIELD BOULEVARD,285,E,N,A,-,Y,LA,NA,10,NA,R,3.403,H,NA,L,N,4,0,1,2,A,-,03,22350,NA,N,C,C,A,A,H,-,A,D,0,NA,NA,NA,NA,Y,NA,A,01,0,0,1,0,0,0,0,0,0,-,-,34.024898529052734,-118.46832275390624,LOS ANGELES,SANTA MONICA,-118.4683074951172,34.02486038208008
91826920,2022,2022-07-28,9565,2022-07-18,1735,022832,NA,1,2,7,1942,0,1,1,NA,2,082,I-10 EASTBOUND,I-405,230,E,N,A,-,Y,LA,NA,10,NA,R,5.516,H,NA,R,N,3,0,1,3,A,-,08,22107,NA,F,B,C,A,A,H,-,A,D,0,NA,NA,Y,NA,Y,Y,-,99,0,1,0,0,0,0,0,0,1,-,-,34.03131103515625,-118.43247985839844,LOS ANGELES,LOS ANGELES,-118.4324951171875,34.0313720703125
91826926,2022,2022-07-28,9530,2022-07-20,1646,017755,NA,3,2,5,1977,0,1,1,NA,2,410,I-405 S/B (SAN DIEGO FREEWAY),WILMINGTON AVE.,1340,S,N,A,-,Y,LA,NA,405,NA,NA,9.327,H,NA,L,Y,4,0,3,3,A,-,03,22350,NA,N,C,C,A,A,H,-,A,D,0,NA,NA,NA,NA,Y,NA,A,01,0,0,3,0,0,0,0,0,0,-,-,33.825748443603516,-118.2372817993164,LOS ANGELES,CARSON,-118.2372817993164,33.825767517089844
91826945,2022,2022-07-28,9530,2022-07-20,1737,017755,NA,3,2,5,1977,0,1,1,NA,2,410,I-405 N/B (SAN DIEGO FREEWAY),AVALON BLVD.,1200,N,N,A,-,Y,LA,NA,405,NA,NA,11.485,H,NA,R,N,4,0,1,2,A,-,03,22350,NA,N,C,C,A,A,H,-,A,D,0,NA,NA,NA,NA,Y,NA,A,01,0,0,1,0,0,0,0,0,0,-,-,33.84217834472656,-118.26596069335938,LOS ANGELES,CARSON,-118.2659912109375,33.8421630859375
91826971,2022,2022-07-28,9525,2022-07-15,1055,018364,NA,5,1,9,1900,0,3,5,NA,2,003,GRAND AVENUE (2400 BLOCK),CAMERON AVENUE (2500 BLOCK),528,S,N,A,-,N,NA,NA,NA,NA,NA,NA,NA,NA,NA,Y,4,0,1,2,A,-,09,21804,A,N,D,C,A,A,C,-,A,D,0,NA,NA,NA,NA,Y,NA,A,07,0,0,1,0,0,0,0,0,0,-,-,34.05982971191406,-117.86907958984376,LOS ANGELES,UNINCORPORATED,-117.86629486083984,34.05595779418945
91826973,2022,2022-07-28,9575,2022-07-17,2050,022626,NA,7,2,9,1900,0,2,4,NA,2,022,LINCOLN AVE. (2100 BLOCK),WOODBURY DR.,115,N,N,A,-,N,NA,NA,NA,NA,NA,NA,NA,NA,NA,Y,3,0,1,1,A,-,01,23152,A,N,E,I,A,A,H,-,C,D,0,NA,NA,NA,NA,Y,Y,A,07,0,1,0,0,0,0,0,0,0,-,-,34.18339920043945,-118.15981292724608,LOS ANGELES,UNINCORPORATED,-118.15969848632813,34.1832160949707
91826976,2022,2022-07-28,9565,2022-07-17,1330,022857,NA,7,1,9,1900,0,3,5,NA,2,002,110TH ST,BUDLONG AVE,460,E,N,A,-,N,NA,NA,NA,NA,NA,NA,NA,NA,NA,N,3,0,3,3,A,-,06,21750,NA,N,D,C,A,A,H,-,A,D,0,NA,NA,NA,NA,Y,NA,A,01,0,2,1,0,0,0,0,0,0,-,-,33.93560028076172,-118.29453277587892,LOS ANGELES,UNINCORPORATED,-118.2947235107422,33.93547821044922
91826980,2022,2022-07-28,9530,2022-07-26,1800,017755,NA,2,2,9,1900,0,1,1,NA,2,410,I-405 S/B (SAN DIEGO FREEWAY),190TH ST.,16,S,N,A,-,Y,LA,NA,405,NA,NA,13.271,H,NA,L,N,4,0,3,3,A,-,03,22350,NA,N,C,C,A,A,H,-,A,D,0,NA,NA,NA,NA,Y,NA,A,07,0,0,3,0,0,0,0,0,0,-,-,33.85895919799805,-118.2892608642578,LOS ANGELES,UNINCORPORATED,-118.28929138183594,33.85890197753906
91827002,2022,2022-07-28,9535,2022-07-20,1400,021809,NA,3,2,9,1900,0,1,3,NA,2,600,SR-60 (POMONA FREEWAY) E/B,I-710,700,W,N,A,-,Y,LA,NA,60,NA,R,2.933,H,NA,R,Y,4,0,1,2,A,-,07,21658,A,N,C,2,A,A,H,-,A,D,0,NA,NA,NA,NA,Y,NA,A,01,0,0,1,0,0,0,0,0,0,-,-,34.034671783447266,-118.17584228515624,LOS ANGELES,UNINCORPORATED,-118.17584228515624,34.034664154052734
91827021,2022,2023-02-06,9580,2022-07-21,1350,022663,NA,4,1,7,1942,0,1,2,NA,2,100,US-101 N/B (HOLLYWOOD FREEWAY),MOORPARK ST,792,S,N,A,-,Y,LA,NA,101,NA,NA,11.285,H,NA,R,Y,4,0,2,4,A,-,07,21658,A,N,B,C,A,A,H,-,A,D,0,NA,NA,NA,NA,Y,Y,-,-,0,0,2,0,0,0,0,0,0,-,-,34.14849090576172,-118.37242126464844,LOS ANGELES,LOS ANGELES,-118.37239837646484,34.14850616455078
91827029,2022,2022-07-28,9575,2022-07-17,0130,022629,NA,7,3,7,1942,0,1,1,NA,2,052,I-5 S/B TO LANKERSHIM BOULEVARD,LANKERSHIM BOULEVARD,600,N,N,A,-,Y,LA,NA,5,NA,NA,35.104,H,NA,L,Y,3,0,1,1,A,-,01,23152,A,N,E,I,A,A,H,-,D,D,0,NA,NA,NA,NA,Y,Y,A,07,0,1,0,0,0,0,0,0,0,-,-,34.22697067260742,-118.3897705078125,LOS ANGELES,LOS ANGELES,-118.38965606689452,34.22713851928711