CASE_ID,ACCIDENT_YEAR,PROC_DATE,JURIS,COLLISION_DATE,COLLISION_TIME,OFFICER_ID,REPORTING_DISTRICT,DAY_OF_WEEK,CHP_SHIFT,POPULATION,CNTY_CITY_LOC,SPECIAL_COND,BEAT_TYPE,CHP_BEAT_TYPE,CITY_DIVISION_LAPD,CHP_BEAT_CLASS,BEAT_NUMBER,PRIMARY_RD,SECONDARY_RD,DISTANCE,DIRECTION,INTERSECTION,WEATHER_1,WEATHER_2,STATE_HWY_IND,CALTRANS_COUNTY,CALTRANS_DISTRICT,STATE_ROUTE,ROUTE_SUFFIX,POSTMILE_PREFIX,POSTMILE,LOCATION_TYPE,RAMP_INTERSECTION,SIDE_OF_HWY,TOW_AWAY,COLLISION_SEVERITY,NUMBER_KILLED,NUMBER_INJURED,PARTY_COUNT,PRIMARY_COLL_FACTOR,PCF_CODE_OF_VIOL,PCF_VIOL_CATEGORY,PCF_VIOLATION,PCF_VIOL_SUBSECTION,HIT_AND_RUN,TYPE_OF_COLLISION,MVIW,PED_ACTION,ROAD_SURFACE,ROAD_COND_1,ROAD_COND_2,LIGHTING,CONTROL_DEVICE,CHP_ROAD_TYPE,PEDESTRIAN_ACCIDENT,BICYCLE_ACCIDENT,MOTORCYCLE_ACCIDENT,TRUCK_ACCIDENT,NOT_PRIVATE_PROPERTY,ALCOHOL_INVOLVED,STWD_VEHTYPE_AT_FAULT,CHP_VEHTYPE_AT_FAULT,COUNT_SEVERE_INJ,COUNT_VISIBLE_INJ,COUNT_COMPLAINT_PAIN,COUNT_PED_KILLED,COUNT_PED_INJURED,COUNT_BICYCLIST_KILLED,COUNT_BICYCLIST_INJURED,COUNT_MC_KILLED,COUNT_MC_INJURED,PRIMARY_RAMP,SECONDARY_RAMP,LATITUDE,LONGITUDE,COUNTY,CITY,POINT_X,POINT_Y
91828497,2022,2022-07-29,9550,2022-07-25,0230,022208,NA,1,3,3,1903,0,1,3,NA,2,091,STATE ROUTE 91 W/B (ARTESIA FREEWAY),GRIDLEY ROAD,795,E,N,A,-,Y,LA,NA,91,NA,R,17.725,H,NA,L,Y,3,0,1,2,A,-,01,23152,A,N,C,C,A,A,H,-,C,D,0,NA,NA,NA,Y,Y,Y,A,01,0,1,0,0,0,0,0,0,0,-,-,33.87657928466797,-118.08885192871094,LOS ANGELES,ARTESIA,-118.08885192871094,33.87646484375
91828502,2022,2022-07-29,9565,2022-07-17,1932,022763,NA,7,2,9,1900,0,3,5,NA,2,003,STOCKER ST,PRESIDIO DR,50,W,N,A,-,N,NA,NA,NA,NA,NA,NA,NA,NA,NA,Y,2,0,1,1,A,-,01,23152,A,N,E,I,A,A,H,-,B,D,0,NA,NA,NA,NA,Y,Y,A,01,1,0,0,0,0,0,0,0,0,-,-,34.004638671875,-118.34142303466795,LOS ANGELES,UNINCORPORATED,-118.34145355224608,34.004661560058594
91828641,2022,2022-11-15,9540,2022-05-05,0008,021132,NA,4,3,6,1985,0,1,3,NA,1,144,SR-14 NORTHBOUND TO NEWHALL AVENUE,NEWHALL AVENUE UNDERCROSSING,370,N,N,A,-,Y,NA,NA,NA,NA,NA,NA,NA,NA,NA,Y,1,1,0,1,A,-,01,23152,A,N,E,8,A,A,H,-,C,D,0,NA,NA,NA,NA,Y,Y,A,01,0,0,0,0,0,0,0,0,0,-,-,34.366058349609375,-118.50238037109376,LOS ANGELES,SANTA CLARITA,-118.50238037109376,34.366058349609375
91828689,2022,2022-07-29,9565,2022-07-19,1358,021372,NA,2,1,7,1942,0,1,1,NA,2,063,I-405 SOUTHBOUND (SAN DIEGO FREEWAY),CONSTITUTION AVENUE,1150,N,N,A,-,Y,LA,NA,405,NA,NA,32.122,H,NA,L,Y,4,0,1,5,A,-,03,22350,NA,N,C,C,A,A,A,H,A,D,0,NA,NA,NA,NA,Y,NA,A,01,0,0,1,0,0,0,0,0,0,-,-,34.062530517578125,-118.45777893066406,LOS ANGELES,LOS ANGELES,-118.45781707763672,34.06250762939453
91828695,2022,2022-07-29,9545,2022-07-15,1710,022844,NA,5,2,9,1900,0,3,5,NA,2,004,PALMDALE BLVD,130TH ST  E,0,NA,Y,A,-,N,NA,NA,NA,NA,NA,NA,NA,NA,NA,Y,3,0,2,2,A,-,01,23152,A,N,D,C,A,A,H,-,A,A,0,NA,NA,NA,NA,Y,Y,-,-,0,1,1,0,0,0,0,0,0,-,-,34.58000183105469,-117.89862060546876,LOS ANGELES,UNINCORPORATED,-117.89854431152344,34.57999801635742
91828700,2022,2022-07-29,9545,2022-07-16,2254,022130,NA,6,3,9,1900,0,3,5,NA,2,004,AVENUE J,205TH ST E,700,E,N,A,-,N,NA,NA,NA,NA,NA,NA,NA,NA,NA,N,4,0,2,2,A,-,06,21751,NA,N,A,C,A,A,H,-,D,D,0,NA,NA,NA,NA,Y,NA,A,08,0,0,2,0,0,0,0,0,0,-,-,34.69015121459961,-117.76293182373048,LOS ANGELES,UNINCORPORATED,-117.7629165649414,34.690120697021484
91828710,2022,2022-07-29,9545,2022-07-17,2358,021361,NA,7,3,6,1950,0,1,3,NA,2,021,SR-14 N/B,AVENUE Q,350,S,N,A,-,Y,LA,NA,14,NA,R,60.133,H,NA,R,Y,3,0,1,1,A,-,08,22107,NA,N,E,I,A,A,H,-,C,D,0,NA,NA,NA,NA,Y,NA,A,07,0,1,0,0,0,0,0,0,0,-,-,34.58610916137695,-118.13385772705078,LOS ANGELES,PALMDALE,-118.1337890625,34.58611297607422
91828730,2022,2022-07-29,9580,2022-07-19,1310,019952,NA,2,1,7,1942,0,1,1,NA,2,404,I-405 N/B (SAN DIEGO FWY),VENTURA BLVD,1000,S,N,A,-,Y,LA,NA,405,NA,NA,38.776,H,NA,R,N,4,0,1,2,A,-,03,22350,NA,N,C,C,A,A,H,-,A,D,0,NA,NA,NA,NA,Y,NA,D,22,0,0,1,0,0,0,0,0,0,-,-,34.1507682800293,-118.4682388305664,LOS ANGELES,LOS ANGELES,-118.46819305419922,34.150760650634766
91828744,2022,2022-07-29,9580,2022-07-27,2153,019876,NA,3,2,3,1989,0,1,2,NA,2,107,US-101 S/B (VENTURA FREEWAY),LOST HILLS RD,1200,S,N,A,-,Y,LA,NA,101,NA,NA,31.684,H,NA,L,Y,4,0,2,2,A,-,01,23152,A,N,C,C,A,A,H,-,D,D,0,NA,NA,NA,NA,Y,Y,A,01,0,0,2,0,0,0,0,0,0,-,-,34.14234924316406,-118.70603942871094,LOS ANGELES,CALABASAS,-118.70606994628906,34.14238357543945
91828773,2022,2022-07-29,9545,2022-07-17,0240,022130,NA,7,3,6,1950,0,1,3,NA,2,021,SR-14 S/B,AVENUE S,1340,N,N,A,-,Y,LA,NA,14,NA,R,58.45,H,NA,L,Y,2,0,2,3,A,-,01,23152,A,N,D,C,A,A,H,-,C,D,0,NA,NA,NA,NA,Y,Y,A,01,1,1,0,0,0,0,0,0,0,-,-,34.561729431152344,-118.1328582763672,LOS ANGELES,PALMDALE,-118.13292694091795,34.56172561645508
91828793,2022,2022-07-29,9545,2022-07-17,0241,022246,NA,7,3,6,1950,0,1,3,NA,2,021,SR-14 S/B,AVENUE S,955,N,N,A,-,Y,LA,NA,14,NA,R,58.425,H,NA,L,Y,4,0,1,1,A,-,03,22350,NA,N,E,9,A,A,C,-,D,D,0,NA,NA,NA,NA,Y,NA,A,01,0,0,1,0,0,0,0,0,0,-,-,34.561370849609375,-118.13292694091795,LOS ANGELES,PALMDALE,-118.13290405273438,34.561370849609375
91828831,2021,2022-07-29,9545,2021-12-07,0740,017495,NA,2,1,9,1900,0,3,5,NA,2,001,70TH STREET EAST,AVE G,1990,S,N,A,-,N,NA,NA,NA,NA,NA,NA,NA,NA,NA,Y,4,0,1,1,A,-,08,22107,NA,N,E,I,A,A,H,-,A,D,0,NA,NA,NA,NA,Y,NA,A,01,0,0,1,0,0,0,0,0,0,-,-,34.728519439697266,-118.00538635253906,LOS ANGELES,UNINCORPORATED,-118.00533294677734,34.728546142578125
91828855,2022,2022-07-29,9540,2022-07-27,0645,021349,NA,3,1,9,1900,0,1,3,NA,2,146,SR-14 N/B (ANTELOPE VALLEY FREEWAY),AGUA DULCE CYN RD,1584,S,N,A,-,Y,LA,NA,14,NA,NA,39.559,H,NA,R,Y,4,0,2,2,A,-,03,22350,NA,N,C,2,A,A,H,-,A,D,0,NA,NA,NA,NA,Y,NA,A,01,0,0,2,0,0,0,0,0,0,-,-,34.46620178222656,-118.33511352539064,LOS ANGELES,UNINCORPORATED,-118.33511352539064,34.466270446777344
91828856,2022,2022-07-29,9535,2022-07-22,1610,022105,NA,5,2,5,1959,0,1,1,NA,2,400,I-10 (SAN BERNARDINO FREEWAY) E/B,NEW AVE,50,E,N,A,-,Y,LA,NA,10,NA,NA,24.858,H,NA,R,N,4,0,3,3,A,-,03,22350,NA,N,C,C,A,A,H,-,A,D,0,NA,NA,NA,NA,Y,NA,A,01,0,0,3,0,0,0,0,0,0,-,-,34.07170867919922,-118.10787963867188,LOS ANGELES,ROSEMEAD,-118.10787963867188,34.07166290283203
91828859,2021,2022-07-29,9545,2021-12-06,0655,017495,NA,1,1,9,1900,0,1,3,NA,1,042,SR-138,SR-18,0,NA,Y,A,-,Y,NA,NA,138,NA,NA,NA,NA,NA,NA,N,4,0,1,2,A,-,08,22107,NA,N,D,C,A,A,H,-,B,D,0,NA,NA,NA,NA,Y,NA,A,07,0,0,1,0,0,0,0,0,0,-,-,34.49842071533203,-117.73883819580078,LOS ANGELES,UNINCORPORATED,-117.73886108398438,34.49834442138672
91828904,2022,2022-07-29,9535,2022-07-21,0800,022017,NA,4,1,6,1922,0,1,1,NA,2,400,INTERSTSATE 10 E/B FROM DURFEE AVENUE,DURFEE AVENUE,200,E,N,A,-,Y,LA,NA,10,NA,NA,30.703,H,NA,R,N,3,0,2,2,A,-,03,22350,NA,N,C,C,A,A,H,-,A,A,0,NA,NA,NA,NA,Y,NA,A,01,0,2,0,0,0,0,0,0,0,-,-,34.06378173828125,-118.00798034667967,LOS ANGELES,EL MONTE,-118.00798797607422,34.063961029052734
91828998,2022,2022-07-29,9575,2022-07-21,2129,021879,NA,4,2,6,1925,0,1,3,NA,2,042,SR-134 E/B (VENTURA FREEWAY),BRAND BLVD.,150,E,N,A,-,Y,LA,NA,134,NA,R,7.165,H,NA,R,N,4,0,1,2,A,-,03,22350,NA,M,C,C,A,A,H,-,C,D,0,NA,NA,NA,NA,Y,NA,-,99,0,0,1,0,0,0,0,0,0,-,-,34.15604019165039,-118.25438690185548,LOS ANGELES,GLENDALE,-118.25439453125,34.156272888183594
91829012,2022,2022-07-29,9540,2022-05-21,2500,021802,NA,6,4,7,1942,0,1,1,NA,2,504,I-5 N/B TRUCK BYPASS (GOLDEN STATE FREEWAY),BALBOA BLVD,1901,N,N,A,-,Y,LA,NA,5,NA,R,44.803,H,NA,R,Y,1,1,0,2,A,-,08,22107,NA,N,E,I,A,A,H,-,D,D,0,NA,NA,Y,Y,Y,NA,C,02,0,0,0,0,0,0,0,1,0,-,-,34.324371337890625,-118.50131988525392,LOS ANGELES,LOS ANGELES,-118.50149536132813,34.32415771484375
91829035,2022,2022-07-29,9540,2022-07-21,1640,022047,NA,4,2,7,1942,0,1,1,NA,1,503,I-5 S/B (GOLDEN STATE FWY.),ROXFORD ST,1056,N,N,A,-,Y,LA,NA,5,NA,NA,42.944,H,NA,L,Y,3,0,1,5,A,-,03,22350,NA,N,C,C,A,A,H,-,A,D,0,NA,NA,NA,NA,Y,NA,A,07,0,1,0,0,0,0,0,0,0,-,-,34.30651092529297,-118.4828872680664,LOS ANGELES,LOS ANGELES,-118.48287200927734,34.306522369384766
91829058,2022,2022-07-29,9590,2022-07-19,0700,022252,NA,2,1,7,1942,0,1,2,NA,2,070,US-101 N/B (HOLLYWOOD FREEWAY),EDGEWARE RD,50,S,N,A,-,Y,LA,NA,101,NA,NA,2.056,H,NA,R,N,4,0,1,2,A,-,03,22350,NA,N,C,C,A,A,H,-,A,D,0,NA,NA,NA,NA,Y,NA,A,01,0,0,1,0,0,0,0,0,0,-,-,34.067039489746094,-118.25415802001952,LOS ANGELES,LOS ANGELES,-118.25418853759766,34.06700897216797
91829068,2022,2022-07-29,9525,2022-07-20,1010,014593,NA,3,1,5,1990,0,1,3,NA,2,601,SR 60 WB POMONA FREEWAY,FAIRWAY DR,750,E,N,A,-,Y,LA,NA,60,NA,R,21.646,H,NA,L,Y,4,0,1,2,A,-,03,22350,NA,N,C,C,A,A,H,-,A,D,0,NA,NA,NA,Y,Y,NA,G,25,0,0,1,0,0,0,0,0,0,-,-,33.996829986572266,-117.86763763427734,LOS ANGELES,DIAMOND BAR,-117.86763763427734,33.996826171875
91829073,2022,2022-07-29,9535,2022-06-10,1425,022808,NA,5,2,9,1900,0,1,1,NA,2,071,I-710 S/B (LONG BEACH FREEWAY) FROM EASTERN AVE.,OLYMPIC BLVD.,42,N,N,A,-,Y,LA,NA,710,NA,NA,23.459,H,NA,L,N,3,0,3,3,A,-,03,22350,NA,N,C,C,A,A,H,-,A,D,0,NA,NA,NA,NA,Y,NA,A,01,0,3,0,0,0,0,0,0,0,-,-,34.019081115722656,-118.17369079589844,LOS ANGELES,UNINCORPORATED,-118.17353057861328,34.019081115722656
91829093,2022,2022-07-29,9590,2022-07-19,0119,022384,NA,2,3,7,1942,0,1,1,NA,2,060,I-10 E/B (SANTA MONICA FREEWAY),HAUSER BOULEVARD,215,E,N,A,-,Y,LA,NA,10,NA,R,10.988,H,NA,R,N,4,0,3,2,A,-,07,21658,A,F,H,2,A,A,H,-,D,D,0,NA,NA,NA,NA,Y,NA,-,99,0,0,3,0,0,0,0,0,0,-,-,34.03480911254883,-118.34085083007813,LOS ANGELES,LOS ANGELES,-118.34083557128906,34.034645080566406
91829101,2022,2022-07-29,9590,2022-07-28,1440,021069,NA,4,2,7,1942,0,1,1,NA,2,085,I-5 S/B (GOLDEN STATE FREEWAY),LOS FELIZ BOULEVARD,500,N,N,B,-,Y,LA,NA,5,NA,NA,24.468,H,NA,L,N,4,0,1,2,A,-,03,22350,NA,N,C,C,A,A,H,-,A,D,0,NA,NA,NA,NA,Y,NA,A,01,0,0,1,0,0,0,0,0,0,-,-,34.12226867675781,-118.27232360839844,LOS ANGELES,LOS ANGELES,-118.27214813232422,34.122314453125
91829115,2022,2022-07-29,9575,2022-07-20,2334,021254,NA,3,3,9,1900,0,3,5,NA,2,002,HILL AVE (1700 BLOCK),ATCHISON ST,109,S,N,A,-,N,NA,NA,NA,NA,NA,NA,NA,NA,NA,Y,3,0,1,2,A,-,08,22107,NA,N,C,E,A,A,H,-,C,D,0,NA,NA,NA,NA,Y,NA,A,07,0,1,0,0,0,0,0,0,0,-,-,34.17560958862305,-118.12156677246094,LOS ANGELES,UNINCORPORATED,-118.12158966064452,34.175621032714844
91829138,2022,2022-07-29,9565,2022-06-30,2113,021951,NA,4,2,4,1918,0,1,1,NA,2,061,I-405 N/B TO SR-90 W/B,JEFFERSON BOULEVARD,249,S,N,A,-,Y,LA,NA,90,NA,NA,2.714,H,NA,L,Y,1,1,0,1,A,-,08,22107,NA,N,E,8,A,A,H,-,D,D,0,NA,NA,Y,NA,Y,NA,C,02,0,0,0,0,0,0,0,1,0,-,-,33.98786926269531,-118.3979721069336,LOS ANGELES,CULVER CITY,-118.39798736572266,33.98771667480469
91829139,2022,2022-07-29,9545,2022-07-13,1220,020140,NA,3,1,9,1900,0,1,3,NA,2,031,SR-14 N/B,MOUNTAIN SPRINGS RD,528,S,N,A,-,Y,LA,NA,14,NA,R,53.694,H,NA,R,Y,4,0,1,2,A,-,06,21755,A,N,B,C,A,A,H,-,A,D,0,NA,NA,NA,Y,Y,NA,A,01,0,0,1,0,0,0,0,0,0,-,-,34.500938415527344,-118.11979675292967,LOS ANGELES,UNINCORPORATED,-118.1198272705078,34.50095748901367
91829141,2022,2022-07-29,9525,2022-07-20,1303,019632,NA,3,1,5,1926,0,1,1,NA,2,205,I-210 W/B FROM SUNFLOWER AVE,SUNFLOWER AVE.,10,W,N,A,-,Y,NA,NA,NA,NA,NA,NA,NA,NA,NA,Y,3,0,1,1,A,-,03,22350,NA,N,E,I,A,A,H,-,A,D,0,NA,NA,NA,NA,Y,NA,A,01,0,1,0,0,0,0,0,0,0,-,-,34.11804962158203,-117.8464813232422,LOS ANGELES,GLENDORA,-117.8464813232422,34.11804962158203
91829161,2022,2022-07-29,9590,2022-07-21,0650,015575,NA,4,1,7,1942,0,1,1,NA,2,083,I-5 S/B (GOLDEN STATE FREEWAY),ELMGROVE STREET,200,S,N,A,-,Y,LA,NA,5,NA,NA,20.976,H,NA,L,N,4,0,2,4,A,-,03,22350,NA,N,C,C,A,A,H,-,A,D,0,NA,NA,NA,NA,Y,NA,A,01,0,0,2,0,0,0,0,0,0,-,-,34.085609436035156,-118.23194122314452,LOS ANGELES,LOS ANGELES,-118.23192596435548,34.08562469482422
91829173,2022,2022-07-29,9535,2022-07-23,2102,022418,NA,6,2,6,1922,0,1,1,NA,2,400,INTERSTATE 10 EASTBOUND (SAN BERNARDINO FREEWAY),SANTA ANITA AVENUE,2400,W,N,A,-,Y,LA,NA,10,NA,NA,28.223,H,NA,R,Y,4,0,3,5,A,-,07,21658,A,M,C,C,A,A,H,-,C,D,0,NA,NA,NA,NA,Y,NA,-,99,0,0,3,0,0,0,0,0,0,-,-,34.07114028930664,-118.04971313476564,LOS ANGELES,EL MONTE,-118.04969787597656,34.07115936279297
91829229,2022,2022-07-29,9525,2022-07-25,0630,022927,NA,1,1,4,1905,0,1,1,NA,2,115,I-10 W/B (SAN BERNARDINO FWY),AZUSA AVE,2640,E,N,A,-,Y,LA,NA,10,NA,NA,37.014,H,NA,L,N,3,0,1,2,A,-,07,21658,A,F,B,C,A,A,H,-,A,D,0,NA,NA,Y,NA,Y,NA,A,01,0,1,0,0,0,0,0,0,1,-,-,34.072120666503906,-117.89861297607422,LOS ANGELES,AZUSA,-117.89861297607422,34.07216262817383
91829234,2022,2022-07-29,9590,2022-07-19,1850,022088,NA,2,2,7,1942,0,1,1,NA,2,065,I-10 WESTBOUND (SANTA MONICA FREEWAY),ALAMEDA STREET,50,E,N,A,-,Y,NA,NA,NA,NA,NA,NA,NA,NA,NA,N,4,0,1,2,A,-,03,22350,NA,N,C,C,A,A,H,-,A,D,0,NA,NA,NA,NA,Y,NA,A,01,0,0,1,0,0,0,0,0,0,-,-,34.03704071044922,-118.2752685546875,LOS ANGELES,LOS ANGELES,-118.23908996582033,34.02482986450195
91829235,2022,2022-07-29,9575,2022-07-20,1618,021925,NA,3,2,6,1925,0,1,3,NA,2,090,SR-2 SOUTHBOUND TO SR-134,GLENOAKS BOULEVARD,240,N,N,A,-,Y,NA,NA,NA,NA,NA,NA,NA,NA,NA,Y,4,0,1,2,A,-,07,21658,A,N,B,C,A,A,H,-,A,D,0,NA,NA,NA,NA,Y,NA,A,01,0,0,1,0,0,0,0,0,0,-,-,34.153011322021484,-118.22499084472656,LOS ANGELES,GLENDALE,-118.22467803955078,34.152610778808594
91829245,2022,2022-07-29,9590,2022-07-19,2135,021346,NA,2,2,7,1942,0,1,1,NA,2,041,I-5 S/B (SANTA ANA FREEWAY) TO BESWICK STREET,BESWICK STREET,50,N,N,A,-,Y,NA,NA,NA,NA,NA,NA,NA,NA,NA,Y,4,0,1,1,A,-,01,23152,A,N,E,I,A,A,H,-,C,D,0,NA,NA,NA,NA,Y,Y,A,01,0,0,1,0,0,0,0,0,0,-,-,34.02069091796875,-118.19558715820313,LOS ANGELES,LOS ANGELES,-118.19558715820313,34.02069091796875
91829252,2022,2022-07-29,9525,2022-07-23,0845,020552,NA,6,1,9,1900,0,2,4,NA,2,022,ARROW HIGHWAY,ROXBURGH AVE,78,W,N,B,-,N,NA,NA,NA,NA,NA,NA,NA,NA,NA,N,3,0,2,2,A,-,03,22350,NA,N,E,I,A,A,H,-,A,B,0,NA,Y,NA,NA,Y,NA,L,04,0,2,0,0,0,0,2,0,0,-,-,34.10702133178711,-117.91851806640624,LOS ANGELES,UNINCORPORATED,-117.9185791015625,34.10703659057617
91829267,2022,2022-08-01,9525,2022-07-24,0350,021545,NA,7,3,4,1913,0,1,1,NA,2,110,I-10 E/B (SAN BERNARDINO FWY),INDIAN HILL BLVD,50,W,N,A,-,Y,LA,NA,10,NA,NA,47.73,H,NA,R,Y,2,0,2,2,A,-,01,23152,A,N,B,C,A,A,H,-,C,D,0,NA,NA,NA,NA,Y,Y,A,01,1,0,1,0,0,0,0,0,0,-,-,34.08161926269531,-117.7195281982422,LOS ANGELES,CLAREMONT,-117.7195281982422,34.0816535949707
91829269,2022,2022-08-01,9525,2022-07-24,1220,020552,NA,7,1,4,1905,0,1,1,NA,2,203,I-210 W/B (FOOTHILL FWY),CERRITOS AVE,634,E,N,A,-,Y,LA,NA,210,NA,R,40.207,H,NA,L,Y,4,0,6,4,A,-,03,22350,NA,N,C,C,A,A,H,-,A,D,0,NA,NA,NA,NA,Y,NA,A,01,0,0,6,0,0,0,0,0,0,-,-,34.12110137939453,-117.89708709716795,LOS ANGELES,AZUSA,-117.89708709716795,34.121124267578125
91829271,2022,2022-08-01,9525,2022-07-25,2015,022605,NA,1,2,9,1900,0,1,1,NA,2,106,I-10 E/B (SAN BERNARDINO FWY),VIA VERDE,2112,W,N,A,-,Y,LA,NA,10,NA,NA,40.114,H,NA,R,N,3,0,2,2,A,-,03,22350,NA,N,C,C,A,A,H,-,B,D,0,NA,NA,NA,NA,Y,NA,A,01,0,1,1,0,0,0,0,0,0,-,-,34.06816864013672,-117.84564971923828,LOS ANGELES,UNINCORPORATED,-117.84566497802734,34.0682487487793
91829273,2022,2022-08-01,9525,2022-07-28,1745,022009,NA,4,2,5,1926,0,1,1,NA,2,206,I-210 E/B (FOOTHILL FWY),SUNFLOWER AVE,2112,W,N,A,-,Y,LA,NA,210,NA,R,42.778,H,NA,R,N,4,0,1,3,A,-,03,22350,NA,N,C,C,A,A,H,-,A,D,0,NA,NA,NA,Y,Y,NA,F,26,0,0,1,0,0,0,0,0,0,-,-,34.11753845214844,-117.85324096679688,LOS ANGELES,GLENDORA,-117.85324096679688,34.1175651550293
91829274,2022,2022-08-01,9525,2022-07-28,2050,022009,NA,4,2,9,1900,0,3,5,NA,2,005,SAN DIMAS CANYON RD.,GOLDEN HILLS RD.,7392,N,N,A,-,N,NA,NA,NA,NA,NA,NA,NA,NA,NA,N,4,0,1,1,A,-,03,22350,NA,N,E,I,A,A,H,-,D,D,0,NA,NA,NA,NA,Y,NA,D,22,0,0,1,0,0,0,0,0,0,-,-,34.15660858154297,-117.77188110351564,LOS ANGELES,UNINCORPORATED,-117.77666473388672,34.14223098754883
91829276,2022,2022-08-01,9525,2022-07-28,1818,022772,NA,4,2,5,1990,0,1,3,NA,2,603,SR-60 W/B (POMONA FWY),GRAND AVE,792,E,N,A,-,Y,LA,NA,60,NA,R,24.509,H,NA,L,Y,4,0,3,3,A,-,03,22350,NA,N,C,C,A,A,H,-,A,D,0,NA,NA,NA,NA,Y,NA,A,01,0,0,3,0,0,0,0,0,0,-,-,34.011070251464844,-117.82293701171876,LOS ANGELES,DIAMOND BAR,-117.82274627685548,34.01093292236328
91829283,2022,2022-08-01,9550,2022-07-27,1540,020551,NA,3,2,9,1900,0,1,1,NA,2,650,I-605 SOUTHBOUND TO ROSEHILLS RD.,ROSE HILLS RD.,300,N,N,A,-,Y,LA,NA,605,NA,R,15.641,H,NA,L,N,4,0,1,2,A,-,03,22350,NA,N,C,C,A,A,H,-,A,D,0,NA,NA,NA,NA,Y,NA,A,01,0,0,1,0,0,0,0,0,0,-,-,34.0188102722168,-118.05193328857422,LOS ANGELES,UNINCORPORATED,-118.05181121826172,34.018672943115234
91829404,2022,2022-08-01,9575,2022-07-21,0655,021344,NA,4,1,6,1925,0,1,1,NA,2,062,I-210 W/B (FOOTHILL FREEWAY),LOWELL AVENUE,878,W,N,A,-,Y,LA,NA,210,NA,R,15.454,H,NA,L,Y,3,0,2,2,A,-,01,23152,A,N,E,I,A,A,H,-,A,D,0,NA,NA,NA,Y,Y,Y,A,01,0,1,1,0,0,0,0,0,0,-,-,34.232078552246094,-118.26915740966795,LOS ANGELES,GLENDALE,-118.26919555664064,34.231971740722656
91829426,2022,2022-08-01,9590,2022-07-20,0730,022357,NA,3,1,7,1942,0,1,3,NA,2,031,SR-60 W/B (POMONA FREEWAY),MARIETTA ST,425,E,N,A,-,Y,LA,NA,60,NA,R,0.807,H,NA,R,N,4,0,1,2,A,-,08,22107,NA,N,C,C,A,A,H,-,A,D,0,NA,NA,Y,NA,Y,NA,C,02,0,0,1,0,0,0,0,0,1,-,-,34.028648376464844,-118.2116470336914,LOS ANGELES,LOS ANGELES,-118.21166229248048,34.028629302978516
91829564,2022,2022-08-01,9575,2022-07-23,1550,022479,NA,6,2,9,1900,0,1,3,NA,2,304,SR-2 (ANGELES CREST HIGHWAY),MT. WATERMAN SKI LIFT,225,E,N,A,-,Y,LA,NA,2,NA,NA,57.535,H,NA,R,N,3,0,1,1,A,-,08,22107,NA,N,E,I,A,A,H,-,A,D,0,NA,NA,Y,NA,Y,NA,C,02,0,1,0,0,0,0,0,0,1,-,-,34.349609375,-117.92799377441406,LOS ANGELES,UNINCORPORATED,-117.92801666259766,34.349674224853516
91829571,2022,2022-08-01,9575,2022-07-24,1515,022513,NA,7,2,9,1900,0,2,4,NA,2,016,LA CRESCENTA AVE.,MAYFIELD AVE.,0,NA,Y,A,-,N,NA,NA,NA,NA,NA,NA,NA,NA,NA,N,4,0,1,2,A,-,09,21802,A,N,D,C,A,A,H,-,A,A,0,NA,NA,NA,NA,Y,NA,A,01,0,0,1,0,0,0,0,0,0,-,-,34.217689514160156,-118.24006652832033,LOS ANGELES,UNINCORPORATED,-118.23998260498048,34.21771240234375
91829579,2022,2022-08-01,9575,2022-07-23,2230,022477,NA,6,3,7,1942,0,1,1,NA,2,052,INTERSTATE 5 S/B (GOLDEN STATE FREEWAY),HOLLYWOOD WAY,300,S,N,A,-,Y,LA,NA,5,NA,NA,32.263,H,NA,L,Y,4,0,1,2,A,-,07,21658,A,N,F,C,A,A,H,-,C,D,0,NA,NA,NA,NA,Y,NA,A,07,0,0,1,0,0,0,0,0,0,-,-,34.21097183227539,-118.347412109375,LOS ANGELES,LOS ANGELES,-118.34732055664064,34.21104431152344
91829592,2022,2022-08-01,9580,2022-07-20,0830,021592,NA,3,1,7,1942,0,1,1,NA,2,405,I-405 S/B (SAN DIEGO FWY),MULHOLLAND DR,500,N,N,A,-,Y,LA,NA,405,NA,NA,37.227,H,NA,L,N,4,0,1,3,D,-,00,NA,NA,N,D,C,A,A,H,-,A,D,0,NA,NA,Y,NA,Y,NA,-,-,0,0,1,0,0,0,0,0,1,-,-,34.12892150878906,-118.47408294677734,LOS ANGELES,LOS ANGELES,-118.47415924072266,34.12894058227539
91829593,2022,2022-08-01,9575,2022-07-25,1637,022839,NA,1,2,7,1942,0,1,1,NA,2,060,I-210 W/B (FOOTHILL FREEWAY),ARROYO STREET,950,E,N,A,-,Y,LA,NA,210,NA,R,5.66,H,NA,L,Y,3,0,1,2,A,-,03,22350,NA,N,C,C,A,A,H,-,A,D,0,NA,NA,NA,Y,Y,NA,A,07,0,1,0,0,0,0,0,0,0,-,-,34.291648864746094,-118.41118621826172,LOS ANGELES,LOS ANGELES,-118.4111785888672,34.291656494140625
91829595,2022,2022-08-01,9580,2022-07-24,1645,022799,NA,7,2,9,1900,0,3,5,NA,1,020,PIUMA RD,LAS VIRGENES RD,730,E,N,A,-,N,NA,NA,NA,NA,NA,NA,NA,NA,NA,Y,3,0,1,1,A,-,08,22107,NA,N,E,I,A,A,H,-,A,D,0,NA,NA,Y,NA,Y,NA,C,02,0,1,0,0,0,0,0,0,1,-,-,34.08135986328125,-118.7022705078125,LOS ANGELES,UNINCORPORATED,-118.70237731933594,34.081382751464844