CASE_ID,ACCIDENT_YEAR,PROC_DATE,JURIS,COLLISION_DATE,COLLISION_TIME,OFFICER_ID,REPORTING_DISTRICT,DAY_OF_WEEK,CHP_SHIFT,POPULATION,CNTY_CITY_LOC,SPECIAL_COND,BEAT_TYPE,CHP_BEAT_TYPE,CITY_DIVISION_LAPD,CHP_BEAT_CLASS,BEAT_NUMBER,PRIMARY_RD,SECONDARY_RD,DISTANCE,DIRECTION,INTERSECTION,WEATHER_1,WEATHER_2,STATE_HWY_IND,CALTRANS_COUNTY,CALTRANS_DISTRICT,STATE_ROUTE,ROUTE_SUFFIX,POSTMILE_PREFIX,POSTMILE,LOCATION_TYPE,RAMP_INTERSECTION,SIDE_OF_HWY,TOW_AWAY,COLLISION_SEVERITY,NUMBER_KILLED,NUMBER_INJURED,PARTY_COUNT,PRIMARY_COLL_FACTOR,PCF_CODE_OF_VIOL,PCF_VIOL_CATEGORY,PCF_VIOLATION,PCF_VIOL_SUBSECTION,HIT_AND_RUN,TYPE_OF_COLLISION,MVIW,PED_ACTION,ROAD_SURFACE,ROAD_COND_1,ROAD_COND_2,LIGHTING,CONTROL_DEVICE,CHP_ROAD_TYPE,PEDESTRIAN_ACCIDENT,BICYCLE_ACCIDENT,MOTORCYCLE_ACCIDENT,TRUCK_ACCIDENT,NOT_PRIVATE_PROPERTY,ALCOHOL_INVOLVED,STWD_VEHTYPE_AT_FAULT,CHP_VEHTYPE_AT_FAULT,COUNT_SEVERE_INJ,COUNT_VISIBLE_INJ,COUNT_COMPLAINT_PAIN,COUNT_PED_KILLED,COUNT_PED_INJURED,COUNT_BICYCLIST_KILLED,COUNT_BICYCLIST_INJURED,COUNT_MC_KILLED,COUNT_MC_INJURED,PRIMARY_RAMP,SECONDARY_RAMP,LATITUDE,LONGITUDE,COUNTY,CITY,POINT_X,POINT_Y
91832946,2022,2022-08-04,9530,2022-07-24,1600,022852,NA,7,2,9,1900,0,3,5,NA,2,002,ALAMEDA ST. (12600 BLOCK),126TH ST,135,S,N,A,-,N,NA,NA,NA,NA,NA,NA,NA,NA,NA,N,3,0,1,2,A,-,03,22350,NA,N,B,E,A,A,H,-,A,D,0,NA,NA,NA,Y,Y,NA,D,22,0,1,0,0,0,0,0,0,0,-,-,33.9175910949707,-118.22384643554688,LOS ANGELES,UNINCORPORATED,-118.22380065917967,33.91762161254883
91832949,2022,2022-08-04,9535,2022-07-26,0740,021795,NA,2,1,9,1900,0,1,1,NA,2,070,I-710 (LONG BEACH FREEWAY) N/B,CESAR E. CHAVEZ AVE.,125,S,N,A,-,Y,LA,NA,710,NA,NA,24.938,H,NA,R,Y,4,0,2,2,A,-,04,21703,NA,N,C,C,A,A,H,-,A,D,0,NA,NA,NA,NA,Y,NA,A,01,0,0,2,0,0,0,0,0,0,-,-,34.0401496887207,-118.16999816894533,LOS ANGELES,UNINCORPORATED,-118.16992950439452,34.0401496887207
91832965,2022,2022-08-04,9530,2022-07-25,1445,022438,NA,1,2,9,1900,0,1,1,NA,2,120,N/B I-110 (HARBOR FREEWAY),CARSON STREET,80,N,N,A,-,Y,LA,NA,110,NA,NA,7.041,H,NA,R,N,4,0,1,2,A,-,03,22350,NA,N,C,C,A,A,H,-,A,D,0,NA,NA,NA,Y,Y,NA,G,27,0,0,1,0,0,0,0,0,0,-,-,33.83197021484375,-118.28720855712892,LOS ANGELES,UNINCORPORATED,-118.28724670410156,33.83197021484375
91832975,2022,2022-08-04,9575,2022-07-23,0630,019595,NA,6,1,7,1942,0,1,1,NA,2,050,I-5 S/B (GOLDEN STATE FREEWAY),SONORA AVENUE,20,S,N,A,-,Y,LA,NA,5,NA,NA,27.531,H,NA,L,Y,4,0,3,2,A,-,03,22350,NA,N,C,C,A,A,H,-,A,D,0,NA,NA,NA,NA,Y,NA,A,01,0,0,3,0,0,0,0,0,0,-,-,34.160980224609375,-118.29328155517578,LOS ANGELES,LOS ANGELES,-118.2932357788086,34.1609992980957
91832980,2022,2022-08-04,9530,2022-07-25,1400,022930,NA,1,2,9,1900,0,1,3,NA,2,320,SR-91 W/B (ARTESIA FREEWAY),SANTA FE AVE.,2640,E,N,A,-,Y,LA,NA,91,NA,R,11.031,H,NA,L,N,3,0,1,2,A,-,03,22350,NA,N,C,C,A,A,H,-,A,D,0,NA,NA,NA,Y,Y,NA,F,21,0,1,0,0,0,0,0,0,0,-,-,33.87294006347656,-118.20372009277344,LOS ANGELES,UNINCORPORATED,-118.20372772216795,33.872886657714844
91832993,2022,2022-08-04,9575,2022-07-24,1520,022582,NA,7,2,9,1900,0,2,4,NA,2,022,ACACIA STREET,LINCOLN AVENUE,0,NA,Y,A,-,N,NA,NA,NA,NA,NA,NA,NA,NA,NA,N,4,0,1,2,A,-,03,22350,NA,N,C,C,A,A,H,-,A,A,0,NA,NA,NA,NA,Y,NA,D,22,0,0,1,0,0,0,0,0,0,-,-,34.183841705322266,-118.15962982177734,LOS ANGELES,UNINCORPORATED,-118.15969848632813,34.18381881713867
91833007,2022,2022-08-04,9540,2022-08-03,0511,021132,NA,3,3,7,1942,0,1,1,NA,1,405,I-405 SOUTHBOUND,I-5 TRUCK ROUTE,323,N,N,A,-,Y,LA,NA,405,NA,NA,48.565,H,NA,L,N,4,0,1,1,A,-,08,22107,NA,N,E,I,A,A,H,-,C,D,0,NA,NA,NA,NA,Y,NA,-,-,0,0,1,0,0,0,0,0,0,-,-,34.290428161621094,-118.46790313720705,LOS ANGELES,LOS ANGELES,-118.46794128417967,34.2904167175293
91833016,2022,2022-08-04,9565,2022-07-23,1525,022832,NA,6,2,9,1900,0,3,5,NA,2,004,LENNOX BOULEVARD,ACACIA STREET,105,E,N,A,-,N,NA,NA,NA,NA,NA,NA,NA,NA,NA,N,4,0,1,2,A,-,03,22350,NA,N,C,C,A,A,H,-,A,D,0,NA,NA,NA,NA,Y,NA,A,01,0,0,1,0,0,0,0,0,0,-,-,33.93817901611328,-118.35124206542967,LOS ANGELES,UNINCORPORATED,-118.35110473632813,33.93819808959961
91833017,2022,2022-08-04,9535,2022-07-26,2300,022783,NA,2,3,9,1900,0,1,3,NA,2,601,SR-60 W/B (POMONA FREEWAY) TO I-710,I-710 (LONG BEACH FREEWAY),1056,E,N,A,-,Y,LA,NA,60,NA,R,3.633,H,NA,L,N,4,0,1,2,A,-,03,22350,NA,M,C,C,A,A,H,-,A,D,0,NA,NA,Y,NA,Y,NA,C,02,0,0,1,0,0,0,0,0,1,-,-,34.036800384521484,-118.163818359375,LOS ANGELES,UNINCORPORATED,-118.16380310058594,34.03660202026367
91833032,2022,2022-08-04,9530,2022-07-24,1420,022930,NA,7,2,9,1900,0,3,5,NA,2,001,FLORENCE AVENUE,HOOPER AVE.,530,W,N,A,-,N,NA,NA,NA,NA,NA,NA,NA,NA,NA,N,3,0,1,3,A,-,03,22350,NA,N,C,C,A,A,H,-,A,A,0,NA,NA,NA,NA,Y,NA,A,07,0,1,0,0,0,0,0,0,0,-,-,33.97481155395508,-118.25565338134766,LOS ANGELES,UNINCORPORATED,-118.25377655029295,33.97475814819336
91833048,2022,2022-08-04,9580,2022-07-24,1055,021522,NA,7,1,9,1900,0,3,5,NA,1,020,OLD TOPANGA CANYON RD,ZUNIGA RD,5280,E,N,A,-,N,NA,NA,NA,NA,NA,NA,NA,NA,NA,Y,3,0,1,2,A,-,05,21460,A,N,A,C,A,A,H,-,A,D,0,NA,NA,Y,NA,Y,NA,C,02,0,1,0,0,0,0,0,0,1,-,-,34.11891174316406,-118.63509368896484,LOS ANGELES,UNINCORPORATED,-118.63192749023438,34.12429428100586
91833064,2022,2022-08-04,9575,2022-07-24,1725,022526,NA,7,2,7,1942,0,1,1,NA,2,061,I-210 E/B (FOOTHILL FREEWAY),LOWELL AVENUE,1550,W,N,A,-,Y,LA,NA,210,NA,R,15.332,H,NA,R,Y,4,0,4,2,A,-,08,22107,NA,N,B,C,A,A,H,-,A,D,0,NA,NA,NA,NA,Y,NA,A,08,0,0,4,0,0,0,0,0,0,-,-,34.232200622558594,-118.27129364013672,LOS ANGELES,LOS ANGELES,-118.27127075195313,34.23225021362305
91833081,2022,2022-08-04,9535,2022-07-30,0810,022740,NA,6,1,5,1943,0,1,1,NA,2,075,I-710 S/B (LONG BEACH FWY),MARTIN LUTHER KING JR BLVD,1650,N,N,B,-,Y,LA,NA,710,NA,R,16.425,H,NA,L,N,4,0,1,3,A,-,08,22107,NA,N,B,C,A,B,H,-,A,D,0,NA,NA,NA,NA,Y,NA,A,01,0,0,1,0,0,0,0,0,0,-,-,33.923370361328125,-118.17813110351564,LOS ANGELES,LYNWOOD,-118.17801666259766,33.9233512878418
91833088,2022,2022-08-04,9535,2022-07-30,1031,022017,NA,6,1,5,1901,0,1,1,NA,2,421,INTERSTATE 10 W/B TO GARFIELD AVENUE N/B,GARFIELD AVENUE,5,E,N,A,-,Y,NA,NA,NA,NA,NA,NA,NA,NA,NA,N,4,0,1,2,A,-,21,22106,NA,N,C,C,A,A,H,-,A,A,0,NA,NA,NA,NA,Y,NA,A,01,0,0,1,0,0,0,0,0,0,-,-,34.073760986328125,-118.12287902832033,LOS ANGELES,ALHAMBRA,-118.12287902832033,34.073760986328125
91833104,2022,2022-08-04,9530,2022-07-25,0315,022122,NA,1,3,9,1900,0,3,5,NA,2,001,67TH STREET,HOOPER AVE,0,NA,Y,A,-,N,NA,NA,NA,NA,NA,NA,NA,NA,NA,Y,4,0,2,2,A,-,09,21802,A,M,D,C,A,A,H,-,C,A,0,NA,NA,NA,NA,Y,NA,A,07,0,0,2,0,0,0,0,0,0,-,-,33.979209899902344,-118.25209045410156,LOS ANGELES,UNINCORPORATED,-118.25205993652344,33.97921371459961
91833106,2022,2022-08-04,9575,2022-06-19,0005,022489,NA,7,3,9,1900,0,2,4,NA,2,024,WOODBURY RD. (500 BLOCK),N. MADISON AVE.,85,W,N,A,-,N,NA,NA,NA,NA,NA,NA,NA,NA,NA,Y,4,0,1,3,A,-,01,23152,A,M,C,C,A,A,H,-,C,D,0,NA,NA,NA,NA,Y,Y,A,01,0,0,1,0,0,0,0,0,0,-,-,34.179908752441406,-118.13841247558594,LOS ANGELES,UNINCORPORATED,-118.13835144042967,34.179847717285156
91833120,2022,2022-08-04,9565,2022-07-24,2325,022646,NA,7,3,9,1900,0,3,5,NA,2,002,EL SEGUNDO BLVD,WESTERN AVE,165,E,N,A,-,N,NA,NA,NA,NA,NA,NA,NA,NA,NA,Y,4,0,2,2,A,-,09,21804,A,N,D,C,A,A,H,-,C,D,0,NA,NA,NA,NA,Y,NA,A,01,0,0,2,0,0,0,0,0,0,-,-,33.916419982910156,-118.30843353271484,LOS ANGELES,UNINCORPORATED,-118.30854034423828,33.91645050048828
91833132,2022,2022-08-04,9535,2022-07-30,1437,022298,NA,6,2,9,1900,0,3,5,NA,2,006,DEL MAR AVENUE,MIRALINDA DRIVE,0,NA,Y,A,-,N,NA,NA,NA,NA,NA,NA,NA,NA,NA,N,4,0,2,2,A,-,09,21801,A,N,D,C,A,A,H,-,A,D,0,NA,NA,NA,NA,Y,NA,A,01,0,0,2,0,0,0,0,0,0,-,-,34.049781799316406,-118.09890747070313,LOS ANGELES,UNINCORPORATED,-118.0988998413086,34.04972839355469
91833152,2022,2022-08-04,9535,2022-07-30,1654,022418,NA,6,2,9,1900,0,2,4,NA,2,014,CESAR E CHAVEZ AVENUE,MCDONNELL AVENUE,0,NA,Y,A,-,N,NA,NA,NA,NA,NA,NA,NA,NA,NA,Y,4,0,1,2,A,-,09,21801,A,N,D,C,A,A,H,-,A,A,0,NA,NA,NA,NA,Y,NA,A,01,0,0,1,0,0,0,0,0,0,-,-,34.04058074951172,-118.16702270507813,LOS ANGELES,UNINCORPORATED,-118.1670379638672,34.04059982299805
91833154,2022,2022-08-04,9545,2022-07-28,1330,021819,NA,4,1,9,1900,0,1,3,NA,2,011,SR-14 SOUTHBOUND,AVENUE J,42,N,N,A,-,Y,LA,NA,14,NA,R,67.967,H,NA,L,Y,3,0,3,1,A,-,08,22107,NA,N,E,I,A,A,H,-,A,D,0,NA,NA,NA,NA,Y,NA,A,07,0,2,1,0,0,0,0,0,0,-,-,34.68938064575195,-118.16986083984376,LOS ANGELES,UNINCORPORATED,-118.16981506347656,34.689388275146484
91833167,2022,2022-08-04,9575,2022-07-25,1235,017148,NA,1,1,9,1900,0,3,5,NA,2,003,BROWN MTN TRUCK TRAIL,MT LOWE RD,925,N,N,A,-,N,NA,NA,NA,NA,NA,NA,NA,NA,NA,N,4,0,1,1,A,-,08,22107,NA,N,E,I,A,A,H,-,A,D,0,NA,NA,NA,NA,Y,NA,A,01,0,0,1,0,0,0,0,0,0,-,-,34.21598815917969,-118.15061950683594,LOS ANGELES,UNINCORPORATED,NA,NA
91833194,2022,2022-08-04,9590,2022-07-27,0705,017733,NA,3,1,7,1942,0,1,3,NA,2,031,SR-60 W/B (POMONA FREEWAY),LORENA STREET,562,W,N,A,-,Y,LA,NA,60,NA,R,1.358,H,NA,L,N,4,0,1,2,A,-,07,21658,A,N,B,C,A,A,H,-,A,D,0,NA,NA,Y,NA,Y,NA,A,01,0,0,1,0,0,0,0,0,1,-,-,34.02912902832031,-118.20191955566406,LOS ANGELES,LOS ANGELES,-118.20193481445313,34.0291862487793
91833242,2022,2022-08-04,9565,2022-07-24,1640,022832,NA,7,2,5,1965,0,1,1,NA,2,081,I-10 WESTBOUND,14TH STREET,40,E,N,A,-,Y,LA,NA,10,NA,R,2.622,H,NA,L,Y,4,0,4,3,A,-,03,22350,NA,N,C,C,A,A,H,-,A,D,0,NA,NA,NA,NA,Y,NA,A,01,0,0,4,0,0,0,0,0,0,-,-,34.01939010620117,-118.47989654541016,LOS ANGELES,SANTA MONICA,-118.47982025146484,34.019317626953125
91833250,2022,2022-08-04,9525,2022-08-02,0805,018729,NA,2,1,5,1926,0,1,1,NA,2,205,I-210 W/B (FOOTHILL FWY),SUNFLOWER AVE.,281,W,N,A,-,Y,LA,NA,210,NA,R,43.117,H,NA,L,Y,4,0,1,2,A,-,03,22350,NA,M,C,C,A,A,H,-,A,D,0,NA,NA,NA,NA,Y,NA,A,01,0,0,1,0,0,0,0,0,0,-,-,34.11759948730469,-117.84729766845705,LOS ANGELES,GLENDORA,-117.84729766845705,34.1176872253418
91833254,2022,2022-08-04,9550,2022-07-26,1805,022900,NA,2,2,5,1919,0,1,3,NA,2,092,SR-91 E/B (ARTESIA FREEWAY),NORWALK BOULEVARD,10,W,N,A,-,Y,LA,NA,91,NA,R,18.66,H,NA,R,N,4,0,2,2,A,-,03,22350,NA,N,C,C,A,A,H,-,A,D,0,NA,NA,NA,NA,Y,NA,A,01,0,0,2,0,0,0,0,0,0,-,-,33.87649154663086,-118.07256317138672,LOS ANGELES,CERRITOS,-118.0725555419922,33.87641525268555
91833265,2022,2022-08-04,9590,2022-07-23,1105,021762,NA,6,1,7,1942,0,1,2,NA,2,072,US-101 N/B (HOF) FROM CAHUENGA BLVD,CAHUENGA,200,N,N,A,-,Y,LA,NA,101,NA,NA,8.142,H,NA,R,N,4,0,1,2,A,-,03,22350,NA,N,C,C,A,A,H,-,A,D,0,NA,NA,NA,NA,Y,NA,A,07,0,0,1,0,0,0,0,0,0,-,-,34.11587905883789,-118.3365478515625,LOS ANGELES,LOS ANGELES,-118.33672332763672,34.115848541259766
91833271,2022,2022-08-04,9580,2022-07-25,1800,022799,NA,1,2,7,1942,0,1,2,NA,2,102,US-101 N/B (VENTURA FREEWAY),HAYVENHURST AVE,528,S,N,A,-,Y,LA,NA,101,NA,NA,18.434,H,NA,R,Y,4,0,1,3,A,-,03,22350,NA,N,C,C,A,A,H,-,A,D,0,NA,NA,NA,NA,Y,NA,D,22,0,0,1,0,0,0,0,0,0,-,-,34.165340423583984,-118.4892120361328,LOS ANGELES,LOS ANGELES,-118.4892120361328,34.16530227661133
91833272,2022,2022-08-04,9535,2022-07-31,1240,022025,NA,7,1,6,1922,0,1,1,NA,2,400,I-10 E/B (SAN BERNARDINO FREEWAY),I-605 S/B (SAN GABRIEL RIVER FREEWAY),1330,W,N,B,-,Y,LA,NA,10,NA,NA,30.864,H,NA,R,Y,3,0,2,1,C,-,18,NA,NA,N,B,8,A,A,H,-,A,D,0,NA,NA,NA,NA,Y,NA,-,-,0,2,0,0,0,0,0,0,0,-,-,34.064170837402344,-118.00518035888672,LOS ANGELES,EL MONTE,-118.00520324707033,34.06431198120117
91833292,2022,2022-08-04,9525,2022-08-03,1830,019188,NA,3,2,9,1900,0,3,5,NA,2,002,VALLEY CENTER AVE. (5000 S.),ARROW HIGHWAY,450,S,N,A,-,N,NA,NA,NA,NA,NA,NA,NA,NA,NA,N,4,0,1,2,A,-,03,22350,NA,N,C,C,A,A,H,-,A,D,0,NA,NA,NA,NA,Y,NA,D,22,0,0,1,0,0,0,0,0,0,-,-,34.10517883300781,-117.83773040771484,LOS ANGELES,UNINCORPORATED,-117.83763885498048,34.10673141479492
91833326,2022,2022-08-04,9550,2022-07-23,2205,022376,NA,6,3,9,1900,0,3,5,NA,2,002,GUNN AVE.,MULBERRY DR.,320,N,N,A,-,N,NA,NA,NA,NA,NA,NA,NA,NA,NA,N,3,0,1,2,A,-,01,23152,A,N,C,E,A,A,H,-,C,D,0,NA,NA,NA,NA,Y,Y,A,01,0,1,0,0,0,0,0,0,0,-,-,33.9461784362793,-118.03038787841795,LOS ANGELES,UNINCORPORATED,-118.03043365478516,33.94609832763672
91833331,2022,2022-08-04,9535,2022-07-30,0630,022011,NA,6,1,3,1914,0,1,1,NA,2,501,I-5 (SANTA ANA FREEWAY) S/B,WASHINGTON BLVD,309,N,N,B,-,Y,LA,NA,5,NA,NA,11.654,H,NA,L,Y,3,0,1,3,A,-,07,21658,A,M,B,C,A,A,H,-,A,D,0,NA,NA,NA,NA,Y,NA,A,01,0,1,0,0,0,0,0,0,0,-,-,33.99628829956055,-118.14608001708984,LOS ANGELES,COMMERCE,-118.14602661132813,33.99631881713867
91833333,2022,2022-08-04,9550,2022-07-01,1745,022474,NA,5,2,9,1900,0,3,5,NA,2,003,CALLE BARCELONA,SALEROSO DR,610,W,N,A,-,N,NA,NA,NA,NA,NA,NA,NA,NA,NA,Y,3,0,1,3,A,-,01,23152,A,M,C,E,A,A,H,-,A,D,0,NA,NA,NA,NA,Y,Y,A,01,0,1,0,0,0,0,0,0,0,-,-,33.988861083984375,-117.92391967773438,LOS ANGELES,UNINCORPORATED,-117.92385864257813,33.988853454589844
91833336,2022,2022-08-04,9535,2022-08-01,0825,021643,NA,1,1,6,1922,0,1,1,NA,2,401,I-10 WESTBOUND (SAN BERNARDINO FREEWAY),SANTA ANITA AVENUE,230,W,N,A,-,Y,NA,NA,NA,NA,NA,NA,NA,NA,NA,N,4,0,1,3,A,-,03,22350,NA,N,C,C,A,A,H,-,A,D,0,NA,NA,NA,NA,Y,NA,A,01,0,0,1,0,0,0,0,0,0,-,-,34.06898880004883,-117.04308319091795,LOS ANGELES,EL MONTE,-118.04180145263672,34.06882858276367
91833343,2022,2022-08-15,9550,2022-07-25,1000,022769,NA,1,1,9,1900,0,2,4,NA,1,022,TELEGRAPH RD.,LA VINA LN.,0,NA,Y,A,-,N,NA,NA,NA,NA,NA,NA,NA,NA,NA,N,3,0,1,2,A,-,05,21650,NA,N,D,G,A,A,H,-,A,D,0,NA,Y,NA,NA,Y,NA,L,04,0,1,0,0,0,0,1,0,0,-,-,33.9345588684082,-118.0383529663086,LOS ANGELES,UNINCORPORATED,-118.0383758544922,33.9345703125
91833345,2022,2022-08-04,9590,2022-08-02,2020,021757,NA,2,2,7,1942,0,1,1,NA,2,050,I-110 N/B (HARBOR FREEWAY),42ND ST,250,N,N,A,-,Y,LA,NA,110,NA,NA,19.308,H,NA,R,N,4,0,1,2,A,-,03,22350,NA,N,C,C,A,A,H,-,D,D,0,NA,NA,NA,NA,Y,NA,A,01,0,0,1,0,0,0,0,0,0,-,-,34.00817108154297,-118.2807388305664,LOS ANGELES,LOS ANGELES,-118.2809600830078,34.00817108154297
91833410,2022,2022-08-04,9535,2022-08-02,1750,022105,NA,2,2,5,1901,0,1,1,NA,2,420,I-10 E/B,ATLANTIC BLVD,800,E,N,A,-,Y,LA,NA,10,NA,NA,23.493,H,NA,R,N,4,0,1,2,A,-,07,21658,A,M,C,C,A,A,H,-,A,D,0,NA,NA,NA,NA,Y,NA,A,01,0,0,1,0,0,0,0,0,0,-,-,34.0714111328125,-118.13165283203124,LOS ANGELES,ALHAMBRA,-118.13164520263672,34.07134246826172
91833416,2022,2022-08-04,9535,2022-08-03,1055,022120,NA,3,1,9,1900,0,2,4,NA,2,018,3RD ST  (3800 BLOCK),HERBERT AVE,200,E,N,A,-,N,NA,NA,NA,NA,NA,NA,NA,NA,NA,N,4,0,1,2,A,-,03,22350,NA,N,C,C,A,A,H,-,A,D,0,NA,NA,NA,NA,Y,NA,A,01,0,0,1,0,0,0,0,0,0,-,-,34.03342819213867,-118.18267822265624,LOS ANGELES,UNINCORPORATED,-118.18278503417967,34.03339385986328
91833418,2021,2022-08-04,9545,2021-06-04,0909,016523,NA,5,1,9,1900,0,3,5,NA,2,001,AVENUE G,30TH STREET EAST,1426,W,N,A,-,N,NA,NA,NA,NA,NA,NA,NA,NA,NA,Y,1,5,1,2,A,-,05,21650,NA,N,A,C,A,A,H,-,A,D,0,NA,NA,NA,Y,Y,NA,A,01,0,1,0,0,0,0,0,0,0,-,-,34.73360824584961,-118.0815887451172,LOS ANGELES,UNINCORPORATED,-118.08163452148438,34.7336311340332
91833505,2022,2022-08-05,9580,2022-07-23,1915,022799,NA,6,2,9,1900,0,3,5,NA,1,020,SR-1 S/B (PACIFIC COAST HWY.),COASTLINE DR,250,N,N,A,-,Y,LA,NA,1,NA,NA,40.113,H,NA,L,Y,4,0,1,6,A,-,03,22350,NA,N,C,2,A,A,H,-,C,D,0,NA,NA,NA,NA,Y,NA,A,01,0,0,1,0,0,0,0,0,0,-,-,34.0418586730957,-118.5683822631836,LOS ANGELES,UNINCORPORATED,-118.56837463378906,34.04187774658203
91833506,2022,2022-08-05,9565,2022-07-23,1610,022832,NA,6,2,9,1900,0,2,4,NA,2,024,IMPERIAL HIGHWAY E/B,DENKER AVENUE,110,W,N,A,-,N,NA,NA,NA,NA,NA,NA,NA,NA,NA,N,4,0,3,2,A,-,03,22350,NA,N,C,C,A,A,H,-,A,A,0,NA,NA,NA,NA,Y,NA,A,07,0,0,3,0,0,0,0,0,0,-,-,33.93090057373047,-118.30542755126952,LOS ANGELES,UNINCORPORATED,-118.30509185791016,33.93090057373047
91833507,2022,2022-08-05,9580,2022-07-23,1937,021236,NA,6,2,9,1900,0,3,5,NA,1,010,KANAN ROAD,TUNNEL #2,175,S,N,A,-,N,NA,NA,NA,NA,NA,NA,NA,NA,NA,Y,2,0,1,1,C,-,18,NA,NA,N,B,I,A,A,H,-,B,D,0,NA,NA,NA,NA,Y,NA,-,-,1,0,0,0,0,0,0,0,0,-,-,34.10490036010742,-118.81182098388672,LOS ANGELES,UNINCORPORATED,NA,NA
91833508,2022,2022-08-05,9580,2022-07-26,1400,022799,NA,2,2,7,1942,0,1,2,NA,2,102,US-101 N/B (VENTURA FREEWAY),BALBOA BLVD,1584,N,N,A,-,Y,LA,NA,101,NA,NA,19.578,H,NA,R,Y,3,0,3,4,A,-,03,22350,NA,N,C,C,A,A,H,-,A,D,0,NA,NA,NA,NA,Y,NA,A,01,0,1,2,0,0,0,0,0,0,-,-,34.171329498291016,-118.50708770751952,LOS ANGELES,LOS ANGELES,-118.50708770751952,34.17127990722656
91833509,2022,2022-08-05,9580,2022-07-26,1535,022663,NA,2,2,7,1942,0,1,3,NA,2,170,SR-170 N/B (HOLLYWOOD FWY.) TO SHERMAN WAY W/B,SHERMAN WAY,315,S,N,A,-,Y,NA,NA,NA,NA,NA,NA,NA,NA,NA,Y,4,0,3,4,A,-,03,22350,NA,N,C,C,A,A,H,-,A,D,0,NA,NA,NA,NA,Y,NA,A,07,0,0,3,0,0,0,0,0,0,-,-,34.20029067993164,-118.40281677246094,LOS ANGELES,LOS ANGELES,-118.40281677246094,34.20029067993164
91833514,2022,2022-08-05,9565,2022-07-23,1800,022832,NA,6,2,5,1928,0,1,1,NA,2,012,I-105 EASTBOUND,PRAIRIE AVENUE,30,E,N,A,-,Y,LA,NA,105,NA,R,3.639,H,NA,R,N,4,0,1,2,A,-,03,22350,NA,N,C,C,A,A,H,-,A,D,0,NA,NA,NA,NA,Y,NA,A,01,0,0,1,0,0,0,0,0,0,-,-,33.929569244384766,-118.34364318847656,LOS ANGELES,HAWTHORNE,-118.34362030029295,33.929588317871094
91833519,2022,2022-08-05,9580,2022-08-03,2013,021236,NA,3,2,7,1942,0,1,2,NA,2,105,US-101 S/B (VENTURA FREEWAY) FROM VENTURA BLVD,VANALDEN AVE,220,E,N,A,-,Y,LA,NA,101,NA,NA,22.051,H,NA,L,Y,4,0,2,2,A,-,08,22107,NA,F,E,I,A,A,H,-,C,D,0,NA,NA,NA,NA,Y,NA,-,99,0,0,2,0,0,0,0,0,0,-,-,34.173240661621094,-118.54975128173828,LOS ANGELES,LOS ANGELES,-118.54974365234376,34.173404693603516
91833520,2022,2022-08-05,9550,2022-07-24,2125,022023,NA,7,2,6,1949,0,1,1,NA,2,500,I-5 NORTHBOUND,IMPERIAL HWY,500,N,N,A,-,Y,LA,NA,5,NA,NA,6.008,H,NA,R,N,4,0,1,2,A,-,08,22107,NA,N,F,A,A,A,H,-,C,D,0,NA,NA,Y,NA,Y,NA,D,22,0,0,1,0,0,0,0,0,1,-,-,33.93069839477539,-118.08924865722656,LOS ANGELES,NORWALK,-118.08931732177734,33.930667877197266
91833521,2022,2022-08-05,9525,2022-07-27,1401,022627,NA,3,2,6,1955,0,1,3,NA,2,072,SR-71 N/B (CHINO VALLEY FWY) TO HOLT AVE.,HOLT AVE,50,S,N,A,-,Y,NA,NA,NA,NA,NA,NA,NA,NA,NA,N,4,0,1,2,A,-,03,22350,NA,F,C,C,A,A,H,-,A,A,0,NA,NA,NA,NA,Y,NA,A,01,0,0,1,0,0,0,0,0,0,-,-,34.06119918823242,-117.78749847412108,LOS ANGELES,POMONA,-117.78749847412108,34.06119918823242
91833525,2022,2022-08-05,9525,2022-08-03,2315,021542,NA,3,3,5,1906,0,1,1,NA,2,104,I-10 E/B (SAN BERNARDINO FWY),FRANCISQUITO AVENUE,100,E,N,A,-,Y,LA,NA,10,NA,NA,32.774,H,NA,R,Y,4,0,1,2,A,-,03,22350,NA,N,C,2,A,A,D,-,C,D,0,NA,NA,NA,NA,Y,NA,A,01,0,0,1,0,0,0,0,0,0,-,-,34.06858825683594,-117.97222137451172,LOS ANGELES,BALDWIN PARK,-117.97224426269533,34.0687141418457
91833531,2022,2023-01-25,9575,2022-07-23,1545,022513,NA,6,2,7,1942,0,1,3,NA,2,043,SR-134 E/B (VENTURA FREEWAY),RIVERSIDE DR.,1478,W,N,A,-,Y,LA,NA,134,NA,NA,4.522,H,NA,R,N,4,0,1,2,A,-,01,23152,A,N,C,C,A,A,H,-,A,D,0,NA,NA,NA,NA,Y,Y,A,01,0,0,1,0,0,0,0,0,0,-,-,34.155948638916016,-118.29891204833984,LOS ANGELES,LOS ANGELES,-118.29891967773438,34.15590286254883
91833539,2022,2022-08-05,9565,2022-07-23,2150,022646,NA,6,2,9,1900,0,3,5,NA,2,002,BUDLONG AVENUE,90TH STREET,115,N,N,A,-,N,NA,NA,NA,NA,NA,NA,NA,NA,NA,N,3,0,1,2,A,-,03,22350,NA,F,G,B,D,A,H,-,C,D,0,Y,NA,NA,NA,Y,NA,-,99,0,1,0,0,1,0,0,0,0,-,-,33.956298828125,-118.29595184326172,LOS ANGELES,UNINCORPORATED,-118.2959213256836,33.95625686645508