CASE_ID,ACCIDENT_YEAR,PROC_DATE,JURIS,COLLISION_DATE,COLLISION_TIME,OFFICER_ID,REPORTING_DISTRICT,DAY_OF_WEEK,CHP_SHIFT,POPULATION,CNTY_CITY_LOC,SPECIAL_COND,BEAT_TYPE,CHP_BEAT_TYPE,CITY_DIVISION_LAPD,CHP_BEAT_CLASS,BEAT_NUMBER,PRIMARY_RD,SECONDARY_RD,DISTANCE,DIRECTION,INTERSECTION,WEATHER_1,WEATHER_2,STATE_HWY_IND,CALTRANS_COUNTY,CALTRANS_DISTRICT,STATE_ROUTE,ROUTE_SUFFIX,POSTMILE_PREFIX,POSTMILE,LOCATION_TYPE,RAMP_INTERSECTION,SIDE_OF_HWY,TOW_AWAY,COLLISION_SEVERITY,NUMBER_KILLED,NUMBER_INJURED,PARTY_COUNT,PRIMARY_COLL_FACTOR,PCF_CODE_OF_VIOL,PCF_VIOL_CATEGORY,PCF_VIOLATION,PCF_VIOL_SUBSECTION,HIT_AND_RUN,TYPE_OF_COLLISION,MVIW,PED_ACTION,ROAD_SURFACE,ROAD_COND_1,ROAD_COND_2,LIGHTING,CONTROL_DEVICE,CHP_ROAD_TYPE,PEDESTRIAN_ACCIDENT,BICYCLE_ACCIDENT,MOTORCYCLE_ACCIDENT,TRUCK_ACCIDENT,NOT_PRIVATE_PROPERTY,ALCOHOL_INVOLVED,STWD_VEHTYPE_AT_FAULT,CHP_VEHTYPE_AT_FAULT,COUNT_SEVERE_INJ,COUNT_VISIBLE_INJ,COUNT_COMPLAINT_PAIN,COUNT_PED_KILLED,COUNT_PED_INJURED,COUNT_BICYCLIST_KILLED,COUNT_BICYCLIST_INJURED,COUNT_MC_KILLED,COUNT_MC_INJURED,PRIMARY_RAMP,SECONDARY_RAMP,LATITUDE,LONGITUDE,COUNTY,CITY,POINT_X,POINT_Y
91839816,2022,2022-09-22,9580,2022-08-03,1620,021985,NA,3,2,7,1942,0,1,2,NA,2,101,US-101 S/B (VENTURA FREEWAY),WOODMAN AVE,400,S,N,A,-,Y,LA,NA,101,NA,NA,14.488,H,NA,L,N,4,0,1,2,A,-,08,22107,NA,N,B,C,A,A,H,-,A,D,0,NA,NA,Y,NA,Y,NA,A,08,0,0,1,0,0,0,0,0,1,-,-,34.156131744384766,-118.42418670654295,LOS ANGELES,LOS ANGELES,-118.42420959472656,34.15618896484375
91839825,2022,2022-08-15,9580,2022-08-06,1840,021966,NA,6,2,7,1942,0,1,1,NA,2,406,I-405 NB FROM NORDHOFF ST.,NORDHOFF ST,6,N,N,A,-,Y,NA,NA,NA,NA,NA,NA,NA,NA,NA,N,4,0,1,2,A,-,08,22107,NA,F,B,B,B,A,H,-,A,A,0,Y,NA,NA,NA,Y,Y,-,-,0,0,1,0,1,0,0,0,0,-,-,34.23571014404297,-118.47257232666016,LOS ANGELES,LOS ANGELES,-118.47257232666016,34.23571014404297
91839830,2021,2022-08-15,9590,2021-07-12,2119,018538,NA,1,2,7,1942,0,1,1,NA,2,500,I-110 NORTHBOUND (HARBOR FWY.) HOT LANES,MARTIN LUTHER KING JR. BLVD.,352,N,N,A,-,Y,NA,NA,110,NA,NA,NA,NA,NA,N,Y,1,1,3,5,C,-,18,NA,NA,N,G,C,E,A,G,-,D,D,0,Y,NA,NA,NA,Y,NA,-,-,2,1,0,1,1,0,0,0,0,-,-,34.01271057128906,-118.28082275390624,LOS ANGELES,LOS ANGELES,-118.28089904785156,34.01271057128906
91839834,2022,2022-08-15,9580,2022-08-12,1828,022663,NA,5,2,7,1942,0,1,2,NA,2,103,US-101 S/B (VENTURA FREEWAY),WOODMAN AVE,95,N,N,A,-,Y,LA,NA,101,NA,NA,14.91,H,NA,L,Y,4,0,1,2,A,-,03,22350,NA,N,C,C,A,A,H,-,A,D,0,NA,NA,NA,NA,Y,NA,A,01,0,0,1,0,0,0,0,0,0,-,-,34.155548095703125,-118.43154907226564,LOS ANGELES,LOS ANGELES,-118.43154907226564,34.1555290222168
91839843,2022,2022-08-15,9580,2022-08-09,1825,021627,NA,2,2,7,1942,0,1,3,NA,2,114,SR-118 E/B (RONALD REAGAN FWY.),ARLETTA ST.,210,E,N,A,-,Y,LA,NA,118,NA,R,11.136,H,NA,R,N,4,0,2,3,A,-,03,22350,NA,N,C,C,A,A,H,-,A,D,0,NA,NA,NA,NA,Y,NA,A,01,0,0,2,0,0,0,0,0,0,-,-,34.2657585144043,-118.44886779785156,LOS ANGELES,LOS ANGELES,-118.44887542724608,34.26581954956055
91839844,2022,2022-08-15,9580,2022-08-12,1725,022591,NA,5,2,7,1942,0,1,2,NA,2,103,US-101 S/B (VENTURA FREEWAY),WOODMAN AVE,400,N,N,A,-,Y,LA,NA,101,NA,NA,14.929,H,NA,L,N,4,0,1,3,A,-,03,22350,NA,N,C,C,A,A,H,-,A,B,0,NA,NA,NA,NA,Y,NA,A,01,0,0,1,0,0,0,0,0,0,-,-,34.155540466308594,-118.43187713623048,LOS ANGELES,LOS ANGELES,-118.43187713623048,34.15553283691406
91839851,2022,2022-08-15,9580,2022-08-09,0720,022437,NA,2,1,7,1942,0,1,2,NA,2,100,US-101 N/B (VENTURA FREEWAY),WOODMAN AVE,138,S,N,A,-,Y,LA,NA,101,NA,NA,14.86,H,NA,R,Y,2,0,1,2,A,-,03,22350,NA,N,C,C,A,A,H,-,A,D,0,NA,NA,Y,NA,Y,NA,C,02,1,0,0,0,0,0,0,0,1,-,-,34.155670166015625,-118.43061065673828,LOS ANGELES,LOS ANGELES,-118.43061065673828,34.15571975708008
91839856,2022,2022-08-15,9580,2022-08-10,1005,022437,NA,3,1,7,1942,0,1,2,NA,2,103,US-101 S/B (VENTURA FREEWAY),BALBOA BLVD,1056,S,N,A,-,Y,LA,NA,101,NA,NA,18.929,H,NA,L,Y,4,0,1,4,A,-,03,22350,NA,N,C,C,A,A,H,-,A,D,0,NA,NA,NA,NA,Y,NA,A,01,0,0,1,0,0,0,0,0,0,-,-,34.16777038574219,-118.4968719482422,LOS ANGELES,LOS ANGELES,-118.4968719482422,34.16776657104492
91839999,2022,2022-08-15,9575,2022-07-29,0911,019595,NA,5,1,6,1925,0,1,1,NA,2,050,I-5 S/B (GOLDEN STATE FREEWAY),SONORA AVENUE,425,S,N,A,-,Y,LA,NA,5,NA,NA,27.457,H,NA,L,Y,4,0,6,7,A,-,03,22350,NA,M,B,C,A,A,H,-,A,D,0,NA,NA,NA,NA,Y,NA,D,22,0,0,6,0,0,0,0,0,0,-,-,34.16006851196289,-118.29263305664064,LOS ANGELES,GLENDALE,-118.2926788330078,34.16004943847656
91840004,2022,2022-08-15,9530,2022-07-31,1730,022760,NA,7,2,9,1900,0,3,5,NA,2,002,ROSECRANS AVENUE (14000 BLOCK),BROADWAY,0,NA,Y,A,-,N,NA,NA,NA,NA,NA,NA,NA,NA,NA,Y,3,0,2,2,A,-,12,21453,A,N,D,C,A,A,H,-,A,A,0,NA,NA,NA,NA,Y,NA,A,07,0,2,0,0,0,0,0,0,0,-,-,33.9019889831543,-118.27847290039064,LOS ANGELES,UNINCORPORATED,-118.27840423583984,33.901939392089844
91840009,2022,2022-08-15,9540,2022-08-07,2025,022401,NA,7,2,7,1942,0,1,1,NA,1,503,I-5 SOUTHBOUND (GOLDEN STATE FREEWAY),BALBOA BLVD,1640,S,N,A,-,Y,LA,NA,5,S,C,44.076,H,NA,L,Y,3,0,1,1,A,-,08,22107,NA,N,E,I,A,A,H,-,C,D,0,NA,NA,NA,NA,Y,NA,D,22,0,1,0,0,0,0,0,0,0,-,-,34.31755065917969,-118.49239349365234,LOS ANGELES,LOS ANGELES,-118.49253845214844,34.31745529174805
91840026,2022,2022-08-15,9575,2022-08-05,1150,021522,NA,5,1,7,1942,0,1,3,NA,2,044,SR-134 W/B (VENTURA FREEWAY),CAHUENGA BLVD,450,W,N,A,-,Y,LA,NA,134,NA,NA,0.803,H,NA,L,N,4,0,1,2,A,-,03,22350,NA,F,C,C,A,A,H,-,A,D,0,NA,NA,NA,NA,Y,NA,-,99,0,0,1,0,0,0,0,0,0,-,-,34.1533203125,-118.36260223388672,LOS ANGELES,LOS ANGELES,-118.36260223388672,34.153358459472656
91840028,2022,2022-08-15,9530,2022-08-03,2100,022986,NA,3,2,5,1977,0,1,1,NA,2,410,I-405 N/B (SAN DIEGO FREEWAY),MAIN STREET,800,S,N,A,-,Y,LA,NA,405,NA,NA,12.448,H,NA,R,Y,4,0,1,2,A,-,03,22350,NA,N,C,C,A,A,H,-,C,D,0,NA,NA,NA,NA,Y,NA,A,08,0,0,1,0,0,0,0,0,0,-,-,33.851810455322266,-118.2780990600586,LOS ANGELES,CARSON,-118.2781219482422,33.85179138183594
91840030,2022,2022-08-15,9590,2022-07-29,2127,022710,NA,5,2,7,1942,0,1,1,NA,2,052,I-110 N/B (HARBOR FREEWAY),ADAMS BLVD,100,N,N,A,-,Y,LA,NA,110,NA,NA,20.727,H,NA,R,N,3,0,2,3,A,-,03,22350,NA,N,C,C,A,A,H,-,D,D,0,NA,NA,NA,NA,Y,NA,A,01,0,1,1,0,0,0,0,0,0,-,-,34.02777862548828,-118.27432250976564,LOS ANGELES,LOS ANGELES,-118.2743911743164,34.02779006958008
91840034,2022,2022-08-15,9590,2022-07-04,0150,022741,NA,1,3,7,1942,0,1,1,NA,2,082,I-5 N/B (GOLDEN STATE FREEWAY),RIVERSIDE DRIVE,2370,S,N,A,-,Y,LA,NA,5,NA,NA,21.489,H,NA,R,Y,3,0,1,2,A,-,08,22107,NA,N,E,C,A,A,H,-,C,D,0,NA,NA,Y,NA,Y,NA,D,22,0,1,0,0,0,0,0,0,0,-,-,34.09041976928711,-118.2387237548828,LOS ANGELES,LOS ANGELES,-118.2387237548828,34.090415954589844
91840044,2022,2022-08-15,9580,2022-08-08,0018,022603,NA,1,3,7,1942,0,1,2,NA,2,101,US-101 S/B (VENTURA FREEWAY),WOODMAN AVE,1000,S,N,A,-,Y,LA,NA,101,NA,NA,14.684,H,NA,L,N,3,0,2,2,A,-,01,23152,A,N,B,C,A,A,H,-,D,D,0,NA,NA,NA,NA,Y,Y,A,01,0,2,0,0,0,0,0,0,0,-,-,34.15559005737305,-118.4274673461914,LOS ANGELES,LOS ANGELES,-118.4274673461914,34.15556335449219
91840053,2022,2022-10-12,9580,2022-08-11,0230,020681,NA,4,3,7,1942,0,1,3,NA,2,170,SR-170 N/B (HOLLYWOOD FWY.),VANOWEN ST,25,N,N,A,-,Y,LA,NA,170,NA,R,17.773,H,NA,R,N,3,0,1,1,C,-,18,NA,NA,N,E,I,A,A,H,-,C,D,0,NA,NA,NA,NA,Y,NA,-,-,0,1,0,0,0,0,0,0,0,-,-,34.19401168823242,-118.40238189697266,LOS ANGELES,LOS ANGELES,-118.40235137939452,34.19401168823242
91840071,2022,2023-05-03,9565,2022-08-03,0605,022810,NA,3,1,9,1900,0,1,1,NA,2,012,I-105 W/B (CENTURY FREEWAY),BUDLONG AVENUE,300,E,N,A,-,Y,LA,NA,105,NA,R,6.537,H,NA,L,N,3,0,1,2,A,-,07,21658,A,N,B,C,A,A,H,-,A,D,0,NA,NA,Y,NA,Y,NA,A,07,0,1,0,0,0,0,0,0,1,-,-,33.92863082885742,-118.29553985595705,LOS ANGELES,UNINCORPORATED,-118.29555511474608,33.92871856689453
91840080,2022,2022-09-28,9575,2022-08-05,1440,022513,NA,5,2,6,1953,0,1,3,NA,2,040,SR-134 W/B (VENTURA FREEWAY),SAN RAFAEL AVE.,1109,E,N,A,-,Y,LA,NA,134,NA,R,12.57,H,NA,L,N,3,0,3,2,A,-,08,22107,NA,N,D,C,A,A,H,-,A,D,0,NA,NA,NA,NA,Y,NA,A,01,0,3,0,0,0,0,0,0,0,-,-,34.14506149291992,-118.16748046875,LOS ANGELES,PASADENA,-118.16749572753906,34.145076751708984
91840102,2022,2022-08-15,9590,2022-07-31,0250,022673,NA,7,3,7,1942,0,1,1,NA,2,062,I-10 E/B (SANTA MONICA FREEWAY),WESTERN AVENUE,1200,E,N,A,-,Y,LA,NA,10,NA,R,13.069,H,NA,R,N,3,0,1,3,A,-,11,21954,A,F,C,C,E,A,H,-,C,D,0,Y,NA,NA,NA,Y,NA,N,60,0,1,0,0,1,0,0,0,0,-,-,34.037078857421875,-118.30467987060548,LOS ANGELES,LOS ANGELES,-118.30467987060548,34.03697967529297
91840108,2022,2022-08-15,9565,2022-08-03,1620,022832,NA,3,2,9,1900,0,3,5,NA,2,002,CRENSHAW BOULEVARD,132ND ST,20,N,N,A,-,N,NA,NA,NA,NA,NA,NA,NA,NA,NA,N,4,0,1,3,A,-,03,22350,NA,N,C,C,A,A,H,-,A,D,0,NA,NA,NA,NA,Y,NA,A,07,0,0,1,0,0,0,0,0,0,-,-,33.91244888305664,-118.32656860351564,LOS ANGELES,UNINCORPORATED,-118.32659912109376,33.91239547729492
91840146,2022,2022-08-15,9540,2022-08-02,1640,021464,NA,2,2,9,1900,0,2,4,NA,1,102,HASLEY CANYON RD,DEL VALLE RD,0,NA,Y,A,-,N,NA,NA,NA,NA,NA,NA,NA,NA,NA,N,4,0,2,2,A,-,09,21802,A,N,D,C,A,A,H,-,A,D,0,NA,NA,NA,NA,Y,NA,A,07,0,0,2,0,0,0,0,0,0,-,-,34.45724105834961,-118.64092254638672,LOS ANGELES,UNINCORPORATED,-118.64093017578124,34.457237243652344
91840147,2022,2022-08-15,9575,2022-08-05,0538,022953,NA,5,3,6,1953,0,1,1,NA,2,080,SR-710 S/B (LONG BEACH FREEWAY),CALIFORNIA BOULEVARD,50,N,N,A,-,Y,LA,NA,710,NA,T,31.777,H,NA,L,Y,3,0,1,2,A,-,03,22350,NA,N,C,C,A,A,H,-,B,A,0,NA,NA,NA,NA,Y,NA,A,01,0,1,0,0,0,0,0,0,0,-,-,34.13600158691406,-118.15557098388672,LOS ANGELES,PASADENA,-118.15557098388672,34.13600158691406
91840172,2022,2022-08-15,9540,2022-08-02,0549,018759,NA,2,3,9,1900,0,1,3,NA,1,138,SR-138,WEST FORK RD.,488,W,N,A,-,Y,LA,NA,138,NA,NA,2.426,H,NA,R,Y,3,0,1,2,A,-,05,21460,A,N,B,C,A,A,H,-,A,D,0,NA,NA,NA,Y,Y,NA,A,07,0,1,0,0,0,0,0,0,0,-,-,34.772491455078125,-118.76103973388672,LOS ANGELES,UNINCORPORATED,-118.7610321044922,34.77250671386719
91840178,2022,2022-08-15,9580,2022-07-01,0145,022158,NA,5,3,7,1942,0,1,1,NA,2,404,I-405 N/B (SAN DIEGO FWY),BURBANK BLVD,1340,N,N,A,-,Y,LA,NA,405,NA,NA,40.549,H,NA,R,Y,1,1,1,2,A,-,11,21954,A,N,G,B,E,A,H,-,D,D,0,Y,NA,NA,NA,Y,Y,N,60,0,0,1,1,0,0,0,0,0,-,-,34.17593002319336,-118.46791839599608,LOS ANGELES,LOS ANGELES,-118.46784973144533,34.175941467285156
91840187,2022,2022-08-15,9550,2022-07-28,0928,022738,NA,4,1,9,1900,0,3,5,NA,2,004,HALLIBURTON ROAD,OLYMPUS AVENUE,30,E,N,A,-,N,NA,NA,NA,NA,NA,NA,NA,NA,NA,Y,2,0,1,2,A,-,07,21658,A,F,B,C,A,A,H,-,A,D,0,NA,NA,Y,NA,Y,NA,-,99,1,0,0,0,0,0,0,0,1,-,-,33.99694061279297,-117.96613311767578,LOS ANGELES,UNINCORPORATED,-117.96617889404295,33.99692153930664
91840198,2022,2022-08-15,9530,2022-08-12,1830,022714,NA,5,2,7,1941,0,1,1,NA,2,071,I-710 N/B (LONG BEACH FREEWAY),LONG BEACH BLVD.,1690,S,N,A,-,Y,LA,NA,710,NA,NA,11.657,H,NA,R,Y,3,0,1,1,A,-,01,23152,A,N,A,J,A,A,H,-,A,D,0,NA,NA,NA,NA,Y,Y,A,01,0,1,0,0,0,0,0,0,0,-,-,33.857940673828125,-118.20208740234376,LOS ANGELES,LONG BEACH,-118.20229339599608,33.8580322265625
91840204,2022,2022-08-15,9580,2022-05-31,2227,022008,NA,2,3,7,1942,0,1,3,NA,2,170,SR-170 N/B (HOLLYWOOD FREEWAY),VICTORY BLVD,262,S,N,A,-,Y,LA,NA,170,NA,R,17.208,H,NA,R,Y,1,1,1,2,A,-,00,21960,A,N,G,B,E,A,H,-,E,D,0,Y,NA,NA,NA,Y,NA,N,60,0,0,1,1,0,0,0,0,0,-,-,34.185890197753906,-118.40103912353516,LOS ANGELES,LOS ANGELES,-118.40094757080078,34.18592071533203
91840214,2022,2022-08-15,9535,2022-08-04,2245,022840,NA,4,3,9,1900,0,3,5,NA,2,002,6TH ST.,CLELA AVE,0,NA,Y,A,-,N,NA,NA,NA,NA,NA,NA,NA,NA,NA,N,3,0,1,2,A,-,09,21801,A,N,D,G,A,A,H,-,E,D,0,NA,Y,NA,NA,Y,NA,D,22,0,1,0,0,0,0,1,0,0,-,-,34.025489807128906,-118.1589126586914,LOS ANGELES,UNINCORPORATED,-118.15888214111328,34.025508880615234
91840216,2022,2022-08-15,9565,2022-08-01,2255,022902,NA,1,3,9,1900,0,3,5,NA,2,004,FREEMAN AVE,106TH ST,0,NA,Y,A,-,N,NA,NA,NA,NA,NA,NA,NA,NA,NA,N,3,0,1,2,A,-,12,22450,NA,F,H,G,A,A,H,-,C,A,0,NA,Y,NA,NA,Y,NA,-,99,0,1,0,0,0,0,1,0,0,-,-,33.94001007080078,-118.34828186035156,LOS ANGELES,UNINCORPORATED,-118.34828948974608,33.940006256103516
91840236,2022,2022-08-15,9530,2022-08-03,1120,018745,NA,3,1,9,1900,0,3,5,NA,2,006,223RD ST.,VERMONT AVE.,0,NA,Y,A,-,N,NA,NA,NA,NA,NA,NA,NA,NA,NA,Y,4,0,1,2,A,-,12,21453,A,M,D,C,A,A,H,-,A,A,0,NA,NA,NA,NA,Y,NA,A,01,0,0,1,0,0,0,0,0,0,-,-,33.82439041137695,-118.29035949707033,LOS ANGELES,UNINCORPORATED,-118.29034423828124,33.82445526123047
91840248,2022,2022-08-15,9580,2022-05-14,2356,022572,NA,6,3,7,1942,0,1,3,NA,2,118,STATE ROUTE-118 E/B (RONALD REAGAN FWY.),EAST BRIDGE SEAM OF HASKELL AVE UNDERCROSSING,526,W,N,A,-,Y,LA,NA,118,NA,R,9.516,H,NA,R,Y,1,3,1,2,A,-,01,23152,A,N,E,8,A,A,H,-,C,D,0,NA,NA,NA,NA,Y,Y,A,01,1,0,0,0,0,0,0,0,0,-,-,34.265708923339844,-118.47722625732422,LOS ANGELES,LOS ANGELES,-118.47722625732422,34.26591491699219
91840262,2022,2022-08-15,9550,2022-07-31,0625,021977,NA,7,1,6,1949,0,1,1,NA,2,501,INTERSTATE 5 SOUTHBOUND,NORWALK BOULEVARD,1200,S,N,A,-,Y,LA,NA,5,NA,NA,4.185,H,NA,L,N,4,0,2,2,A,-,03,22350,NA,N,C,C,A,A,H,-,A,D,0,NA,NA,NA,NA,Y,Y,A,01,0,0,2,0,0,0,0,0,0,-,-,33.909950256347656,-118.07038116455078,LOS ANGELES,NORWALK,-118.0702667236328,33.9100341796875
91840269,2022,2022-08-15,9575,2022-07-09,2130,022489,NA,6,2,9,1900,0,3,5,NA,2,003,LITTLE TUJUNGA CANYON RD.,MAREK MTWY.,3168,N,N,A,-,N,NA,NA,NA,NA,NA,NA,NA,NA,NA,Y,4,0,5,2,A,-,05,21460,A,N,A,C,A,A,H,-,D,D,0,NA,NA,NA,NA,Y,NA,A,01,0,0,5,0,0,0,0,0,0,-,-,34.3017692565918,-118.34921264648438,LOS ANGELES,UNINCORPORATED,NA,NA
91840285,2022,2022-08-15,9530,2022-08-03,1655,022708,NA,3,2,9,1900,0,1,3,NA,2,310,E/B SR-91 (ARTESIA FREEWAY),SANTA FE AVE,400,E,N,A,-,Y,LA,NA,91,NA,R,10.639,H,NA,R,Y,3,0,1,2,A,-,07,21658,A,N,B,D,A,A,H,-,A,D,0,NA,NA,Y,NA,Y,NA,A,01,0,1,0,0,0,0,0,0,1,-,-,33.873390197753906,-118.21035003662108,LOS ANGELES,UNINCORPORATED,-118.21035003662108,33.87345504760742
91840303,2022,2022-08-15,9535,2022-08-04,2330,022176,NA,4,3,9,1900,0,1,1,NA,2,651,I-605 S/B (SAN GABRIEL RIVER FWY),SAN JOSE  BRIDGE,620,N,N,A,-,Y,LA,NA,605,NA,R,17.811,H,NA,L,Y,2,0,5,3,A,-,07,21658,NA,F,B,C,A,A,H,-,D,D,0,NA,NA,NA,NA,Y,Y,-,99,2,3,0,0,0,0,0,0,0,-,-,34.03831100463867,-118.02189636230467,LOS ANGELES,UNINCORPORATED,-118.02181243896484,34.038204193115234
91840313,2022,2022-08-15,9535,2022-08-05,1835,022172,NA,5,2,5,1901,0,1,1,NA,2,420,INTERSTATE 10 EASTBOUND (SAN BERNARDINO FREEWAY),ATLANTIC BOULEVARD,792,E,N,A,-,Y,LA,NA,10,NA,NA,23.513,H,NA,R,N,3,0,1,2,A,-,03,22350,NA,N,C,C,A,A,H,-,A,D,0,NA,NA,NA,NA,Y,NA,A,01,0,1,0,0,0,0,0,0,0,-,-,34.07135009765625,-118.1313018798828,LOS ANGELES,ALHAMBRA,-118.1313018798828,34.071346282958984
91840322,2022,2022-08-19,9540,2022-08-09,0559,013893,NA,2,3,9,1900,0,1,1,NA,2,506,I-5 NORTHBOUND TO HASLEY CANYON WESTBOUND,HASLEY CANYON RD,2,S,N,A,-,Y,NA,NA,NA,NA,NA,NA,NA,NA,NA,N,4,0,1,2,A,-,04,21703,NA,N,C,C,A,A,H,-,C,D,0,NA,NA,NA,NA,Y,NA,D,22,0,0,1,0,0,0,0,0,0,-,-,34.4557991027832,-118.6151885986328,LOS ANGELES,UNINCORPORATED,-118.6151885986328,34.4557991027832
91840339,2022,2022-08-15,9590,2022-07-17,1320,022252,NA,7,1,7,1942,0,1,1,NA,2,081,I-5 S/B (GSF) TO I-10 E/B (SBF),STATE STREET,200,S,N,A,-,Y,LA,NA,10,NA,NA,18.556,H,NA,R,N,3,0,1,1,A,-,03,22350,NA,N,E,I,A,A,H,-,A,A,0,NA,NA,Y,NA,Y,NA,C,02,0,1,0,0,0,0,0,0,1,-,-,34.054588317871094,-118.21151733398438,LOS ANGELES,LOS ANGELES,-118.21147918701172,34.054691314697266
91840342,2022,2022-08-15,9530,2022-08-12,1650,022454,NA,5,2,7,1941,0,1,1,NA,2,420,I-405 S/B (SAN DIEGO FREEWAY),MCHELEN ST.,320,S,N,A,-,Y,LA,NA,405,NA,NA,8.396,H,NA,L,N,4,0,1,3,A,-,03,22350,NA,F,C,C,A,A,H,-,A,D,0,NA,NA,NA,NA,Y,NA,-,99,0,0,1,0,0,0,0,0,0,-,-,33.825191497802734,-118.22119140625,LOS ANGELES,LONG BEACH,-118.22119140625,33.82516098022461
91840343,2022,2022-08-15,9535,2022-08-05,1850,022172,NA,5,2,6,1922,0,1,1,NA,2,401,INTERSTATE 10 WESBTOUND (SAN BERNARDINO FREEWAY),RIO HONDO RIVER,75,E,N,A,-,Y,LA,NA,10,NA,NA,28.27,H,NA,R,Y,3,0,1,3,A,-,03,22350,NA,F,C,C,A,A,H,-,A,D,0,NA,NA,NA,NA,Y,NA,A,01,0,1,0,0,0,0,0,0,0,-,-,34.07101058959961,-118.0488510131836,LOS ANGELES,EL MONTE,-118.04895782470705,34.07083511352539
91840345,2022,2022-08-15,9550,2022-07-31,1136,020025,NA,7,1,9,1900,0,1,3,NA,2,602,SR-60 WB,FULLERTON RD,2460,E,N,A,-,Y,LA,NA,60,NA,NA,19.943,H,NA,L,Y,4,0,1,4,A,-,03,22350,NA,M,C,C,A,A,H,-,A,D,0,NA,NA,NA,NA,Y,NA,D,22,0,0,1,0,0,0,0,0,0,-,-,33.99428176879883,-117.89707946777344,LOS ANGELES,UNINCORPORATED,-117.89707946777344,33.9942741394043
91840352,2022,2022-08-15,9540,2022-08-10,0800,018037,NA,3,1,6,1985,0,1,3,NA,1,145,SR-14 S/B (ANTELOPE VALLEY FREEWAY),VIA PRINCESSA WAY U/C,275,N,N,A,-,Y,LA,NA,14,NA,R,30.97,H,NA,L,Y,4,0,2,3,A,-,03,22350,NA,N,C,C,A,A,H,-,A,D,0,NA,NA,NA,NA,Y,NA,A,07,0,0,2,0,0,0,0,0,0,-,-,34.40312957763672,-118.45413208007813,LOS ANGELES,SANTA CLARITA,-118.45413970947266,34.403141021728516
91840371,2022,2022-08-15,9580,2022-08-04,0800,019483,NA,4,1,7,1942,0,1,3,NA,2,115,SR-118 W/B (RONALD REAGAN FWY.),FOX ST.,550,W,N,A,-,Y,LA,NA,118,NA,R,10.735,H,NA,L,Y,3,0,1,2,A,-,07,21658,A,N,C,C,A,A,H,-,A,D,0,NA,NA,NA,NA,Y,NA,A,01,0,1,0,0,0,0,0,0,0,-,-,34.266021728515625,-118.45574951171876,LOS ANGELES,LOS ANGELES,-118.45574951171876,34.26601791381836
91840376,2022,2022-08-15,9540,2022-08-10,0855,018037,NA,3,1,6,1985,0,1,3,NA,1,145,SR-14 S/B (ANTELOPE VALLEY FREEWAY),VIA PRINCESSA WAY U/C,285,S,N,A,-,Y,LA,NA,14,NA,R,30.839,H,NA,L,Y,4,0,1,3,A,-,03,22350,NA,N,C,C,A,A,H,-,A,D,0,NA,NA,NA,NA,Y,NA,D,22,0,0,1,0,0,0,0,0,0,-,-,34.40208053588867,-118.45603942871094,LOS ANGELES,SANTA CLARITA,-118.45604705810548,34.40208435058594
91840406,2022,2022-08-15,9530,2022-08-07,1900,022716,NA,7,2,7,1941,0,1,1,NA,2,071,ANAHEIM STREET TO SOUTHBOUND I-710,ANAHEIM ST,600,S,N,A,-,Y,LA,NA,710,NA,NA,6.264,H,NA,L,Y,4,0,1,1,A,-,01,23152,A,N,E,I,A,A,H,-,A,D,0,NA,NA,NA,NA,Y,Y,D,22,0,0,1,0,0,0,0,0,0,-,-,33.78092956542969,-118.20813751220705,LOS ANGELES,LONG BEACH,-118.20790863037108,33.78091812133789
91840470,2022,2022-08-15,9550,2022-08-05,1025,022895,NA,5,1,9,1900,0,1,1,NA,2,650,I-605 S/B,SARAGOSA STREET,10,S,N,A,-,Y,LA,NA,605,NA,R,12.415,H,NA,L,Y,4,0,1,2,A,-,03,22350,NA,N,C,C,A,A,H,-,A,D,0,NA,NA,NA,NA,Y,NA,A,01,0,0,1,0,0,0,0,0,0,-,-,33.978729248046875,-118.07794952392578,LOS ANGELES,UNINCORPORATED,-118.07796478271484,33.978736877441406
91840488,2022,2022-08-15,9550,2022-08-05,1535,020861,NA,5,2,9,1900,0,1,3,NA,2,602,SR-60 W/B (POMONA FREEWAY),NOGALES STREET,1848,E,N,A,-,Y,LA,NA,60,NA,NA,20.807,H,NA,L,N,4,0,1,2,A,-,08,22107,NA,N,B,C,A,A,H,-,A,D,0,NA,NA,NA,Y,Y,NA,-,-,0,0,1,0,0,0,0,0,0,-,-,33.994659423828125,-117.882080078125,LOS ANGELES,UNINCORPORATED,-117.88207244873048,33.99461364746094
91840489,2022,2022-08-15,9535,2022-07-25,2215,022721,NA,1,3,5,1943,0,1,1,NA,2,075,I-710 S/B (LONG BEACH FREEWAY),MARTIN LUTHER KING JR BLVD,187,N,N,A,-,Y,LA,NA,710,NA,R,16.133,H,NA,L,N,4,0,1,3,A,-,08,22107,NA,N,F,I,A,A,H,-,D,D,0,NA,NA,NA,NA,Y,NA,A,07,0,0,1,0,0,0,0,0,0,-,-,33.91918182373047,-118.17887115478516,LOS ANGELES,LYNWOOD,-118.17887115478516,33.91918182373047
91840514,2022,2022-08-15,9550,2022-08-05,1620,022978,NA,5,2,3,1964,0,1,1,NA,2,650,I-605 N/B,TELEGRAPH ROAD,1420,N,N,A,-,Y,LA,NA,605,NA,R,10.53,H,NA,R,N,4,0,1,2,A,-,03,22350,NA,N,C,C,A,A,H,-,A,D,0,NA,NA,NA,NA,Y,NA,A,08,0,0,1,0,0,0,0,0,0,-,-,33.953330993652344,-118.08965301513672,LOS ANGELES,SANTA FE SPRINGS,-118.08968353271484,33.953346252441406