CASE_ID,ACCIDENT_YEAR,PROC_DATE,JURIS,COLLISION_DATE,COLLISION_TIME,OFFICER_ID,REPORTING_DISTRICT,DAY_OF_WEEK,CHP_SHIFT,POPULATION,CNTY_CITY_LOC,SPECIAL_COND,BEAT_TYPE,CHP_BEAT_TYPE,CITY_DIVISION_LAPD,CHP_BEAT_CLASS,BEAT_NUMBER,PRIMARY_RD,SECONDARY_RD,DISTANCE,DIRECTION,INTERSECTION,WEATHER_1,WEATHER_2,STATE_HWY_IND,CALTRANS_COUNTY,CALTRANS_DISTRICT,STATE_ROUTE,ROUTE_SUFFIX,POSTMILE_PREFIX,POSTMILE,LOCATION_TYPE,RAMP_INTERSECTION,SIDE_OF_HWY,TOW_AWAY,COLLISION_SEVERITY,NUMBER_KILLED,NUMBER_INJURED,PARTY_COUNT,PRIMARY_COLL_FACTOR,PCF_CODE_OF_VIOL,PCF_VIOL_CATEGORY,PCF_VIOLATION,PCF_VIOL_SUBSECTION,HIT_AND_RUN,TYPE_OF_COLLISION,MVIW,PED_ACTION,ROAD_SURFACE,ROAD_COND_1,ROAD_COND_2,LIGHTING,CONTROL_DEVICE,CHP_ROAD_TYPE,PEDESTRIAN_ACCIDENT,BICYCLE_ACCIDENT,MOTORCYCLE_ACCIDENT,TRUCK_ACCIDENT,NOT_PRIVATE_PROPERTY,ALCOHOL_INVOLVED,STWD_VEHTYPE_AT_FAULT,CHP_VEHTYPE_AT_FAULT,COUNT_SEVERE_INJ,COUNT_VISIBLE_INJ,COUNT_COMPLAINT_PAIN,COUNT_PED_KILLED,COUNT_PED_INJURED,COUNT_BICYCLIST_KILLED,COUNT_BICYCLIST_INJURED,COUNT_MC_KILLED,COUNT_MC_INJURED,PRIMARY_RAMP,SECONDARY_RAMP,LATITUDE,LONGITUDE,COUNTY,CITY,POINT_X,POINT_Y
91841199,2022,2022-08-16,9580,2022-08-11,0850,019544,NA,4,1,7,1942,0,1,1,NA,2,407,I-405 S/B (SAN DIEGO FWY),SHERMAN WAY,2640,N,N,A,-,Y,LA,NA,405,NA,NA,42.811,H,NA,L,N,4,0,1,3,A,-,03,22350,NA,N,C,C,A,A,H,-,A,D,0,NA,NA,NA,NA,Y,NA,A,01,0,0,1,0,0,0,0,0,0,-,-,34.20743179321289,-118.47348785400392,LOS ANGELES,LOS ANGELES,-118.47345733642578,34.207427978515625
91841290,2022,2022-08-16,9550,2022-08-05,1250,022789,NA,5,1,7,1941,0,1,3,NA,2,090,STATE ROUT 91 EB,PARAMOUNT BOULEVARD,1150,W,N,A,-,Y,LA,NA,91,NA,R,13.374,H,NA,R,N,4,0,1,2,A,-,03,22350,NA,N,C,C,A,A,H,-,A,D,0,NA,NA,NA,NA,Y,NA,A,07,0,0,1,0,0,0,0,0,0,-,-,33.875919342041016,-118.16416168212892,LOS ANGELES,LONG BEACH,-118.16416168212892,33.875972747802734
91841312,2022,2022-08-16,9565,2022-08-04,0315,022878,NA,4,3,5,1928,0,1,1,NA,2,012,I-105 W/B (CENTURY FREEWAY),VAN NESS AVENUE,250,W,N,A,-,Y,LA,NA,105,NA,R,5.182,H,NA,L,Y,3,0,1,1,A,-,01,23152,A,N,E,I,A,A,H,-,D,D,0,NA,NA,NA,NA,Y,Y,A,01,0,1,0,0,0,0,0,0,0,-,-,33.9256591796875,-118.31868743896484,LOS ANGELES,HAWTHORNE,-118.31868743896484,33.92564392089844
91841341,2022,2022-08-16,9530,2022-08-04,1430,022079,NA,4,2,5,1943,0,1,1,NA,2,210,I-105 E/B (GLENN ANDERSON FWY),STATE ST.,100,E,N,B,-,Y,LA,NA,105,NA,R,11.125,H,NA,R,N,4,0,1,3,A,-,03,22350,NA,N,C,C,A,A,H,-,A,D,0,NA,NA,NA,NA,Y,NA,D,22,0,0,1,0,0,0,0,0,0,-,-,33.92771911621094,-118.21669769287108,LOS ANGELES,LYNWOOD,-118.21671295166016,33.927696228027344
91841342,2022,2022-08-16,9530,2022-08-04,1805,020956,NA,4,2,9,1900,0,3,5,NA,2,007,3RD STREET (1100 BLOCK),LA ALAMEDA AVENUE,84,W,N,A,-,N,NA,NA,NA,NA,NA,NA,NA,NA,NA,N,4,0,1,2,A,-,08,22107,NA,N,B,C,A,A,H,-,A,D,0,NA,NA,NA,NA,Y,NA,A,01,0,0,1,0,0,0,0,0,0,-,-,33.74156951904297,-118.30004119873048,LOS ANGELES,UNINCORPORATED,-118.29991912841795,33.74153137207031
91841386,2022,2022-08-16,9545,2022-08-06,2035,022679,NA,6,2,9,1900,0,3,5,NA,1,005,170TH STREET EAST,AVENUE N12,260,S,N,A,-,N,NA,NA,NA,NA,NA,NA,NA,NA,NA,N,3,0,1,2,A,-,17,21805,C,N,H,H,A,A,H,-,B,D,0,NA,NA,NA,NA,Y,NA,M,95,0,1,0,0,0,0,0,0,0,-,-,34.61940002441406,-117.8269500732422,LOS ANGELES,UNINCORPORATED,-117.82694244384766,34.619407653808594
91841408,2022,2022-08-16,9530,2022-07-18,0650,019412,NA,1,1,7,1941,0,1,3,NA,2,320,SR-91 W/B (ARTESIA FREEWAY),LONG BEACH BLVD,450,W,N,A,-,Y,LA,NA,91,NA,R,11.019,H,NA,L,Y,3,0,1,2,A,-,03,22350,NA,N,C,C,A,A,H,-,A,D,0,NA,NA,NA,NA,Y,NA,A,01,0,1,0,0,0,0,0,0,0,-,-,33.87289047241211,-118.20394134521484,LOS ANGELES,LONG BEACH,-118.20393371582033,33.872920989990234
91841409,2022,2022-08-16,9530,2022-08-04,1710,019029,NA,4,2,5,1977,0,1,1,NA,2,410,I-405 S/B (SAN DIEGO FREEWAY),WILMINGTON AVE.,528,E,N,A,-,Y,LA,NA,405,NA,NA,9.432,H,NA,L,N,4,0,1,2,A,-,03,22350,NA,N,C,C,A,A,H,-,A,D,0,NA,NA,NA,NA,Y,NA,-,99,0,0,1,0,0,0,0,0,0,-,-,33.825740814208984,-118.23908233642578,LOS ANGELES,CARSON,-118.23908233642578,33.82576370239258
91841413,2022,2022-08-16,9545,2022-08-06,2110,022678,NA,6,2,6,1950,0,1,3,NA,2,021,SR-14 N/B,AVENUE O,755,S,N,A,-,Y,LA,NA,14,NA,R,62.513,H,NA,R,Y,4,0,1,2,A,-,08,22107,NA,N,C,2,A,A,H,-,C,D,0,NA,NA,NA,NA,Y,NA,A,01,0,0,1,0,0,0,0,0,0,-,-,34.6143684387207,-118.15322875976564,LOS ANGELES,PALMDALE,-118.15318298339844,34.6143684387207
91841427,2022,2022-08-16,9545,2022-08-06,2300,022753,NA,6,3,9,1900,0,1,3,NA,2,031,SR-14 N/B,CROWN VALLEY RD,100,N,N,A,-,Y,NA,NA,NA,NA,NA,NA,NA,NA,NA,Y,4,0,1,3,A,-,08,22107,NA,N,C,C,A,A,H,-,C,D,0,NA,NA,NA,NA,Y,Y,A,01,0,0,1,0,0,0,0,0,0,-,-,34.29290008544922,-118.11530303955078,LOS ANGELES,UNINCORPORATED,-118.19738006591795,34.49161911010742
91841435,2022,2022-08-16,9535,2022-07-14,1515,022829,NA,4,2,6,1922,0,1,1,NA,2,401,I-10 E/B (SAN BERNARDINO FREEWAY),COGSWELL RD.,730,W,N,A,-,Y,LA,NA,10,NA,NA,30.282,H,NA,R,N,3,0,1,2,A,-,03,22350,NA,N,C,C,A,A,H,-,A,D,0,NA,NA,Y,NA,Y,NA,C,02,0,1,0,0,0,0,0,0,1,-,-,34.06523132324219,-118.01508331298828,LOS ANGELES,EL MONTE,-118.01509857177734,34.06516647338867
91841457,2022,2022-08-16,9550,2022-08-08,0410,022587,NA,1,3,3,1903,0,1,3,NA,2,091,STATE ROUTE 91 WESTBOUND (ARTESIA FREEWAY),PIONEER BOULEVARD,425,W,N,A,-,Y,LA,NA,91,NA,R,18.012,H,NA,L,Y,3,0,1,2,A,-,03,22350,NA,N,D,C,A,A,H,-,D,D,0,NA,NA,NA,NA,Y,NA,D,22,0,1,0,0,0,0,0,0,0,-,-,33.87651062011719,-118.0838623046875,LOS ANGELES,ARTESIA,-118.0838623046875,33.876502990722656
91841458,2022,2022-08-16,9525,2022-08-04,1545,021250,NA,4,2,5,1906,0,1,1,NA,2,103,I-10 W/B (SAN BERNARDINO FWY),ATHOL ST.,1000,E,N,A,-,Y,LA,NA,10,NA,NA,31.85,H,NA,L,N,4,0,1,4,A,-,03,22350,NA,N,C,C,A,A,H,-,A,D,0,NA,NA,NA,NA,Y,NA,A,07,0,0,1,0,0,0,0,0,0,-,-,34.06690979003906,-117.9878387451172,LOS ANGELES,BALDWIN PARK,-117.98782348632813,34.06680679321289
91841480,2022,2022-08-16,9590,2022-08-09,0815,018345,NA,2,1,7,1942,0,1,1,NA,2,061,I-10 WB (SMF),LA BREA AVE.,300,E,N,A,-,Y,LA,NA,10,NA,R,10.654,H,NA,L,N,3,0,1,2,A,-,07,21658,A,N,B,C,A,A,H,-,A,D,0,NA,NA,Y,NA,Y,NA,A,01,0,1,0,0,0,0,0,0,1,-,-,34.034488677978516,-118.34649658203124,LOS ANGELES,LOS ANGELES,-118.34650421142578,34.03455352783203
91841506,2022,2022-08-16,9565,2022-08-05,1642,021429,NA,5,2,7,1942,0,1,1,NA,2,062,I-405 S/B,NATIONAL BLVD,450,N,N,A,-,Y,LA,NA,405,NA,NA,29.259,H,NA,L,N,4,0,1,2,A,-,03,22350,NA,N,C,C,A,A,H,-,A,D,0,NA,NA,NA,NA,Y,NA,A,01,0,0,1,0,0,0,0,0,0,-,-,34.02791976928711,-118.43096160888672,LOS ANGELES,LOS ANGELES,-118.43101501464844,34.027889251708984
91841537,2022,2022-08-16,9565,2022-08-10,1825,021372,NA,3,2,7,1942,0,1,1,NA,2,062,I-405 NORTHBOUND (SAN DIEGO FREEWAY),NATIONAL BOULEVARD,180,S,N,A,-,Y,LA,NA,405,NA,NA,29.131,H,NA,R,Y,3,0,1,3,A,-,03,22350,NA,N,C,C,A,A,H,-,A,D,0,NA,NA,NA,NA,Y,NA,A,01,0,1,0,0,0,0,0,0,0,-,-,34.026371002197266,-118.42958068847656,LOS ANGELES,LOS ANGELES,-118.42955017089844,34.02638626098633
91841538,2022,2022-08-16,9530,2022-06-07,1530,021902,NA,2,2,9,1900,0,3,5,NA,2,006,CARSON ST. (800 BLOCK),VERMONT AVE.,200,E,N,A,-,N,NA,NA,NA,NA,NA,NA,NA,NA,NA,N,3,0,1,2,A,-,09,21804,A,N,D,C,A,A,H,-,A,D,0,NA,NA,NA,NA,Y,NA,A,01,0,1,0,0,0,0,0,0,0,-,-,33.831600189208984,-118.28941345214844,LOS ANGELES,UNINCORPORATED,-118.28961944580078,33.831600189208984
91841549,2022,2022-08-16,9550,2022-08-09,0535,021656,NA,2,3,3,1903,0,1,3,NA,2,091,STATE ROUTE 91 E/B TO PIONEER BOULEVARD,PIONEER BOULEVARD,1000,W,N,A,-,Y,LA,NA,91,NA,R,17.892,H,NA,R,N,4,0,1,2,A,-,03,22350,NA,F,C,C,A,A,H,-,A,D,0,NA,NA,NA,NA,Y,NA,-,99,0,0,1,0,0,0,0,0,0,-,-,33.87617111206055,-118.0859375,LOS ANGELES,ARTESIA,-118.0859375,33.87635803222656
91841576,2022,2022-08-16,9565,2022-08-05,1750,022857,NA,5,2,9,1900,0,2,4,NA,2,022,NORMANDIE AVE,109TH STREET,15,N,N,A,-,N,NA,NA,NA,NA,NA,NA,NA,NA,NA,Y,4,0,1,2,A,-,03,22350,NA,N,C,C,A,A,H,-,A,D,0,NA,NA,NA,NA,Y,NA,A,01,0,0,1,0,0,0,0,0,0,-,-,33.9373893737793,-118.30033111572266,LOS ANGELES,UNINCORPORATED,-118.30030822753906,33.937320709228516
91841579,2022,2022-08-16,9545,2022-08-12,1605,021948,NA,5,2,9,1900,0,3,5,NA,1,006,AVENUE L,50TH ST W,350,E,N,A,-,N,NA,NA,NA,NA,NA,NA,NA,NA,NA,Y,4,0,1,3,A,-,03,22350,NA,N,C,C,A,A,H,-,A,A,0,NA,NA,NA,NA,Y,NA,A,01,0,0,1,0,0,0,0,0,0,-,-,34.6602783203125,-118.21759796142578,LOS ANGELES,UNINCORPORATED,-118.21766662597656,34.66025924682617
91841588,2022,2022-08-16,9565,2022-08-05,1725,022780,NA,5,2,7,1942,0,1,1,NA,2,062,I-405 N/B TO I-10,NATIONAL BOULEVARD,50,S,N,A,-,Y,LA,NA,405,NA,NA,29.099,H,NA,R,N,4,0,1,2,A,-,03,22350,NA,N,C,C,A,A,H,-,A,D,0,NA,NA,NA,NA,Y,NA,A,07,0,0,1,0,0,0,0,0,0,-,-,34.026100158691406,-118.42906188964844,LOS ANGELES,LOS ANGELES,-118.4292449951172,34.0260009765625
91841617,2022,2022-08-16,9565,2022-08-03,1527,020209,NA,3,2,7,1942,0,1,1,NA,2,062,I-405 N/B TO NATIONAL BOULEVARD,NATIONAL BOULEVARD,75,S,N,A,-,Y,NA,NA,NA,NA,NA,NA,NA,NA,NA,N,4,0,3,4,A,-,03,22350,NA,N,C,C,A,A,H,-,A,D,0,NA,NA,NA,NA,Y,NA,A,01,0,0,3,0,0,0,0,0,0,-,-,34.02647018432617,-118.42912292480467,LOS ANGELES,LOS ANGELES,-118.42912292480467,34.02647018432617
91841625,2021,2022-08-16,9535,2021-08-29,0325,022330,NA,7,3,6,1922,0,1,1,NA,2,400,I- 10 E/B (SAN BERNARDINO FREEWAY),DURFEE AVE.,1130,E,N,A,-,Y,NA,NA,10,NA,NA,NA,NA,NA,E,Y,4,0,1,2,A,-,01,23152,A,N,B,C,A,A,H,-,C,D,0,NA,NA,NA,Y,Y,Y,A,01,0,0,1,0,0,0,0,0,0,-,-,34.06394958496094,-118.00733184814452,LOS ANGELES,EL MONTE,-118.00733947753906,34.06402587890625
91841626,2022,2022-08-16,9550,2022-08-06,0350,022512,NA,6,3,6,1920,0,1,1,NA,2,500,I-5 NORTHBOUND,RIO HONDO RIVER UNDERCROSSING,120,S,N,A,-,Y,LA,NA,5,NA,NA,9.452,H,NA,R,Y,4,0,1,2,A,-,03,22350,NA,N,C,C,A,A,H,-,D,D,0,NA,NA,NA,NA,Y,NA,A,01,0,0,1,0,0,0,0,0,0,-,-,33.97114181518555,-118.12268829345705,LOS ANGELES,DOWNEY,-118.12267303466795,33.97114181518555
91841628,2022,2022-08-16,9590,2022-08-11,0715,018345,NA,4,1,7,1942,0,1,1,NA,2,062,I-10 EB (SMF) TO I-110 NB (HAF),VENICE BLVD.,50,E,N,A,-,Y,NA,NA,NA,NA,NA,NA,NA,NA,NA,N,3,0,1,1,A,-,08,22107,NA,N,F,A,A,A,H,-,A,D,0,NA,NA,Y,NA,Y,NA,C,02,0,1,0,0,0,0,0,0,1,-,-,34.03845977783203,-118.2724380493164,LOS ANGELES,LOS ANGELES,-118.2724380493164,34.03845977783203
91841636,2022,2022-08-16,9550,2022-08-09,0904,015746,NA,2,1,9,1900,0,1,3,NA,2,602,STATE ROUTE 60 (POMONA FREEWAY),NOGALES STREET,1500,E,N,A,-,Y,LA,NA,60,NA,NA,20.786,H,NA,R,N,3,0,1,2,A,-,03,22350,NA,N,C,C,A,A,H,-,A,D,0,NA,NA,NA,Y,Y,NA,E,22,0,1,0,0,0,0,0,0,0,-,-,33.99454116821289,-117.88246917724608,LOS ANGELES,UNINCORPORATED,-117.88243103027344,33.994346618652344
91841655,2022,2022-08-16,9550,2022-08-09,1055,022778,NA,2,1,9,1900,0,3,5,NA,2,005,E WALNUT DR N,S OTTERBEIN AVENUE,800,E,N,A,-,N,NA,NA,NA,NA,NA,NA,NA,NA,NA,Y,4,0,1,2,A,-,09,21801,A,N,D,C,A,A,H,-,A,D,0,NA,NA,NA,NA,Y,NA,A,07,0,0,1,0,0,0,0,0,0,-,-,33.99522018432617,-117.88130950927734,LOS ANGELES,UNINCORPORATED,-117.88141632080078,33.99514389038086
91841678,2022,2022-08-16,9545,2022-04-06,0628,018058,NA,3,1,9,1900,0,3,5,NA,2,001,110TH STREET WEST,AVENUE I,0,NA,Y,A,-,N,NA,NA,NA,NA,NA,NA,NA,NA,NA,Y,1,1,0,2,A,-,12,22450,A,N,D,C,A,A,H,-,A,A,0,NA,NA,NA,NA,Y,NA,A,08,0,0,0,0,0,0,0,0,0,-,-,34.70383071899414,-118.32437896728516,LOS ANGELES,UNINCORPORATED,-118.32431030273438,34.703857421875
91841714,2022,2022-08-16,9525,2022-08-08,1507,022927,NA,1,2,9,1900,0,3,5,NA,2,003,MAPLEGROVE ST.,WALNUT AVE.,0,NA,Y,A,-,N,NA,NA,NA,NA,NA,NA,NA,NA,NA,N,4,0,3,2,A,-,12,22450,A,N,D,C,A,A,H,-,A,A,0,NA,NA,NA,NA,Y,NA,A,07,0,0,3,0,0,0,0,0,0,-,-,34.04467010498047,-117.93441772460938,LOS ANGELES,UNINCORPORATED,-117.93437957763672,34.04467010498047
91841724,2022,2022-08-16,9525,2022-08-13,1705,021779,NA,6,2,6,1975,0,1,1,NA,2,103,I-10 W/B (SAN BERNARDINO FWY),PUENTE AVE,500,W,N,A,-,Y,LA,NA,10,NA,NA,33.27,H,NA,L,N,4,0,1,3,A,-,03,22350,NA,M,C,C,A,A,H,-,A,D,0,NA,NA,NA,NA,Y,NA,A,01,0,0,1,0,0,0,0,0,0,-,-,34.07006072998047,-117.9635772705078,LOS ANGELES,WEST COVINA,-117.96356964111328,34.070011138916016
91841733,2022,2022-08-16,9525,2022-08-13,1735,022009,NA,6,2,9,1900,0,3,5,NA,2,002,IRWINDALE AVE,SAN BERNARDINO RD.,0,NA,Y,A,-,N,NA,NA,NA,NA,NA,NA,NA,NA,NA,N,3,0,3,2,A,-,12,21453,A,N,D,C,A,A,H,-,A,A,0,NA,NA,NA,NA,Y,NA,A,07,0,1,2,0,0,0,0,0,0,-,-,34.089881896972656,-117.93414306640624,LOS ANGELES,UNINCORPORATED,-117.93423461914064,34.089778900146484
91841737,2022,2022-08-16,9550,2022-08-09,1518,020974,NA,2,2,5,1976,0,1,1,NA,2,650,I-605 S/B,WHITTIER BOULEVARD,100,S,N,A,-,Y,LA,NA,605,NA,R,13.538,H,NA,L,Y,4,0,2,3,A,-,03,22350,NA,N,C,C,A,A,H,-,A,D,0,NA,NA,NA,NA,Y,NA,D,22,0,0,2,0,0,0,0,0,0,-,-,33.99306869506836,-118.06945037841795,LOS ANGELES,WHITTIER,-118.06943511962892,33.99306869506836
91841740,2022,2022-08-16,9590,2022-08-04,2035,021757,NA,4,2,7,1942,0,1,1,NA,2,065,I-10 W/B (SANTA MONICA FREEWAY),ELWOOD ST,30,W,N,B,-,Y,LA,NA,10,NA,NA,17.324,H,NA,L,N,4,0,1,4,A,-,07,21658,A,N,B,C,A,A,H,-,D,D,0,NA,NA,NA,NA,Y,NA,A,01,0,0,1,0,0,0,0,0,0,-,-,34.02613830566406,-118.23609924316406,LOS ANGELES,LOS ANGELES,-118.23606872558594,34.026084899902344
91841754,2022,2022-08-16,9590,2022-08-13,1855,022431,NA,6,2,7,1942,0,1,2,NA,2,042,US-101 N/B (SANTA ANA FREEWAY),SEVENTH STREET,25,N,N,A,-,Y,LA,NA,101,NA,S,0.011,H,NA,R,Y,2,0,1,2,A,-,03,22350,NA,F,C,2,A,A,H,-,A,D,0,NA,NA,NA,NA,Y,NA,A,07,1,0,0,0,0,0,0,0,0,-,-,34.03425979614258,-118.22119903564452,LOS ANGELES,LOS ANGELES,-118.22122955322266,34.03424835205078
91841760,2022,2022-08-16,9545,2022-08-13,0830,020244,NA,6,1,9,1900,0,1,3,NA,1,046,SR-2 (ANGELES CREST HIGHWAY),BIG PINES HWY,2000,W,N,A,-,Y,LA,NA,2,NA,NA,79.468,H,NA,R,Y,4,0,1,1,A,-,03,22350,NA,N,E,I,A,A,H,-,A,D,0,NA,NA,NA,NA,Y,NA,A,01,0,0,1,0,0,0,0,0,0,-,-,34.378868103027344,-117.69779205322266,LOS ANGELES,UNINCORPORATED,-117.69778442382813,34.378822326660156
91841785,2022,2022-08-16,9550,2022-08-09,1930,022023,NA,2,2,6,1920,0,1,1,NA,2,151,I-105 WESTBOUND FROM LAKEWOOD BLVD.,LAKEWOOD BLVD.,100,W,N,A,-,Y,NA,NA,NA,NA,NA,NA,NA,NA,NA,N,3,0,2,2,A,-,03,22350,NA,N,C,C,A,A,H,-,A,D,0,NA,NA,NA,NA,Y,NA,A,01,0,1,1,0,0,0,0,0,0,-,-,33.913551330566406,-118.14253997802734,LOS ANGELES,DOWNEY,-118.14253997802734,33.913551330566406
91841823,2022,2022-08-16,9550,2022-08-10,0725,021656,NA,3,1,3,1903,0,1,3,NA,2,091,STATE ROUTE 91 E/B (ARTESIA FREEWAY),STUDEBAKER ROAD,200,E,N,A,-,Y,LA,NA,91,NA,R,17.141,H,NA,R,Y,4,0,1,3,A,-,03,22350,NA,N,C,C,A,A,H,-,A,D,0,NA,NA,NA,NA,Y,NA,A,01,0,0,1,0,0,0,0,0,0,-,-,33.876338958740234,-118.09898376464844,LOS ANGELES,ARTESIA,-118.09898376464844,33.87635040283203
91841838,2022,2022-08-16,9525,2022-08-15,0315,019890,NA,1,3,4,1913,0,1,1,NA,2,210,SR-210 E/B (FOOTHILL FREEWAY),TOWNE AVE.,2,E,N,A,-,Y,LA,NA,210,NA,R,49.544,H,NA,R,Y,4,0,1,1,A,-,08,22107,NA,N,E,I,A,A,H,-,D,D,0,NA,NA,NA,NA,Y,NA,A,01,0,0,1,0,0,0,0,0,0,-,-,34.12041091918945,-117.73628997802734,LOS ANGELES,CLAREMONT,-117.73628997802734,34.12029266357422
91841840,2022,2022-08-16,9550,2022-08-10,0750,019688,NA,3,1,6,1920,0,1,1,NA,2,150,INTERSTATE 105 EASTBOUND (CENTURY FREEWAY),LAKEWOOD BOULEVARD,700,W,N,A,-,Y,LA,NA,105,NA,R,15.607,H,NA,R,N,4,0,1,2,A,-,03,22350,NA,N,C,C,A,A,H,-,A,D,0,NA,NA,NA,NA,Y,NA,A,01,0,0,1,0,0,0,0,0,0,-,-,33.91286849975586,-118.14351654052734,LOS ANGELES,DOWNEY,-118.14352416992188,33.912925720214844
91841866,2022,2022-08-16,9550,2022-08-10,1050,022769,NA,3,1,9,1900,0,2,4,NA,1,012,WASHINGTON BLVD.,BROADWAY,350,E,N,A,-,N,NA,NA,NA,NA,NA,NA,NA,NA,NA,N,4,0,1,2,A,-,03,22350,NA,N,C,C,A,A,H,-,A,A,0,NA,NA,NA,Y,Y,NA,F,26,0,0,1,0,0,0,0,0,0,-,-,33.97114181518555,-118.06758880615234,LOS ANGELES,UNINCORPORATED,-118.06778717041016,33.97116470336914
91841875,2022,2022-08-16,9550,2022-08-07,0920,022895,NA,7,1,4,1974,0,3,5,NA,2,005,BREA CANYON CUT OFF ROAD,PATHFINDER ROAD,115,N,N,A,-,N,NA,NA,NA,NA,NA,NA,NA,NA,NA,N,4,0,3,2,A,-,21,22106,NA,N,C,C,A,A,H,-,A,A,0,NA,NA,NA,NA,Y,NA,A,01,0,0,3,0,0,0,0,0,0,-,-,33.975711822509766,-117.85862731933594,LOS ANGELES,WALNUT,-117.85845947265624,33.975624084472656
91841882,2022,2022-08-16,9550,2022-08-10,1340,020861,NA,3,1,9,1900,0,1,1,NA,2,650,I-605 N/B (SAN GABRIEL RIVER FREEWAY),PECK ROAD,500,N,N,A,-,Y,LA,NA,605,NA,R,16.748,H,NA,R,N,4,0,1,2,A,-,03,22350,NA,N,C,C,A,A,H,-,A,D,0,NA,NA,NA,NA,Y,NA,D,22,0,0,1,0,0,0,0,0,0,-,-,34.02799987792969,-118.03618621826172,LOS ANGELES,UNINCORPORATED,-118.0361557006836,34.02796173095703
91841914,2022,2022-08-16,9550,2022-08-09,1655,022474,NA,2,2,5,1919,0,1,1,NA,2,652,INTERSTATE 605 NB,STATE ROUTE 91,1500,S,N,A,-,Y,LA,NA,605,NA,R,4.584,H,NA,R,Y,4,0,3,4,A,-,03,22350,NA,N,C,C,A,A,H,-,A,D,0,NA,NA,NA,NA,Y,NA,A,07,0,0,3,0,0,0,0,0,0,-,-,33.87002182006836,-118.09996795654295,LOS ANGELES,CERRITOS,-118.10006713867188,33.8699951171875
91841916,2022,2022-08-17,9590,2022-08-05,2355,022690,NA,5,3,7,1942,0,1,1,NA,2,050,I-110 N/B (HAF),GAGE AVE,1200,S,N,A,-,Y,LA,NA,110,NA,NA,17.327,H,NA,R,N,4,0,1,2,A,-,08,22107,NA,F,B,C,A,A,H,-,C,D,0,NA,NA,NA,NA,Y,NA,-,99,0,0,1,0,0,0,0,0,0,-,-,33.979488372802734,-118.28057861328124,LOS ANGELES,LOS ANGELES,-118.2807159423828,33.979488372802734
91841922,2022,2022-08-17,9550,2022-08-09,1730,022474,NA,2,2,5,1919,0,1,3,NA,2,092,STATE ROUTE 91 W/B,SHOEMAKER AVENUE,25,W,N,A,-,Y,LA,NA,91,NA,R,20.585,H,NA,L,Y,4,0,2,2,A,-,08,22107,NA,N,C,C,A,A,H,-,A,D,0,NA,NA,NA,NA,Y,NA,A,01,0,0,2,0,0,0,0,0,0,-,-,33.86322021484375,-118.04429626464844,LOS ANGELES,CERRITOS,-118.04434967041016,33.86314392089844
91841923,2022,2022-08-17,9550,2022-08-10,1335,021100,NA,3,1,9,1900,0,2,4,NA,1,051,FULLERTON RD.,PATHFINDER RD.,864,N,N,A,-,N,NA,NA,NA,NA,NA,NA,NA,NA,NA,N,4,0,1,2,A,-,03,22350,NA,F,C,C,A,A,H,-,A,D,0,NA,NA,NA,NA,Y,NA,-,99,0,0,1,0,0,0,0,0,0,-,-,33.96908950805664,-117.91455078125,LOS ANGELES,UNINCORPORATED,-117.91381072998048,33.96979904174805
91841924,2022,2022-08-17,9590,2022-08-05,0040,018529,NA,5,3,7,1942,0,1,1,NA,2,014,SR-110 N/B,AVE. 60,100,S,N,A,-,Y,LA,NA,110,NA,NA,28.774,H,NA,R,N,3,0,2,2,A,-,03,22350,NA,N,C,C,A,A,H,-,C,D,0,NA,NA,NA,NA,Y,NA,A,07,0,1,1,0,0,0,0,0,0,-,-,34.107791900634766,-118.18598175048828,LOS ANGELES,LOS ANGELES,-118.18598175048828,34.1077880859375
91841926,2022,2022-08-17,9565,2022-08-05,0545,022728,NA,5,3,7,1942,0,1,1,NA,2,010,I-105 E/B,NASH STREET,50,E,N,B,-,Y,LA,NA,105,NA,R,1.015,H,NA,R,Y,4,0,1,1,A,-,08,22107,NA,N,E,I,A,A,H,-,B,D,0,NA,NA,NA,NA,Y,NA,A,01,0,0,1,0,0,0,0,0,0,-,-,33.931121826171875,-118.3872299194336,LOS ANGELES,LOS ANGELES,-118.38723754882813,33.93100357055664
91841929,2022,2022-08-17,9580,2022-08-15,1925,019573,NA,1,2,3,1989,0,1,2,NA,2,106,US-101 N/B (VENTURA FREEWAY),LAS VIRGENES CANYON RD,5280,S,N,A,-,Y,LA,NA,101,NA,NA,29.456,H,NA,R,N,4,0,1,2,A,-,07,21658,A,N,B,C,A,A,H,-,A,D,0,NA,NA,NA,NA,Y,NA,-,-,0,0,1,0,0,0,0,0,0,-,-,34.149269104003906,-118.67176818847656,LOS ANGELES,CALABASAS,-118.67176818847656,34.14929962158203
91841930,2022,2022-08-17,9580,2022-08-15,0900,019544,NA,1,1,7,1942,0,1,1,NA,2,407,I-405 S/B (SAN DIEGO FWY),N/O NORDHOFF ST,5280,N,N,A,-,Y,NA,NA,NA,NA,NA,NA,NA,NA,NA,N,4,0,1,3,A,-,03,22350,NA,N,C,C,A,A,H,-,A,D,0,NA,NA,NA,NA,Y,NA,A,07,0,0,1,0,0,0,0,0,0,-,-,34.24916076660156,-118.47154998779295,LOS ANGELES,LOS ANGELES,-118.47244262695313,34.249168395996094