CASE_ID,ACCIDENT_YEAR,PROC_DATE,JURIS,COLLISION_DATE,COLLISION_TIME,OFFICER_ID,REPORTING_DISTRICT,DAY_OF_WEEK,CHP_SHIFT,POPULATION,CNTY_CITY_LOC,SPECIAL_COND,BEAT_TYPE,CHP_BEAT_TYPE,CITY_DIVISION_LAPD,CHP_BEAT_CLASS,BEAT_NUMBER,PRIMARY_RD,SECONDARY_RD,DISTANCE,DIRECTION,INTERSECTION,WEATHER_1,WEATHER_2,STATE_HWY_IND,CALTRANS_COUNTY,CALTRANS_DISTRICT,STATE_ROUTE,ROUTE_SUFFIX,POSTMILE_PREFIX,POSTMILE,LOCATION_TYPE,RAMP_INTERSECTION,SIDE_OF_HWY,TOW_AWAY,COLLISION_SEVERITY,NUMBER_KILLED,NUMBER_INJURED,PARTY_COUNT,PRIMARY_COLL_FACTOR,PCF_CODE_OF_VIOL,PCF_VIOL_CATEGORY,PCF_VIOLATION,PCF_VIOL_SUBSECTION,HIT_AND_RUN,TYPE_OF_COLLISION,MVIW,PED_ACTION,ROAD_SURFACE,ROAD_COND_1,ROAD_COND_2,LIGHTING,CONTROL_DEVICE,CHP_ROAD_TYPE,PEDESTRIAN_ACCIDENT,BICYCLE_ACCIDENT,MOTORCYCLE_ACCIDENT,TRUCK_ACCIDENT,NOT_PRIVATE_PROPERTY,ALCOHOL_INVOLVED,STWD_VEHTYPE_AT_FAULT,CHP_VEHTYPE_AT_FAULT,COUNT_SEVERE_INJ,COUNT_VISIBLE_INJ,COUNT_COMPLAINT_PAIN,COUNT_PED_KILLED,COUNT_PED_INJURED,COUNT_BICYCLIST_KILLED,COUNT_BICYCLIST_INJURED,COUNT_MC_KILLED,COUNT_MC_INJURED,PRIMARY_RAMP,SECONDARY_RAMP,LATITUDE,LONGITUDE,COUNTY,CITY,POINT_X,POINT_Y
91848162,2022,2022-08-25,9550,2022-08-19,0855,018187,NA,5,1,9,1900,0,2,4,NA,1,023,MULBERRY DR,MILLS AVE,40,E,N,A,-,N,NA,NA,NA,NA,NA,NA,NA,NA,NA,N,4,0,2,3,A,-,21,22106,NA,N,C,C,A,A,H,-,A,A,0,NA,NA,NA,NA,Y,NA,A,07,0,0,2,0,0,0,0,0,0,-,-,33.94279861450195,-118.0273895263672,LOS ANGELES,UNINCORPORATED,-118.0275421142578,33.94278335571289
91848165,2022,2022-08-25,9550,2022-08-16,1535,021100,NA,2,2,9,1900,0,3,5,NA,2,004,COUNTRYWOOD AVE.,WEDGEWORTH DR.,0,NA,Y,A,-,N,NA,NA,NA,NA,NA,NA,NA,NA,NA,N,3,0,1,2,A,-,12,22450,A,N,D,C,A,A,H,-,A,D,0,NA,NA,NA,NA,Y,NA,D,22,0,1,0,0,0,0,0,0,0,-,-,33.99768829345703,-117.94428253173828,LOS ANGELES,UNINCORPORATED,-117.9442901611328,33.99760818481445
91848167,2022,2022-08-25,9550,2022-07-28,1825,022855,NA,4,2,9,1900,0,3,5,NA,2,002,MULBERRY DRIVE,GUNN AVENUE,0,NA,Y,A,-,N,NA,NA,NA,NA,NA,NA,NA,NA,NA,Y,3,0,1,2,D,-,00,NA,NA,N,D,C,A,A,H,-,A,A,0,NA,NA,NA,NA,Y,NA,-,-,0,1,0,0,0,0,0,0,0,-,-,33.94565963745117,-118.03128814697266,LOS ANGELES,UNINCORPORATED,-118.03134918212892,33.9456672668457
91848168,2022,2022-08-25,9590,2022-08-13,0645,022382,NA,6,1,7,1942,0,1,1,NA,2,081,I-5 S/B (GOLDEN STATE FREEWAY),BOYLE AVE,285,N,N,A,-,Y,LA,NA,5,NA,NA,16.808,H,NA,L,N,2,0,1,1,A,-,08,22107,NA,N,F,A,A,A,H,-,C,D,0,NA,NA,NA,NA,Y,NA,A,01,1,0,0,0,0,0,0,0,0,-,-,34.03276062011719,-118.22064208984376,LOS ANGELES,LOS ANGELES,-118.2204132080078,34.03288650512695
91848358,2022,2022-08-25,9575,2022-08-13,1510,022502,NA,6,2,6,1925,0,1,1,NA,2,050,I-5 S/B (GOLDEN STATE FREEWAY),SONORA AVENUE,400,S,N,A,-,Y,LA,NA,5,NA,NA,27.458,H,NA,L,N,4,0,1,2,A,-,03,22350,NA,N,C,C,A,A,H,-,A,D,0,NA,NA,NA,NA,Y,NA,A,07,0,0,1,0,0,0,0,0,0,-,-,34.16004943847656,-118.29270935058594,LOS ANGELES,GLENDALE,-118.29268646240234,34.16006088256836
91848374,2022,2022-08-25,9565,2022-08-13,1631,022763,NA,6,2,7,1942,0,1,1,NA,2,060,I-405 S/B FROM LA TIJERA BLVD (SAN DIEGO FWY),LA TIJERA BLVD,350,S,N,A,-,Y,LA,NA,405,NA,NA,24.204,H,NA,L,Y,4,0,1,2,A,-,03,22350,NA,N,C,C,A,A,H,-,A,D,0,NA,NA,NA,NA,Y,NA,A,07,0,0,1,0,0,0,0,0,0,-,-,33.97105026245117,-118.3771514892578,LOS ANGELES,LOS ANGELES,-118.37702178955078,33.971221923828125
91848375,2022,2022-08-25,9530,2022-08-13,0845,021004,NA,6,1,5,1915,0,1,1,NA,2,410,I-405 N/B (SAN DIEGO FREEWAY),ALAMEDA ST.,167,N,N,A,-,Y,LA,NA,405,NA,NA,8.835,H,NA,R,N,4,0,1,2,A,-,07,21658,A,F,B,C,A,A,H,-,A,D,0,NA,NA,NA,NA,Y,NA,-,99,0,0,1,0,0,0,0,0,0,-,-,33.82558822631836,-118.22882080078124,LOS ANGELES,COMPTON,-118.22881317138672,33.82566833496094
91848397,2022,2022-08-25,9550,2022-08-18,1628,021742,NA,4,2,5,1919,0,1,3,NA,2,092,STATE ROUTE-91 EASTBOUND,THE ARTESIA BOULEVARD OVERCROSSING,100,W,N,A,-,Y,LA,NA,91,NA,R,19.406,H,NA,R,N,4,0,1,2,A,-,03,22350,NA,N,C,C,A,A,H,-,A,D,0,NA,NA,NA,NA,Y,NA,A,07,0,0,1,0,0,0,0,0,0,-,-,33.873470306396484,-118.06069946289064,LOS ANGELES,CERRITOS,-118.0607452392578,33.8734245300293
91848413,2022,2022-08-25,9565,2022-08-15,1410,020209,NA,1,2,7,1942,0,1,1,NA,2,083,I-10 W/B (SANTA MONICA FREEWAY34.03018),ROBERTSON BLVD,500,W,N,A,-,Y,LA,NA,10,NA,R,7.863,H,NA,L,N,4,0,1,2,A,-,03,22350,NA,N,C,C,A,A,H,-,A,D,0,NA,NA,NA,NA,Y,NA,A,01,0,0,1,0,0,0,0,0,0,-,-,34.030181884765625,-118.39224243164064,LOS ANGELES,LOS ANGELES,-118.39226531982422,34.030216217041016
91848415,2022,2022-08-25,9530,2022-08-15,1722,020956,NA,1,2,4,1939,0,1,1,NA,2,400,I-405 N/B (SAN DIEGO FREEWAY),REDONDO BEACH BLVD.,700,N,N,A,-,Y,LA,NA,405,NA,NA,17.106,H,NA,R,N,4,0,1,5,A,-,03,22350,NA,N,C,C,A,A,H,-,A,D,0,NA,NA,NA,NA,Y,NA,A,01,0,0,1,0,0,0,0,0,0,-,-,33.87953186035156,-118.34680938720705,LOS ANGELES,LAWNDALE,-118.34680938720705,33.87953186035156
91848417,2022,2022-08-25,9540,2022-08-25,0001,021132,NA,4,3,9,1900,0,1,3,NA,2,146,SR-14  N/B,PURITAN MINE ROAD,1584,S,N,A,-,Y,LA,NA,14,NA,NA,45.25,H,NA,R,Y,4,0,2,2,A,-,03,22350,NA,N,C,C,A,A,H,-,C,D,0,NA,NA,NA,NA,Y,NA,A,01,0,0,2,0,0,0,0,0,0,-,-,34.50376892089844,-118.25341796875,LOS ANGELES,UNINCORPORATED,-118.25348663330078,34.50383377075195
91848427,2022,2022-08-25,9575,2022-08-16,2059,022839,NA,2,2,7,1942,0,1,1,NA,2,052,I-5 S/B (GOLDEN STATE FREEWAY),SAN FERNANDO ROAD,180,S,N,A,-,Y,LA,NA,5,NA,NA,34.499,H,NA,L,Y,4,0,1,2,A,-,07,21658,A,N,B,C,A,A,H,-,C,D,0,NA,NA,NA,Y,Y,NA,A,01,0,0,1,0,0,0,0,0,0,-,-,34.22663116455078,-118.37914276123048,LOS ANGELES,LOS ANGELES,-118.37914276123048,34.22664260864258
91848432,2022,2022-08-25,9535,2022-08-14,2215,022225,NA,7,3,5,1969,0,1,1,NA,2,074,I-710 N/B (LONG BEACH FREEWAY),FIRESTONE BLVD.,1178,S,N,A,-,Y,LA,NA,710,NA,NA,18.208,H,NA,R,N,4,0,2,1,A,-,08,22107,NA,N,E,I,A,A,H,-,D,D,0,NA,NA,NA,NA,Y,NA,D,22,0,0,2,0,0,0,0,0,0,-,-,33.94636154174805,-118.1701431274414,LOS ANGELES,SOUTH GATE,-118.17044067382813,33.946388244628906
91848448,2022,2022-08-25,9565,2022-08-14,1345,022780,NA,7,1,7,1942,0,1,1,NA,2,061,I-405 N/B (SAN DIEGO FREEWAY),LA TIJERA BOULEVARD,100,N,N,A,-,Y,LA,NA,405,NA,NA,24.292,H,NA,R,Y,4,0,2,4,A,-,03,22350,NA,N,C,2,A,A,H,-,A,D,0,NA,NA,NA,NA,Y,NA,D,22,0,0,2,0,0,0,0,0,0,-,-,33.97208023071289,-118.37815856933594,LOS ANGELES,LOS ANGELES,-118.37818908691406,33.9720458984375
91848454,2022,2022-08-25,9580,2022-08-13,1210,021522,NA,6,1,9,1900,0,3,5,NA,1,030,SR-23 (WESTLAKE BLVD),MULHOLLAND HWY,900,N,N,A,-,Y,LA,NA,23,NA,NA,6.82,H,NA,R,N,4,0,1,1,A,-,03,22350,NA,N,E,J,A,A,H,-,A,D,0,NA,Y,NA,NA,Y,NA,L,04,0,0,1,0,0,0,1,0,0,-,-,34.10588836669922,-118.8582763671875,LOS ANGELES,UNINCORPORATED,-118.85830688476564,34.10590744018555
91848476,2022,2022-08-25,9535,2022-08-16,0815,022305,NA,2,1,9,1900,0,2,4,NA,2,025,ATLANTIC BLVD. (1000 BLOCK),VERONA ST,157,S,N,A,-,N,NA,NA,NA,NA,NA,NA,NA,NA,NA,N,4,0,1,3,A,-,03,22350,NA,N,C,C,A,A,H,-,A,D,0,NA,NA,NA,NA,Y,NA,A,01,0,0,1,0,0,0,0,0,0,-,-,34.01776885986328,-118.158203125,LOS ANGELES,UNINCORPORATED,-118.15807342529295,34.017822265625
91848511,2022,2022-08-25,9550,2022-08-19,2324,022597,NA,5,3,6,1949,0,1,1,NA,2,651,INTERSTATE-605 SOUTHBOUND,ALONDRA BLVD.,1270,N,N,A,-,Y,LA,NA,605,NA,R,6.072,H,NA,L,Y,4,0,1,2,A,-,03,22350,NA,N,C,2,A,A,H,-,D,D,0,NA,NA,NA,NA,Y,NA,A,01,0,0,1,0,0,0,0,0,0,-,-,33.891109466552734,-118.10472106933594,LOS ANGELES,NORWALK,-118.1047821044922,33.89110565185547
91848514,2022,2022-08-25,9580,2022-08-23,1000,018431,NA,2,1,7,1942,0,1,1,NA,2,405,I-405 S/B (SAN DIEGO FRWY),SHERMAN WAY,20,S,N,A,-,Y,LA,NA,405,NA,NA,42.384,H,NA,L,Y,3,0,1,2,A,-,03,22350,NA,M,C,C,A,A,H,-,A,D,0,NA,NA,NA,NA,Y,NA,A,01,0,1,0,0,0,0,0,0,0,-,-,34.20125961303711,-118.47351837158205,LOS ANGELES,LOS ANGELES,-118.47360229492188,34.20126724243164
91848522,2022,2022-08-25,9580,2022-08-18,2330,021963,NA,4,3,7,1942,0,1,1,NA,2,406,I-405 N/B (SAN DIEGO FWY),NORDHOFF ST,1056,S,N,A,-,Y,LA,NA,405,NA,NA,44.658,H,NA,R,Y,4,0,2,3,C,-,18,NA,NA,N,B,C,A,A,H,-,D,D,0,NA,NA,NA,NA,Y,NA,-,-,0,0,2,0,0,0,0,0,0,-,-,34.234310150146484,-118.47306823730467,LOS ANGELES,LOS ANGELES,-118.47296142578124,34.234310150146484
91848524,2022,2022-08-25,9525,2022-08-14,2320,022521,NA,7,3,9,1900,0,2,4,NA,2,045,VALLEY BLVD,2ND AVE,250,E,N,A,-,N,NA,NA,NA,NA,NA,NA,NA,NA,NA,Y,2,0,1,1,A,-,08,22107,NA,N,E,I,A,A,H,-,C,D,0,NA,NA,NA,NA,Y,NA,D,22,1,0,0,0,0,0,0,0,0,-,-,34.04677963256836,-117.99210357666016,LOS ANGELES,UNINCORPORATED,-117.99205780029295,34.0467643737793
91848533,2022,2022-08-25,9550,2022-08-20,1410,021100,NA,6,2,9,1900,0,1,1,NA,2,650,I-605,BEVERLY BLVD,3200,N,N,A,-,Y,LA,NA,605,NA,R,14.63,H,NA,R,N,4,0,1,2,A,-,03,22350,NA,N,C,C,A,A,H,-,A,D,0,NA,NA,NA,NA,Y,NA,A,01,0,0,1,0,0,0,0,0,0,-,-,34.00761032104492,-118.05992889404295,LOS ANGELES,UNINCORPORATED,-118.0597915649414,34.00749588012695
91848571,2022,2022-08-25,9530,2022-08-13,1330,022760,NA,6,1,9,1900,0,3,5,NA,2,001,FLORENCE AVE. (1900 BLOCK),BELL AVE.,105,W,N,A,-,N,NA,NA,NA,NA,NA,NA,NA,NA,NA,N,4,0,1,2,A,-,03,22350,NA,N,C,C,A,A,H,-,A,A,0,NA,NA,NA,NA,Y,NA,A,01,0,0,1,0,0,0,0,0,0,-,-,33.974639892578125,-118.2385711669922,LOS ANGELES,UNINCORPORATED,-118.23846435546876,33.9747200012207
91848585,2022,2022-08-25,9525,2022-08-16,2330,021748,NA,2,3,6,1975,0,1,1,NA,2,114,I-10 W/B (SAN BERNARDINO FWY),WEST COVINA PKWY,50,W,N,A,-,Y,LA,NA,10,NA,NA,34.459,H,NA,L,Y,2,0,1,2,A,-,03,22350,NA,F,C,C,A,A,H,-,D,D,0,NA,NA,NA,NA,Y,Y,A,01,1,0,0,0,0,0,0,0,0,-,-,34.07229995727539,-117.94322967529295,LOS ANGELES,WEST COVINA,-117.94321441650392,34.07221984863281
91848603,2022,2022-08-25,9530,2022-08-14,0830,022388,NA,7,1,9,1900,0,3,5,NA,2,002,WILMINGTON AVE.,IMPERIAL HWY. O/C,420,S,N,A,-,N,NA,NA,NA,NA,NA,NA,NA,NA,NA,Y,3,0,5,1,A,-,07,21658,A,N,E,I,A,A,H,-,A,D,0,NA,NA,NA,NA,Y,NA,I,20,0,4,1,0,0,0,0,0,0,-,-,33.92826843261719,-118.2389907836914,LOS ANGELES,UNINCORPORATED,-118.23907470703124,33.928199768066406
91848608,2022,2022-08-25,9550,2022-08-20,1730,022480,NA,6,2,6,1949,0,1,1,NA,2,501,I-5 NORTHBOUND,NORWALK BLVD.,2000,N,N,A,-,Y,LA,NA,5,NA,NA,4.561,H,NA,R,N,4,0,1,2,A,-,03,22350,NA,N,C,C,A,A,H,-,A,D,0,NA,NA,NA,Y,Y,NA,G,25,0,0,1,0,0,0,0,0,0,-,-,33.913421630859375,-118.07544708251952,LOS ANGELES,NORWALK,-118.07550048828124,33.913352966308594
91848612,2022,2022-08-25,9565,2022-08-15,0649,022761,NA,1,1,7,1942,0,1,1,NA,2,010,I-105 WESTBOUND,NASH ST,300,E,N,A,-,Y,LA,NA,105,NA,R,1.133,H,NA,L,N,4,0,1,2,A,-,03,22350,NA,N,C,C,A,A,H,-,A,A,0,NA,NA,NA,NA,Y,NA,A,01,0,0,1,0,0,0,0,0,0,-,-,33.93124008178711,-118.3852081298828,LOS ANGELES,LOS ANGELES,-118.3852081298828,33.931251525878906
91848662,2022,2022-08-25,9530,2022-08-15,1500,022454,NA,1,2,7,1942,0,1,1,NA,2,110,I-110 N/B (HARBOR FREEWAY),I-105 E/B (GLENN ANDERSON FWY),10,S,N,A,-,Y,LA,NA,110,NA,NA,13.795,H,NA,R,Y,3,0,2,4,A,-,03,22350,NA,N,C,C,A,A,H,-,A,D,0,NA,NA,NA,NA,Y,NA,A,01,0,1,1,0,0,0,0,0,0,-,-,33.92835998535156,-118.2805404663086,LOS ANGELES,LOS ANGELES,-118.28060913085938,33.928367614746094
91848682,2022,2022-08-25,9550,2022-08-20,0800,022924,NA,6,1,5,1919,0,1,3,NA,2,092,91 WESTBOUND,BLOOMFIELD AVENUE,45,W,N,A,-,Y,NA,NA,NA,NA,NA,NA,NA,NA,NA,Y,3,0,1,2,A,-,03,22350,NA,N,C,C,A,A,H,-,A,D,0,NA,NA,NA,NA,Y,NA,A,01,0,1,0,0,0,0,0,0,0,-,-,33.87554168701172,-118.06239318847656,LOS ANGELES,CERRITOS,NA,NA
91848697,2022,2022-08-25,9550,2022-08-20,1705,022474,NA,6,2,9,1900,0,1,3,NA,2,601,STATE ROUTE 60 W/B,AZUSA AVENUE,1500,W,N,A,-,Y,LA,NA,60,NA,NA,17.182,H,NA,L,N,4,0,1,2,A,-,03,22350,NA,N,C,C,A,A,H,-,A,D,0,NA,NA,NA,NA,Y,NA,A,01,0,0,1,0,0,0,0,0,0,-,-,34.00082015991211,-117.9441375732422,LOS ANGELES,UNINCORPORATED,-117.94414520263672,34.00081253051758
91848709,2022,2022-08-25,9525,2022-08-18,1158,022925,NA,4,1,9,1900,0,3,5,NA,2,004,WORKMAN MILL ROAD,PELLISSIER PL,41,E,N,A,-,N,NA,NA,NA,NA,NA,NA,NA,NA,NA,Y,3,0,1,1,A,-,08,22107,NA,N,E,I,A,A,H,-,A,D,0,NA,NA,NA,NA,Y,NA,A,01,0,1,0,0,0,0,0,0,0,-,-,34.032249450683594,-118.02562713623048,LOS ANGELES,UNINCORPORATED,-118.0256805419922,34.03234100341797
91848710,2022,2022-08-25,9530,2022-08-15,1925,022687,NA,1,2,9,1900,0,3,5,NA,2,003,ATLANTIC AVE. (BLOCK 15100),COMPTON BLVD.,30,S,N,A,-,N,NA,NA,NA,NA,NA,NA,NA,NA,NA,N,4,0,1,2,A,-,03,22350,NA,M,C,C,A,A,H,-,A,A,0,NA,NA,NA,NA,Y,NA,-,99,0,0,1,0,0,0,0,0,0,-,-,33.89596176147461,-118.19341278076172,LOS ANGELES,UNINCORPORATED,-118.1934051513672,33.89608383178711
91848724,2022,2022-08-25,9550,2022-08-20,2230,022900,NA,6,3,9,1900,0,1,3,NA,2,602,SR-60 E/B,NOGALES,50,W,N,A,-,Y,LA,NA,60,NA,NA,20.219,H,NA,L,Y,4,0,1,2,A,-,03,22350,NA,F,C,C,A,A,H,-,C,D,0,NA,NA,NA,NA,Y,NA,-,99,0,0,1,0,0,0,0,0,0,-,-,33.994361877441406,-117.89227294921876,LOS ANGELES,UNINCORPORATED,-117.89227294921876,33.99428176879883
91848726,2022,2022-08-25,9550,2022-08-20,1840,020974,NA,6,2,9,1900,0,2,4,NA,1,051,FULLERTON RD S/B,SORDELLO ST,0,NA,Y,A,-,N,NA,NA,NA,NA,NA,NA,NA,NA,NA,N,4,0,1,2,A,-,08,22107,NA,M,B,C,A,A,H,-,A,D,0,NA,NA,NA,NA,Y,NA,-,99,0,0,1,0,0,0,0,0,0,-,-,33.98183059692383,-117.90779113769533,LOS ANGELES,UNINCORPORATED,-117.9077377319336,33.981876373291016
91848731,2022,2022-08-25,9535,2022-08-16,1148,022305,NA,2,1,9,1900,0,3,5,NA,2,001,GAGE AVE. (1000 BLOCK),EASTMAN AVE,463,S,N,A,-,N,NA,NA,NA,NA,NA,NA,NA,NA,NA,N,4,0,1,4,A,-,01,23152,A,N,A,C,A,A,H,-,A,A,0,NA,NA,NA,NA,Y,Y,A,01,0,0,1,0,0,0,0,0,0,-,-,34.049739837646484,-118.18517303466795,LOS ANGELES,UNINCORPORATED,-118.18562316894533,34.019901275634766
91848735,2022,2022-08-25,9530,2022-08-15,1540,022438,NA,1,2,9,1900,0,3,5,NA,2,001,CUDAHY STREET (2800 BLOCK),MOUNTAIN VIEW STREET,380,W,N,A,-,Y,NA,NA,NA,NA,NA,NA,NA,NA,NA,N,3,0,1,2,A,-,06,21750,A,N,D,C,A,A,H,-,A,D,0,NA,NA,Y,NA,Y,NA,C,02,0,1,0,0,0,0,0,0,1,-,-,33.965328216552734,-118.22004699707033,LOS ANGELES,UNINCORPORATED,-118.2199935913086,33.965293884277344
91848802,2022,2022-08-25,9575,2022-08-17,0928,018084,NA,3,1,6,1925,0,1,3,NA,2,042,SR-134 W/B (VENTURA FREEWAY),LOUISE ST.,250,W,N,A,-,Y,LA,NA,134,NA,R,7.209,H,NA,L,N,3,0,1,1,A,-,08,22107,NA,N,F,A,A,A,H,-,A,D,0,NA,NA,NA,NA,Y,NA,A,07,0,1,0,0,0,0,0,0,0,-,-,34.15642166137695,-118.2536392211914,LOS ANGELES,GLENDALE,-118.2536392211914,34.15645217895508
91848807,2022,2022-08-25,9550,2022-08-22,1429,020974,NA,1,2,5,1976,0,1,1,NA,2,650,I-605 N/B,BEVERLY BLVD,1500,S,N,A,-,Y,LA,NA,605,NA,R,14.11,H,NA,R,Y,4,0,1,2,A,-,03,22350,NA,N,C,C,A,A,H,-,A,D,0,NA,NA,NA,NA,Y,NA,A,08,0,0,1,0,0,0,0,0,0,-,-,34.00096130371094,-118.06706237792967,LOS ANGELES,WHITTIER,-118.06700897216795,34.000938415527344
91848842,2022,2022-08-25,9540,2022-08-13,2330,021820,NA,6,3,9,1900,0,1,1,NA,2,509,I-5 S/B (GOLDEN STATE FREEWAY),TEMPLIN HIGHWAY,4224,S,N,A,-,Y,LA,NA,5,NA,R,65.099,H,NA,L,Y,2,0,2,3,A,-,08,22107,NA,N,B,4,E,A,H,-,D,D,0,Y,NA,NA,Y,Y,NA,G,25,1,0,1,0,1,0,0,0,0,-,-,34.559478759765625,-118.67865753173828,LOS ANGELES,UNINCORPORATED,-118.67865753173828,34.559478759765625
91848854,2022,2022-08-25,9540,2022-08-12,2137,021845,NA,5,2,9,1900,0,1,3,NA,2,146,SR-14 N/B,ESCONDIDO CANYON RD,3500,N,N,A,-,Y,LA,NA,14,NA,NA,43.954,H,NA,R,N,2,0,3,2,A,-,04,21703,NA,N,G,B,E,A,C,-,D,D,0,Y,NA,NA,NA,Y,NA,A,01,1,0,2,0,1,0,0,0,0,-,-,34.49618148803711,-118.27310180664064,LOS ANGELES,UNINCORPORATED,-118.27315521240234,34.496273040771484
91848868,2022,2022-08-25,9535,2022-08-17,1110,022234,NA,3,1,6,1922,0,1,1,NA,2,500,I-10 W/B (SAN BERNARDINO FREEWAY),PECK RD.,450,E,N,A,-,Y,LA,NA,10,NA,NA,29.552,H,NA,L,N,3,0,1,2,A,-,03,22350,NA,N,C,C,A,A,H,-,A,D,0,NA,NA,NA,NA,Y,NA,A,07,0,1,0,0,0,0,0,0,0,-,-,34.06814956665039,-118.02716064453124,LOS ANGELES,EL MONTE,-118.02716064453124,34.068138122558594
91848873,2022,2022-08-25,9565,2022-08-14,2255,022646,NA,7,3,9,1900,0,2,4,NA,2,024,IMPERIAL HWY,BERENDO AVE,0,NA,Y,A,-,N,NA,NA,NA,NA,NA,NA,NA,NA,NA,Y,3,0,4,2,A,-,08,22107,NA,N,D,C,A,A,H,-,C,D,0,NA,NA,NA,NA,Y,NA,A,07,0,2,2,0,0,0,0,0,0,-,-,33.93095016479492,-118.29454803466795,LOS ANGELES,UNINCORPORATED,-118.29457855224608,33.930973052978516
91848913,2022,2022-08-25,9590,2022-08-23,1140,018345,NA,2,1,7,1942,0,1,1,NA,2,060,I-10 EB (SMF),HAUSER BLVD.,200,E,N,A,-,Y,LA,NA,10,NA,R,9.865,H,NA,R,N,3,0,1,2,A,-,03,22350,NA,N,C,C,A,A,H,-,A,D,0,NA,NA,NA,NA,Y,NA,A,01,0,1,0,0,0,0,0,0,0,-,-,34.03364181518555,-118.3603286743164,LOS ANGELES,LOS ANGELES,-118.3603286743164,34.03374481201172
91848918,2022,2022-08-25,9575,2022-05-16,1632,022582,NA,1,2,7,1942,0,1,1,NA,2,061,I-210 W/B (FOOTHILL FREEWAY),LA TUNA CANYON ROAD,2708,E,N,A,-,Y,LA,NA,210,NA,R,14.725,H,NA,L,Y,1,2,0,2,A,-,08,22107,NA,N,C,E,A,A,H,-,A,D,0,NA,NA,NA,Y,Y,NA,A,01,0,0,0,0,0,0,0,0,0,-,-,34.23461151123047,-118.28148651123048,LOS ANGELES,LOS ANGELES,-118.281494140625,34.23451232910156
91848941,2022,2022-08-25,9550,2022-03-05,2245,022434,NA,6,3,9,1900,0,1,1,NA,2,500,INTERSTATE 5 SOUTHBOUND (SANTA ANA FREEWAY),INTERSTATE 605 (SAN GABRIEL RIVER FREEWAY),171,N,N,A,-,Y,LA,NA,5,NA,NA,7.033,H,NA,L,Y,1,1,2,1,D,-,00,NA,NA,N,E,8,A,A,H,-,B,D,0,NA,NA,NA,NA,Y,NA,-,-,2,0,0,0,0,0,0,0,0,-,-,33.94337844848633,-118.09848785400392,LOS ANGELES,UNINCORPORATED,-118.09825134277344,33.9434928894043
91848942,2022,2022-08-25,9590,2022-08-15,1450,021492,NA,1,2,7,1942,0,1,1,NA,2,082,I-5 N/B (GOLDEN STATE FREEWAY),MISSION RD,200,S,N,A,-,Y,LA,NA,5,NA,NA,18.769,H,NA,R,N,3,0,3,3,A,-,08,22107,NA,N,B,C,A,A,H,-,A,D,0,NA,NA,NA,Y,Y,NA,A,01,0,3,0,0,0,0,0,0,0,-,-,34.059871673583984,-118.21476745605467,LOS ANGELES,LOS ANGELES,-118.21475219726564,34.05987548828125
91848943,2022,2022-08-25,9535,2022-08-17,1420,022105,NA,3,2,4,1962,0,1,1,NA,2,420,I-10 E/B (SAN BERNARDINO FREEWAY),NEW AVE,1500,W,N,A,-,Y,LA,NA,10,NA,NA,24.559,H,NA,R,N,3,0,3,3,A,-,08,22107,NA,N,B,C,A,A,H,-,A,D,0,NA,NA,NA,NA,Y,NA,A,01,0,1,2,0,0,0,0,0,0,-,-,34.07160186767578,-118.11309051513672,LOS ANGELES,SAN GABRIEL,-118.11309051513672,34.071617126464844
91848964,2022,2022-08-25,9590,2022-08-14,0220,022741,NA,7,3,7,1942,0,1,2,NA,2,070,US-101 S/B (HOLLYWOOD FREEWAY),MELROSE AVENUE,300,N,N,A,-,Y,LA,NA,101,NA,NA,4.941,H,NA,L,Y,4,0,2,3,A,-,07,21658,A,N,B,C,A,A,H,-,C,D,0,NA,NA,NA,NA,Y,Y,A,01,0,0,2,0,0,0,0,0,0,-,-,34.08414077758789,-118.29959869384766,LOS ANGELES,LOS ANGELES,-118.29962921142578,34.084110260009766
91848982,2022,2022-08-25,9575,2022-08-15,2110,020542,NA,1,2,9,1900,0,3,5,NA,2,002,WASHINGTON BLVD.,PEPPER DR.,0,NA,Y,A,-,N,NA,NA,NA,NA,NA,NA,NA,NA,NA,N,4,0,1,2,A,-,09,21801,A,N,D,C,A,A,H,-,C,A,0,NA,NA,NA,NA,Y,NA,A,01,0,0,1,0,0,0,0,0,0,-,-,34.16913986206055,-118.10809326171876,LOS ANGELES,UNINCORPORATED,-118.10808563232422,34.16913986206055
91849042,2022,2022-08-25,9530,2022-08-16,0830,020548,NA,2,1,9,1900,0,3,5,NA,2,002,AVALON BLVD,124TH ST.,0,NA,Y,A,-,N,NA,NA,NA,NA,NA,NA,NA,NA,NA,Y,4,0,3,3,A,-,09,21801,A,N,D,C,A,A,H,-,A,D,0,NA,NA,NA,NA,Y,NA,A,01,0,0,3,0,0,0,0,0,0,-,-,33.92007064819336,-118.26531982421876,LOS ANGELES,UNINCORPORATED,-118.26522827148438,33.920082092285156