CASE_ID,ACCIDENT_YEAR,PROC_DATE,JURIS,COLLISION_DATE,COLLISION_TIME,OFFICER_ID,REPORTING_DISTRICT,DAY_OF_WEEK,CHP_SHIFT,POPULATION,CNTY_CITY_LOC,SPECIAL_COND,BEAT_TYPE,CHP_BEAT_TYPE,CITY_DIVISION_LAPD,CHP_BEAT_CLASS,BEAT_NUMBER,PRIMARY_RD,SECONDARY_RD,DISTANCE,DIRECTION,INTERSECTION,WEATHER_1,WEATHER_2,STATE_HWY_IND,CALTRANS_COUNTY,CALTRANS_DISTRICT,STATE_ROUTE,ROUTE_SUFFIX,POSTMILE_PREFIX,POSTMILE,LOCATION_TYPE,RAMP_INTERSECTION,SIDE_OF_HWY,TOW_AWAY,COLLISION_SEVERITY,NUMBER_KILLED,NUMBER_INJURED,PARTY_COUNT,PRIMARY_COLL_FACTOR,PCF_CODE_OF_VIOL,PCF_VIOL_CATEGORY,PCF_VIOLATION,PCF_VIOL_SUBSECTION,HIT_AND_RUN,TYPE_OF_COLLISION,MVIW,PED_ACTION,ROAD_SURFACE,ROAD_COND_1,ROAD_COND_2,LIGHTING,CONTROL_DEVICE,CHP_ROAD_TYPE,PEDESTRIAN_ACCIDENT,BICYCLE_ACCIDENT,MOTORCYCLE_ACCIDENT,TRUCK_ACCIDENT,NOT_PRIVATE_PROPERTY,ALCOHOL_INVOLVED,STWD_VEHTYPE_AT_FAULT,CHP_VEHTYPE_AT_FAULT,COUNT_SEVERE_INJ,COUNT_VISIBLE_INJ,COUNT_COMPLAINT_PAIN,COUNT_PED_KILLED,COUNT_PED_INJURED,COUNT_BICYCLIST_KILLED,COUNT_BICYCLIST_INJURED,COUNT_MC_KILLED,COUNT_MC_INJURED,PRIMARY_RAMP,SECONDARY_RAMP,LATITUDE,LONGITUDE,COUNTY,CITY,POINT_X,POINT_Y
91849073,2022,2022-08-25,9565,2022-08-13,0055,022902,NA,6,3,4,1918,0,1,1,NA,2,061,I-405 N/B (SAN DIEGO FREEWAY),CULVER BLVD,100,N,N,A,-,Y,LA,NA,405,NA,NA,27.272,H,NA,R,N,3,0,2,3,A,-,03,22350,NA,N,C,C,A,A,D,E,C,D,0,NA,NA,NA,NA,Y,Y,A,08,0,1,1,0,0,0,0,0,0,-,-,34.003971099853516,-118.41171264648438,LOS ANGELES,CULVER CITY,-118.41177368164064,34.003936767578125
91849076,2022,2023-03-03,9575,2022-07-26,1050,021006,NA,2,1,3,1991,0,1,1,NA,2,063,I-210 E/B (FOOTHILL FREEWAY),BERKSHIRE PLACE,1500,W,N,A,-,Y,LA,NA,210,NA,R,21.235,H,NA,R,Y,3,0,1,2,A,-,07,21658,A,N,B,2,A,A,D,-,A,D,0,NA,NA,NA,NA,Y,NA,A,07,0,1,0,0,0,0,0,0,0,-,-,34.19422149658203,-118.18264770507813,LOS ANGELES,LA CANADA-FLINTRIDGE,-118.1826400756836,34.1942253112793
91849084,2022,2022-08-25,9525,2022-08-19,1415,022617,NA,5,2,6,1975,0,1,1,NA,2,104,I-10 EB (SAN BERNARDINO FWY),SUNSET AVE,170,E,N,A,-,Y,LA,NA,10,NA,NA,34.898,H,NA,R,N,4,0,1,2,A,-,03,22350,NA,F,C,C,A,A,H,-,A,D,0,NA,NA,NA,NA,Y,NA,A,01,0,0,1,0,0,0,0,0,0,-,-,34.07231140136719,-117.935546875,LOS ANGELES,WEST COVINA,-117.935546875,34.07231521606445
91849117,2022,2022-08-25,9530,2022-08-16,1550,022438,NA,2,2,9,1900,0,3,5,NA,2,001,ALAMEDA STREET,NADEAU STREET,0,NA,Y,A,-,N,NA,NA,NA,NA,NA,NA,NA,NA,NA,Y,4,0,2,3,A,-,09,21801,A,N,D,C,A,A,H,-,A,A,0,NA,NA,NA,NA,Y,NA,A,01,0,0,2,0,0,0,0,0,0,-,-,33.96746063232422,-118.23316192626952,LOS ANGELES,UNINCORPORATED,-118.23322296142578,33.96744918823242
91849135,2022,2022-08-25,9530,2022-08-17,0740,020938,NA,3,1,9,1900,0,1,1,NA,2,210,I-105 W/B (GLENN ANDERSON FWY),LONG BEACH BLVD,500,E,N,A,-,Y,LA,NA,105,NA,R,11.864,H,NA,L,N,4,0,1,2,A,-,03,22350,NA,N,C,C,A,A,H,-,A,D,0,NA,NA,NA,NA,Y,NA,-,-,0,0,1,0,0,0,0,0,0,-,-,33.922969818115234,-118.20516967773438,LOS ANGELES,UNINCORPORATED,-118.20516204833984,33.9229850769043
91849170,2022,2022-08-25,9580,2022-08-23,1640,020800,NA,2,2,7,1942,0,1,3,NA,2,116,SR-118 E/B (RONALD REAGAN FREEWAY),BALBOA BLVD,100,W,N,A,-,Y,LA,NA,118,NA,R,7.77,H,NA,R,N,4,0,1,2,A,-,03,22350,NA,M,C,C,A,A,H,-,A,D,0,NA,NA,NA,NA,Y,NA,-,99,0,0,1,0,0,0,0,0,0,-,-,34.278011322021484,-118.50269317626952,LOS ANGELES,LOS ANGELES,-118.502685546875,34.27798080444336
91849171,2022,2022-08-25,9580,2022-08-18,2035,022591,NA,4,2,7,1942,0,1,1,NA,2,404,I-405 N/B (SAN DIEGO FWY),VICTORY BLVD,1500,S,N,A,-,Y,LA,NA,405,NA,NA,41.051,H,NA,R,N,4,0,2,2,A,-,08,22107,NA,F,B,C,A,A,H,-,D,D,0,NA,NA,NA,NA,Y,NA,-,99,0,0,2,0,0,0,0,0,0,-,-,34.1823616027832,-118.47183990478516,LOS ANGELES,LOS ANGELES,-118.47183990478516,34.1823616027832
91849181,2022,2022-08-25,9550,2022-08-20,1420,021742,NA,6,2,5,1919,0,1,1,NA,2,652,I-605 NORTHBOUND,THE 183RD STREET UNDERCROSSING,300,N,N,A,-,Y,LA,NA,605,NA,R,4.326,H,NA,R,Y,4,0,4,5,A,-,07,21658,A,N,C,C,A,A,H,-,A,D,0,NA,NA,NA,NA,Y,NA,A,07,0,0,4,0,0,0,0,0,0,-,-,33.86661911010742,-118.09877777099608,LOS ANGELES,CERRITOS,-118.09880065917967,33.866615295410156
91850188,2022,2022-09-13,9590,2022-08-15,0920,017733,NA,1,1,7,1942,0,1,1,NA,2,065,I-10 W/B (SANTA MONICA FREEWAY),CENTRAL AVENUE,490,E,N,A,-,Y,LA,NA,10,NA,NA,16.594,H,NA,L,Y,4,0,1,4,A,-,03,22350,NA,N,C,C,A,A,H,-,A,D,0,NA,NA,NA,NA,Y,NA,D,22,0,0,1,0,0,0,0,0,0,-,-,34.02516174316406,-118.24778747558594,LOS ANGELES,LOS ANGELES,-118.24774932861328,34.02521514892578
91850204,2022,2022-08-26,9565,2022-08-14,1352,022763,NA,7,1,9,1900,0,3,5,NA,2,003,ANGELES VISTA BLVD,MULLEN AVE,30,E,N,A,-,N,NA,NA,NA,NA,NA,NA,NA,NA,NA,N,3,0,1,1,A,-,08,22107,NA,N,E,I,A,A,H,-,A,D,0,NA,NA,NA,NA,Y,NA,A,01,0,1,0,0,0,0,0,0,0,-,-,33.995880126953125,-118.33872985839844,LOS ANGELES,UNINCORPORATED,-118.33880615234376,33.995933532714844
91850397,2022,2022-08-26,9565,2022-08-16,1745,022923,NA,2,2,9,1900,0,1,1,NA,2,012,I-105 E/B,BUDLONG AVENUE,260,E,N,A,-,Y,LA,NA,105,NA,R,6.568,H,NA,R,N,4,0,2,2,A,-,07,21658,A,F,B,C,A,A,H,-,A,D,0,NA,NA,NA,NA,Y,NA,-,99,0,0,2,0,0,0,0,0,0,-,-,33.92826843261719,-118.29499816894533,LOS ANGELES,UNINCORPORATED,-118.29501342773438,33.928348541259766
91850401,2022,2022-08-26,9565,2022-08-16,2030,022902,NA,2,2,9,1900,0,2,4,NA,1,054,ADMIRALTY WAY,PALAWAN WAY,250,S,N,A,-,N,NA,NA,NA,NA,NA,NA,NA,NA,NA,Y,3,0,1,2,A,-,03,22350,NA,N,C,C,A,A,H,-,C,D,0,NA,NA,NA,NA,Y,NA,A,01,0,1,0,0,0,0,0,0,0,-,-,33.98371887207031,-118.45693206787108,LOS ANGELES,UNINCORPORATED,-118.45845794677734,33.98280334472656
91850409,2022,2022-08-26,9580,2022-08-19,2225,020791,NA,5,3,7,1942,0,1,1,NA,2,407,I-405 S/B (SAN DIEGO FWY),DEVONSHIRE ST,600,N,N,A,-,Y,LA,NA,405,NA,NA,46.263,H,NA,L,Y,3,0,2,3,A,-,01,23152,A,N,C,C,A,A,D,-,D,D,0,NA,NA,NA,NA,Y,Y,A,01,0,1,1,0,0,0,0,0,0,-,-,34.257511138916016,-118.47206878662108,LOS ANGELES,LOS ANGELES,-118.4723663330078,34.257511138916016
91850412,2022,2022-08-26,9530,2022-08-16,1500,022760,NA,2,2,9,1900,0,1,1,NA,2,210,I-105 E/B (GLENN ANDERSON FWY),WILMINGTON AVE.,792,E,N,A,-,Y,LA,NA,105,NA,R,9.945,H,NA,R,Y,3,0,1,5,A,-,03,22350,NA,N,C,C,A,A,H,-,A,D,0,NA,NA,NA,NA,Y,NA,A,01,0,1,0,0,0,0,0,0,0,-,-,33.927940368652344,-118.2364501953125,LOS ANGELES,UNINCORPORATED,-118.23644256591795,33.92799758911133
91850414,2022,2022-08-26,9530,2022-08-14,0935,022377,NA,7,1,9,1900,0,3,5,NA,2,002,WILLOWBROOK AVE.,124TH STREET,0,NA,Y,A,-,N,NA,NA,NA,NA,NA,NA,NA,NA,NA,Y,2,0,2,2,A,-,12,21453,A,N,D,C,A,A,H,-,A,A,0,NA,NA,NA,NA,Y,NA,A,01,1,0,1,0,0,0,0,0,0,-,-,33.91986846923828,-118.23367309570313,LOS ANGELES,UNINCORPORATED,-118.23361206054688,33.919822692871094
91850423,2022,2022-08-26,9565,2022-08-16,0825,017648,NA,2,1,5,1928,0,1,1,NA,2,060,I-405 N/B,MARINE AVE.,300,N,N,A,-,Y,LA,NA,405,NA,NA,18.75,H,NA,R,N,4,0,1,2,A,-,03,22350,NA,N,C,C,A,A,H,-,A,D,0,NA,NA,NA,NA,Y,NA,D,22,0,0,1,0,0,0,0,0,0,-,-,33.8956413269043,-118.36766815185548,LOS ANGELES,HAWTHORNE,-118.36766815185548,33.89564514160156
91850425,2022,2022-08-26,9580,2022-08-18,1330,022591,NA,4,1,7,1942,0,1,1,NA,2,405,I-405(SAN DIEGO FREEWAY) SOUTHBOUND TO US-101 (VEN,US-101 N/B (VENTURA FREEWAY),1275,S,N,A,-,Y,LA,NA,405,NA,NA,39.763,H,NA,L,Y,3,0,2,2,A,-,08,22107,NA,N,D,C,A,A,H,-,A,D,0,NA,NA,NA,NA,Y,NA,-,-,0,1,1,0,0,0,0,0,0,-,-,34.164878845214844,-118.46987152099608,LOS ANGELES,LOS ANGELES,-118.46971130371094,34.16488265991211
91850426,2022,2022-08-26,9580,2022-08-20,0208,022550,NA,6,3,7,1942,0,1,2,NA,2,103,US-101 S/B (VENTURA FREEWAY),I-405,100,N,N,A,-,Y,LA,NA,101,NA,NA,17.178,H,NA,L,N,4,0,1,2,A,-,08,22107,NA,M,B,C,A,A,H,-,D,D,0,NA,NA,NA,NA,Y,Y,-,99,0,0,1,0,0,0,0,0,0,-,-,34.160221099853516,-118.46993255615234,LOS ANGELES,LOS ANGELES,-118.46989440917967,34.16025924682617
91850429,2022,2022-08-26,9540,2022-08-18,0615,018208,NA,4,1,9,1900,0,1,1,NA,2,509,I-5 S/B (GOLDEN STATE FREEWAY),TEMPLIN HIGHWAY,13200,S,N,A,-,Y,LA,NA,5,NA,R,63.548,H,NA,L,Y,4,0,1,2,A,-,08,22107,NA,N,B,C,A,A,H,-,A,D,0,NA,NA,NA,Y,Y,NA,A,01,0,0,1,0,0,0,0,0,0,-,-,34.54602813720703,-118.65715026855467,LOS ANGELES,UNINCORPORATED,-118.65717315673828,34.545997619628906
91850448,2022,2022-08-26,9565,2022-08-16,0750,022728,NA,2,1,9,1900,0,3,5,NA,2,002,IMPERIAL HWY,VAN NESS AVE,0,NA,Y,A,-,N,NA,NA,NA,NA,NA,NA,NA,NA,NA,Y,4,0,1,2,A,-,12,21453,A,N,D,C,A,A,H,-,A,A,0,NA,NA,NA,NA,Y,NA,A,07,0,0,1,0,0,0,0,0,0,-,-,33.931060791015625,-118.31771087646484,LOS ANGELES,UNINCORPORATED,-118.31777954101564,33.93090057373047
91850451,2022,2022-08-26,9540,2022-08-24,0150,021447,NA,3,3,9,1900,0,2,4,NA,2,012,PICO CANYON RD (25200 BLOCK),STEVENSON RANCH PKY,200,E,N,A,-,N,NA,NA,NA,NA,NA,NA,NA,NA,NA,Y,4,0,1,1,A,-,08,22107,NA,N,E,I,A,A,H,-,C,D,0,NA,NA,NA,NA,Y,NA,A,08,0,0,1,0,0,0,0,0,0,-,-,34.379581451416016,-118.58306121826172,LOS ANGELES,UNINCORPORATED,-118.58324432373048,34.379451751708984
91850465,2022,2022-08-26,9540,2022-08-20,1150,020862,NA,6,1,9,1900,0,2,4,NA,2,010,THE OLD RD (24900 BLOCK),PICO CANYON RD,0,NA,Y,A,-,N,NA,NA,NA,NA,NA,NA,NA,NA,NA,N,3,0,1,2,A,-,12,21453,A,N,D,C,A,A,H,-,A,A,0,NA,NA,NA,NA,Y,NA,A,07,0,1,0,0,0,0,0,0,0,-,-,34.38117980957031,-118.57097625732422,LOS ANGELES,UNINCORPORATED,-118.57086944580078,34.38106918334961
91850475,2022,2022-08-26,9530,2022-08-16,1220,019412,NA,2,1,7,1941,0,1,3,NA,2,320,SR-91 W/B (ARF) TO I-710 S/B (LBF),ARTESIA BLVD,50,S,N,A,-,Y,LA,NA,710,NA,NA,12.877,H,NA,L,Y,2,0,1,2,A,-,03,22350,NA,N,F,A,A,A,H,-,A,D,0,NA,NA,Y,NA,Y,NA,C,02,1,0,0,0,0,0,0,0,1,-,-,33.87416076660156,-118.19376373291016,LOS ANGELES,LONG BEACH,-118.1935806274414,33.87413024902344
91850482,2022,2022-08-26,9540,2022-08-16,1745,019772,NA,2,2,7,1942,0,1,1,NA,1,502,I-5 N/B (GOLDEN STATE FREEWAY),ROXFORD STREET,400,N,N,A,-,Y,LA,NA,5,NA,NA,42.749,H,NA,R,N,3,0,1,1,A,-,08,22107,NA,N,F,A,A,A,H,-,A,D,0,NA,NA,Y,NA,Y,NA,C,02,0,1,0,0,0,0,0,0,1,-,-,34.304351806640625,-118.48059844970705,LOS ANGELES,LOS ANGELES,-118.48056030273438,34.304378509521484
91850486,2022,2022-08-26,9540,2022-08-05,2330,022415,NA,5,3,9,1900,0,2,4,NA,2,010,THE OLD RD.,PICO CANYON RD,0,NA,Y,A,-,N,NA,NA,NA,NA,NA,NA,NA,NA,NA,Y,3,0,3,2,A,-,12,21453,A,N,A,C,A,A,H,-,C,A,0,NA,NA,NA,NA,Y,NA,A,01,0,3,0,0,0,0,0,0,0,-,-,34.38108825683594,-118.57086181640624,LOS ANGELES,UNINCORPORATED,-118.57086944580078,34.38106918334961
91850499,2022,2022-08-26,9540,2022-08-19,1700,022401,NA,5,2,9,1900,0,1,1,NA,1,503,I-5 SOUTHBOUND (GOLDEN STATE FREEWAY),WELDON CANYON RD,200,N,N,A,-,Y,LA,NA,5,NA,R,46.618,H,NA,L,Y,3,0,1,4,A,-,03,22350,NA,N,C,C,A,A,D,-,A,D,0,NA,NA,NA,NA,Y,NA,D,22,0,1,0,0,0,0,0,0,0,-,-,34.34104919433594,-118.52359771728516,LOS ANGELES,UNINCORPORATED,-118.52360534667967,34.341007232666016
91850506,2022,2022-08-26,9565,2022-08-16,2104,022878,NA,2,2,7,1942,0,1,1,NA,2,082,I-10 E/B (SANTA MONICA FREEWAY),BUNDY DRIVE,250,W,N,A,-,Y,LA,NA,10,NA,R,4.478,H,NA,R,Y,3,0,3,1,A,-,08,22107,NA,N,E,8,A,A,H,-,D,D,0,NA,NA,NA,NA,Y,NA,A,07,0,2,1,0,0,0,0,0,0,-,-,34.027950286865234,-118.45004272460938,LOS ANGELES,LOS ANGELES,-118.45004272460938,34.0279655456543
91850514,2022,2022-08-26,9545,2022-08-24,1955,021814,NA,3,2,9,1900,0,3,5,NA,2,001,AVENUE M (COLUMBIA WAY),70TH STREET WEST,0,NA,Y,A,-,N,NA,NA,NA,NA,NA,NA,NA,NA,NA,Y,2,0,2,2,A,-,12,22450,A,N,D,C,A,A,H,-,C,A,0,NA,NA,NA,NA,Y,NA,A,01,1,1,0,0,0,0,0,0,0,-,-,34.645599365234375,-118.253662109375,LOS ANGELES,UNINCORPORATED,-118.2536163330078,34.64556121826172
91850517,2022,2022-08-26,9565,2022-08-18,1730,021372,NA,4,2,9,1900,0,3,5,NA,2,002,126TH STREET,HALLDALE AVENUE,0,NA,Y,A,-,N,NA,NA,NA,NA,NA,NA,NA,NA,NA,N,2,0,1,1,A,-,03,22350,NA,N,F,A,A,A,H,-,A,D,0,NA,NA,Y,NA,Y,NA,C,03,1,0,0,0,0,0,0,0,1,-,-,33.91836166381836,-118.30232238769533,LOS ANGELES,UNINCORPORATED,-118.30236053466795,33.91832733154297
91850523,2022,2022-08-26,9550,2022-08-18,1013,022895,NA,4,1,3,1903,0,1,3,NA,2,091,SR-91 W/B,GRIDLEY ROAD,236,E,N,A,-,Y,LA,NA,91,NA,R,17.619,H,NA,L,Y,4,0,1,4,A,-,03,22350,NA,N,C,C,A,A,H,-,A,D,0,NA,NA,NA,NA,Y,NA,D,22,0,0,1,0,0,0,0,0,0,-,-,33.876609802246094,-118.09069061279295,LOS ANGELES,ARTESIA,-118.09069061279295,33.87646484375
91850535,2022,2022-08-26,9580,2022-08-25,1845,022663,NA,4,2,7,1942,0,1,2,NA,2,102,US-101 N/B (VENTURA FREEWAY),BALBOA BLVD,1848,N,N,A,-,Y,LA,NA,101,NA,NA,19.57,H,NA,R,N,4,0,1,2,A,-,03,22350,NA,N,C,C,A,A,H,-,B,D,0,NA,NA,NA,NA,Y,NA,A,07,0,0,1,0,0,0,0,0,0,-,-,34.17127990722656,-118.50695037841795,LOS ANGELES,LOS ANGELES,-118.50695037841795,34.17127990722656
91850563,2022,2022-08-26,9565,2022-08-17,0550,015275,NA,3,3,7,1942,0,1,1,NA,2,064,I-405 S/B,MULHOLLAND DRIVE,528,S,N,B,-,Y,LA,NA,405,NA,NA,36.878,H,NA,L,N,3,0,1,2,A,-,03,22350,NA,N,E,J,A,A,H,-,D,D,0,NA,NA,Y,NA,Y,NA,C,02,0,1,0,0,0,0,0,0,1,-,-,34.124568939208984,-118.47705841064452,LOS ANGELES,LOS ANGELES,-118.47710418701172,34.124595642089844
91850567,2022,2022-08-26,9575,2022-08-20,1015,019990,NA,6,1,9,1900,0,1,3,NA,2,301,SR-2 (ANGELES CREST HIGHWAY),RED BOX RANGER STATION,2112,W,N,A,-,Y,LA,NA,2,NA,NA,37.883,H,NA,R,Y,3,0,1,1,A,-,03,22350,NA,N,F,A,A,A,H,-,A,D,0,NA,NA,Y,NA,Y,NA,C,02,0,1,0,0,0,0,0,0,1,-,-,34.264068603515625,-118.10823822021484,LOS ANGELES,UNINCORPORATED,-118.10824584960938,34.26398468017578
91850583,2022,2022-08-26,9580,2022-08-17,0802,019952,NA,3,1,7,1942,0,1,2,NA,2,102,US-101 N/B (VENTURA FREEWAY),HAYVENHURST AVE,300,N,N,A,-,Y,LA,NA,101,NA,NA,18.512,H,NA,R,N,3,0,1,3,A,-,03,22350,NA,N,C,C,A,A,H,-,A,D,0,NA,NA,NA,NA,Y,NA,D,22,0,1,0,0,0,0,0,0,0,-,-,34.16524124145508,-118.49057769775392,LOS ANGELES,LOS ANGELES,-118.49057769775392,34.16529083251953
91850586,2022,2022-08-26,9580,2022-08-26,0030,022566,NA,5,3,9,1900,0,3,5,NA,1,020,SCHUEREN ROAD,MOONRISE DR,87,E,N,A,-,N,NA,NA,NA,NA,NA,NA,NA,NA,NA,Y,2,0,1,1,A,-,03,22350,NA,N,E,I,A,A,H,-,D,D,0,NA,NA,NA,NA,Y,NA,A,01,1,0,0,0,0,0,0,0,0,-,-,34.078468322753906,-118.64837646484376,LOS ANGELES,UNINCORPORATED,-118.64830780029295,34.07854461669922
91850595,2022,2022-08-26,9535,2022-08-18,1155,017943,NA,4,1,9,1900,0,1,3,NA,2,601,SR-60 W/B (POMONA FREEWAY),ROWAN AVE,118,E,N,A,-,Y,LA,NA,60,NA,R,2.253,H,NA,L,Y,4,0,2,5,A,-,03,22350,NA,N,C,C,A,A,H,-,A,D,0,NA,NA,NA,NA,Y,NA,A,01,0,0,2,0,0,0,0,0,0,-,-,34.031761169433594,-118.18694305419922,LOS ANGELES,UNINCORPORATED,-118.18693542480467,34.031822204589844
91850601,2022,2022-08-26,9535,2022-08-18,1630,022105,NA,4,2,5,1959,0,1,1,NA,2,400,I-10 E/B (SAN BERNARDINO FREEWAY),ROSEMEAD BLVD,528,W,N,A,-,Y,LA,NA,10,NA,NA,26.661,H,NA,R,N,4,0,1,2,A,-,03,22350,NA,N,C,C,A,A,H,-,A,D,0,NA,NA,NA,NA,Y,NA,A,07,0,0,1,0,0,0,0,0,0,-,-,34.072078704833984,-118.07647705078124,LOS ANGELES,ROSEMEAD,-118.07647705078124,34.07203674316406
91850606,2022,2022-08-26,9530,2022-07-01,1725,022708,NA,5,2,9,1900,0,3,5,NA,2,004,S RANCHO WAY (19700 BLOCK),GLADWICK ST,550,S,N,A,-,N,NA,NA,NA,NA,NA,NA,NA,NA,NA,N,3,0,2,4,A,-,08,22107,NA,N,G,B,D,A,H,-,A,D,0,Y,NA,NA,NA,Y,NA,A,01,0,2,0,0,2,0,0,0,0,-,-,33.85070037841797,-118.22149658203124,LOS ANGELES,UNINCORPORATED,-118.22149658203124,33.85084915161133
91850615,2022,2022-08-26,9535,2022-08-13,2340,022840,NA,6,3,5,1906,0,1,1,NA,2,650,I-605 N/B (SAN GABRIEL RIVER FREEWAY),VALLEY BLVD,30,N,N,A,-,Y,LA,NA,605,NA,R,19.453,H,NA,R,N,4,0,2,3,A,-,03,22350,NA,N,C,C,A,A,H,-,D,D,0,NA,NA,NA,NA,Y,NA,A,01,0,0,2,0,0,0,0,0,0,-,-,34.05487823486328,-118.00376892089844,LOS ANGELES,BALDWIN PARK,-118.00379943847656,34.05488967895508
91850659,2022,2022-08-26,9535,2022-08-05,1510,021931,NA,5,2,5,1948,0,1,3,NA,2,600,SR-60 (POMONA FREEWAY) E/B,ATLANTIC BLVD.,1056,W,N,A,-,Y,LA,NA,60,NA,R,4.256,H,NA,R,N,4,0,1,2,A,-,03,22350,NA,N,C,C,A,A,H,-,A,D,0,NA,NA,NA,NA,Y,NA,A,07,0,0,1,0,0,0,0,0,0,-,-,34.036170959472656,-118.1530303955078,LOS ANGELES,MONTEREY PARK,-118.15304565429688,34.0361328125
91850679,2022,2022-08-26,9535,2022-08-19,0630,022017,NA,5,1,6,1922,0,1,1,NA,2,111,INTERSTATE 10 W/B (SAN BERNARDINO FREEWAY),SANTA ANITA AVENUE,1000,W,N,A,-,Y,LA,NA,10,NA,NA,28.425,H,NA,L,Y,3,0,1,1,A,-,03,22350,NA,N,E,I,A,A,H,-,A,D,0,NA,NA,Y,NA,Y,NA,C,02,0,1,0,0,0,0,0,0,1,-,-,34.069908142089844,-118.0463409423828,LOS ANGELES,EL MONTE,-118.04630279541016,34.06997299194336
91850709,2022,2022-08-26,9530,2022-08-11,1115,020816,NA,4,1,9,1900,0,1,1,NA,2,120,I-110 N/B TO I-405 N/B,I-405,954,S,N,A,-,Y,NA,NA,NA,NA,NA,NA,NA,NA,NA,N,4,0,1,3,A,-,03,22350,NA,F,C,C,A,A,H,-,A,D,0,NA,NA,NA,NA,Y,NA,A,01,0,0,1,0,0,0,0,0,0,-,-,33.85353088378906,-118.28410339355467,LOS ANGELES,UNINCORPORATED,-118.28410339355467,33.85353088378906
91850710,2022,2022-09-27,9535,2022-08-19,1020,022740,NA,5,1,5,1915,0,1,1,NA,2,075,I-710 S/B (LONG BEACH FREEWAY),ALONDRA BLVD,150,N,N,A,-,Y,LA,NA,710,NA,NA,13.984,H,NA,L,N,4,0,1,3,A,-,07,21658,A,N,B,C,A,A,H,-,A,D,0,NA,NA,NA,Y,Y,NA,-,-,0,0,1,0,0,0,0,0,0,-,-,33.88959884643555,-118.18891143798828,LOS ANGELES,COMPTON,-118.18888092041016,33.88959503173828
91850724,2022,2022-08-26,9535,2022-06-20,1402,022797,NA,1,2,3,1914,0,1,1,NA,2,072,I-710 N/B (LONG BEACH FREEWAY),WASHINGTON BLVD,528,S,N,A,-,Y,LA,NA,710,NA,NA,22.348,H,NA,R,Y,4,0,1,2,A,-,03,22350,NA,M,C,C,A,A,H,-,A,D,0,NA,NA,NA,Y,Y,NA,A,01,0,0,1,0,0,0,0,0,0,-,-,34.00307846069336,-118.1733169555664,LOS ANGELES,COMMERCE,-118.17342376708984,34.003108978271484
91850744,2022,2022-08-26,9535,2022-08-19,1905,022418,NA,5,2,6,1922,0,1,1,NA,2,400,I-10 E/B TO SANTA ANITA AVE,SANTA ANITA AVENUE,230,W,N,A,-,Y,NA,NA,NA,NA,NA,NA,NA,NA,NA,N,4,0,1,3,A,-,03,22350,NA,M,C,C,A,A,H,-,A,D,0,NA,NA,NA,NA,Y,NA,-,99,0,0,1,0,0,0,0,0,0,-,-,34.06850051879883,-118.04313659667967,LOS ANGELES,EL MONTE,-118.04313659667967,34.06850051879883
91850754,2022,2022-08-26,9540,2022-08-25,0625,018208,NA,4,1,9,1900,0,1,1,NA,2,507,I-5 S/B (GOLDEN STATE FREEWAY),LYONS AVENUE,1245,N,N,A,-,Y,LA,NA,5,NA,R,50.581,H,NA,L,Y,4,0,1,2,A,-,07,21658,A,N,B,C,A,A,D,-,A,D,0,NA,NA,NA,Y,Y,NA,F,26,0,0,1,0,0,0,0,0,0,-,-,34.38209915161133,-118.56746673583984,LOS ANGELES,UNINCORPORATED,-118.56748962402344,34.38209533691406
91850774,2022,2022-08-26,9535,2022-08-25,1540,022120,NA,4,2,9,1900,0,3,5,NA,2,002,ARIZONA AVE. (500 BLOCK),6TH AVE,230,N,N,A,-,N,NA,NA,NA,NA,NA,NA,NA,NA,NA,N,4,0,1,3,A,-,03,22350,NA,N,C,C,A,A,H,-,A,D,0,NA,NA,NA,NA,Y,NA,A,07,0,0,1,0,0,0,0,0,0,-,-,34.02848815917969,-118.16509246826172,LOS ANGELES,UNINCORPORATED,-118.49434661865234,34.01974105834961
91850800,2022,2022-08-26,9545,2022-04-09,0213,022221,NA,6,3,6,1950,0,1,3,NA,2,021,STATE ROUTE 14 SOUTHBOUND,AVENUE S,1742,N,N,A,-,Y,LA,NA,14,NA,R,58.559,H,NA,L,Y,1,1,0,3,A,-,01,23152,A,N,G,B,E,A,C,-,D,D,0,Y,NA,NA,NA,Y,Y,D,22,0,0,0,1,0,0,0,0,0,-,-,34.56330108642578,-118.13317108154295,LOS ANGELES,PALMDALE,-118.1330795288086,34.56330871582031
91850813,2022,2022-08-26,9590,2022-08-16,0643,022382,NA,2,1,7,1942,0,1,1,NA,2,053,I-110 S/B (HAF) TO I-10 W/B (SMF),VENICE BLVD,175,S,N,A,-,Y,NA,NA,NA,NA,NA,NA,NA,NA,NA,N,3,0,1,3,A,-,07,21658,A,F,B,C,A,A,H,-,A,D,0,NA,NA,Y,NA,Y,NA,-,99,0,1,0,0,0,0,0,0,1,-,-,34.03899002075195,-118.27490997314452,LOS ANGELES,LOS ANGELES,-118.27490997314452,34.03899002075195
91850816,2022,2022-08-26,9535,2022-08-25,1305,022011,NA,4,1,9,1900,0,2,4,NA,2,015,FORD BLVD.,HAMMEL ST,0,NA,Y,A,-,N,NA,NA,NA,NA,NA,NA,NA,NA,NA,N,4,0,1,2,A,-,12,22450,A,N,D,C,A,A,H,-,A,A,0,NA,NA,NA,Y,Y,NA,F,26,0,0,1,0,0,0,0,0,0,-,-,34.042388916015625,-118.1692123413086,LOS ANGELES,UNINCORPORATED,-118.16921997070313,34.04240036010742