CASE_ID,ACCIDENT_YEAR,PROC_DATE,JURIS,COLLISION_DATE,COLLISION_TIME,OFFICER_ID,REPORTING_DISTRICT,DAY_OF_WEEK,CHP_SHIFT,POPULATION,CNTY_CITY_LOC,SPECIAL_COND,BEAT_TYPE,CHP_BEAT_TYPE,CITY_DIVISION_LAPD,CHP_BEAT_CLASS,BEAT_NUMBER,PRIMARY_RD,SECONDARY_RD,DISTANCE,DIRECTION,INTERSECTION,WEATHER_1,WEATHER_2,STATE_HWY_IND,CALTRANS_COUNTY,CALTRANS_DISTRICT,STATE_ROUTE,ROUTE_SUFFIX,POSTMILE_PREFIX,POSTMILE,LOCATION_TYPE,RAMP_INTERSECTION,SIDE_OF_HWY,TOW_AWAY,COLLISION_SEVERITY,NUMBER_KILLED,NUMBER_INJURED,PARTY_COUNT,PRIMARY_COLL_FACTOR,PCF_CODE_OF_VIOL,PCF_VIOL_CATEGORY,PCF_VIOLATION,PCF_VIOL_SUBSECTION,HIT_AND_RUN,TYPE_OF_COLLISION,MVIW,PED_ACTION,ROAD_SURFACE,ROAD_COND_1,ROAD_COND_2,LIGHTING,CONTROL_DEVICE,CHP_ROAD_TYPE,PEDESTRIAN_ACCIDENT,BICYCLE_ACCIDENT,MOTORCYCLE_ACCIDENT,TRUCK_ACCIDENT,NOT_PRIVATE_PROPERTY,ALCOHOL_INVOLVED,STWD_VEHTYPE_AT_FAULT,CHP_VEHTYPE_AT_FAULT,COUNT_SEVERE_INJ,COUNT_VISIBLE_INJ,COUNT_COMPLAINT_PAIN,COUNT_PED_KILLED,COUNT_PED_INJURED,COUNT_BICYCLIST_KILLED,COUNT_BICYCLIST_INJURED,COUNT_MC_KILLED,COUNT_MC_INJURED,PRIMARY_RAMP,SECONDARY_RAMP,LATITUDE,LONGITUDE,COUNTY,CITY,POINT_X,POINT_Y
91862974,2022,2022-09-13,9580,2022-09-02,2035,021985,NA,5,2,7,1942,0,1,2,NA,2,104,US-101 N/B (VENTURA FREEWAY),VALLEY CIRCLE BLVD,1400,N,N,A,-,Y,LA,NA,101,NA,NA,27.512,H,NA,R,Y,4,0,1,2,A,-,01,23152,F,M,C,C,A,A,H,-,C,D,0,NA,NA,NA,NA,Y,NA,A,07,0,0,1,0,0,0,0,0,0,-,-,34.15850067138672,-118.64012145996094,LOS ANGELES,LOS ANGELES,-118.64014434814452,34.158538818359375
91862975,2022,2023-11-20,9530,2022-08-31,0130,022951,NA,3,3,9,1900,0,1,1,NA,2,120,I-110 S/B (HARBOR FREEWAY),DEL AMO BLVD.,660,N,N,A,-,Y,LA,NA,110,NA,NA,8.11,H,NA,L,Y,3,0,1,1,A,-,01,23152,A,N,E,I,A,A,H,-,D,D,0,NA,NA,NA,NA,Y,Y,A,01,0,1,0,0,0,0,0,0,0,-,-,33.8473014831543,-118.28524780273438,LOS ANGELES,UNINCORPORATED,-118.28508758544922,33.8472900390625
91862994,2022,2022-09-13,9565,2022-08-31,1530,022057,NA,3,2,9,1900,0,1,1,NA,2,060,I-405 N/B TO IMPERIAL HIGHWAY,IMPERIAL HIGHWAY,10,S,N,A,-,Y,LA,NA,105,NA,R,2.225,H,NA,L,N,3,0,1,2,A,-,03,22350,NA,N,C,C,A,A,H,-,A,D,0,NA,NA,NA,NA,Y,NA,A,01,0,1,0,0,0,0,0,0,0,-,-,33.93067932128906,-118.3665008544922,LOS ANGELES,UNINCORPORATED,-118.36646270751952,33.93058776855469
91863005,2022,2022-09-13,9575,2022-09-02,1430,022839,NA,5,2,6,1953,0,1,1,NA,2,064,I-210 W/B (FOOTHILL FREEWAY) FROM MARENGO AVENUE,MARENGO AVENUE,752,E,N,A,-,Y,LA,NA,210,NA,R,25.695,H,NA,R,Y,4,0,2,3,A,-,03,22350,NA,N,C,C,A,A,H,-,A,A,0,NA,NA,NA,NA,Y,NA,A,01,0,0,2,0,0,0,0,0,0,-,-,34.15147018432617,-118.14338684082033,LOS ANGELES,PASADENA,-118.14338684082033,34.15167236328125
91863011,2022,2022-09-13,9550,2022-09-01,1235,022789,NA,4,1,9,1900,0,3,5,NA,2,002,IMPERIAL HIGHWAY EB,MARQUARDT AVE.,1100,W,N,A,-,N,NA,NA,NA,NA,NA,NA,NA,NA,NA,N,3,0,1,2,A,-,09,21804,A,N,D,C,A,A,H,-,A,D,0,NA,NA,Y,NA,Y,NA,A,01,0,1,0,0,0,0,0,0,1,-,-,33.9169807434082,-118.04170989990234,LOS ANGELES,UNINCORPORATED,-118.04164886474608,33.917091369628906
91863014,2022,2022-09-13,9530,2022-08-31,0959,021902,NA,3,1,7,1942,0,1,1,NA,2,200,I-105 W/B (GLENN ANDERSON FREEWAY),SAN PEDRO ST.,75,E,N,A,-,Y,LA,NA,105,NA,R,8.145,H,NA,L,N,3,0,1,2,A,-,07,21658,A,N,B,C,A,A,H,-,A,D,0,NA,NA,Y,NA,Y,NA,A,01,0,1,0,0,0,0,0,0,1,-,-,33.92763900756836,-118.26751708984376,LOS ANGELES,LOS ANGELES,-118.26751708984376,33.92765426635742
91863016,2022,2022-09-13,9530,2022-08-31,0748,020548,NA,3,1,9,1900,0,3,5,NA,2,001,87TH ST,HICKORY ST.,0,NA,Y,A,-,N,NA,NA,NA,NA,NA,NA,NA,NA,NA,N,4,0,1,2,A,-,12,22450,A,M,D,C,A,D,H,-,A,A,0,NA,NA,NA,NA,Y,NA,-,99,0,0,1,0,0,0,0,0,0,-,-,33.95846939086914,-118.23522186279295,LOS ANGELES,UNINCORPORATED,-118.23514556884766,33.958492279052734
91863033,2022,2022-09-13,9545,2022-09-08,1705,021569,NA,4,2,9,1900,0,2,4,NA,1,024,ELIZABETH LAKE ROAD,SAN FRANCISQUITO CANYON RD,3696,E,N,A,-,N,NA,NA,NA,NA,NA,NA,NA,NA,NA,N,3,0,1,1,A,-,03,22350,NA,N,F,A,A,A,H,-,A,D,0,NA,NA,Y,NA,Y,NA,C,02,0,1,0,0,0,0,0,0,1,-,-,34.64500045776367,-118.36585998535156,LOS ANGELES,UNINCORPORATED,-118.36590576171876,34.64495849609375
91863036,2022,2022-09-13,9530,2022-08-31,1258,020548,NA,3,1,9,1900,0,3,5,NA,2,001,COMPTON AVE (6400 BLOCK),65TH ST,120,N,N,A,-,N,NA,NA,NA,NA,NA,NA,NA,NA,NA,N,4,0,1,2,A,-,08,22107,NA,N,B,C,A,A,H,-,A,D,0,NA,NA,NA,NA,Y,NA,A,07,0,0,1,0,0,0,0,0,0,-,-,33.98122024536133,-118.247802734375,LOS ANGELES,UNINCORPORATED,-118.24771881103516,33.98114013671875
91863045,2022,2022-09-13,9540,2022-09-09,1635,021124,NA,5,2,6,1985,0,1,3,NA,2,148,SR-14 N/B (ANTELOPE VALLEY FREEWAY),NEWHALL AVENUE,1205,S,N,B,-,Y,LA,NA,14,NA,R,26.778,H,NA,R,N,4,0,1,2,A,-,03,22350,NA,N,C,2,A,A,H,-,A,D,0,NA,NA,Y,NA,Y,NA,C,02,0,0,1,0,0,0,0,0,1,-,-,34.36159896850586,-118.50550842285156,LOS ANGELES,SANTA CLARITA,-118.50544738769533,34.361576080322266
91863065,2022,2022-09-13,9575,2022-09-02,0755,018084,NA,5,1,7,1942,0,1,3,NA,2,043,SR-134 E/B (VENTURA FREEWAY),I-5 S/B (GOLDEN STATE FREEWAY),1100,W,N,A,-,Y,LA,NA,134,NA,R,5.245,H,NA,R,N,4,0,1,3,A,-,03,22350,NA,M,C,C,A,A,H,-,A,D,0,NA,NA,NA,NA,Y,NA,A,01,0,0,1,0,0,0,0,0,0,-,-,34.153228759765625,-118.28684997558594,LOS ANGELES,LOS ANGELES,-118.2868881225586,34.15317916870117
91863066,2022,2022-09-13,9545,2022-09-04,1900,022221,NA,7,2,9,1900,0,3,5,NA,2,004,AVENUE R10,105TH ST  E,1320,W,N,A,-,N,NA,NA,NA,NA,NA,NA,NA,NA,NA,N,3,0,1,2,D,-,00,NA,NA,N,D,C,A,A,H,-,B,D,0,NA,NA,Y,NA,Y,NA,-,-,0,1,0,0,0,0,0,0,1,-,-,34.56344985961914,-117.94483184814452,LOS ANGELES,UNINCORPORATED,-117.94747161865234,34.563377380371094
91863067,2022,2022-09-13,9530,2022-08-31,1607,017755,NA,3,2,5,1977,0,1,1,NA,2,410,I-405 S/B (SAN DIEGO FREEWAY),AVALON BLVD.,1270,N,N,A,-,Y,LA,NA,405,NA,NA,11.496,H,NA,L,N,4,0,1,2,A,-,03,22350,NA,N,C,C,A,A,H,-,A,D,0,NA,NA,NA,NA,Y,NA,A,08,0,0,1,0,0,0,0,0,0,-,-,33.84212112426758,-118.26634216308594,LOS ANGELES,CARSON,-118.26631927490234,33.842132568359375
91863069,2022,2022-09-13,9565,2022-08-31,0640,017648,NA,3,1,5,1928,0,1,1,NA,2,010,I-105 W/B,IMPERIAL HWY.,50,E,N,A,-,Y,LA,NA,105,NA,R,3.561,H,NA,L,N,4,0,4,3,A,-,03,22350,NA,N,C,C,A,A,H,-,A,D,0,NA,NA,NA,NA,Y,NA,A,01,0,0,4,0,0,0,0,0,0,-,-,33.930660247802734,-118.3444595336914,LOS ANGELES,HAWTHORNE,-118.34449005126952,33.93062210083008
91863076,2022,2022-09-13,9580,2022-09-03,0435,022572,NA,6,3,7,1942,0,1,3,NA,2,116,SR-118 E/B (RONALD REAGAN FWY.),I-405 S/B (SAN DIEGO FWY),300,W,N,A,-,Y,LA,NA,118,NA,R,9.694,H,NA,R,N,3,0,1,2,A,-,03,22350,NA,N,C,C,A,A,H,-,C,D,0,NA,NA,NA,NA,Y,Y,A,07,0,1,0,0,0,0,0,0,0,-,-,34.26594161987305,-118.47408294677734,LOS ANGELES,LOS ANGELES,-118.47408294677734,34.265892028808594
91863083,2022,2022-09-13,9540,2022-09-11,1049,020400,NA,7,1,6,1985,0,1,3,NA,1,145,SR-14 SOUTHBOUND,SAND CANYON RD,50,S,N,A,-,Y,LA,NA,14,NA,NA,33.382,H,NA,R,Y,4,0,4,2,A,-,08,22107,NA,N,B,C,A,A,H,-,A,D,0,NA,NA,NA,NA,Y,NA,A,01,0,0,4,0,0,0,0,0,0,-,-,34.42464065551758,-118.42415618896484,LOS ANGELES,SANTA CLARITA,-118.42430877685548,34.42485809326172
91863084,2022,2022-09-13,9590,2022-08-31,2205,021346,NA,3,3,7,1942,0,1,1,NA,2,063,I-10 W/B (SANTA MONICA FREEWAY) COLLECTOR ROAD,BUDLONG AVENUE,250,W,N,A,-,Y,LA,NA,10,NA,R,13.502,H,NA,L,N,4,0,1,2,A,-,07,21658,A,N,B,C,A,A,H,-,C,D,0,NA,NA,NA,NA,Y,NA,A,07,0,0,1,0,0,0,0,0,0,-,-,34.03728103637695,-118.297119140625,LOS ANGELES,LOS ANGELES,-118.297119140625,34.03712844848633
91863087,2022,2022-09-13,9565,2022-08-31,1340,022057,NA,3,1,9,1900,0,1,1,NA,2,060,I-405 S/B (SAN DIEGO FREEWAY),EL SEGUNDO BOULEVARD,150,N,N,A,-,Y,LA,NA,405,NA,NA,20.269,H,NA,L,N,4,0,1,3,A,-,03,22350,NA,N,C,C,A,A,H,-,A,D,0,NA,NA,NA,NA,Y,NA,-,31,0,0,1,0,0,0,0,0,0,-,-,33.917030334472656,-118.37020874023438,LOS ANGELES,UNINCORPORATED,-118.37019348144533,33.91702651977539
91863089,2022,2022-09-13,9530,2022-08-31,1430,023051,NA,3,2,9,1900,0,3,5,NA,2,001,ALAMEDA ST.,NADEAU ST.,0,NA,Y,A,-,N,NA,NA,NA,NA,NA,NA,NA,NA,NA,N,3,0,2,2,A,-,09,21801,A,N,D,C,A,A,H,-,A,A,0,NA,NA,NA,NA,Y,NA,A,07,0,2,0,0,0,0,0,0,0,-,-,33.96744918823242,-118.23319244384766,LOS ANGELES,UNINCORPORATED,-118.23322296142578,33.96744918823242
91863120,2022,2022-09-13,9530,2022-08-31,1800,023051,NA,3,2,9,1900,0,3,5,NA,2,001,BEACH ST. (8700 BLOCK),87TH ST.,36,S,N,A,-,N,NA,NA,NA,NA,NA,NA,NA,NA,NA,N,3,0,1,2,A,-,01,23152,A,N,B,E,A,A,H,-,A,D,0,NA,NA,NA,NA,Y,Y,A,01,0,1,0,0,0,0,0,0,0,-,-,33.958370208740234,-118.24198150634766,LOS ANGELES,UNINCORPORATED,-118.2419662475586,33.95839309692383
91863132,2022,2022-09-13,9575,2022-09-06,0640,015204,NA,2,1,9,1900,0,1,3,NA,2,300,SR-2 (ANGELES CREST HWY),BAYTREE RD,20064,E,N,A,-,Y,LA,NA,2,NA,NA,30.354,H,NA,R,Y,4,0,1,1,A,-,03,22350,NA,N,E,J,A,A,C,-,A,D,0,NA,NA,NA,NA,Y,NA,A,01,0,0,1,0,0,0,0,0,0,-,-,34.25815963745117,-118.19393920898438,LOS ANGELES,UNINCORPORATED,-118.19395446777344,34.25813293457031
91863134,2022,2022-09-13,9580,2022-09-06,1530,021985,NA,2,2,7,1942,0,1,1,NA,2,407,I-405 S/B (SAN DIEGO FWY) TO ROSCOE BLVD,ROSCOE BLVD,50,N,N,A,-,Y,NA,NA,NA,NA,NA,NA,NA,NA,NA,Y,3,0,2,3,A,-,03,22350,NA,N,C,C,A,A,H,-,A,A,0,NA,NA,NA,NA,Y,NA,A,01,0,1,1,0,0,0,0,0,0,-,-,34.22159957885742,-118.47368621826172,LOS ANGELES,LOS ANGELES,-118.47368621826172,34.22159957885742
91863155,2022,2022-09-13,9580,2022-09-12,0920,022799,NA,1,1,7,1942,0,1,1,NA,2,407,I-405 S/B (SAN DIEGO FWY),NORDHOFF ST,2640,N,N,A,-,Y,LA,NA,405,NA,NA,45.292,H,NA,L,Y,4,0,2,2,A,-,03,22350,NA,N,C,C,A,A,H,-,A,D,0,NA,NA,NA,NA,Y,NA,A,01,0,0,2,0,0,0,0,0,0,-,-,34.243438720703125,-118.47309112548828,LOS ANGELES,LOS ANGELES,-118.4730987548828,34.243438720703125
91863164,2022,2022-09-13,9580,2022-09-12,1220,018185,NA,1,1,7,1942,0,1,2,NA,2,105,US-101 S/B (VENTURA FREEWAY),SR-27 N/B (TOPANGA CYN. BLVD.),100,S,N,A,-,Y,LA,NA,101,NA,NA,25.284,H,NA,L,Y,3,0,4,5,A,-,03,22350,NA,F,C,C,A,A,H,-,A,D,0,NA,NA,NA,NA,Y,NA,A,01,0,1,3,0,0,0,0,0,0,-,-,34.170501708984375,-118.60472869873048,LOS ANGELES,LOS ANGELES,-118.604736328125,34.17048263549805
91863176,2022,2022-09-13,9580,2022-09-11,1540,022437,NA,7,2,7,1942,0,1,2,NA,2,105,US-101 S/B (VENTURA FREEWAY),CORBIN AVE,370,N,N,A,-,Y,LA,NA,101,NA,NA,22.845,H,NA,L,Y,4,0,2,2,A,-,08,22107,NA,N,B,C,A,A,H,-,A,D,0,NA,NA,NA,NA,Y,NA,A,07,0,0,2,0,0,0,0,0,0,-,-,34.173301696777344,-118.56358337402344,LOS ANGELES,LOS ANGELES,-118.56356811523438,34.173213958740234
91863180,2022,2022-09-13,9580,2022-09-09,0725,019097,NA,5,1,7,1942,0,1,3,NA,2,119,SR-118 W/B (RONALD REAGAN FWY.),SR-27 N/B (TOPANGA CYN. BLVD.),700,E,N,B,-,Y,NA,NA,NA,NA,NA,NA,NA,NA,NA,Y,3,0,4,2,A,-,03,22350,NA,N,C,C,A,A,H,-,A,D,0,NA,NA,NA,NA,Y,NA,A,08,0,3,1,0,0,0,0,0,0,-,-,NA,NA,LOS ANGELES,LOS ANGELES,-118.6029815673828,34.27726745605469
91863186,2022,2022-09-13,9535,2022-08-24,1553,022842,NA,3,2,9,1900,0,3,5,NA,2,002,MCDONNELL AVENUE (1000 BLOCK),VERONA STREET,60,S,N,A,-,N,NA,NA,NA,NA,NA,NA,NA,NA,NA,Y,2,0,1,2,A,-,08,22107,NA,N,A,E,A,A,H,-,A,D,0,NA,NA,NA,NA,Y,NA,A,01,1,0,0,0,0,0,0,0,0,-,-,34.02064895629883,-118.16854858398438,LOS ANGELES,UNINCORPORATED,-118.1685791015625,34.020721435546875
91863213,2022,2022-09-13,9575,2022-08-28,1130,021006,NA,7,1,9,1900,0,1,3,NA,2,303,SR-2 (ANGELES CREST HIGHWAY),NEWCOMBS RANCH,4646,E,N,A,-,Y,LA,NA,2,NA,NA,51.073,H,NA,R,N,2,0,4,2,A,-,05,21460,A,F,B,C,A,A,H,-,A,D,0,NA,NA,NA,NA,Y,Y,-,99,4,0,0,0,0,0,0,0,0,-,-,34.33042907714844,-117.9985122680664,LOS ANGELES,UNINCORPORATED,-117.99851989746094,34.330501556396484
91863219,2022,2022-09-13,9540,2022-09-05,0545,019853,NA,1,3,7,1942,0,1,1,NA,2,504,I-5 N/B TRUCK BY-PASS LANE,SIERRA HWY,2000,S,N,A,-,Y,LA,NA,5,S,C,45.012,H,NA,R,N,4,0,2,2,A,-,08,22107,NA,N,C,E,A,A,H,-,B,D,0,NA,NA,NA,Y,Y,NA,A,07,0,0,2,0,0,0,0,0,0,-,-,34.32627868652344,-118.5021514892578,LOS ANGELES,LOS ANGELES,-118.5021743774414,34.32627868652344
91863228,2022,2022-09-13,9545,2022-09-06,1620,022093,NA,2,2,9,1900,0,2,4,NA,1,025,SAN FRANCISQUITO CANYON RD,BURNS FIRE ROAD,500,N,N,A,-,N,NA,NA,NA,NA,NA,NA,NA,NA,NA,N,4,0,1,1,A,-,03,22350,NA,N,E,I,A,A,H,-,A,D,0,NA,NA,NA,NA,Y,NA,A,01,0,0,1,0,0,0,0,0,0,-,-,34.64448928833008,-118.37832641601564,LOS ANGELES,UNINCORPORATED,NA,NA
91863235,2022,2022-09-13,9535,2022-08-28,0510,022840,NA,7,3,5,1959,0,1,3,NA,2,621,SR-60 W/B (POMONA FREEWAY),ROSEMEAD BLVD,520,E,N,A,-,Y,NA,NA,NA,NA,NA,NA,NA,NA,NA,N,3,0,2,1,A,-,08,22107,NA,M,F,I,A,A,H,-,D,D,0,NA,NA,NA,NA,Y,NA,A,07,0,2,0,0,0,0,0,0,0,-,-,34.04169845581055,-118.06240844726564,LOS ANGELES,ROSEMEAD,-118.0624771118164,34.0413932800293
91863247,2022,2022-09-13,9530,2022-09-01,1959,017755,NA,4,2,9,1900,0,1,1,NA,2,410,I-405 N/B (SAN DIEGO FREEWAY),FIGUEROA ST.,167,S,N,A,-,Y,LA,NA,405,NA,NA,12.712,H,NA,R,Y,3,0,1,2,A,-,21,22106,NA,N,B,C,A,A,H,-,C,D,0,NA,NA,NA,Y,Y,NA,A,01,0,1,0,0,0,0,0,0,0,-,-,33.85438919067383,-118.28146362304688,LOS ANGELES,UNINCORPORATED,-118.28150177001952,33.8543586730957
91863253,2022,2022-09-13,9545,2022-09-07,0845,016523,NA,3,1,9,1900,0,3,5,NA,2,003,SR-14 N/B TO SIERRA HWY,SIERRA HIGHWAY,0,NA,Y,A,-,Y,NA,NA,NA,NA,NA,NA,NA,NA,NA,Y,4,0,1,2,A,-,09,21802,A,N,D,C,A,A,H,-,A,A,0,NA,NA,NA,NA,Y,NA,A,01,0,0,1,0,0,0,0,0,0,-,-,34.50925064086914,-118.11118316650392,LOS ANGELES,UNINCORPORATED,-118.13967895507813,34.487548828125
91863255,2022,2022-09-13,9535,2022-09-02,1650,021931,NA,5,2,6,1922,0,1,1,NA,2,400,I-10 E/B TO SANTA ANITA AVE,SANTA ANITA AVE.,50,W,N,A,-,Y,NA,NA,NA,NA,NA,NA,NA,NA,NA,N,4,0,1,2,A,-,03,22350,NA,N,C,C,A,A,H,-,A,D,0,NA,NA,NA,NA,Y,NA,-,-,0,0,1,0,0,0,0,0,0,-,-,34.06840133666992,-118.04258728027344,LOS ANGELES,EL MONTE,-118.04258728027344,34.06840133666992
91863279,2022,2022-09-13,9530,2022-09-01,1535,017860,NA,4,2,2,1967,0,1,1,NA,2,420,I-405 S/B (SAN DIEGO FREEWAY),ATLANTIC AVE.,295,S,N,A,-,Y,LA,NA,405,NA,NA,6.01,H,NA,L,N,3,0,2,2,A,-,03,22350,NA,N,C,C,A,A,H,-,A,D,0,NA,NA,NA,NA,Y,NA,A,01,0,1,1,0,0,0,0,0,0,-,-,33.8148193359375,-118.18396759033205,LOS ANGELES,SIGNAL HILL,-118.1839599609375,33.81484603881836
91863296,2022,2022-09-13,9535,2022-09-02,1840,021931,NA,5,2,6,1922,0,1,1,NA,2,401,I-10 W/B (SAN BERNARDINO FREEWAY),SANTA ANITA AVE,1056,W,N,A,-,Y,LA,NA,10,NA,NA,28.421,H,NA,L,N,4,0,1,2,A,-,03,22350,NA,N,C,C,A,A,H,-,A,D,0,NA,NA,NA,NA,Y,NA,A,07,0,0,1,0,0,0,0,0,0,-,-,34.06998825073242,-118.04637145996094,LOS ANGELES,EL MONTE,-118.0463638305664,34.06999969482422
91863347,2022,2022-09-13,9535,2022-09-03,1130,022243,NA,6,1,9,1900,0,2,4,NA,2,011,EASTERN AVE,FLORAL DR,0,NA,Y,A,-,N,NA,NA,NA,NA,NA,NA,NA,NA,NA,N,4,0,1,2,A,-,09,21801,A,N,D,C,A,A,H,-,A,A,0,NA,NA,NA,NA,Y,NA,A,01,0,0,1,0,0,0,0,0,0,-,-,34.04418182373047,-118.1736068725586,LOS ANGELES,UNINCORPORATED,-118.1736297607422,34.04418182373047
91863354,2022,2022-09-13,9550,2022-09-03,1125,021656,NA,6,1,5,1919,0,1,1,NA,2,652,INTERSTATE 605 N/B (SAN GABRIEL RIVER FREEWAY),DEL AMO  BOULEVARD,50,N,N,A,-,Y,LA,NA,605,NA,R,2.886,H,NA,R,Y,4,0,1,2,A,-,03,22350,NA,N,C,C,A,A,H,-,A,D,0,NA,NA,NA,NA,Y,NA,A,01,0,0,1,0,0,0,0,0,0,-,-,33.84619903564453,-118.09239959716795,LOS ANGELES,CERRITOS,-118.0924072265625,33.846195220947266
91863362,2022,2022-09-13,9580,2022-09-01,0904,019952,NA,4,1,7,1942,0,1,2,NA,2,102,N/B US-101 (VENTURA FREEWAY),I-405 S/B (SAN DIEGO FWY),150,N,N,A,-,Y,LA,NA,101,NA,NA,17.285,H,NA,R,N,4,0,1,2,A,-,03,22350,NA,N,C,C,A,A,H,-,A,D,0,NA,NA,NA,NA,Y,NA,A,07,0,0,1,0,0,0,0,0,0,-,-,34.16218185424805,-118.470947265625,LOS ANGELES,LOS ANGELES,-118.47091674804688,34.162200927734375
91863397,2022,2022-09-13,9535,2022-09-03,1445,022330,NA,6,2,4,1907,0,1,1,NA,2,072,I-710 N/B (LONG BEACH FWY),CLARA ST.,1080,S,N,A,-,Y,LA,NA,710,NA,NA,19.24,H,NA,R,Y,4,0,1,3,A,-,07,21658,A,N,B,C,A,A,H,-,A,D,0,NA,NA,NA,NA,Y,NA,A,07,0,0,1,0,0,0,0,0,0,-,-,33.96131896972656,-118.16983795166016,LOS ANGELES,BELL,-118.16983795166016,33.96131896972656
91863435,2022,2022-09-13,9535,2022-09-04,0915,022017,NA,7,1,6,1922,0,1,1,NA,2,401,INTERSTATE 10 W/B (SAN BERNARDINO FREEWAY),SANTA ANITA AVENUE,500,E,N,A,-,Y,LA,NA,10,NA,NA,28.945,H,NA,L,N,4,0,1,2,A,-,03,22350,NA,N,C,C,A,A,H,-,A,D,0,NA,NA,NA,NA,Y,NA,A,07,0,0,1,0,0,0,0,0,0,-,-,34.068328857421875,-118.03765869140624,LOS ANGELES,EL MONTE,-118.03766632080078,34.06829833984375
91863436,2022,2022-09-13,9545,2022-09-09,2130,022130,NA,5,2,9,1900,0,3,5,NA,2,001,AVENUE E,30TH ST E,0,NA,Y,C,-,N,NA,NA,NA,NA,NA,NA,NA,NA,NA,Y,4,0,1,2,A,-,03,22350,NA,N,D,C,A,B,H,-,D,A,0,NA,NA,NA,NA,Y,NA,A,01,0,0,1,0,0,0,0,0,0,-,-,34.76277160644531,-118.07736206054688,LOS ANGELES,UNINCORPORATED,-118.07730865478516,34.762752532958984
91863439,2022,2022-09-13,9525,2022-09-12,1445,022009,NA,1,2,1,1934,0,1,1,NA,2,213,I-210 W/B (FOOTHILL FWY),I-605 N/B (SAN GABRIEL RIVER FWY),2112,E,N,A,-,Y,LA,NA,210,NA,R,36.927,H,NA,L,Y,4,0,1,3,A,-,03,22350,NA,N,C,C,A,A,H,-,A,D,0,NA,NA,NA,NA,Y,NA,A,07,0,0,1,0,0,0,0,0,0,-,-,34.131858825683594,-117.94907379150392,LOS ANGELES,IRWINDALE,-117.94902801513672,34.131935119628906
91863444,2022,2022-09-13,9550,2022-09-03,1140,022778,NA,6,1,9,1900,0,2,4,NA,1,042,COLIMA ROAD,COUNTRYWOOD AVENUE,0,NA,Y,A,-,N,NA,NA,NA,NA,NA,NA,NA,NA,NA,Y,4,0,2,2,A,-,12,21453,A,N,D,C,A,A,H,-,A,A,0,NA,NA,NA,NA,Y,NA,A,07,0,0,2,0,0,0,0,0,0,-,-,33.99126052856445,-117.94175720214844,LOS ANGELES,UNINCORPORATED,-117.94174957275392,33.99132537841797
91863457,2022,2022-09-13,9530,2022-09-01,0805,022377,NA,4,1,9,1900,0,3,5,NA,2,001,77TH STREET (1200 BLOCK),HOOPER AVENUE,5,W,N,A,-,N,NA,NA,NA,NA,NA,NA,NA,NA,NA,N,4,0,1,2,A,-,10,21950,A,N,G,B,B,A,H,-,A,D,0,Y,NA,NA,NA,Y,NA,A,01,0,0,1,0,1,0,0,0,0,-,-,33.9698600769043,-118.25200653076172,LOS ANGELES,UNINCORPORATED,-118.25203704833984,33.96977996826172
91863460,2022,2022-09-13,9565,2022-09-01,1925,023033,NA,4,2,9,1900,0,3,5,NA,2,002,NEW HAMPSHIRE AVENUE,119TH STREET,0,NA,Y,A,-,N,NA,NA,NA,NA,NA,NA,NA,NA,NA,N,3,0,1,2,A,-,10,21950,A,N,G,B,B,A,H,-,C,A,0,Y,NA,NA,NA,Y,NA,A,07,0,1,0,0,1,0,0,0,0,-,-,33.92504119873047,-118.29315948486328,LOS ANGELES,UNINCORPORATED,-118.29326629638672,33.9250602722168
91863465,2022,2022-09-13,9525,2022-09-10,0035,021986,NA,6,3,9,1900,0,1,S,NA,2,904,INTERSTATE 10 EASTBOUND,CITY TERRACE DRIVE,2000,E,N,C,-,Y,LA,NA,10,NA,NA,20.304,H,NA,R,N,2,0,1,1,C,-,18,NA,NA,N,E,J,A,B,B,-,D,D,0,NA,NA,Y,NA,Y,NA,-,-,1,0,0,0,0,0,0,0,1,-,-,34.05669021606445,-118.18186950683594,LOS ANGELES,UNINCORPORATED,-118.1818389892578,34.05664825439453
91863478,2022,2022-09-13,9565,2022-09-07,1647,023033,NA,3,2,9,1900,0,2,4,NA,2,022,NORMANDIE AVENUE,103RD STREET,0,NA,Y,A,-,N,NA,NA,NA,NA,NA,NA,NA,NA,NA,N,4,0,1,2,A,-,09,21802,A,N,D,C,A,A,H,-,A,A,0,NA,NA,NA,NA,Y,NA,-,-,0,0,1,0,0,0,0,0,0,-,-,33.943199157714844,-118.30030059814452,LOS ANGELES,UNINCORPORATED,-118.30030059814452,33.94320297241211
91863505,2022,2022-09-13,9565,2022-09-01,1114,015587,NA,4,1,7,1942,0,1,1,NA,2,063,I-405 S/B (SAN DIEGO FREEWAY),OLYMPIC BLVD.,870,N,N,A,-,Y,LA,NA,405,NA,NA,30.361,H,NA,L,Y,4,0,2,2,A,-,03,22350,NA,N,C,C,A,A,H,-,A,D,0,NA,NA,NA,NA,Y,NA,A,01,0,0,2,0,0,0,0,0,0,-,-,34.040958404541016,-118.44164276123048,LOS ANGELES,LOS ANGELES,-118.44163513183594,34.04096221923828
91863517,2022,2022-09-13,9590,2022-09-10,0145,022741,NA,6,3,7,1942,0,1,1,NA,2,041,I-5 S/B (GOLDEN STATE FREEWAY),LORENA STREET,950,N,N,C,-,Y,LA,NA,5,NA,NA,15.834,H,NA,L,Y,4,0,1,1,A,-,08,22107,NA,N,E,I,A,B,H,-,C,D,0,NA,NA,NA,NA,Y,NA,A,01,0,0,1,0,0,0,0,0,0,-,-,34.02532958984375,-118.20622253417967,LOS ANGELES,LOS ANGELES,-118.20614624023438,34.02547836303711