CASE_ID,ACCIDENT_YEAR,PROC_DATE,JURIS,COLLISION_DATE,COLLISION_TIME,OFFICER_ID,REPORTING_DISTRICT,DAY_OF_WEEK,CHP_SHIFT,POPULATION,CNTY_CITY_LOC,SPECIAL_COND,BEAT_TYPE,CHP_BEAT_TYPE,CITY_DIVISION_LAPD,CHP_BEAT_CLASS,BEAT_NUMBER,PRIMARY_RD,SECONDARY_RD,DISTANCE,DIRECTION,INTERSECTION,WEATHER_1,WEATHER_2,STATE_HWY_IND,CALTRANS_COUNTY,CALTRANS_DISTRICT,STATE_ROUTE,ROUTE_SUFFIX,POSTMILE_PREFIX,POSTMILE,LOCATION_TYPE,RAMP_INTERSECTION,SIDE_OF_HWY,TOW_AWAY,COLLISION_SEVERITY,NUMBER_KILLED,NUMBER_INJURED,PARTY_COUNT,PRIMARY_COLL_FACTOR,PCF_CODE_OF_VIOL,PCF_VIOL_CATEGORY,PCF_VIOLATION,PCF_VIOL_SUBSECTION,HIT_AND_RUN,TYPE_OF_COLLISION,MVIW,PED_ACTION,ROAD_SURFACE,ROAD_COND_1,ROAD_COND_2,LIGHTING,CONTROL_DEVICE,CHP_ROAD_TYPE,PEDESTRIAN_ACCIDENT,BICYCLE_ACCIDENT,MOTORCYCLE_ACCIDENT,TRUCK_ACCIDENT,NOT_PRIVATE_PROPERTY,ALCOHOL_INVOLVED,STWD_VEHTYPE_AT_FAULT,CHP_VEHTYPE_AT_FAULT,COUNT_SEVERE_INJ,COUNT_VISIBLE_INJ,COUNT_COMPLAINT_PAIN,COUNT_PED_KILLED,COUNT_PED_INJURED,COUNT_BICYCLIST_KILLED,COUNT_BICYCLIST_INJURED,COUNT_MC_KILLED,COUNT_MC_INJURED,PRIMARY_RAMP,SECONDARY_RAMP,LATITUDE,LONGITUDE,COUNTY,CITY,POINT_X,POINT_Y
91864430,2022,2022-09-14,9540,2022-09-06,1142,020918,NA,2,1,9,1900,0,3,5,NA,2,008,HERITAGE VIEW LN. (26000 BLOCK),VIA VENTANA,64,N,N,A,-,N,NA,NA,NA,NA,NA,NA,NA,NA,NA,Y,4,0,2,2,A,-,03,22350,NA,N,C,C,A,A,H,-,A,D,0,NA,NA,NA,NA,Y,NA,A,01,0,0,2,0,0,0,0,0,0,-,-,34.40462875366211,-118.58513641357422,LOS ANGELES,UNINCORPORATED,-118.58515167236328,34.40446472167969
91864470,2022,2022-09-14,9530,2022-08-18,1720,022805,NA,4,2,9,1900,0,3,5,NA,2,002,REDONDO BEACH BLVD.,MAIN ST.,0,NA,Y,A,-,N,NA,NA,NA,NA,NA,NA,NA,NA,NA,N,3,0,2,2,A,-,12,21453,A,N,D,C,A,A,H,-,A,A,0,NA,NA,NA,NA,Y,NA,-,-,0,2,0,0,0,0,0,0,0,-,-,33.89292907714844,-118.27629089355467,LOS ANGELES,UNINCORPORATED,-118.27622985839844,33.892921447753906
91864483,2022,2022-09-14,9575,2022-09-06,0700,022489,NA,2,1,6,1912,0,1,3,NA,2,044,SR-134 W/B (VENTURA FREEWAY),N. PASS AVE.,855,E,N,A,-,Y,LA,NA,134,NA,NA,1.953,H,NA,L,Y,2,0,2,2,A,-,08,22107,NA,N,C,C,A,A,H,-,A,D,0,NA,NA,Y,NA,Y,NA,C,02,1,0,1,0,0,0,0,0,1,-,-,34.154029846191406,-118.3427505493164,LOS ANGELES,BURBANK,-118.34274291992188,34.1540641784668
91864485,2022,2022-09-14,9590,2022-09-10,0225,019271,NA,6,3,7,1942,0,1,1,NA,2,061,I-10 W/B (SMF),CRENSHAW BLVD,2640,E,N,C,-,Y,LA,NA,10,NA,R,12.091,H,NA,L,Y,3,0,1,3,A,-,07,21658,A,N,B,C,A,B,H,-,C,D,0,NA,NA,NA,NA,Y,NA,A,01,0,1,0,0,0,0,0,0,0,-,-,34.03636932373047,-118.32164001464844,LOS ANGELES,LOS ANGELES,-118.32161712646484,34.0362434387207
91864491,2022,2022-09-14,9590,2022-09-08,1725,021492,NA,4,2,7,1942,0,1,1,NA,2,083,I-5 S/B (GOLDEN STATE FREEWAY) FROM SR-2 W/B (GLEN,RIVERSIDE DR,600,S,N,A,-,Y,LA,NA,5,NA,NA,21.833,H,NA,L,N,4,0,2,2,A,-,03,22350,NA,N,C,C,A,A,H,-,A,D,0,NA,NA,NA,Y,Y,NA,A,01,0,0,2,0,0,0,0,0,0,-,-,34.09416961669922,-118.24282836914064,LOS ANGELES,LOS ANGELES,-118.24275207519533,34.09421920776367
91864494,2022,2023-05-23,9550,2022-09-07,1035,018408,NA,3,1,9,1900,0,1,3,NA,2,600,SR-60 W/B,7TH AVE.,800,W,N,A,-,Y,LA,NA,60,NA,NA,14.021,H,NA,L,N,3,0,2,3,A,-,08,22107,NA,N,B,C,A,A,H,-,A,D,0,NA,NA,NA,NA,Y,NA,A,07,0,2,0,0,0,0,0,0,0,-,-,34.02252960205078,-117.99095916748048,LOS ANGELES,UNINCORPORATED,-117.99091339111328,34.022560119628906
91864503,2022,2022-09-14,9550,2022-09-08,1530,018408,NA,4,2,5,1954,0,1,1,NA,2,650,I-605 S/B,BEVERLY BLVD.,200,S,N,A,-,Y,LA,NA,605,NA,R,14.312,H,NA,L,N,3,0,2,2,A,-,03,22350,NA,N,C,C,A,A,H,-,A,D,0,NA,NA,NA,NA,Y,NA,D,22,0,2,0,0,0,0,0,0,0,-,-,34.003570556640625,-118.0651397705078,LOS ANGELES,PICO RIVERA,-118.06504821777344,34.00349044799805
91864512,2022,2022-09-14,9535,2022-09-04,0900,022740,NA,7,1,5,1901,0,1,1,NA,2,421,I-10 W/B FROM ATLANTIC BLVD. N/B,ATLANTIC BLVD,310,E,N,A,-,Y,NA,NA,NA,NA,NA,NA,NA,NA,NA,Y,3,0,2,1,A,-,08,22107,NA,N,E,8,A,A,H,-,A,D,0,NA,NA,NA,NA,Y,NA,A,01,0,2,0,0,0,0,0,0,0,-,-,34.07276153564453,-118.13387298583984,LOS ANGELES,ALHAMBRA,-118.13387298583984,34.07276153564453
91864517,2022,2022-09-14,9575,2022-09-04,0045,022477,NA,7,3,7,1942,0,1,1,NA,2,052,INTERSTATE 5 SOUTHBOUND,TUXFORD STREET,500,S,N,A,-,Y,LA,NA,5,NA,NA,34.566,H,NA,L,Y,4,0,1,2,A,-,07,21658,A,F,B,C,A,A,H,-,C,D,0,NA,NA,NA,NA,Y,NA,-,99,0,0,1,0,0,0,0,0,0,-,-,34.22663116455078,-118.3804168701172,LOS ANGELES,LOS ANGELES,-118.3804168701172,34.226585388183594
91864561,2022,2022-09-14,9535,2022-09-07,1438,023022,NA,3,2,9,1900,0,2,4,NA,2,015,FORD BLVD. (600 BLOCK),FLORAL DR.,28,S,N,A,-,N,NA,NA,NA,NA,NA,NA,NA,NA,NA,N,3,0,2,2,A,-,03,22350,NA,N,C,C,A,A,H,-,A,A,0,NA,NA,NA,NA,Y,NA,A,01,0,2,0,0,0,0,0,0,0,-,-,34.04404067993164,-118.1692123413086,LOS ANGELES,UNINCORPORATED,-118.16924285888672,34.044132232666016
91864582,2022,2022-09-14,9530,2022-06-24,1245,022377,NA,5,1,9,1900,0,3,5,NA,2,004,ALAMEDA ST.,VISTA INDUSTRIA,0,NA,Y,A,-,N,NA,NA,NA,NA,NA,NA,NA,NA,NA,Y,4,0,1,2,A,-,09,21802,A,N,D,C,A,A,H,-,A,A,0,NA,NA,NA,NA,Y,NA,A,01,0,0,1,0,0,0,0,0,0,-,-,33.84999084472656,-118.21884918212892,LOS ANGELES,UNINCORPORATED,-118.21896362304688,33.85004425048828
91864589,2022,2022-09-14,9525,2022-09-11,1952,022605,NA,7,2,6,1955,0,1,3,NA,2,604,SR-60 E/B (POMONA FWY),PHILLIPS RANCH RD.,1056,W,N,C,-,Y,LA,NA,60,NA,R,27.888,H,NA,R,N,4,0,2,2,A,-,03,22350,NA,F,C,C,A,B,H,-,D,D,0,NA,NA,NA,NA,Y,NA,-,99,0,0,2,0,0,0,0,0,0,-,-,34.02452850341797,-117.77346801757813,LOS ANGELES,POMONA,-117.77347564697266,34.0245246887207
91864603,2022,2022-09-14,9590,2022-07-04,0445,022698,NA,1,3,7,1942,0,1,1,NA,2,051,I-110 SOUTHBOUND (HARBOR FREEWAY),78TH STREET,100,N,N,A,-,Y,LA,NA,110,NA,NA,16.565,H,NA,L,N,4,0,1,1,A,-,08,22107,NA,F,E,I,A,A,H,-,C,D,0,NA,NA,NA,NA,Y,NA,A,07,0,0,1,0,0,0,0,0,0,-,-,33.96841812133789,-118.28117370605467,LOS ANGELES,LOS ANGELES,-118.28093719482422,33.96841812133789
91864620,2022,2022-09-14,9590,2022-07-25,0655,022313,NA,1,1,7,1942,0,1,1,NA,2,065,I-10 W/B (SANTA MONICA FREEWAY),CENTRAL AVENUE,200,E,N,A,-,Y,LA,NA,10,NA,NA,16.548,H,NA,L,N,4,0,1,2,A,-,07,21658,A,N,B,C,A,A,H,-,A,D,0,NA,NA,Y,NA,Y,NA,A,01,0,0,1,0,0,0,0,0,1,-,-,34.02553176879883,-118.24844360351564,LOS ANGELES,LOS ANGELES,-118.24840545654295,34.02557373046875
91864654,2022,2022-09-14,9530,2022-09-01,0755,022696,NA,4,1,9,1900,0,1,1,NA,2,110,I-110 S/B (HARBOR FREEWAY),149TH ST.,250,S,N,A,-,Y,LA,NA,110,NA,NA,11.465,H,NA,L,N,4,0,2,3,A,-,03,22350,NA,N,C,D,A,A,H,-,A,D,0,NA,NA,NA,NA,Y,NA,A,01,0,0,2,0,0,0,0,0,0,-,-,33.895790100097656,-118.28629302978516,LOS ANGELES,UNINCORPORATED,-118.28621673583984,33.89580154418945
91864664,2022,2022-09-14,9530,2022-09-04,2213,022292,NA,7,3,9,1900,0,3,5,NA,2,006,204TH STREET (1000 BLOCK),CATALINA STREET,15,E,N,A,-,N,NA,NA,NA,NA,NA,NA,NA,NA,NA,Y,2,0,1,1,A,-,03,22350,NA,N,F,A,A,A,H,-,C,D,0,NA,NA,Y,NA,Y,NA,C,02,1,0,0,0,0,0,0,0,1,-,-,33.845298767089844,-118.29379272460938,LOS ANGELES,UNINCORPORATED,NA,NA
91864666,2022,2022-09-14,9590,2022-09-01,1030,022966,NA,4,1,7,1942,0,1,1,NA,2,081,I-5 S/B (GOLDEN STATE FREEWAY),7TH STREET,450,S,N,A,-,Y,NA,NA,NA,NA,NA,NA,NA,NA,NA,N,4,0,2,2,A,-,03,22350,NA,N,C,C,A,A,H,-,A,D,0,NA,NA,NA,NA,Y,NA,D,22,0,0,2,0,0,0,0,0,0,-,-,34.03227996826172,-118.22093963623048,LOS ANGELES,LOS ANGELES,-118.2203369140625,34.03279113769531
91864667,2022,2023-06-09,9525,2022-06-04,0421,022521,NA,6,3,6,1975,0,1,1,NA,2,106,I-10 EASTBOUND (SAN BERNARDINO FREEWAY),BARRANCA STREET,840,W,N,A,-,Y,LA,NA,10,NA,NA,37.853,H,NA,R,Y,1,1,1,2,A,-,01,23152,A,N,E,1,E,A,H,-,D,D,0,Y,NA,NA,NA,Y,Y,A,01,0,1,0,1,0,0,0,0,0,-,-,34.0717887878418,-117.8839874267578,LOS ANGELES,WEST COVINA,-117.8839874267578,34.071842193603516
91864678,2022,2022-09-14,9590,2022-07-26,0834,015985,NA,2,1,7,1942,0,1,3,NA,2,095,SR-2 W/B (GLENDALE FWY),YORK BLVD,1320,E,N,A,-,Y,LA,NA,2,NA,R,18.123,H,NA,L,N,4,0,2,3,A,-,03,22350,NA,N,C,C,A,A,H,-,A,D,0,NA,NA,NA,NA,Y,NA,A,07,0,0,2,0,0,0,0,0,0,-,-,34.136959075927734,-118.22930145263672,LOS ANGELES,LOS ANGELES,-118.22925567626952,34.1369514465332
91864686,2022,2022-09-14,9525,2022-06-04,0416,022521,NA,6,3,6,1975,0,1,1,NA,2,106,I-10 EASTBOUND (SAN BERNARDINO FREEWAY),BARRANCA STREET,743,W,N,A,-,Y,LA,NA,10,NA,NA,37.842,H,NA,R,Y,4,0,1,2,A,-,03,22350,NA,N,B,C,A,A,H,-,D,D,0,NA,NA,NA,NA,Y,NA,A,01,0,0,1,0,0,0,0,0,0,-,-,34.07181167602539,-117.88419342041016,LOS ANGELES,WEST COVINA,-117.88419342041016,34.071842193603516
91864687,2022,2022-09-14,9525,2022-09-13,0730,019146,NA,2,1,6,1955,0,1,1,NA,2,107,I-10 W/B (SAN BERNARDINO FWY),WHITE AVENUE,500,W,N,A,-,Y,LA,NA,10,NA,NA,45.219,H,NA,L,N,4,0,1,2,A,-,03,22350,NA,N,C,C,A,A,H,-,A,D,0,NA,NA,NA,Y,Y,NA,D,22,0,0,1,0,0,0,0,0,0,-,-,34.07115936279297,-117.76056671142578,LOS ANGELES,POMONA,-117.76055145263672,34.071067810058594
91864689,2022,2022-09-14,9580,2022-09-07,1310,018431,NA,3,1,7,1942,0,1,1,NA,2,405,I-405 S/B (SAN DIEGO FRWY),BURBANK BLVD.,2000,S,N,A,-,Y,LA,NA,405,NA,NA,39.883,H,NA,L,N,2,0,1,2,A,-,03,22350,NA,N,C,C,A,A,H,-,A,D,0,NA,NA,Y,NA,Y,NA,C,02,1,0,0,0,0,0,0,0,1,-,-,34.166629791259766,-118.46968841552734,LOS ANGELES,LOS ANGELES,-118.46954345703124,34.166603088378906
91864693,2022,2022-09-14,9550,2022-09-06,1010,022769,NA,2,1,3,1964,0,1,1,NA,2,650,I-605 SB,TELEGRAPH RD.,1000,N,N,A,-,Y,LA,NA,605,NA,R,10.797,H,NA,L,Y,3,0,1,2,A,-,03,22350,NA,N,F,A,A,A,H,-,A,D,0,NA,NA,Y,NA,Y,NA,C,02,0,1,0,0,0,0,0,0,1,-,-,33.956878662109375,-118.0879135131836,LOS ANGELES,SANTA FE SPRINGS,-118.08789825439452,33.95687484741211
91864695,2022,2022-09-14,9550,2022-09-02,1540,022820,NA,5,2,9,1900,0,3,5,NA,2,003,S. 7TH AVENUE,PALM AVENUE,0,NA,Y,A,-,N,NA,NA,NA,NA,NA,NA,NA,NA,NA,Y,4,0,1,2,A,-,09,21801,A,N,D,C,A,A,H,-,A,A,0,NA,NA,NA,NA,Y,NA,A,01,0,0,1,0,0,0,0,0,0,-,-,34.01655960083008,-117.98989105224608,LOS ANGELES,UNINCORPORATED,-117.98989868164064,34.016517639160156
91864706,2022,2022-09-14,9550,2022-08-26,1535,023053,NA,5,2,5,1919,0,1,1,NA,2,652,I-605 NORTHBOUND FROM SOUTH STREET,SOUTH STREET,20,N,N,A,-,Y,NA,NA,NA,NA,NA,NA,NA,NA,NA,Y,3,0,1,2,A,-,09,21804,A,N,D,G,A,A,H,-,A,D,0,NA,Y,NA,NA,Y,NA,L,04,0,1,0,0,0,0,1,0,0,-,-,33.858558654785156,-118.0944366455078,LOS ANGELES,CERRITOS,-118.0944366455078,33.858558654785156
91864713,2022,2022-09-14,9575,2022-09-01,0954,023031,NA,4,1,6,1925,0,1,3,NA,2,042,SR-134 W/B (VENTURA FREEWAY),GLENDALE AVE.,150,E,N,A,-,Y,LA,NA,134,NA,R,8.033,H,NA,L,N,4,0,1,2,A,-,03,22350,NA,N,C,C,A,A,H,-,A,D,0,NA,NA,NA,NA,Y,NA,A,01,0,0,1,0,0,0,0,0,0,-,-,34.15481185913086,-118.23963165283205,LOS ANGELES,GLENDALE,-118.23966979980467,34.15476989746094
91864715,2022,2022-09-14,9580,2022-09-13,0855,020983,NA,2,1,7,1942,0,1,1,NA,2,407,I-405 S/B (SAN DIEGO FWY),NORDHOFF ST,400,S,N,A,-,Y,LA,NA,405,NA,NA,44.293,H,NA,L,N,4,0,1,2,A,-,07,21658,A,N,B,C,A,A,H,-,A,D,0,NA,NA,Y,NA,Y,NA,A,01,0,0,1,0,0,0,0,0,1,-,-,34.228939056396484,-118.4731903076172,LOS ANGELES,LOS ANGELES,-118.47324371337892,34.228939056396484
91864719,2022,2022-09-14,9535,2022-06-22,0450,022721,NA,3,3,9,1900,0,1,1,NA,2,071,I-710 S/B (LONG BEACH FREEWAY),1ST ST.,28,N,N,A,-,Y,LA,NA,710,NA,NA,24.743,H,NA,L,N,3,0,1,2,A,-,03,22350,NA,N,C,C,A,B,H,-,A,D,0,NA,NA,NA,Y,Y,NA,A,01,0,1,0,0,0,0,0,0,0,-,-,34.037330627441406,-118.17024993896484,LOS ANGELES,UNINCORPORATED,-118.17010498046876,34.037330627441406
91864726,2022,2022-09-14,9525,2022-09-10,1810,022772,NA,6,2,9,1900,0,3,5,NA,2,003,WING LN (17000 BLOCK),ASHCOMB DR. (600 BLOCK),20,W,N,B,-,N,NA,NA,NA,NA,NA,NA,NA,NA,NA,Y,4,0,1,3,A,-,09,21804,A,N,D,C,A,A,H,-,A,D,0,NA,NA,NA,NA,Y,NA,A,07,0,0,1,0,0,0,0,0,0,-,-,34.02751159667969,-117.91728973388672,LOS ANGELES,UNINCORPORATED,-117.9172134399414,34.02753829956055
91864734,2022,2022-09-14,9525,2022-09-06,1005,023049,NA,2,1,4,1905,0,1,1,NA,2,204,I-210 E/B (FOOTHILL FWY),AZUSA AVE,528,W,N,A,-,Y,LA,NA,210,NA,R,39.513,H,NA,R,N,4,0,1,2,A,-,03,22350,NA,N,C,C,A,A,H,-,A,D,0,NA,NA,NA,Y,Y,NA,F,26,0,0,1,0,0,0,0,0,0,-,-,34.12080001831055,-117.90924835205078,LOS ANGELES,AZUSA,-117.90925598144533,34.120784759521484
91864745,2022,2022-09-14,9525,2022-09-06,1555,019941,NA,2,2,5,1990,0,1,3,NA,2,601,SR-60 W/B (POMONA FWY),BREA CANYON ROAD,3590,E,N,A,-,Y,LA,NA,60,NA,R,23.655,H,NA,L,Y,4,0,1,3,A,-,07,21658,A,M,B,C,A,A,H,-,A,D,0,NA,NA,NA,NA,Y,NA,-,99,0,0,1,0,0,0,0,0,0,-,-,34.00225067138672,-117.833251953125,LOS ANGELES,DIAMOND BAR,-117.83333587646484,34.002437591552734
91864766,2022,2022-09-15,9550,2022-09-02,2215,023004,NA,5,3,9,1900,0,3,5,NA,2,003,CLARK AVE.,SEVENTH AVE.,12,W,N,A,-,N,NA,NA,NA,NA,NA,NA,NA,NA,NA,Y,3,0,1,2,A,-,08,22107,NA,N,D,C,A,A,H,-,C,A,0,NA,NA,NA,NA,Y,NA,A,01,0,1,0,0,0,0,0,0,0,-,-,34.02336120605469,-117.98605346679688,LOS ANGELES,UNINCORPORATED,-117.98592376708984,34.023353576660156
91864769,2022,2022-09-15,9550,2022-08-27,0130,022947,NA,6,3,5,1908,0,1,3,NA,2,091,SR-91 E/B (ARTESIA FREEWAY),BELLFLOWER BLVD,350,E,N,A,-,Y,LA,NA,91,NA,R,15.699,H,NA,R,Y,4,0,1,1,A,-,01,23152,A,N,E,8,A,A,H,-,D,D,0,NA,NA,NA,NA,Y,Y,A,01,0,0,1,0,0,0,0,0,0,-,-,33.87620162963867,-118.12394714355467,LOS ANGELES,BELLFLOWER,-118.12394714355467,33.876136779785156
91864770,2022,2022-09-15,9590,2022-09-01,2202,021673,NA,4,3,7,1942,0,1,2,NA,2,071,US-101 S/B (SANTA ANA FREEWAY)(SAF),MISSION ROAD,900,N,N,A,-,Y,LA,NA,101,NA,NA,0.155,H,NA,L,N,3,0,1,3,A,-,03,22350,NA,F,C,C,A,A,H,-,D,D,0,NA,NA,NA,NA,Y,NA,-,99,0,1,0,0,0,0,0,0,0,-,-,34.053138732910156,-118.22960662841795,LOS ANGELES,LOS ANGELES,-118.22960662841795,34.05314254760742
91864772,2022,2022-09-15,9590,2022-09-01,0042,021346,NA,4,3,7,1942,0,1,1,NA,2,061,I-10 W/B (SANTA MONICA FREEWAY),GRAMERCY PLACE,300,W,N,A,-,Y,LA,NA,10,NA,R,12.633,H,NA,L,N,4,0,1,2,A,-,03,22350,NA,F,C,C,A,A,H,-,C,D,0,NA,NA,NA,NA,Y,NA,-,99,0,0,1,0,0,0,0,0,0,-,-,34.03705978393555,-118.31224822998048,LOS ANGELES,LOS ANGELES,-118.312255859375,34.03725051879883
91864972,2022,2022-09-15,9590,2022-07-17,0440,022690,NA,7,3,7,1942,0,1,2,NA,2,071,US-101 S/B (SANTA ANA FREEWAY),LOS ANGELES ST.,400,S,N,A,-,Y,LA,NA,101,NA,NA,0.85,H,NA,L,N,3,0,2,2,A,-,03,22350,NA,N,C,2,A,A,H,-,C,D,0,NA,NA,NA,NA,Y,NA,A,01,0,1,1,0,0,0,0,0,0,-,-,34.05485916137695,-118.23918151855467,LOS ANGELES,LOS ANGELES,-118.23917388916016,34.054866790771484
91864977,2022,2022-09-15,9590,2022-08-30,1030,023035,NA,2,1,7,1942,0,1,1,NA,2,060,I -10 E/B (SANTA MONICA FREEWAY),CRENSHAW BOULEVARD,300,E,N,A,-,Y,LA,NA,10,NA,R,11.47,H,NA,R,Y,3,0,1,1,C,-,18,NA,NA,N,E,I,A,A,H,-,A,D,0,NA,NA,NA,NA,Y,NA,-,-,0,1,0,0,0,0,0,0,0,-,-,34.03511047363281,-118.3323974609375,LOS ANGELES,LOS ANGELES,-118.3323974609375,34.03501892089844
91864984,2022,2022-09-15,9580,2022-09-11,2252,022158,NA,7,3,7,1942,0,1,1,NA,2,407,I-405 S/B (SAN DIEGO FWY),NORDHOFF ST,1400,S,N,B,-,Y,LA,NA,405,NA,NA,44.457,H,NA,L,N,3,0,2,2,A,-,03,22350,NA,F,C,C,A,A,H,-,C,D,0,NA,NA,NA,NA,Y,NA,A,01,0,2,0,0,0,0,0,0,0,-,-,34.23133850097656,-118.47325897216795,LOS ANGELES,LOS ANGELES,-118.47322082519533,34.23133850097656
91864989,2022,2022-09-15,9580,2022-09-14,1545,022036,NA,3,2,7,1942,0,1,1,NA,2,404,I-405 N/B TO US-101 N/B,I-405,500,N,N,A,-,Y,LA,NA,101,NA,NA,17.324,H,NA,R,N,4,0,1,2,A,-,03,22350,NA,N,C,C,A,A,H,-,A,D,0,NA,NA,NA,NA,Y,NA,A,07,0,0,1,0,0,0,0,0,0,-,-,34.16265869140625,-118.47147369384766,LOS ANGELES,LOS ANGELES,-118.47135925292967,34.162723541259766
91864994,2022,2022-09-15,9540,2022-09-13,1645,021124,NA,2,2,9,1900,0,1,1,NA,1,502,I-5 N/B (GOLDEN STATE FREEWAY),WELDON CANYON ROAD,2250,N,N,A,-,Y,LA,NA,5,NA,R,47.009,H,NA,R,Y,3,0,1,3,A,-,03,22350,NA,N,C,C,A,A,D,E,A,D,0,NA,NA,NA,Y,Y,NA,G,25,0,1,0,0,0,0,0,0,0,-,-,34.34339904785156,-118.52969360351564,LOS ANGELES,UNINCORPORATED,-118.5297393798828,34.34335708618164
91865007,2022,2022-09-15,9530,2022-09-02,0840,022866,NA,5,1,9,1900,0,3,5,NA,2,006,228TH ST.,MEYLER ST.,0,NA,Y,A,-,N,NA,NA,NA,NA,NA,NA,NA,NA,NA,N,4,0,1,2,A,-,09,21801,A,N,A,C,A,A,H,-,A,D,0,NA,NA,NA,NA,Y,NA,A,01,0,0,1,0,0,0,0,0,0,-,-,33.81901931762695,-118.29473876953124,LOS ANGELES,UNINCORPORATED,-118.29473114013672,33.818965911865234
91865010,2022,2022-09-15,9575,2022-09-04,0045,022469,NA,7,3,7,1942,0,1,1,NA,2,061,I-210 E/B (FOOTHILL FREEWAY),ORCAS AVENUE,1500,E,N,A,-,Y,LA,NA,210,NA,R,8.287,H,NA,R,Y,4,0,1,2,A,-,03,22350,NA,N,D,C,A,A,H,-,C,D,0,NA,NA,NA,NA,Y,NA,A,01,0,0,1,0,0,0,0,0,0,-,-,34.27389907836914,-118.37330627441406,LOS ANGELES,LOS ANGELES,-118.37330627441406,34.27394485473633
91865014,2022,2022-09-15,9530,2022-09-02,0940,022388,NA,5,1,9,1900,0,3,5,NA,2,004,WILMINGTON AVE.,VIA ARADO,0,NA,Y,A,-,N,NA,NA,NA,NA,NA,NA,NA,NA,NA,Y,3,0,1,2,A,-,09,21801,A,N,D,C,A,A,H,-,A,D,0,NA,NA,NA,NA,Y,NA,A,01,0,1,0,0,0,0,0,0,0,-,-,33.84823989868164,-118.23400115966795,LOS ANGELES,UNINCORPORATED,-118.234130859375,33.84821701049805
91865018,2022,2022-09-15,9580,2022-09-12,2245,020791,NA,1,3,7,1942,0,1,1,NA,2,404,I-405 N/B (SAN DIEGO FWY),BURBANK BLVD,200,S,N,A,-,Y,LA,NA,405,NA,NA,40.372,H,NA,R,N,3,0,1,2,C,-,18,NA,NA,N,C,C,A,A,H,-,D,D,0,NA,NA,NA,NA,Y,NA,-,-,0,1,0,0,0,0,0,0,0,-,-,34.17338180541992,-118.46782684326172,LOS ANGELES,LOS ANGELES,-118.46758270263672,34.17338562011719
91865019,2022,2022-09-15,9590,2022-08-24,2130,022701,NA,3,2,7,1942,0,1,1,NA,2,050,I-110 NORTHBOUND (HARBOR FREEWAY),79TH STREET,500,S,N,A,-,Y,LA,NA,110,NA,NA,16.436,H,NA,R,N,3,0,1,1,A,-,08,22107,NA,N,E,I,A,A,H,-,C,D,0,NA,NA,NA,NA,Y,NA,A,07,0,1,0,0,0,0,0,0,0,-,-,33.966529846191406,-118.28067016601564,LOS ANGELES,LOS ANGELES,-118.28073120117188,33.966529846191406
91865021,2022,2022-09-15,9545,2022-09-03,2140,022732,NA,6,2,9,1900,0,1,3,NA,2,031,SR-14 N/B,CROWN VALLEY RD,526,S,N,A,-,Y,LA,NA,14,NA,R,48.555,H,NA,R,Y,2,0,1,1,A,-,08,22107,NA,N,E,I,A,A,H,-,D,D,0,NA,NA,NA,NA,Y,NA,A,01,1,0,0,0,0,0,0,0,0,-,-,34.49119186401367,-118.19938659667967,LOS ANGELES,UNINCORPORATED,-118.19940948486328,34.49129104614258
91865044,2022,2022-09-15,9575,2022-09-06,1958,021925,NA,2,2,6,1925,0,1,3,NA,2,090,SR-2 W/B TO SR-134,GLENOAKS BOULEVARD,108,E,N,A,-,Y,NA,NA,NA,NA,NA,NA,NA,NA,NA,Y,2,0,1,1,A,-,01,23152,A,N,E,I,A,A,H,-,E,D,0,NA,NA,NA,NA,Y,Y,A,01,1,0,0,0,0,0,0,0,0,-,-,34.15262985229492,-118.2251205444336,LOS ANGELES,GLENDALE,-118.2251205444336,34.15262985229492
91865045,2022,2022-09-15,9590,2022-08-26,1205,022091,NA,5,1,7,1942,0,1,1,NA,2,085,I-5 S/B (GOLDEN STATE FREEWAY),HYPERION AVE.,365,N,N,A,-,Y,LA,NA,5,NA,NA,23.804,H,NA,L,N,4,0,1,3,A,-,03,22350,NA,N,C,C,A,A,H,-,A,D,0,NA,NA,NA,NA,Y,NA,A,07,0,0,1,0,0,0,0,0,0,-,-,34.11349105834961,-118.26734924316406,LOS ANGELES,LOS ANGELES,-118.26738739013672,34.113468170166016
91865059,2022,2022-09-15,9540,2022-09-07,1415,022087,NA,3,2,6,1985,0,1,1,NA,2,506,I-5 N/B (GOLDEN STATE FREEWAY),MAGIC MOUNTAIN PKWY.,2255,S,N,A,-,Y,LA,NA,5,NA,R,53.125,H,NA,R,N,4,0,1,1,A,-,08,22107,NA,N,E,I,A,A,H,-,A,D,0,NA,NA,NA,NA,Y,NA,A,01,0,0,1,0,0,0,0,0,0,-,-,34.41746139526367,-118.58000946044922,LOS ANGELES,SANTA CLARITA,-118.58013153076172,34.417415618896484
91865072,2022,2022-09-15,9530,2022-06-22,1225,016842,NA,3,1,9,1900,0,3,5,NA,2,006,CARSON ST.,VERMONT AVE.,0,NA,Y,A,-,N,NA,NA,NA,NA,NA,NA,NA,NA,NA,N,3,0,1,2,A,-,09,21801,A,N,D,C,A,A,H,-,A,A,0,NA,NA,NA,NA,Y,NA,A,07,0,1,0,0,0,0,0,0,0,-,-,33.83155059814453,-118.29032135009766,LOS ANGELES,UNINCORPORATED,-118.290283203125,33.83160400390625