CASE_ID,ACCIDENT_YEAR,PROC_DATE,JURIS,COLLISION_DATE,COLLISION_TIME,OFFICER_ID,REPORTING_DISTRICT,DAY_OF_WEEK,CHP_SHIFT,POPULATION,CNTY_CITY_LOC,SPECIAL_COND,BEAT_TYPE,CHP_BEAT_TYPE,CITY_DIVISION_LAPD,CHP_BEAT_CLASS,BEAT_NUMBER,PRIMARY_RD,SECONDARY_RD,DISTANCE,DIRECTION,INTERSECTION,WEATHER_1,WEATHER_2,STATE_HWY_IND,CALTRANS_COUNTY,CALTRANS_DISTRICT,STATE_ROUTE,ROUTE_SUFFIX,POSTMILE_PREFIX,POSTMILE,LOCATION_TYPE,RAMP_INTERSECTION,SIDE_OF_HWY,TOW_AWAY,COLLISION_SEVERITY,NUMBER_KILLED,NUMBER_INJURED,PARTY_COUNT,PRIMARY_COLL_FACTOR,PCF_CODE_OF_VIOL,PCF_VIOL_CATEGORY,PCF_VIOLATION,PCF_VIOL_SUBSECTION,HIT_AND_RUN,TYPE_OF_COLLISION,MVIW,PED_ACTION,ROAD_SURFACE,ROAD_COND_1,ROAD_COND_2,LIGHTING,CONTROL_DEVICE,CHP_ROAD_TYPE,PEDESTRIAN_ACCIDENT,BICYCLE_ACCIDENT,MOTORCYCLE_ACCIDENT,TRUCK_ACCIDENT,NOT_PRIVATE_PROPERTY,ALCOHOL_INVOLVED,STWD_VEHTYPE_AT_FAULT,CHP_VEHTYPE_AT_FAULT,COUNT_SEVERE_INJ,COUNT_VISIBLE_INJ,COUNT_COMPLAINT_PAIN,COUNT_PED_KILLED,COUNT_PED_INJURED,COUNT_BICYCLIST_KILLED,COUNT_BICYCLIST_INJURED,COUNT_MC_KILLED,COUNT_MC_INJURED,PRIMARY_RAMP,SECONDARY_RAMP,LATITUDE,LONGITUDE,COUNTY,CITY,POINT_X,POINT_Y
91868803,2022,2023-03-07,9535,2022-09-13,2325,022812,NA,2,3,9,1900,0,3,5,NA,2,001,WOOLWINE DRIVE (3700 BLOCK),ROWAN AVENUE,318,E,N,A,-,N,NA,NA,NA,NA,NA,NA,NA,NA,NA,N,2,0,1,2,A,-,03,22350,NA,F,G,B,E,A,H,-,D,D,0,Y,NA,NA,NA,Y,NA,-,99,1,0,0,0,1,0,0,0,0,-,-,34.05421829223633,-118.18565368652344,LOS ANGELES,UNINCORPORATED,-118.18589782714844,34.05419921875
91868808,2022,2022-09-20,9580,2022-09-19,0600,021522,NA,1,1,7,1942,0,1,2,NA,2,102,US-101 N/B (VENTURA FREEWAY),VAN NUYS BLVD,800,S,N,A,-,Y,LA,NA,101,NA,NA,15.749,H,NA,R,N,4,0,1,3,A,-,08,22107,NA,N,B,C,A,A,H,-,A,D,0,NA,NA,NA,NA,Y,NA,D,22,0,0,1,0,0,0,0,0,0,-,-,34.15584945678711,-118.44596862792967,LOS ANGELES,LOS ANGELES,-118.44593811035156,34.15589904785156
91868810,2022,2022-09-20,9580,2022-09-17,2045,022746,NA,6,2,7,1942,0,1,1,NA,2,404,I-405 N/B (SAN DIEGO FWY),SEPULVEDA BLVD,792,S,N,A,-,Y,LA,NA,405,NA,NA,38.459,H,NA,R,Y,4,0,2,2,A,-,03,22350,NA,N,C,C,A,A,H,-,D,D,0,NA,NA,NA,NA,Y,NA,A,01,0,0,2,0,0,0,0,0,0,-,-,34.14646911621094,-118.47019958496094,LOS ANGELES,LOS ANGELES,-118.47027587890624,34.1464958190918
91868817,2022,2022-09-20,9580,2022-09-17,1705,022746,NA,6,2,7,1942,0,1,1,NA,2,404,I-405 N/B (SAN DIEGO FWY),SEPULVEDA BLVD,528,S,N,A,-,Y,LA,NA,405,NA,NA,38.505,H,NA,R,Y,4,0,1,2,A,-,03,22350,NA,N,C,C,A,A,H,-,A,D,0,NA,NA,NA,NA,Y,Y,D,22,0,0,1,0,0,0,0,0,0,-,-,34.14710998535156,-118.46997833251952,LOS ANGELES,LOS ANGELES,-118.46995544433594,34.147098541259766
91868841,2022,2022-09-20,9535,2022-08-11,1715,022263,NA,4,2,9,1900,0,1,1,NA,2,501,I-5 S/B (SANTA ANA FREEWAY),EASTERN AVE,100,S,N,A,-,Y,LA,NA,5,NA,NA,13.837,H,NA,L,N,4,0,1,2,A,-,03,22350,NA,N,C,C,A,A,H,-,A,D,0,NA,NA,NA,NA,Y,NA,A,01,0,0,1,0,0,0,0,0,0,-,-,34.01647186279297,-118.17386627197266,LOS ANGELES,UNINCORPORATED,-118.17389678955078,34.01643371582031
91868866,2022,2022-09-20,9535,2022-07-17,0255,022812,NA,7,3,9,1900,0,1,1,NA,2,075,I-710 S/B (LONG BEACH FREEWAY),COMPTON BLVD,990,N,N,A,-,Y,LA,NA,710,NA,NA,14.218,H,NA,L,Y,3,0,3,2,A,-,08,22107,NA,M,C,C,A,A,H,-,C,D,0,NA,NA,NA,NA,Y,NA,A,07,0,1,2,0,0,0,0,0,0,-,-,33.892940521240234,-118.18808746337892,LOS ANGELES,UNINCORPORATED,-118.1882095336914,33.89295196533203
91868887,2022,2022-09-20,9590,2022-07-28,2155,022690,NA,4,2,7,1942,0,1,1,NA,2,050,I-110 N/B (HARBOR FREEWAY),MARTIN LUTHER KING JR. BLVD.,200,S,N,A,-,Y,LA,NA,110,NA,NA,19.46,H,NA,R,N,2,0,1,3,A,-,07,21658,A,F,B,2,A,A,H,-,C,D,0,NA,NA,Y,NA,Y,NA,A,01,1,0,0,0,0,0,0,0,1,-,-,34.010459899902344,-118.2808074951172,LOS ANGELES,LOS ANGELES,-118.28092193603516,34.010459899902344
91868892,2022,2022-09-20,9535,2022-06-27,0750,022842,NA,1,1,9,1900,0,3,5,NA,2,002,HUBBARD STREET,WILLIAMSON AVENUE,0,NA,Y,A,-,N,NA,NA,NA,NA,NA,NA,NA,NA,NA,N,1,1,0,3,A,-,10,21950,A,N,G,B,B,A,H,-,A,A,0,Y,NA,NA,NA,Y,NA,A,01,0,0,0,1,0,0,0,0,0,-,-,34.02082824707031,-118.14759063720705,LOS ANGELES,UNINCORPORATED,-118.1476593017578,34.020729064941406
91868920,2022,2022-09-20,9535,2022-09-15,1540,022330,NA,4,2,5,1969,0,1,1,NA,2,075,I-710 S/B (LONG BEACH FWY),FIRESTONE BLVD.,1500,S,N,A,-,Y,LA,NA,710,NA,NA,17.971,H,NA,L,Y,4,0,1,2,A,-,03,22350,NA,N,C,C,A,A,H,-,A,D,0,NA,NA,NA,NA,Y,NA,A,01,0,0,1,0,0,0,0,0,0,-,-,33.94300842285156,-118.17112731933594,LOS ANGELES,SOUTH GATE,-118.17106628417967,33.9430046081543
91868942,2022,2022-09-20,9590,2022-07-31,0310,022404,NA,7,3,7,1942,0,1,1,NA,2,053,I-110 S/B (HARBOR FRREEWAY),12TH ST.,100,S,N,A,-,Y,LA,NA,110,NA,NA,21.864,H,NA,L,N,4,0,1,2,A,-,05,21651,A,N,B,C,A,A,H,-,C,D,0,NA,NA,NA,NA,Y,NA,A,07,0,0,1,0,0,0,0,0,0,-,-,34.044090270996094,-118.27224731445313,LOS ANGELES,LOS ANGELES,-118.27214813232422,34.044036865234375
91868950,2022,2022-09-20,9530,2022-09-09,0635,021004,NA,5,1,9,1900,0,3,5,NA,2,001,FLORENCE AVENUE (1700 BLOCK),HOLMES AVE,10,E,N,A,-,N,NA,NA,NA,NA,NA,NA,NA,NA,NA,N,4,0,1,2,A,-,10,21950,A,N,G,B,B,A,H,-,A,A,0,Y,NA,NA,NA,Y,NA,A,07,0,0,1,0,1,0,0,0,0,-,-,33.974708557128906,-118.24104309082033,LOS ANGELES,UNINCORPORATED,-118.24122619628906,33.9747314453125
91868956,2022,2022-09-20,9540,2022-09-11,1327,021214,NA,7,1,6,1985,0,1,3,NA,1,144,SR-14 N/B (ANTELOPE VALLEY FREEWAY) TO NEWHALL AVE,NEWHALL AVENUE,5280,N,N,B,-,Y,NA,NA,NA,NA,NA,NA,NA,NA,NA,Y,4,0,1,1,A,-,03,22350,NA,N,E,I,A,A,H,-,A,D,0,NA,NA,NA,NA,Y,NA,A,01,0,0,1,0,0,0,0,0,0,-,-,34.366729736328125,-118.50206756591795,LOS ANGELES,SANTA CLARITA,-118.50206756591795,34.366729736328125
91868984,2022,2022-09-20,9530,2022-09-08,1720,023048,NA,4,2,9,1900,0,1,1,NA,2,120,I-110 S/B (HARBOR FREEWAY),DEL AMO BLVD.,1630,N,N,A,-,Y,LA,NA,110,NA,NA,8.355,H,NA,L,N,4,0,2,2,A,-,03,22350,NA,F,C,C,A,A,H,-,A,D,0,NA,NA,NA,NA,Y,NA,-,99,0,0,2,0,0,0,0,0,0,-,-,33.850868225097656,-118.28501892089844,LOS ANGELES,UNINCORPORATED,-118.28507232666016,33.85087203979492
91869035,2022,2022-09-20,9530,2022-09-08,1808,017755,NA,4,2,5,1977,0,1,1,NA,2,410,I-405 N/B (SAN DIEGO FREEWAY),MAIN ST.,635,S,N,A,-,Y,LA,NA,405,NA,NA,12.484,H,NA,R,Y,3,0,1,4,A,-,03,22350,NA,N,C,C,A,A,H,-,A,D,0,NA,NA,NA,NA,Y,NA,A,07,0,1,0,0,0,0,0,0,0,-,-,33.852088928222656,-118.27864074707033,LOS ANGELES,CARSON,-118.2785873413086,33.85213851928711
91869050,2022,2022-09-20,9530,2022-09-08,2350,022421,NA,4,3,6,1972,0,1,1,NA,2,400,I-405 N/B (SAN DIEGO FREEWAY),REDONDO BEACH BLVD.,40,S,N,A,-,Y,LA,NA,405,NA,NA,16.876,H,NA,R,N,3,0,1,1,A,-,01,23152,A,N,E,I,A,A,H,-,D,D,0,NA,NA,NA,NA,Y,Y,A,01,0,1,0,0,0,0,0,0,0,-,-,33.876678466796875,-118.34493255615234,LOS ANGELES,TORRANCE,-118.34480285644533,33.876747131347656
91869054,2022,2022-09-20,9550,2022-09-11,1830,022909,NA,7,2,5,1919,0,1,1,NA,2,652,I-605 NB TO SR-91 EB,STUDEBAKER RD,94.75,W,N,A,-,Y,NA,NA,NA,NA,NA,NA,NA,NA,NA,Y,3,0,1,1,A,-,01,23152,A,M,F,A,A,A,H,-,A,D,0,NA,NA,NA,NA,Y,Y,A,01,0,1,0,0,0,0,0,0,0,-,-,33.876060485839844,-118.10035705566406,LOS ANGELES,CERRITOS,-118.10035705566406,33.876060485839844
91869059,2022,2022-09-20,9545,2022-09-12,1950,015589,NA,1,2,9,1900,0,1,3,NA,1,042,SR-138,77TH ST  E,0,NA,Y,A,-,Y,LA,NA,138,NA,NA,54.2,H,NA,R,N,4,0,2,2,A,-,09,21801,A,N,A,C,A,A,H,-,D,D,0,NA,NA,NA,NA,Y,NA,A,01,0,0,2,0,0,0,0,0,0,-,-,34.52111053466797,-117.99250030517578,LOS ANGELES,UNINCORPORATED,-117.99250030517578,34.52106475830078
91869085,2022,2023-07-03,9530,2022-07-18,1259,021004,NA,1,1,7,1942,0,1,1,NA,2,110,INTERSTATE 110 SOUTHBOUND TO INTERSTATE 105 WESTBO,FIGUEROA STREET,76,E,N,A,-,Y,NA,NA,NA,NA,NA,NA,NA,NA,NA,Y,1,1,3,2,A,-,01,23152,A,N,C,C,A,A,H,-,A,D,0,NA,NA,NA,NA,Y,Y,A,01,0,0,3,0,0,0,0,0,0,-,-,33.92961120605469,-118.2824478149414,LOS ANGELES,LOS ANGELES,-118.2824478149414,33.92961120605469
91869089,2022,2022-09-20,9590,2022-09-11,1950,022431,NA,7,2,7,1942,0,1,1,NA,2,081,I-5 S/B (GOLDEN STATE FREEWAY),WHITTIER BOULEVARD,50,S,N,B,-,Y,LA,NA,5,NA,NA,17.034,H,NA,L,Y,4,0,1,2,A,-,07,21658,A,N,B,C,A,A,H,-,C,D,0,NA,NA,Y,NA,Y,NA,A,01,0,0,1,0,0,0,0,0,1,-,-,34.036251068115234,-118.22067260742188,LOS ANGELES,LOS ANGELES,-118.22073364257813,34.03627014160156
91869094,2022,2022-09-20,9550,2022-09-11,1945,022048,NA,7,2,5,1919,0,1,3,NA,2,091,SR-91,PIONEER BLVD,1320,W,N,C,-,Y,LA,NA,91,NA,R,17.782,H,NA,R,Y,4,0,1,2,A,-,03,22350,NA,N,C,C,A,B,H,-,C,D,0,NA,NA,NA,NA,Y,NA,A,01,0,0,1,0,0,0,0,0,0,-,-,33.87662124633789,-118.08785247802734,LOS ANGELES,CERRITOS,-118.08785247802734,33.87636184692383
91869103,2022,2022-09-20,9525,2022-09-12,1925,018651,NA,1,2,5,1990,0,1,3,NA,2,573,SR-57 S/B (ORANGE FREEWAY),DIAMOND BAR BLVD.,500,S,N,A,-,Y,NA,NA,NA,NA,NA,NA,NA,NA,NA,Y,3,0,1,1,A,-,08,22107,NA,N,E,I,A,A,D,-,C,D,0,NA,NA,NA,NA,Y,Y,A,01,0,1,0,0,0,0,0,0,0,-,-,33.6859016418457,-117.81710052490234,LOS ANGELES,DIAMOND BAR,-117.85008239746094,33.967098236083984
91869128,2022,2022-09-20,9525,2022-09-19,1620,019188,NA,1,2,9,1900,0,2,4,NA,2,022,ARROW HIGHWAY (17000 E. BLOCK),HOMEREST AVE.,150,E,N,A,-,N,NA,NA,NA,NA,NA,NA,NA,NA,NA,N,4,0,1,2,A,-,03,22350,NA,N,C,C,A,A,H,-,A,D,0,NA,NA,NA,NA,Y,NA,A,01,0,0,1,0,0,0,0,0,0,-,-,34.106788635253906,-117.91030120849608,LOS ANGELES,UNINCORPORATED,-117.9111785888672,34.10707473754883
91869138,2022,2022-09-20,9535,2022-09-15,1715,021931,NA,4,2,6,1922,0,1,1,NA,2,400,I-10 E/B,PECK ROAD,1056,W,N,A,-,Y,LA,NA,10,NA,NA,29.28,H,NA,R,N,4,0,1,2,A,-,03,22350,NA,N,C,C,A,A,H,-,A,D,0,NA,NA,NA,NA,Y,NA,A,01,0,0,1,0,0,0,0,0,0,-,-,34.06789016723633,-118.03180694580078,LOS ANGELES,EL MONTE,-118.03180694580078,34.067867279052734
91869182,2022,2022-09-20,9525,2022-09-11,1155,022770,NA,7,1,4,1913,0,1,1,NA,2,220,SR-210 E/B (FOOTHILL FWY),BASELINE ROAD,2170,W,N,A,-,Y,LA,NA,210,NA,R,50.586,H,NA,R,Y,3,0,1,1,A,-,08,22107,NA,N,E,I,A,A,H,-,A,D,0,NA,NA,NA,NA,Y,NA,A,07,0,1,0,0,0,0,0,0,0,-,-,34.12002944946289,-117.71811676025392,LOS ANGELES,CLAREMONT,-117.71811676025392,34.11997985839844
91869204,2022,2022-09-20,9525,2022-09-10,2215,019707,NA,6,3,5,1990,0,1,3,NA,2,602,SR-60 EASTBOUND (POMONA FREEWAY),SR-57 SOUTHBOUND,700,W,N,B,-,Y,LA,NA,60,NA,R,23.173,H,NA,R,Y,4,0,1,3,A,-,01,23152,A,F,E,I,A,A,H,-,C,D,0,NA,NA,NA,NA,Y,Y,A,01,0,0,1,0,0,0,0,0,0,-,-,34.000999450683594,-117.84146118164064,LOS ANGELES,DIAMOND BAR,-117.84147644042967,34.001094818115234
91869205,2022,2022-09-20,9525,2022-09-14,0040,020632,NA,3,3,1,1934,0,1,1,NA,2,203,I-210 W/B (FOOTHILL FREEWAY),I-605,2640,E,N,A,-,Y,LA,NA,210,NA,R,36.972,H,NA,L,Y,4,0,1,3,A,-,01,23152,A,N,C,C,A,A,D,E,C,D,0,NA,NA,NA,Y,Y,Y,D,22,0,0,1,0,0,0,0,0,0,-,-,34.131649017333984,-117.94833374023438,LOS ANGELES,IRWINDALE,-117.94831848144533,34.13167953491211
91869239,2022,2022-09-20,9535,2022-07-31,0450,022277,NA,7,3,5,1901,0,1,1,NA,2,421,I-10 WESTBOUND (SAN BERNARDINO FREEWAY),FREMONT AVE,3400,E,N,A,-,Y,LA,NA,10,NA,NA,22.978,H,NA,L,N,4,0,1,1,A,-,01,23152,A,M,E,I,A,A,H,-,C,D,0,NA,NA,NA,NA,Y,Y,A,01,0,0,1,0,0,0,0,0,0,-,-,34.071590423583984,-118.1406707763672,LOS ANGELES,ALHAMBRA,-118.1406707763672,34.071598052978516
91869242,2022,2022-09-20,9535,2022-09-08,1042,022025,NA,4,1,5,1952,0,1,1,NA,2,100,I-105 (CENTURY FREEWAY) E/B,LOS ANGELES RIVER,120,W,N,A,-,Y,LA,NA,105,NA,R,13.521,H,NA,R,Y,3,0,2,4,A,-,04,21703,NA,M,C,C,A,A,H,-,A,D,0,NA,NA,NA,Y,Y,NA,A,07,0,1,1,0,0,0,0,0,0,-,-,33.91236877441406,-118.17920684814452,LOS ANGELES,PARAMOUNT,-118.17920684814452,33.91237258911133
91869257,2022,2022-09-20,9535,2022-08-08,1400,022808,NA,1,2,5,1901,0,1,1,NA,2,420,I-10 E/B (SAN BERNARDINO FREEWAY),MARGUERITA AVE PEDESTRIAN OVERCROSS,187,W,N,A,-,Y,LA,NA,10,NA,NA,23.079,H,NA,R,N,3,0,1,3,A,-,03,22350,NA,N,C,C,A,A,H,-,A,D,0,NA,NA,NA,NA,Y,NA,A,01,0,1,0,0,0,0,0,0,0,-,-,34.07133865356445,-118.1388702392578,LOS ANGELES,ALHAMBRA,-118.1388702392578,34.071258544921875
91869259,2022,2022-09-20,9535,2022-08-13,0340,022861,NA,6,3,9,1900,0,2,4,NA,2,022,OLYMPIC BLVD.,ATLANTIC BLVD.,138,E,N,A,-,N,NA,NA,NA,NA,NA,NA,NA,NA,NA,N,3,0,1,2,A,-,01,23152,A,N,B,E,A,A,H,-,C,D,0,NA,NA,NA,NA,Y,Y,A,07,0,1,0,0,0,0,0,0,0,-,-,34.01612091064453,-118.15802001953124,LOS ANGELES,UNINCORPORATED,-118.15809631347656,34.016212463378906
91869260,2022,2022-09-20,9545,2022-09-13,0605,016124,NA,2,1,9,1900,0,3,5,NA,2,002,SIERRA HIGHWAY,ANGELES FOREST HIGHWAY,2640,E,N,A,-,N,NA,NA,NA,NA,NA,NA,NA,NA,NA,N,4,0,1,2,A,-,03,22350,NA,N,C,C,A,A,H,-,B,D,0,NA,NA,NA,NA,Y,NA,D,22,0,0,1,0,0,0,0,0,0,-,-,34.51585006713867,-118.10572814941406,LOS ANGELES,UNINCORPORATED,-118.10638427734376,34.51525115966797
91869274,2022,2022-09-20,9535,2022-08-12,1710,022808,NA,5,2,9,1900,0,2,4,NA,2,018,3RD ST W/B (4600 BLOCK),DANGLER AVE.,0,NA,Y,A,-,N,NA,NA,NA,NA,NA,NA,NA,NA,NA,N,3,0,1,2,A,-,09,21802,A,N,B,C,A,A,H,-,A,B,0,NA,NA,NA,NA,Y,NA,D,22,0,1,0,0,0,0,0,0,0,-,-,34.033409118652344,-118.16477966308594,LOS ANGELES,UNINCORPORATED,-118.164794921875,34.033409118652344
91869275,2022,2022-09-20,9535,2022-07-30,0200,022812,NA,6,3,5,1943,0,1,1,NA,2,104,I-105 E/B (CENTURY FREEWAY) TO I-710 N/B (LONG BEA,I-710 N/B (LONG BEACH FREEWAY),131,W,N,A,-,Y,LA,NA,105,NA,R,13.397,H,NA,L,Y,4,0,1,1,A,-,01,23152,A,N,E,I,A,A,H,-,C,D,0,NA,NA,NA,NA,Y,Y,A,01,0,0,1,0,0,0,0,0,0,-,-,33.91339111328125,-118.18106079101564,LOS ANGELES,LYNWOOD,-118.18105316162108,33.91339874267578
91869291,2022,2022-09-20,9530,2022-09-10,0925,022377,NA,6,1,9,1900,0,3,5,NA,2,001,SLAUSON AVENUE (1200 BLOCK),HOOPER AVENUE,15,W,N,B,-,N,NA,NA,NA,NA,NA,NA,NA,NA,NA,N,4,0,1,2,A,-,03,22350,NA,N,C,C,A,A,H,-,A,A,0,NA,NA,NA,NA,Y,NA,A,01,0,0,1,0,0,0,0,0,0,-,-,33.989280700683594,-118.25234985351564,LOS ANGELES,UNINCORPORATED,-118.25216674804688,33.98931884765625
91869301,2022,2022-09-20,9530,2022-09-12,1430,022986,NA,1,2,7,1942,0,1,1,NA,2,110,I-110 N/B (HARBOR FREEWAY),120TH STREET,380,N,N,A,-,Y,LA,NA,110,NA,NA,13.561,H,NA,R,Y,4,0,1,2,A,-,03,22350,NA,N,C,2,A,A,H,-,A,D,0,NA,NA,NA,NA,Y,NA,A,01,0,0,1,0,0,0,0,0,0,-,-,33.92504119873047,-118.28102111816406,LOS ANGELES,LOS ANGELES,-118.28109741210938,33.925045013427734
91869333,2022,2022-09-20,9535,2022-08-28,0215,022861,NA,7,3,5,1901,0,1,1,NA,2,420,I-10 (SAN BERNARDINO FREEWAY) E/B,FREMONT AVE,80,W,N,A,-,Y,LA,NA,10,NA,NA,22.298,H,NA,R,N,4,0,1,2,A,-,03,22350,NA,M,C,C,A,A,H,-,C,D,0,NA,NA,NA,NA,Y,NA,A,01,0,0,1,0,0,0,0,0,0,-,-,34.06814956665039,-118.15128326416016,LOS ANGELES,ALHAMBRA,-118.15127563476564,34.068145751953125
91869334,2022,2022-09-20,9545,2022-06-18,1535,021819,NA,6,2,9,1900,0,3,5,NA,2,001,10TH STREET EAST (CHALLENGER WAY),AVEUNE G,372,S,N,A,-,N,NA,NA,NA,NA,NA,NA,NA,NA,NA,Y,1,1,0,1,A,-,08,22107,NA,N,E,J,A,A,H,-,A,D,0,NA,NA,NA,NA,Y,NA,A,01,0,0,0,0,0,0,0,0,0,-,-,34.73249053955078,-118.11283111572266,LOS ANGELES,UNINCORPORATED,-118.11284637451172,34.73250961303711
91869344,2022,2022-09-20,9545,2022-09-13,1115,020140,NA,2,1,9,1900,0,3,5,NA,2,002,SIERRA HWY,SR-14 S/B FROM SIERRA HWY,0,NA,Y,A,-,Y,NA,NA,NA,NA,NA,NA,NA,NA,NA,Y,3,0,2,2,A,-,09,21801,A,N,A,C,A,A,H,-,A,D,0,NA,NA,NA,NA,Y,NA,D,22,0,1,1,0,0,0,0,0,0,-,-,34.51131820678711,-118.10961151123048,LOS ANGELES,UNINCORPORATED,-118.12741088867188,34.64015579223633
91869391,2022,2022-09-20,9525,2022-09-15,1712,018992,NA,4,2,5,1990,0,1,3,NA,2,603,SR-60 W/B (POMONA FWY),GRAND AVE,600,E,N,A,-,Y,LA,NA,60,NA,R,24.592,H,NA,L,Y,4,0,3,4,A,-,03,22350,NA,N,C,C,A,A,H,-,A,D,0,NA,NA,NA,Y,Y,NA,G,25,0,0,3,0,0,0,0,0,0,-,-,34.01190185546875,-117.82187652587892,LOS ANGELES,DIAMOND BAR,-117.82181549072266,34.01185607910156
91869403,2022,2022-09-21,9525,2022-09-17,1930,022645,NA,6,2,9,1900,0,3,5,NA,2,005,GLENDORA RIDGE RD.,MOUNT BALDY RD.,15840,W,N,A,-,N,NA,NA,NA,NA,NA,NA,NA,NA,NA,Y,4,0,1,1,A,-,08,22107,NA,N,E,I,A,A,H,-,D,D,0,NA,NA,NA,NA,Y,NA,A,01,0,0,1,0,0,0,0,0,0,-,-,33.69868850708008,-117.84786224365234,LOS ANGELES,UNINCORPORATED,-117.69731903076172,34.21872329711914
91869405,2022,2022-09-21,9580,2022-09-20,0700,019715,NA,2,1,7,1942,0,1,1,NA,2,407,I-405 S/B (SAN DIEGO FWY),SHERMAN WAY,2112,N,N,A,-,Y,LA,NA,405,NA,NA,42.835,H,NA,L,N,2,0,1,2,A,-,07,21658,A,N,C,C,A,A,H,-,A,D,0,NA,NA,Y,NA,Y,NA,A,07,1,0,0,0,0,0,0,0,1,-,-,34.20777130126953,-118.4734115600586,LOS ANGELES,LOS ANGELES,-118.47344970703124,34.20777130126953
91869589,2022,2022-09-21,9565,2022-09-09,2008,021372,NA,5,2,7,1942,0,1,1,NA,2,062,I-405 NORTHBOUND (SAN DIEGO FREEWAY),EXPOSITION BOULEVARD,480,S,N,C,-,Y,LA,NA,405,NA,NA,29.745,H,NA,R,Y,4,0,1,1,A,-,03,22350,NA,N,E,I,A,B,H,-,C,D,0,NA,NA,NA,NA,Y,NA,A,01,0,0,1,0,0,0,0,0,0,-,-,34.03361129760742,-118.4360809326172,LOS ANGELES,LOS ANGELES,-118.43618774414064,34.03352355957031
91869596,2022,2022-09-21,9565,2022-09-09,1950,019696,NA,5,2,7,1942,0,1,1,NA,2,063,I-405 S/B,OHIO AVE.,485,N,N,C,-,Y,LA,NA,405,NA,NA,31.144,H,NA,L,N,4,0,1,3,A,-,03,22350,NA,N,C,C,A,B,H,-,C,D,0,NA,NA,NA,NA,Y,NA,A,07,0,0,1,0,0,0,0,0,0,-,-,34.050350189208984,-118.44933319091795,LOS ANGELES,LOS ANGELES,-118.44911956787108,34.0504035949707
91869605,2022,2022-09-21,9565,2022-09-09,1510,022780,NA,5,2,5,1928,0,1,1,NA,2,012,I-105 E/B (CENTURY FREEWAY),WESTERN AVENUE,100,W,N,B,-,Y,LA,NA,105,NA,R,5.716,H,NA,R,Y,4,0,1,2,A,-,07,21658,A,N,B,2,A,A,H,-,A,D,0,NA,NA,Y,NA,Y,NA,A,01,0,0,1,0,0,0,0,0,1,-,-,33.925479888916016,-118.30947875976564,LOS ANGELES,HAWTHORNE,-118.30946350097656,33.9254035949707
91869617,2022,2022-09-21,9530,2022-09-09,0520,023030,NA,5,3,9,1900,0,3,5,NA,2,001,GAGE AVE. (1400 BLOCK),COMPTON AVE.,407,W,N,A,-,N,NA,NA,NA,NA,NA,NA,NA,NA,NA,Y,3,0,1,4,A,-,03,22350,NA,F,C,C,A,A,H,-,C,D,0,NA,NA,NA,NA,Y,NA,-,99,0,1,0,0,0,0,0,0,0,-,-,33.5820198059082,-118.24948120117188,LOS ANGELES,UNINCORPORATED,-118.24907684326172,33.98207092285156
91869635,2022,2022-09-21,9590,2022-09-09,1440,022369,NA,5,2,7,1942,0,1,1,NA,2,062,I-10 E/B (SANTA MONICA FWY),FIGUEROA STREET,200,W,N,A,-,Y,LA,NA,10,NA,NA,15.018,H,NA,R,N,4,0,2,3,A,-,03,22350,NA,N,C,C,A,A,H,-,A,D,0,NA,NA,NA,NA,Y,NA,D,22,0,0,2,0,0,0,0,0,0,-,-,34.03710174560547,-118.27117919921876,LOS ANGELES,LOS ANGELES,-118.27118682861328,34.03709411621094
91869638,2022,2022-09-21,9535,2022-09-12,1155,022243,NA,1,1,4,1907,0,1,1,NA,2,073,I-710 S/B (LONG BEACH FREEWAY),CLARA ST,1500,S,N,A,-,Y,LA,NA,710,NA,NA,18.874,H,NA,L,N,4,0,1,3,A,-,03,22350,NA,N,C,C,A,A,H,-,A,D,0,NA,NA,NA,Y,Y,NA,G,25,0,0,1,0,0,0,0,0,0,-,-,33.95608901977539,-118.17064666748048,LOS ANGELES,BELL,-118.17066955566406,33.956092834472656
91869651,2022,2022-09-21,9580,2022-09-15,0645,021607,NA,4,1,7,1942,0,1,1,NA,2,405,I-405 (SAN DIEGO FREEWAY),BURBANK BLVD,1584,S,N,B,-,Y,LA,NA,405,NA,NA,39.984,H,NA,R,N,4,0,1,2,D,-,00,NA,NA,N,C,C,A,A,H,-,A,D,0,NA,NA,NA,Y,Y,NA,-,-,0,0,1,0,0,0,0,0,0,-,-,34.16801071166992,-118.46893310546876,LOS ANGELES,LOS ANGELES,-118.46868133544922,34.16790771484375
91869660,2022,2022-09-21,9580,2022-09-15,1012,021607,NA,4,1,7,1942,0,1,1,NA,2,405,I-405 (SAN DIEGO FREEWAY) SOUTHBOUND,VICTORY BLVD,528,N,N,A,-,Y,LA,NA,405,NA,NA,41.486,H,NA,L,Y,4,0,3,3,A,-,03,22350,NA,N,C,C,A,A,H,-,A,D,0,NA,NA,NA,NA,Y,NA,A,07,0,0,3,0,0,0,0,0,0,-,-,34.18825149536133,-118.47429656982422,LOS ANGELES,LOS ANGELES,-118.47432708740234,34.18825149536133