CASE_ID,ACCIDENT_YEAR,PROC_DATE,JURIS,COLLISION_DATE,COLLISION_TIME,OFFICER_ID,REPORTING_DISTRICT,DAY_OF_WEEK,CHP_SHIFT,POPULATION,CNTY_CITY_LOC,SPECIAL_COND,BEAT_TYPE,CHP_BEAT_TYPE,CITY_DIVISION_LAPD,CHP_BEAT_CLASS,BEAT_NUMBER,PRIMARY_RD,SECONDARY_RD,DISTANCE,DIRECTION,INTERSECTION,WEATHER_1,WEATHER_2,STATE_HWY_IND,CALTRANS_COUNTY,CALTRANS_DISTRICT,STATE_ROUTE,ROUTE_SUFFIX,POSTMILE_PREFIX,POSTMILE,LOCATION_TYPE,RAMP_INTERSECTION,SIDE_OF_HWY,TOW_AWAY,COLLISION_SEVERITY,NUMBER_KILLED,NUMBER_INJURED,PARTY_COUNT,PRIMARY_COLL_FACTOR,PCF_CODE_OF_VIOL,PCF_VIOL_CATEGORY,PCF_VIOLATION,PCF_VIOL_SUBSECTION,HIT_AND_RUN,TYPE_OF_COLLISION,MVIW,PED_ACTION,ROAD_SURFACE,ROAD_COND_1,ROAD_COND_2,LIGHTING,CONTROL_DEVICE,CHP_ROAD_TYPE,PEDESTRIAN_ACCIDENT,BICYCLE_ACCIDENT,MOTORCYCLE_ACCIDENT,TRUCK_ACCIDENT,NOT_PRIVATE_PROPERTY,ALCOHOL_INVOLVED,STWD_VEHTYPE_AT_FAULT,CHP_VEHTYPE_AT_FAULT,COUNT_SEVERE_INJ,COUNT_VISIBLE_INJ,COUNT_COMPLAINT_PAIN,COUNT_PED_KILLED,COUNT_PED_INJURED,COUNT_BICYCLIST_KILLED,COUNT_BICYCLIST_INJURED,COUNT_MC_KILLED,COUNT_MC_INJURED,PRIMARY_RAMP,SECONDARY_RAMP,LATITUDE,LONGITUDE,COUNTY,CITY,POINT_X,POINT_Y
91877053,2022,2022-09-29,9550,2022-09-17,0020,022952,NA,6,3,5,1919,0,1,3,NA,2,091,SR-91 EASTBOUND,GRIDLEY RD,200,W,N,A,-,Y,LA,NA,91,NA,R,17.499,H,NA,R,Y,4,0,1,2,A,-,01,23152,A,N,C,C,A,A,H,-,D,D,0,NA,NA,NA,NA,Y,Y,A,01,0,0,1,0,0,0,0,0,0,-,-,33.87635040283203,-118.0927734375,LOS ANGELES,CERRITOS,-118.0927734375,33.87635803222656
91877059,2022,2022-09-29,9530,2022-09-18,0747,022930,NA,7,1,7,1941,0,1,1,NA,2,072,I-710 S/B (LONG BEACH FREEWAY),PACIFIC COAST HWY.,220,N,N,A,-,Y,LA,NA,710,NA,NA,6.949,H,NA,L,Y,3,0,1,2,A,-,07,21658,A,N,B,C,A,A,H,-,A,D,0,NA,NA,NA,NA,Y,NA,A,01,0,1,0,0,0,0,0,0,0,-,-,33.79087829589844,-118.20791625976564,LOS ANGELES,LONG BEACH,-118.20792388916016,33.79087829589844
91877067,2022,2022-09-29,9545,2022-09-21,0555,017305,NA,3,3,9,1900,0,3,5,NA,2,001,AVENUE H,60TH STREET EAST,100,W,N,A,-,N,NA,NA,NA,NA,NA,NA,NA,NA,NA,N,4,0,2,1,A,-,08,22107,NA,N,F,A,A,A,H,-,D,D,0,NA,NA,NA,NA,Y,NA,A,07,0,0,2,0,0,0,0,0,0,-,-,34.71918869018555,-118.0244598388672,LOS ANGELES,UNINCORPORATED,-118.023681640625,34.719200134277344
91877077,2022,2022-09-29,9525,2022-09-27,1545,022630,NA,2,2,6,1955,0,1,3,NA,2,606,SR-60 E/B (POMONA FWY),RESERVOIR ST.,528,W,N,A,-,Y,LA,NA,60,NA,R,30.209,H,NA,R,Y,3,0,1,4,A,-,03,22350,NA,F,C,C,A,A,H,-,A,D,0,NA,NA,NA,NA,Y,NA,A,01,0,1,0,0,0,0,0,0,0,-,-,34.02486038208008,-117.73377990722656,LOS ANGELES,POMONA,-117.73377227783205,34.024803161621094
91877078,2022,2022-09-29,9550,2022-09-17,2330,022600,NA,6,3,6,1949,0,1,1,NA,2,501,INTERSTATE 5 NORTHBOUND,CARMENITA ROAD,1400,N,N,A,-,Y,LA,NA,5,NA,NA,2.7,H,NA,R,Y,4,0,3,2,A,-,01,23152,G,N,C,C,A,A,H,-,C,D,0,NA,NA,NA,NA,Y,Y,A,07,0,0,3,0,0,0,0,0,0,-,-,33.89617919921875,-118.05068206787108,LOS ANGELES,NORWALK,-118.05081176757813,33.8960075378418
91877093,2022,2022-09-29,9525,2022-09-16,0630,022770,NA,5,1,3,1921,0,1,1,NA,2,202,I-210 E/B FROM MOUNTAIN AVE,BUENA VISTA STREET,370,W,N,A,-,Y,LA,NA,210,NA,R,35.177,H,NA,R,Y,4,0,1,2,A,-,03,22350,NA,N,C,C,A,A,H,-,A,A,0,NA,NA,NA,NA,Y,NA,A,07,0,0,1,0,0,0,0,0,0,-,-,34.135108947753906,-117.97892761230467,LOS ANGELES,DUARTE,-117.97892761230467,34.13530349731445
91877110,2022,2022-09-29,9550,2022-09-11,2115,022909,NA,7,2,5,1919,0,1,3,NA,2,091,SR-91 WB TO I-605,STUDEBAKER RD,1500,E,N,A,-,Y,LA,NA,91,NA,R,17.401,H,NA,L,Y,3,0,1,2,A,-,03,22350,NA,N,C,C,A,A,H,-,C,D,0,NA,NA,NA,NA,Y,NA,A,01,0,1,0,0,0,0,0,0,0,-,-,33.87665939331055,-118.09446716308594,LOS ANGELES,CERRITOS,-118.09446716308594,33.876461029052734
91877117,2022,2022-09-29,9550,2022-09-20,1715,022950,NA,2,2,9,1900,0,1,3,NA,2,600,SR60 EASTBOUND TO SEVENTH AVE SOUTH,SEVENTH AVENUE SOUTH,360,W,N,A,-,Y,LA,NA,60,NA,NA,14.184,H,NA,R,N,4,0,1,2,A,-,03,22350,NA,N,C,C,A,A,H,-,A,D,0,NA,NA,NA,NA,Y,NA,A,07,0,0,1,0,0,0,0,0,0,-,-,34.02037811279297,-117.98944091796876,LOS ANGELES,UNINCORPORATED,-117.9892578125,34.02050018310547
91877124,2022,2022-09-29,9530,2022-09-18,0145,022669,NA,7,3,9,1900,0,1,1,NA,2,073,I-710 N/B TO ANAHEIM STREET,ANAHEIM STREET,445,N,N,A,-,Y,LA,NA,710,NA,NA,6.476,H,NA,R,Y,3,0,1,1,A,-,03,22350,NA,N,F,A,A,A,H,-,D,D,0,NA,NA,NA,Y,Y,NA,G,25,0,1,0,0,0,0,0,0,0,-,-,33.78403091430664,-118.2072982788086,LOS ANGELES,UNINCORPORATED,-118.2075424194336,33.784027099609375
91877179,2022,2022-09-29,9535,2022-09-29,0755,018633,NA,4,1,9,1900,0,1,3,NA,2,621,SR-60 W/B (POMONA FREEWAY),COGSWELL AVE POC,500,E,N,A,-,Y,LA,NA,60,NA,NA,10.619,H,NA,L,N,4,0,1,2,A,-,03,22350,NA,N,C,C,A,A,H,-,A,D,0,NA,NA,NA,NA,Y,NA,D,22,0,0,1,0,0,0,0,0,0,-,-,34.038818359375,-118.04525756835938,LOS ANGELES,UNINCORPORATED,-118.04528045654295,34.038734436035156
91877182,2022,2022-09-29,9535,2022-09-19,1720,022263,NA,1,2,9,1900,0,1,3,NA,2,066,SR-164 (ROSEMEAD BLVD),SR-60 E/B (POMONA FREEWAY),60,S,N,A,-,Y,LA,NA,164,NA,NA,3.313,H,NA,R,Y,4,0,1,2,A,-,01,23152,A,N,B,C,A,A,H,-,A,D,0,NA,NA,NA,NA,Y,Y,A,01,0,0,1,0,0,0,0,0,0,-,-,34.04090118408203,-118.06417083740234,LOS ANGELES,UNINCORPORATED,-118.06419372558594,34.04090118408203
91877212,2022,2022-09-29,9550,2022-09-17,1315,021656,NA,6,1,5,1919,0,1,1,NA,2,652,INTERSTATE 605 N/B (SAN GABRIEL RIVER FREEWAY),195TH STREET,20,N,N,A,-,Y,LA,NA,605,NA,R,3.401,H,NA,R,Y,4,0,3,3,A,-,07,21658,A,N,B,C,A,A,H,-,A,D,0,NA,NA,NA,NA,Y,NA,A,01,0,0,3,0,0,0,0,0,0,-,-,33.85340118408203,-118.09483337402344,LOS ANGELES,CERRITOS,-118.09481811523438,33.85340118408203
91877213,2022,2022-09-29,9525,2022-09-23,1605,021250,NA,5,2,5,1906,0,1,1,NA,2,651,I-605 S/B (SAN GABRIEL RIVER FWY),I-10 W/B (SAN BERNARDINO FWY),1500,N,N,A,-,Y,LA,NA,605,NA,NA,20.553,H,NA,L,N,4,0,1,2,A,-,03,22350,NA,N,C,C,A,A,H,-,A,D,0,NA,NA,NA,NA,Y,NA,A,01,0,0,1,0,0,0,0,0,0,-,-,34.070308685302734,-118.00039672851564,LOS ANGELES,BALDWIN PARK,-118.0004425048828,34.070316314697266
91877225,2022,2022-09-29,9535,2022-09-28,1520,022316,NA,3,2,6,1922,0,1,1,NA,2,400,I-10 E/B,ROSEMEAD BLVD,1000,E,N,A,-,Y,LA,NA,10,NA,NA,27.044,H,NA,R,N,4,0,2,2,A,-,03,22350,NA,M,C,C,A,A,H,-,A,D,0,NA,NA,NA,NA,Y,NA,-,99,0,0,2,0,0,0,0,0,0,-,-,34.072208404541016,-118.0697784423828,LOS ANGELES,EL MONTE,-118.0697784423828,34.07210922241211
91877226,2022,2022-09-29,9530,2022-09-20,0650,022696,NA,2,1,9,1900,0,1,1,NA,2,210,I-105 W/B (GLENN ANDERSON FREEWAY),STATE ST.,500,W,N,A,-,Y,LA,NA,105,NA,R,10.961,H,NA,L,N,4,0,1,2,A,-,03,22350,NA,N,C,C,A,A,H,-,A,D,0,NA,NA,NA,NA,Y,NA,A,01,0,0,1,0,0,0,0,0,0,-,-,33.92911911010742,-118.21916961669922,LOS ANGELES,UNINCORPORATED,-118.21918487548828,33.92909622192383
91877240,2022,2022-09-29,9535,2022-09-28,1820,022316,NA,3,2,4,1962,0,1,1,NA,2,400,I-10 E/B,DEL MAR AVE,900,E,N,A,-,Y,LA,NA,10,NA,NA,25.51,H,NA,R,N,4,0,1,3,A,-,03,22350,NA,N,C,C,A,A,H,-,A,D,0,NA,NA,NA,NA,Y,NA,A,07,0,0,1,0,0,0,0,0,0,-,-,34.07184982299805,-118.09649658203124,LOS ANGELES,SAN GABRIEL,-118.09649658203124,34.07178497314453
91877247,2022,2022-09-29,9525,2022-09-26,1125,019421,NA,1,1,9,1900,0,3,5,NA,2,001,CALIFORNIA AVE,CAMINO REAL ST.,0,NA,Y,A,-,N,NA,NA,NA,NA,NA,NA,NA,NA,NA,N,4,0,1,2,A,-,09,21802,A,N,D,C,A,A,H,-,A,A,0,NA,NA,NA,NA,Y,NA,A,07,0,0,1,0,0,0,0,0,0,-,-,34.121578216552734,-117.99819946289064,LOS ANGELES,UNINCORPORATED,-117.99806213378906,34.12146759033203
91877256,2022,2022-09-29,9525,2022-09-27,1950,022009,NA,2,2,9,1900,0,3,5,NA,2,003,AMAR RD. (15900 BLOCK),ECHELON AVE,515,W,N,A,-,N,NA,NA,NA,NA,NA,NA,NA,NA,NA,Y,4,0,1,2,A,-,01,23152,A,N,C,E,A,A,H,-,C,D,0,NA,NA,NA,NA,Y,Y,D,22,0,0,1,0,0,0,0,0,0,-,-,34.03635025024414,-117.9365234375,LOS ANGELES,UNINCORPORATED,-117.936279296875,34.03623580932617
91877263,2022,2022-09-29,9575,2022-09-23,1515,021925,NA,5,2,9,1900,0,2,4,NA,2,084,DUARTE ROAD (9000 BLOCK),ROSEMEAD BOULEVARD,8,E,N,A,-,N,NA,NA,NA,NA,NA,NA,NA,NA,NA,N,4,0,2,3,A,-,10,21950,A,M,G,B,B,A,H,-,A,A,0,Y,NA,NA,NA,Y,NA,A,01,0,0,2,0,2,0,0,0,0,-,-,34.123130798339844,-118.07276916503906,LOS ANGELES,UNINCORPORATED,-118.07288360595705,34.123016357421875
91877272,2022,2022-09-29,9525,2022-08-07,0205,021545,NA,7,3,6,1955,0,1,1,NA,2,107,INTERSTATE 10 WESTBOUND (SAN BERNARDINO FWY),DUDLEY STREET,1056,W,N,A,-,Y,LA,NA,10,NA,NA,43.962,H,NA,L,N,1,1,0,2,A,-,11,21954,A,F,G,B,E,A,H,-,C,D,0,Y,NA,NA,NA,Y,NA,N,60,0,0,0,1,0,0,0,0,0,-,-,34.073028564453125,-117.78221893310548,LOS ANGELES,POMONA,-117.78221893310548,34.07297134399414
91877273,2022,2022-09-29,9580,2022-09-25,0540,020879,NA,7,3,9,1900,0,3,5,NA,1,010,SR-1 (PACIFIC COAST HWY).,MULHOLLAND HWY.,528,S,N,A,-,N,NA,NA,NA,NA,NA,NA,NA,NA,NA,Y,2,0,3,1,A,-,08,22107,NA,N,E,I,A,A,H,-,D,D,0,NA,NA,NA,NA,Y,NA,A,01,1,2,0,0,0,0,0,0,0,-,-,34.047088623046875,-118.92703247070313,LOS ANGELES,UNINCORPORATED,-118.92703247070313,34.047142028808594
91877285,2022,2022-09-29,9550,2022-09-17,1325,020025,NA,6,1,9,1900,0,2,4,NA,1,051,HARBOR BLVD,DUBLIN WAY,600,S,N,A,-,N,NA,NA,NA,NA,NA,NA,NA,NA,NA,Y,2,0,1,1,A,-,03,22350,NA,N,E,I,A,A,H,-,A,D,0,NA,NA,NA,NA,Y,NA,A,01,1,0,0,0,0,0,0,0,0,-,-,33.96303939819336,-117.9142608642578,LOS ANGELES,UNINCORPORATED,-117.91445922851564,33.9630012512207
91877287,2022,2022-09-29,9550,2022-09-21,1730,020974,NA,3,2,9,1900,0,1,1,NA,2,650,I-605 S/B,SARAGOSA STREET,350,N,N,A,-,Y,LA,NA,605,NA,R,12.493,H,NA,L,N,4,0,1,2,A,-,03,22350,NA,N,C,C,A,A,H,-,A,D,0,NA,NA,NA,NA,Y,NA,A,07,0,0,1,0,0,0,0,0,0,-,-,33.979610443115234,-118.07708740234376,LOS ANGELES,UNINCORPORATED,-118.07711029052734,33.9796257019043
91877288,2022,2022-09-29,9580,2022-09-28,1638,022437,NA,3,2,9,1900,0,2,S,NA,2,700,OLD TOPANGA CANYON RD,SUMMIT TO SUMMIT MOUNTAIN WAY,1056,W,N,A,-,N,NA,NA,NA,NA,NA,NA,NA,NA,NA,Y,4,0,2,2,A,-,08,22107,NA,N,A,C,A,A,H,-,A,D,0,NA,NA,NA,NA,Y,NA,A,01,0,0,2,0,0,0,0,0,0,-,-,34.1249885559082,-118.63775634765624,LOS ANGELES,UNINCORPORATED,-118.6374053955078,34.12417984008789
91878294,2022,2022-09-30,9565,2022-09-21,1558,019696,NA,3,2,7,1942,0,1,1,NA,2,064,I-405 N/B,SEPULVEDA BOULEVARD,1800,N,N,A,-,Y,LA,NA,405,NA,NA,35.152,H,NA,R,N,4,0,1,2,A,-,03,22350,NA,N,C,C,A,A,H,-,A,D,0,NA,NA,NA,NA,Y,NA,D,22,0,0,1,0,0,0,0,0,0,-,-,34.101688385009766,-118.4772491455078,LOS ANGELES,LOS ANGELES,-118.47742462158205,34.10172653198242
91878300,2022,2022-09-30,9590,2022-09-17,1125,022313,NA,6,1,7,1942,0,1,1,NA,2,012,SR-110 N/B (ARROYO SECO PARKWAY),AVENUE 52,300,N,N,A,-,Y,LA,NA,110,NA,NA,28.225,H,NA,R,N,4,0,3,2,A,-,03,22350,NA,N,C,C,A,A,H,-,A,D,0,NA,NA,NA,NA,Y,NA,A,01,0,0,3,0,0,0,0,0,0,-,-,34.10287094116211,-118.19322967529295,LOS ANGELES,LOS ANGELES,-118.19322204589844,34.10284423828125
91878303,2022,2022-09-30,9550,2022-09-19,1810,022909,NA,1,2,6,1920,0,1,3,NA,2,090,SR-91 WB,CLARK AVENUE,480,E,N,A,-,Y,LA,NA,91,NA,R,15.216,H,NA,L,Y,3,0,3,4,A,-,03,22350,NA,N,C,C,A,A,H,-,A,D,0,NA,NA,NA,NA,Y,NA,D,22,0,1,2,0,0,0,0,0,0,-,-,33.87675857543945,-118.13231658935548,LOS ANGELES,DOWNEY,-118.13229370117188,33.876834869384766
91878304,2022,2022-09-30,9590,2022-09-21,1520,022065,NA,3,2,7,1942,0,1,2,NA,2,073,U.S. 101 SOUTHBOUND (HOLLYWOOD FREEWAY),HOLLYWOOD BOULEVARD,100,S,N,A,-,Y,LA,NA,101,NA,NA,6.494,H,NA,L,Y,4,0,2,3,A,-,03,22350,NA,N,C,C,A,A,H,-,A,D,0,NA,NA,NA,NA,Y,NA,A,07,0,0,2,0,0,0,0,0,0,-,-,34.10139083862305,-118.31649017333984,LOS ANGELES,LOS ANGELES,-118.31653594970705,34.10137176513672
91878306,2022,2022-09-30,9590,2022-09-21,1835,022065,NA,3,2,7,1942,0,1,2,NA,2,071,U.S. 101 SOUTHBOUND (HOLLYWOOD FREEWAY),MAIN STREET,100,N,N,A,-,Y,LA,NA,101,NA,NA,0.953,H,NA,L,N,4,0,1,2,A,-,03,22350,NA,N,C,C,A,A,H,-,A,D,0,NA,NA,NA,NA,Y,NA,A,01,0,0,1,0,0,0,0,0,0,-,-,34.05575942993164,-118.24064636230467,LOS ANGELES,LOS ANGELES,-118.24063110351564,34.05577850341797
91878308,2022,2022-09-30,9550,2022-09-22,1710,020709,NA,4,2,5,1935,0,1,1,NA,2,652,I-605 NB,195TH ST.,100,N,N,A,-,Y,LA,NA,605,NA,R,3.42,H,NA,R,Y,4,0,1,2,A,-,03,22350,NA,N,C,C,A,A,H,-,A,D,0,NA,NA,NA,NA,Y,NA,A,01,0,0,1,0,0,0,0,0,0,-,-,33.85367965698242,-118.09485626220705,LOS ANGELES,LAKEWOOD,-118.09488677978516,33.853675842285156
91878310,2022,2022-09-30,9550,2022-09-22,1910,022947,NA,4,2,6,1949,0,1,1,NA,2,651,I-105 E/B TO I-605 N/B,IMPERIAL HWY,40,S,N,A,-,Y,NA,NA,NA,NA,NA,NA,NA,NA,NA,Y,4,0,1,2,A,-,03,22350,NA,N,C,C,A,A,H,-,D,D,0,NA,NA,NA,NA,Y,NA,D,22,0,0,1,0,0,0,0,0,0,-,-,33.91733932495117,-118.10414886474608,LOS ANGELES,NORWALK,-118.34556579589844,33.9308967590332
91878311,2022,2022-09-30,9550,2022-09-22,1605,021742,NA,4,2,5,1919,0,1,1,NA,2,652,I-605 SOUTHBOUND,THE 195TH STREET OVERCROSSING,200,N,N,A,-,Y,LA,NA,605,NA,R,3.438,H,NA,L,Y,3,0,1,3,A,-,07,21658,A,N,B,C,A,A,H,-,A,D,0,NA,NA,NA,NA,Y,NA,A,07,0,1,0,0,0,0,0,0,0,-,-,33.853919982910156,-118.0952377319336,LOS ANGELES,CERRITOS,-118.09529876708984,33.85390853881836
91878683,2022,2022-09-30,9540,2022-09-28,0500,021869,NA,3,3,6,1985,0,1,3,NA,2,149,SR-14 S/B (ANTELOPE VALLEY FREEWAY),GOLDEN VALLEY RD.,500,N,N,A,-,Y,LA,NA,14,NA,R,29.925,H,NA,L,N,2,0,1,3,A,-,03,22350,NA,N,C,C,A,A,H,-,C,D,0,NA,NA,NA,NA,Y,NA,A,01,1,0,0,0,0,0,0,0,0,-,-,34.394630432128906,-118.46926879882813,LOS ANGELES,SANTA CLARITA,-118.46918487548828,34.394527435302734
91878691,2022,2022-09-30,9540,2022-09-28,0309,018024,NA,3,3,6,1985,0,1,3,NA,1,145,STATE ROUTE 14 (S/B) (ANTELOPE VALLEY FREEWAY),GOLDEN VALLEY RD.,528,S,N,A,-,Y,LA,NA,14,NA,R,29.389,H,NA,L,Y,4,0,1,2,A,-,03,22350,NA,N,C,C,A,A,H,-,D,D,0,NA,NA,NA,NA,Y,NA,A,01,0,0,1,0,0,0,0,0,0,-,-,34.390289306640625,-118.47708892822266,LOS ANGELES,SANTA CLARITA,-118.4770278930664,34.390220642089844
91878710,2022,2022-09-30,9565,2022-09-20,0720,017060,NA,2,1,9,1900,0,2,4,NA,2,022,NORMANDIE AVE.,IMPERIAL HIGHWAY,2,S,N,A,-,N,NA,NA,NA,NA,NA,NA,NA,NA,NA,N,3,0,1,2,A,-,10,21950,A,F,G,B,B,A,H,-,A,A,0,Y,NA,NA,NA,Y,NA,-,99,0,1,0,0,1,0,0,0,0,-,-,33.93082046508789,-118.3003387451172,LOS ANGELES,UNINCORPORATED,-118.30032348632813,33.93091583251953
91878733,2022,2022-09-30,9550,2022-09-21,0550,018187,NA,3,3,9,1900,0,2,4,NA,1,013,NORWALK BL,SLAUSON AVE,120,S,N,A,-,N,NA,NA,NA,NA,NA,NA,NA,NA,NA,Y,4,0,1,2,A,-,05,21650,NA,N,D,C,A,A,H,-,B,D,0,NA,NA,NA,NA,Y,NA,D,22,0,0,1,0,0,0,0,0,0,-,-,33.964298248291016,-118.0705337524414,LOS ANGELES,UNINCORPORATED,-118.07054901123048,33.96437072753906
91878741,2022,2022-09-30,9575,2022-01-16,2024,022479,NA,7,2,9,1900,0,2,4,NA,2,012,MICHILLINDA AVENUE,FOOTHILL BOULEVARD,348,S,N,A,-,N,NA,NA,NA,NA,NA,NA,NA,NA,NA,Y,1,3,0,1,A,-,03,22350,NA,N,E,I,A,A,H,-,C,A,0,NA,NA,NA,NA,Y,NA,A,01,0,0,0,0,0,0,0,0,0,-,-,34.149131774902344,-118.06793975830078,LOS ANGELES,UNINCORPORATED,-118.06781005859376,34.150291442871094
91878763,2022,2022-09-30,9580,2022-09-24,2145,022603,NA,6,2,7,1942,0,1,2,NA,2,100,US-101 N/B (VENTURA FREEWAY) FROM LAUREL CANYON BO,LAUREL CANYON BOULEVARD,50,N,N,A,-,Y,LA,NA,101,NA,NA,12.91,H,NA,R,N,4,0,2,2,A,-,03,22350,NA,F,C,C,A,A,H,-,C,A,0,NA,NA,NA,NA,Y,NA,-,99,0,0,2,0,0,0,0,0,0,-,-,34.154781341552734,-118.39733123779295,LOS ANGELES,LOS ANGELES,-118.39735412597656,34.154544830322266
91878768,2022,2022-09-30,9565,2022-09-15,1922,023014,NA,4,2,7,1942,0,1,1,NA,2,062,I-405 S/B (SAN DIEGO FREEWAY),VENICE BLVD,500,N,N,A,-,Y,LA,NA,405,NA,NA,28.046,H,NA,L,N,4,0,1,2,A,-,07,21658,A,M,B,C,A,A,H,-,D,D,0,NA,NA,Y,NA,Y,NA,A,01,0,0,1,0,0,0,0,0,1,-,-,34.01316833496094,-118.41934967041016,LOS ANGELES,LOS ANGELES,-118.41936492919922,34.01316452026367
91878771,2022,2022-09-30,9530,2022-09-20,0845,016842,NA,2,1,9,1900,0,3,5,NA,2,006,SEPULVEDA BLVD.,MARIGOLD AVE.,0,NA,Y,A,-,N,NA,NA,NA,NA,NA,NA,NA,NA,NA,Y,3,0,1,3,A,-,03,22350,NA,N,C,C,A,A,H,-,A,D,0,NA,NA,NA,NA,Y,NA,A,01,0,1,0,0,0,0,0,0,0,-,-,33.81222915649414,-118.29591369628906,LOS ANGELES,UNINCORPORATED,-118.29589080810548,33.812217712402344
91878777,2022,2022-09-30,9580,2022-09-22,2250,022275,NA,4,3,3,1995,0,3,5,NA,2,013,SCHUEREN RD,MOONRISE DR,800,N,N,A,-,Y,NA,NA,NA,NA,NA,NA,NA,NA,NA,N,4,0,1,1,A,-,03,22350,NA,N,E,I,A,A,H,-,D,D,0,NA,NA,NA,NA,Y,NA,A,01,0,0,1,0,0,0,0,0,0,-,-,34.079410552978516,-118.64877319335938,LOS ANGELES,MALIBU,-118.64617156982422,34.079341888427734
91878786,2022,2022-09-30,9565,2022-09-21,1410,022099,NA,3,2,7,1942,0,1,1,NA,2,063,INTERSTATE 405 S/B (SAN DIEGO FWY),OLYMPIC BLVD,700,N,N,A,-,Y,LA,NA,405,NA,NA,30.337,H,NA,L,N,4,0,1,2,A,-,03,22350,NA,N,C,C,A,A,H,-,A,D,0,NA,NA,NA,NA,Y,NA,D,22,0,0,1,0,0,0,0,0,0,-,-,34.040611267089844,-118.44149780273438,LOS ANGELES,LOS ANGELES,-118.44139099121094,34.04067611694336
91878790,2022,2022-09-30,9530,2022-09-20,1730,022951,NA,2,2,7,1941,0,1,1,NA,2,430,I-405 S/B (SAN DIEGO FREEWAY),STUDEBAKER RD.,243,S,N,A,-,Y,LA,NA,405,NA,NA,0.367,H,NA,L,Y,4,0,1,2,A,-,03,22350,NA,N,C,C,A,A,H,-,A,D,0,NA,NA,NA,NA,Y,NA,A,01,0,0,1,0,0,0,0,0,0,-,-,33.789329528808594,-118.09799194335938,LOS ANGELES,LONG BEACH,-118.09797668457033,33.789344787597656
91878794,2022,2022-09-30,9530,2022-09-20,2255,022670,NA,2,3,7,1942,0,1,1,NA,2,120,I-110 N/B,HARRY BRIDGES BLVD.,2640,S,N,A,-,Y,LA,NA,110,NA,NA,2.286,H,NA,R,Y,4,0,1,1,A,-,08,22107,NA,N,E,I,A,A,H,-,C,D,0,NA,NA,NA,NA,Y,NA,A,07,0,0,1,0,0,0,0,0,0,-,-,33.76517105102539,-118.28295135498048,LOS ANGELES,LOS ANGELES,-118.28286743164064,33.76514434814453
91878795,2022,2022-09-30,9580,2022-09-25,2155,022603,NA,7,2,7,1942,0,1,1,NA,2,404,I-405 N/B (SAN DIEGO FWY),VENTURA BLVD,2500,S,N,A,-,Y,LA,NA,405,NA,NA,38.336,H,NA,R,N,3,0,3,4,A,-,03,22350,NA,N,C,C,A,A,H,-,D,D,0,NA,NA,NA,NA,Y,NA,A,07,0,3,0,0,0,0,0,0,0,-,-,34.14479064941406,-118.47093200683594,LOS ANGELES,LOS ANGELES,-118.47087097167967,34.144779205322266
91878796,2022,2022-09-30,9580,2022-09-27,0910,021522,NA,2,1,7,1942,0,1,3,NA,2,171,SR-170 S/B (HOLLYWOOD FWY.),RIVERSIDE DR,250,S,N,A,-,Y,LA,NA,170,NA,R,14.773,H,NA,L,N,4,0,1,2,A,-,03,22350,NA,N,C,C,A,A,H,-,A,D,0,NA,NA,NA,NA,Y,NA,A,08,0,0,1,0,0,0,0,0,0,-,-,34.15647888183594,-118.37911224365234,LOS ANGELES,LOS ANGELES,-118.37906646728516,34.156497955322266
91878807,2022,2022-09-30,9580,2022-09-26,2235,019876,NA,1,3,3,1989,0,1,2,NA,2,107,US-101 S/B (VENTURA FREEWAY),PARKWAY CALABASAS,1056,N,N,A,-,Y,LA,NA,101,NA,NA,28.58,H,NA,L,Y,3,0,1,2,A,-,08,22107,NA,N,E,8,A,A,H,-,C,D,0,NA,NA,NA,NA,Y,NA,A,01,0,1,0,0,0,0,0,0,0,-,-,34.151790618896484,-118.65683746337892,LOS ANGELES,CALABASAS,-118.65681457519533,34.1517333984375
91878816,2022,2022-09-30,9545,2022-09-21,1048,019951,NA,3,1,9,1900,0,3,5,NA,2,003,SIERRA HIGHWAY,SANTIAGO ROAD,25,W,N,A,-,N,NA,NA,NA,NA,NA,NA,NA,NA,NA,N,4,0,1,2,A,-,03,22350,NA,M,C,C,A,A,H,-,A,A,0,NA,NA,NA,NA,Y,NA,-,99,0,0,1,0,0,0,0,0,0,-,-,34.489810943603516,-118.16204071044922,LOS ANGELES,UNINCORPORATED,-118.16193389892578,34.48979949951172
91878841,2022,2022-09-30,9530,2022-09-20,1950,023048,NA,2,2,9,1900,0,3,5,NA,2,002,ALAMEDA ST(13200 BLOCK),133RD ST,40,N,N,A,-,N,NA,NA,NA,NA,NA,NA,NA,NA,NA,N,4,0,4,3,A,-,03,22350,NA,F,C,C,A,A,H,-,C,A,0,NA,NA,NA,NA,Y,NA,-,99,0,0,4,0,0,0,0,0,0,-,-,33.5442008972168,-118.1322021484375,LOS ANGELES,UNINCORPORATED,-118.22286224365234,33.911617279052734