CASE_ID,ACCIDENT_YEAR,PROC_DATE,JURIS,COLLISION_DATE,COLLISION_TIME,OFFICER_ID,REPORTING_DISTRICT,DAY_OF_WEEK,CHP_SHIFT,POPULATION,CNTY_CITY_LOC,SPECIAL_COND,BEAT_TYPE,CHP_BEAT_TYPE,CITY_DIVISION_LAPD,CHP_BEAT_CLASS,BEAT_NUMBER,PRIMARY_RD,SECONDARY_RD,DISTANCE,DIRECTION,INTERSECTION,WEATHER_1,WEATHER_2,STATE_HWY_IND,CALTRANS_COUNTY,CALTRANS_DISTRICT,STATE_ROUTE,ROUTE_SUFFIX,POSTMILE_PREFIX,POSTMILE,LOCATION_TYPE,RAMP_INTERSECTION,SIDE_OF_HWY,TOW_AWAY,COLLISION_SEVERITY,NUMBER_KILLED,NUMBER_INJURED,PARTY_COUNT,PRIMARY_COLL_FACTOR,PCF_CODE_OF_VIOL,PCF_VIOL_CATEGORY,PCF_VIOLATION,PCF_VIOL_SUBSECTION,HIT_AND_RUN,TYPE_OF_COLLISION,MVIW,PED_ACTION,ROAD_SURFACE,ROAD_COND_1,ROAD_COND_2,LIGHTING,CONTROL_DEVICE,CHP_ROAD_TYPE,PEDESTRIAN_ACCIDENT,BICYCLE_ACCIDENT,MOTORCYCLE_ACCIDENT,TRUCK_ACCIDENT,NOT_PRIVATE_PROPERTY,ALCOHOL_INVOLVED,STWD_VEHTYPE_AT_FAULT,CHP_VEHTYPE_AT_FAULT,COUNT_SEVERE_INJ,COUNT_VISIBLE_INJ,COUNT_COMPLAINT_PAIN,COUNT_PED_KILLED,COUNT_PED_INJURED,COUNT_BICYCLIST_KILLED,COUNT_BICYCLIST_INJURED,COUNT_MC_KILLED,COUNT_MC_INJURED,PRIMARY_RAMP,SECONDARY_RAMP,LATITUDE,LONGITUDE,COUNTY,CITY,POINT_X,POINT_Y
91880446,2022,2022-10-03,9590,2022-09-03,1550,022750,NA,6,2,7,1942,0,1,1,NA,2,052,I-110 N/B (HARBOR FREEWAY),VENICE BOULEVARD,300,N,N,A,-,Y,LA,NA,110,NA,NA,21.572,H,NA,R,N,4,0,1,2,A,-,03,22350,NA,N,C,C,A,A,H,-,A,D,0,NA,NA,NA,NA,Y,NA,D,22,0,0,1,0,0,0,0,0,0,-,-,34.04001998901367,-118.27362060546876,LOS ANGELES,LOS ANGELES,-118.2736358642578,34.04001998901367
91880469,2022,2022-10-03,9590,2022-09-07,0715,015985,NA,3,1,7,1942,0,1,1,NA,2,053,I-110 S/B (HARBOR FWY),3RD STREET,400,N,N,A,-,Y,LA,NA,110,NA,NA,23.148,H,NA,L,N,4,0,1,2,A,-,03,22350,NA,N,C,C,A,A,H,-,A,D,0,NA,NA,NA,NA,Y,NA,A,01,0,0,1,0,0,0,0,0,0,-,-,34.0565299987793,-118.25575256347656,LOS ANGELES,LOS ANGELES,-118.25572967529295,34.0565185546875
91880489,2022,2022-10-03,9590,2022-09-06,1410,022417,NA,2,2,7,1942,0,1,1,NA,2,052,I-110 N/B (HARBOR FREEWAY),FIGUEROA STREET,50,S,N,A,-,Y,LA,NA,110,NA,NA,20.853,H,NA,R,N,4,0,1,2,A,-,07,21658,A,F,B,C,A,A,H,-,A,D,0,NA,NA,NA,NA,Y,NA,-,99,0,0,1,0,0,0,0,0,0,-,-,34.0296516418457,-118.27433013916016,LOS ANGELES,LOS ANGELES,-118.27430725097656,34.0296516418457
91880509,2022,2022-10-03,9590,2022-09-18,1950,022750,NA,7,2,7,1942,0,1,2,NA,2,071,US-101 S/B (HOLLYWOOD FREEWAY),GLENDALE BOULEVARD,100,S,N,A,-,Y,LA,NA,101,NA,NA,2.479,H,NA,L,N,4,0,1,4,A,-,03,22350,NA,F,C,C,A,A,H,-,C,D,0,NA,NA,NA,NA,Y,NA,-,99,0,0,1,0,0,0,0,0,0,-,-,34.069488525390625,-118.26078033447266,LOS ANGELES,LOS ANGELES,-118.2607879638672,34.0694694519043
91880513,2022,2022-10-03,9535,2022-09-22,1134,020823,NA,4,1,9,1900,0,1,1,NA,2,650,I-605 N/B (SAN GABRIEL RIVER FREEWAY),VALLEY BLVD,528,S,N,A,-,Y,LA,NA,605,NA,R,19.274,H,NA,R,Y,3,0,1,3,A,-,03,22350,NA,N,C,C,A,A,H,-,A,D,0,NA,NA,NA,Y,Y,NA,G,25,0,1,0,0,0,0,0,0,0,-,-,34.05250930786133,-118.00511169433594,LOS ANGELES,UNINCORPORATED,-118.005126953125,34.05251693725586
91880522,2022,2022-10-03,9535,2022-09-23,0710,022120,NA,5,1,6,1953,0,1,1,NA,2,421,I-10 (SAN BERNARDINO FREEWAY) E/B,NEW AVE,230,E,N,A,-,Y,LA,NA,10,NA,NA,24.891,H,NA,R,N,4,0,1,2,A,-,09,21803,A,N,C,C,A,A,H,-,A,A,0,NA,NA,NA,NA,Y,NA,D,22,0,0,1,0,0,0,0,0,0,-,-,34.07155990600586,-118.1072998046875,LOS ANGELES,PASADENA,-118.1072998046875,34.0716667175293
91880541,2022,2022-10-03,9550,2022-09-23,2255,022376,NA,5,3,9,1900,0,2,4,NA,1,022,LEFFINGWELL RD.,COLIMA RD.,0,NA,Y,A,-,N,NA,NA,NA,NA,NA,NA,NA,NA,NA,N,4,0,2,2,A,-,09,21801,A,N,D,C,A,A,H,-,C,A,0,NA,NA,NA,NA,Y,NA,A,07,0,0,2,0,0,0,0,0,0,-,-,33.923709869384766,-118.02555847167967,LOS ANGELES,UNINCORPORATED,-118.0255126953125,33.92372512817383
91880567,2022,2022-10-03,9535,2022-09-26,1155,022740,NA,1,1,9,1900,0,3,5,NA,2,001,N TOWNSEND AVE (3500 BLOCK),E MICHIGAN AVE,0,NA,Y,A,-,N,NA,NA,NA,NA,NA,NA,NA,NA,NA,N,3,0,1,3,A,-,09,21802,A,N,D,C,A,A,H,-,A,A,0,NA,NA,NA,NA,Y,NA,A,01,0,1,0,0,0,0,0,0,0,-,-,34.03810119628906,-118.18820190429688,LOS ANGELES,UNINCORPORATED,-118.18816375732422,34.0380973815918
91880573,2022,2022-10-03,9590,2022-09-29,1520,021622,NA,4,2,7,1942,0,1,1,NA,2,060,I-10 E/B (SANTA MONICA FREEWAY),6TH AVENUE,450,E,N,A,-,Y,LA,NA,10,NA,R,12.066,H,NA,R,N,4,0,1,2,A,-,03,22350,NA,N,C,C,A,A,H,-,A,D,0,NA,NA,Y,NA,Y,NA,C,02,0,0,1,0,0,0,0,0,1,-,-,34.036048889160156,-118.32205200195313,LOS ANGELES,LOS ANGELES,-118.32203674316406,34.036006927490234
91880583,2022,2022-10-03,9590,2022-09-29,1625,021622,NA,4,2,7,1942,0,1,1,NA,2,063,I-10 W/B (SANTA MONICA FREEWAY) COLLECTOR ROAD,VERMONT AVENUE,115,E,N,A,-,Y,LA,NA,10,NA,R,13.851,H,NA,L,N,4,0,2,2,A,-,03,22350,NA,N,C,C,A,A,H,-,A,D,0,NA,NA,NA,NA,Y,NA,A,01,0,0,2,0,0,0,0,0,0,-,-,34.03725814819336,-118.29105377197266,LOS ANGELES,LOS ANGELES,-118.29105377197266,34.03705596923828
91880584,2022,2022-10-03,9535,2022-09-26,0524,022840,NA,1,3,5,1906,0,1,1,NA,2,650,I-605 N/B (SAN GABRIEL RIVER FREEWAY),I-10,2500,S,N,A,-,Y,LA,NA,605,NA,R,19.691,H,NA,R,N,3,0,1,2,A,-,08,22107,NA,N,C,C,A,A,H,-,C,D,0,NA,NA,NA,NA,Y,NA,A,01,0,1,0,0,0,0,0,0,0,-,-,34.05807876586914,-118.00200653076172,LOS ANGELES,BALDWIN PARK,-118.00203704833984,34.05809020996094
91880705,2022,2022-10-03,9565,2022-08-13,1915,022786,NA,6,2,9,1900,0,2,4,NA,2,021,VERMONT AVENUE S/B,106TH STREET,60,S,N,A,-,N,NA,NA,NA,NA,NA,NA,NA,NA,NA,N,4,0,1,2,A,-,09,21804,A,F,H,G,A,A,H,-,A,D,0,NA,Y,NA,NA,Y,NA,-,99,0,0,1,0,0,0,1,0,0,-,-,33.93976974487305,-118.29197692871094,LOS ANGELES,UNINCORPORATED,-118.29192352294922,33.939876556396484
91880706,2022,2022-10-03,9535,2022-09-25,0108,022225,NA,7,3,5,1915,0,1,1,NA,2,075,I-710 S/B (LONG BEACH FREEWAY),ALONDRA BLVD,147,N,N,A,-,Y,LA,NA,710,NA,NA,13.983,H,NA,L,Y,3,0,1,1,A,-,01,23152,A,N,F,I,A,A,H,-,C,D,0,NA,NA,NA,NA,Y,Y,A,01,0,1,0,0,0,0,0,0,0,-,-,33.889591217041016,-118.1889419555664,LOS ANGELES,COMPTON,-118.18888092041016,33.88957977294922
91880731,2022,2022-10-03,9550,2022-09-25,0140,022978,NA,7,3,6,1920,0,1,1,NA,2,500,INTERSTATE 5 S/B,LEMORAN AVENUE PEDESTRIAN OVERCROSSING,700,S,N,A,-,Y,LA,NA,5,NA,NA,7.696,H,NA,L,Y,4,0,1,2,A,-,01,23152,A,N,C,C,A,A,H,-,D,D,0,NA,NA,NA,NA,Y,Y,A,01,0,0,1,0,0,0,0,0,0,-,-,33.95185089111328,-118.10397338867188,LOS ANGELES,DOWNEY,-118.1039810180664,33.95184326171875
91880749,2022,2022-10-03,9580,2022-09-30,1825,019679,NA,5,2,7,1942,0,1,3,NA,2,116,SR-118 W/B (RONALD REAGAN FWY.),OF THE WEST ROAD EDGE OF TAMPA AVE,528,W,N,A,-,Y,LA,NA,118,NA,R,4.349,H,NA,L,Y,3,0,1,2,A,-,03,22350,NA,N,C,C,A,A,H,-,A,D,0,NA,NA,NA,NA,Y,NA,A,07,0,1,0,0,0,0,0,0,0,-,-,34.27299880981445,-118.56127166748048,LOS ANGELES,LOS ANGELES,-118.56127166748048,34.272987365722656
91880753,2022,2022-10-03,9535,2022-09-09,2355,022521,NA,5,3,9,1900,0,1,S,NA,2,904,I-10 W/B TO I-710 S/B,I-10 W/B,130,N,N,B,C,Y,LA,NA,710,NA,R,26.538,H,NA,L,Y,3,0,1,1,A,-,03,22350,NA,N,E,J,A,B,H,-,D,D,0,NA,NA,NA,NA,Y,NA,D,22,0,1,0,0,0,0,0,0,0,-,-,34.061859130859375,-118.16535186767578,LOS ANGELES,UNINCORPORATED,-118.16516876220705,34.06183624267578
91880756,2022,2022-10-03,9535,2022-09-29,0555,017943,NA,4,3,9,1900,0,1,3,NA,2,601,SR-60 W/B (POMONA FREEWAY),INDIANA ST.,255,E,N,A,-,Y,LA,NA,60,NA,R,1.991,H,NA,L,Y,3,0,1,3,A,-,03,22350,NA,N,C,C,A,A,H,-,B,D,0,NA,NA,NA,NA,Y,NA,A,01,0,1,0,0,0,0,0,0,0,-,-,34.03150939941406,-118.1914291381836,LOS ANGELES,UNINCORPORATED,-118.1914520263672,34.031578063964844
91880757,2022,2022-10-03,9590,2022-09-23,1445,022750,NA,5,2,7,1942,0,1,1,NA,2,052,I-110 N/B (HARBOR FREEWAY),30TH STREET,300,S,N,A,-,Y,LA,NA,110,NA,NA,20.399,H,NA,R,N,4,0,1,2,A,-,03,22350,NA,N,C,C,A,A,H,-,A,D,0,NA,NA,NA,NA,Y,NA,A,01,0,0,1,0,0,0,0,0,0,-,-,34.02342987060547,-118.2766571044922,LOS ANGELES,LOS ANGELES,-118.27671051025392,34.0234489440918
91880779,2022,2022-10-03,9535,2022-08-15,1500,022269,NA,1,2,9,1900,0,1,1,NA,2,501,I-5 (SANTA ANA FREEWAY) S/B,EASTERN AVE.,400,N,N,A,-,Y,LA,NA,5,NA,NA,13.97,H,NA,L,N,4,0,5,3,A,-,03,22350,NA,N,C,C,A,A,H,-,A,D,0,NA,NA,NA,NA,Y,NA,A,01,0,0,5,0,0,0,0,0,0,-,-,34.017459869384766,-118.1757583618164,LOS ANGELES,UNINCORPORATED,-118.17578125,34.017433166503906
91880783,2022,2022-10-03,9590,2022-09-24,2045,021622,NA,6,2,7,1942,0,1,1,NA,2,061,I-10 W/B (SANTA MONICA FREEWAY) COLLECTOR ROAD,REDONDO BOULEVARD,375,E,N,A,-,Y,LA,NA,10,NA,R,10.208,H,NA,L,N,3,0,1,1,A,-,08,22107,NA,N,E,I,A,A,H,-,C,D,0,NA,NA,Y,NA,Y,NA,C,02,0,1,0,0,0,0,0,0,1,-,-,34.0343017578125,-118.35430145263672,LOS ANGELES,LOS ANGELES,-118.3542938232422,34.03418731689453
91880806,2022,2022-10-03,9535,2022-09-29,0550,022011,NA,4,3,9,1900,0,2,4,NA,2,024,WHITTIER BLVD.,ARIZONA AVE.,0,NA,Y,A,-,N,NA,NA,NA,NA,NA,NA,NA,NA,NA,Y,3,0,3,2,A,-,12,21453,A,N,D,C,A,A,H,-,A,A,0,NA,NA,NA,NA,Y,NA,A,07,0,2,1,0,0,0,0,0,0,-,-,34.02248001098633,-118.16705322265624,LOS ANGELES,UNINCORPORATED,-118.16709136962892,34.022464752197266
91880824,2022,2022-10-03,9550,2022-09-23,1725,023064,NA,5,2,9,1900,0,1,3,NA,2,602,SR-60 WESTBOUND,FAIRWAY DRIVE,1890,W,N,A,-,Y,LA,NA,60,NA,R,21.136,H,NA,L,N,4,0,1,2,A,-,03,22350,NA,N,C,C,A,A,H,-,A,D,0,NA,NA,NA,NA,Y,NA,A,01,0,0,1,0,0,0,0,0,0,-,-,33.995521545410156,-117.87644958496094,LOS ANGELES,UNINCORPORATED,-117.87643432617188,33.995452880859375
91880832,2022,2022-10-03,9535,2022-09-30,1530,021657,NA,5,2,9,1900,0,1,1,NA,2,651,I-605 (SAN GABRIEL RIVER FREEWAY) S/B,SR-60 (POMONA FREEWAY) W/B,800,N,N,A,-,Y,NA,NA,NA,NA,NA,NA,NA,NA,NA,N,4,0,1,2,A,-,04,21703,NA,N,C,C,A,A,H,-,A,D,0,NA,NA,NA,NA,Y,NA,A,07,0,0,1,0,0,0,0,0,0,-,-,34.0432014465332,-118.01454925537108,LOS ANGELES,UNINCORPORATED,-118.02528381347656,34.03559875488281
91880841,2022,2022-10-03,9550,2022-09-22,1545,022947,NA,4,2,6,1949,0,1,1,NA,2,651,I-605 N/B,IMPERIAL HWY,800,S,N,A,-,Y,LA,NA,605,NA,R,7.706,H,NA,R,Y,4,0,1,3,A,-,08,22107,NA,N,B,C,A,A,H,-,A,D,0,NA,NA,Y,NA,Y,NA,A,01,0,0,1,0,0,0,0,0,1,-,-,33.914791107177734,-118.10475158691406,LOS ANGELES,NORWALK,-118.10465240478516,33.91478729248047
91880849,2022,2022-10-03,9550,2022-09-23,1025,022778,NA,5,1,5,1919,0,1,3,NA,2,091,STATE ROUTE 91 WESTBOUND,GRIDLEY ROAD,300,W,N,A,-,Y,LA,NA,91,NA,R,17.51,H,NA,L,N,4,0,1,2,A,-,03,22350,NA,N,C,C,A,A,H,-,A,D,0,NA,NA,NA,NA,Y,NA,I,10,0,0,1,0,0,0,0,0,0,-,-,33.8765983581543,-118.09259033203124,LOS ANGELES,CERRITOS,-118.09259033203124,33.876461029052734
91880851,2022,2022-10-03,9550,2022-09-23,1440,020551,NA,5,2,6,1920,0,1,1,NA,2,500,I-5 NORTHBOUND,I-605,1000,N,N,A,-,Y,LA,NA,5,NA,NA,7.303,H,NA,R,N,4,0,1,2,A,-,08,22107,NA,N,C,C,A,A,H,-,A,D,0,NA,NA,Y,NA,Y,NA,A,01,0,0,1,0,0,0,0,0,1,-,-,33.94710159301758,-118.10037994384766,LOS ANGELES,DOWNEY,-118.10044860839844,33.94706726074219
91880913,2022,2022-10-03,9530,2022-09-22,0705,021004,NA,4,1,9,1900,0,1,1,NA,2,200,I-105 E/B (GLENN ANDERSON FWY),HOOVER AVE,239,W,N,A,-,Y,LA,NA,105,NA,R,6.985,H,NA,R,N,4,0,2,2,A,-,03,22350,NA,N,C,C,A,A,H,-,A,D,0,NA,NA,NA,NA,Y,NA,A,01,0,0,2,0,0,0,0,0,0,-,-,33.92858123779297,-118.28780364990234,LOS ANGELES,UNINCORPORATED,-118.2877960205078,33.92852783203125
91880943,2022,2022-10-03,9535,2022-10-02,0230,022783,NA,7,3,9,1900,0,2,4,NA,2,024,ARIZONA AVE,WHITTIER BLVD,0,NA,Y,A,-,N,NA,NA,NA,NA,NA,NA,NA,NA,NA,N,4,0,1,3,A,-,12,21453,A,N,D,C,A,A,H,-,C,A,0,NA,NA,NA,NA,Y,NA,A,01,0,0,1,0,0,0,0,0,0,-,-,34.0224609375,-118.1669921875,LOS ANGELES,UNINCORPORATED,-118.16709136962892,34.022464752197266
91880951,2022,2022-10-03,9530,2022-09-22,2305,021842,NA,4,3,9,1900,0,3,5,NA,2,001,COMPTON AVE.,FLORENCE AVE.,0,NA,Y,A,-,N,NA,NA,NA,NA,NA,NA,NA,NA,NA,Y,3,0,4,2,A,-,09,21801,A,N,D,C,A,A,H,-,C,A,0,NA,NA,NA,NA,Y,NA,A,01,0,1,3,0,0,0,0,0,0,-,-,33.974788665771484,-118.24767303466795,LOS ANGELES,UNINCORPORATED,-118.2476806640625,33.97473907470703
91880956,2022,2022-10-03,9535,2022-10-02,1355,022142,NA,7,1,3,1914,0,1,1,NA,2,501,I-5 S/B (SANTA ANA FREEWAY),ATLANTIC BLVD.,130,S,N,A,-,Y,LA,NA,5,NA,NA,12.765,H,NA,L,N,3,0,3,2,A,-,03,22350,NA,N,C,C,A,A,H,-,A,D,0,NA,NA,NA,NA,Y,NA,D,22,0,3,0,0,0,0,0,0,0,-,-,34.00838851928711,-118.15834808349608,LOS ANGELES,COMMERCE,-118.15835571289064,34.008384704589844
91880961,2022,2022-10-03,9535,2022-10-02,0843,022277,NA,7,1,9,1900,0,2,4,NA,2,024,WHITTIER BOULEVARD (5500 BLOCK),EASTMONT AVENUE,25,W,N,B,-,N,NA,NA,NA,NA,NA,NA,NA,NA,NA,N,4,0,1,2,A,-,03,22350,NA,M,C,C,A,A,H,-,A,D,0,NA,NA,NA,NA,Y,NA,-,99,0,0,1,0,0,0,0,0,0,-,-,34.019168853759766,-118.15155029296876,LOS ANGELES,UNINCORPORATED,-118.15146636962892,34.019168853759766
91880985,2022,2022-10-03,9530,2022-09-22,1805,022760,NA,4,2,9,1900,0,3,5,NA,2,004,DEL AMO BLVD. (2800 BLOCK),SANTA FE AVE.,140,E,N,A,-,N,NA,NA,NA,NA,NA,NA,NA,NA,NA,N,4,0,1,2,A,-,03,22350,NA,F,C,C,A,A,H,-,A,A,0,NA,NA,NA,NA,Y,NA,-,99,0,0,1,0,0,0,0,0,0,-,-,33.84672927856445,-118.21121978759766,LOS ANGELES,UNINCORPORATED,-118.21125793457033,33.84657669067383
91881019,2022,2022-10-03,9550,2022-09-24,1230,021977,NA,6,1,9,1900,0,2,4,NA,1,032,GALE AVENUE,OLYMPUS AVENUE,140,W,N,A,-,N,NA,NA,NA,NA,NA,NA,NA,NA,NA,N,4,0,1,2,A,-,08,22100,A,N,B,C,A,A,H,-,A,D,0,NA,NA,NA,NA,Y,NA,A,08,0,0,1,0,0,0,0,0,0,-,-,34.003700256347656,-117.5740966796875,LOS ANGELES,UNINCORPORATED,-117.9616470336914,34.010440826416016
91881020,2022,2022-10-04,9550,2022-09-24,1320,021977,NA,6,1,9,1900,0,1,3,NA,2,600,STATE ROUTE 60 WESTBOUND,STIMSON AVENUE,100,E,N,A,-,Y,LA,NA,60,NA,NA,16.319,H,NA,L,Y,3,0,1,2,A,-,03,22350,NA,N,C,C,A,A,H,-,A,D,0,NA,NA,NA,NA,Y,NA,A,01,0,1,0,0,0,0,0,0,0,-,-,34.00510025024414,-117.95819854736328,LOS ANGELES,UNINCORPORATED,-117.95819854736328,34.00510025024414
91881037,2022,2022-10-04,9580,2022-09-24,1000,022799,NA,6,1,7,1942,0,1,2,NA,2,103,US-101 S/B (VENTURA FREEWAY),VAN NUYS BLVD,2112,N,N,A,-,Y,LA,NA,101,NA,NA,16.364,H,NA,L,Y,3,0,2,2,A,-,03,22350,NA,N,B,2,A,A,H,-,A,D,0,NA,NA,NA,NA,Y,NA,A,01,0,2,0,0,0,0,0,0,0,-,-,34.1580696105957,-118.45614624023438,LOS ANGELES,LOS ANGELES,-118.45616912841795,34.158016204833984
91881040,2022,2022-10-04,9565,2022-08-12,0926,022764,NA,5,1,9,1900,0,2,4,NA,2,023,WESTERN AVE,108TH ST,0,NA,Y,A,-,N,NA,NA,NA,NA,NA,NA,NA,NA,NA,N,2,0,2,2,A,-,09,21801,A,N,A,C,A,A,H,-,A,A,0,NA,NA,NA,NA,Y,NA,A,01,2,0,0,0,0,0,0,0,0,-,-,33.93825149536133,-118.30899810791016,LOS ANGELES,UNINCORPORATED,-118.30902862548828,33.938209533691406
91881055,2022,2022-10-04,9590,2022-10-01,2053,023035,NA,6,2,7,1942,0,1,1,NA,2,051,I-110 S/B (HARBOR FREEWAY),VERNON AVENUE,200,N,N,A,-,Y,LA,NA,110,NA,NA,19.054,H,NA,L,Y,2,0,2,1,A,-,01,23152,NA,N,E,I,A,A,H,-,D,D,0,NA,NA,NA,NA,Y,Y,A,07,1,1,0,0,0,0,0,0,0,-,-,34.004398345947266,-118.28128051757813,LOS ANGELES,LOS ANGELES,-118.28114318847656,34.004398345947266
91881281,2022,2022-10-04,9540,2022-10-01,2252,022182,NA,6,3,9,1900,0,1,3,NA,2,126,SR-126 W/B,CAMBRIDGE VIEW DRIVE,530,W,N,A,-,Y,LA,NA,126,NA,R,4.222,H,NA,L,N,2,0,1,2,A,-,11,21954,A,N,G,B,D,A,H,-,C,D,0,Y,NA,NA,NA,Y,NA,N,60,1,0,0,0,1,0,0,0,0,-,-,34.42905044555664,-118.62692260742188,LOS ANGELES,UNINCORPORATED,-118.62689208984376,34.42900848388672
91881285,2022,2022-10-04,9540,2022-09-25,1420,021374,NA,7,2,9,1900,0,2,4,NA,2,073,CASTAIC RD,LAKE HUGHES RD,230,S,N,A,-,N,NA,NA,NA,NA,NA,NA,NA,NA,NA,N,3,0,1,2,A,-,09,21804,A,N,D,C,A,A,H,-,A,D,0,NA,NA,NA,NA,Y,NA,A,01,0,1,0,0,0,0,0,0,0,-,-,34.49591827392578,-118.62207794189452,LOS ANGELES,UNINCORPORATED,-118.6220932006836,34.49601745605469
91881288,2022,2022-10-04,9540,2022-09-22,0400,020678,NA,4,3,9,1900,0,1,3,NA,2,146,SR-14 N/B (ANTELOPE VALLEY FREEWAY),AGUA DULCE CYN RD,4752,N,N,A,-,Y,LA,NA,14,NA,NA,40.854,H,NA,R,Y,4,0,2,1,A,-,08,22107,NA,N,E,I,A,A,H,-,D,D,0,NA,NA,NA,NA,Y,NA,D,22,0,0,2,0,0,0,0,0,0,-,-,34.47222900390625,-118.31455993652344,LOS ANGELES,UNINCORPORATED,-118.31454467773438,34.47214889526367
91881321,2022,2022-10-04,9565,2022-09-22,0630,015587,NA,4,1,7,1942,0,1,1,NA,2,063,I-405 S/B (SAN DIEGO FREEWAY),SUNSET BLVD.,1025,S,N,A,-,Y,LA,NA,405,NA,NA,32.788,H,NA,L,Y,4,0,1,1,C,-,18,NA,NA,N,E,I,A,A,H,-,A,D,0,NA,NA,NA,NA,Y,NA,-,-,0,0,1,0,0,0,0,0,0,-,-,34.07020950317383,-118.46478271484376,LOS ANGELES,LOS ANGELES,-118.46467590332033,34.070274353027344
91881331,2022,2022-10-04,9550,2022-09-22,1715,022820,NA,4,2,9,1900,0,3,5,NA,2,004,WEDGEWORTH DRIVE,FOREST GLEN DRIVE,0,NA,Y,A,-,N,NA,NA,NA,NA,NA,NA,NA,NA,NA,N,4,0,1,2,A,-,12,22450,A,N,D,G,A,A,H,-,A,A,0,NA,Y,NA,NA,Y,NA,L,04,0,0,1,0,0,0,1,0,0,-,-,33.99789047241211,-117.94207000732422,LOS ANGELES,UNINCORPORATED,-117.94207000732422,33.997833251953125
91881332,2022,2022-10-04,9535,2022-08-17,1445,022842,NA,3,2,9,1900,0,2,4,NA,2,018,3RD STREET,SR-60 W/B (POMONA FREEWAY) TO DOWNEY ROAD,0,NA,Y,A,-,N,NA,NA,NA,NA,NA,NA,NA,NA,NA,N,3,0,1,2,A,-,09,21453,C,N,H,F,A,A,H,-,A,A,0,NA,NA,NA,NA,Y,NA,A,07,0,1,0,0,0,0,0,0,0,-,-,34.03330993652344,-118.18316650390624,LOS ANGELES,UNINCORPORATED,-118.18115234375,34.03326416015625
91881336,2022,2022-10-04,9535,2022-08-22,1855,022842,NA,1,2,9,1900,0,2,4,NA,2,014,CESAR E. CHAVEZ AVENUE (3900 BLOCK),RECORD AVENUE,60,E,N,A,-,N,NA,NA,NA,NA,NA,NA,NA,NA,NA,Y,2,0,1,3,A,-,03,22350,NA,F,C,C,A,A,H,-,A,A,0,NA,NA,NA,NA,Y,NA,A,07,1,0,0,0,0,0,0,0,0,-,-,34.04056167602539,-118.18202972412108,LOS ANGELES,UNINCORPORATED,-118.18211364746094,34.04054260253906
91881339,2021,2022-10-04,9565,2021-11-16,1225,022671,NA,2,1,9,1900,0,2,4,NA,2,021,VERMONT AVENUE,112TH STREET,0,NA,Y,A,-,N,NA,NA,NA,NA,NA,NA,NA,NA,NA,N,1,1,0,2,A,-,10,21950,A,F,G,B,B,A,H,-,A,A,0,Y,NA,NA,NA,Y,NA,-,99,0,0,0,1,0,0,0,0,0,-,-,33.932838439941406,-118.29193878173828,LOS ANGELES,UNINCORPORATED,-118.29193878173828,33.93282699584961
91881341,2022,2022-10-04,9580,2022-09-25,2305,022492,NA,7,3,7,1942,0,1,1,NA,2,404,I-405 NB SEPULVEDA BLVD,SEPULVEDA BLVD,420,S,N,A,-,Y,LA,NA,405,NA,NA,38.526,H,NA,R,Y,3,0,2,3,A,-,01,23152,G,N,C,C,A,A,H,-,C,D,0,NA,NA,NA,NA,Y,Y,A,01,0,1,1,0,0,0,0,0,0,-,-,34.147361755371094,-118.4697265625,LOS ANGELES,LOS ANGELES,-118.46980285644533,34.14738464355469
91881356,2022,2022-10-04,9580,2022-10-02,0350,022573,NA,7,3,7,1942,0,1,2,NA,2,102,US-101 NB TO VAN NUYS BLVD,VAN NUYS BLVD,370,S,N,A,-,Y,LA,NA,101,NA,NA,15.851,H,NA,R,N,3,0,1,1,A,-,01,23152,A,N,F,J,A,A,H,-,D,D,0,NA,NA,NA,NA,Y,Y,A,01,0,1,0,0,0,0,0,0,0,-,-,34.156681060791016,-118.44745635986328,LOS ANGELES,LOS ANGELES,-118.447509765625,34.1566047668457
91881357,2022,2022-10-04,9580,2022-09-26,1935,021966,NA,1,2,7,1942,0,1,1,NA,2,404,I-405 NORTHBOUND,MULHOLLAND DR,630,N,N,A,-,Y,LA,NA,405,NA,NA,37.162,H,NA,R,Y,4,0,1,1,A,-,08,22107,NA,N,E,I,A,A,H,-,C,D,0,NA,NA,NA,NA,Y,NA,A,01,0,0,1,0,0,0,0,0,0,-,-,34.128028869628906,-118.47405242919922,LOS ANGELES,LOS ANGELES,-118.4742431640625,34.128089904785156
91881360,2022,2022-10-04,9565,2022-09-22,1150,021524,NA,4,1,9,1900,0,2,4,NA,2,043,INGLEWOOD AVE,111TH PLACE,170,S,N,A,-,N,NA,NA,NA,NA,NA,NA,NA,NA,NA,N,4,0,1,2,A,-,03,22350,NA,N,C,C,A,A,H,-,A,D,0,NA,NA,NA,NA,Y,NA,A,01,0,0,1,0,0,0,0,0,0,-,-,33.933189392089844,-118.36134338378906,LOS ANGELES,UNINCORPORATED,-118.361328125,33.93318557739258
91881371,2022,2022-10-04,9545,2022-09-22,1700,021814,NA,4,2,9,1900,0,3,5,NA,2,004,90TH STREET EAST,AVENUE K,1056,S,N,A,-,N,NA,NA,NA,NA,NA,NA,NA,NA,NA,Y,3,0,1,1,C,-,18,NA,NA,N,H,A,A,A,H,-,A,D,0,NA,NA,Y,NA,Y,NA,-,-,0,1,0,0,0,0,0,0,1,-,-,34.67266082763672,-117.9696807861328,LOS ANGELES,UNINCORPORATED,-117.96969604492188,34.67261505126953