CASE_ID,ACCIDENT_YEAR,PROC_DATE,JURIS,COLLISION_DATE,COLLISION_TIME,OFFICER_ID,REPORTING_DISTRICT,DAY_OF_WEEK,CHP_SHIFT,POPULATION,CNTY_CITY_LOC,SPECIAL_COND,BEAT_TYPE,CHP_BEAT_TYPE,CITY_DIVISION_LAPD,CHP_BEAT_CLASS,BEAT_NUMBER,PRIMARY_RD,SECONDARY_RD,DISTANCE,DIRECTION,INTERSECTION,WEATHER_1,WEATHER_2,STATE_HWY_IND,CALTRANS_COUNTY,CALTRANS_DISTRICT,STATE_ROUTE,ROUTE_SUFFIX,POSTMILE_PREFIX,POSTMILE,LOCATION_TYPE,RAMP_INTERSECTION,SIDE_OF_HWY,TOW_AWAY,COLLISION_SEVERITY,NUMBER_KILLED,NUMBER_INJURED,PARTY_COUNT,PRIMARY_COLL_FACTOR,PCF_CODE_OF_VIOL,PCF_VIOL_CATEGORY,PCF_VIOLATION,PCF_VIOL_SUBSECTION,HIT_AND_RUN,TYPE_OF_COLLISION,MVIW,PED_ACTION,ROAD_SURFACE,ROAD_COND_1,ROAD_COND_2,LIGHTING,CONTROL_DEVICE,CHP_ROAD_TYPE,PEDESTRIAN_ACCIDENT,BICYCLE_ACCIDENT,MOTORCYCLE_ACCIDENT,TRUCK_ACCIDENT,NOT_PRIVATE_PROPERTY,ALCOHOL_INVOLVED,STWD_VEHTYPE_AT_FAULT,CHP_VEHTYPE_AT_FAULT,COUNT_SEVERE_INJ,COUNT_VISIBLE_INJ,COUNT_COMPLAINT_PAIN,COUNT_PED_KILLED,COUNT_PED_INJURED,COUNT_BICYCLIST_KILLED,COUNT_BICYCLIST_INJURED,COUNT_MC_KILLED,COUNT_MC_INJURED,PRIMARY_RAMP,SECONDARY_RAMP,LATITUDE,LONGITUDE,COUNTY,CITY,POINT_X,POINT_Y
91884917,2022,2022-10-07,9590,2022-09-20,1507,021912,NA,2,2,7,1942,0,1,1,NA,2,050,I-110 N/B (HAROR FREEWAY),37TH STREET,400,S,N,A,-,Y,LA,NA,110,NA,NA,19.861,H,NA,R,N,4,0,2,4,A,-,03,22350,NA,N,C,C,A,A,H,-,A,D,0,NA,NA,NA,NA,Y,NA,A,01,0,0,2,0,0,0,0,0,0,-,-,34.016178131103516,-118.28037261962892,LOS ANGELES,LOS ANGELES,-118.2805633544922,34.01621627807617
91884923,2022,2022-10-07,9530,2022-09-06,1428,022702,NA,2,2,7,1941,1,4,S,NA,2,901,7TH STREET (1500 BLOCK),NEBRASKA AVENUE,285,E,N,A,-,N,NA,NA,NA,NA,NA,NA,NA,NA,NA,N,2,0,1,2,A,-,06,21750,A,N,B,G,A,A,H,-,A,D,0,NA,Y,NA,NA,Y,NA,H,13,1,0,0,0,0,0,1,0,0,-,-,33.77540969848633,-118.17272186279295,LOS ANGELES,LONG BEACH,-118.17273712158205,33.77534484863281
91884924,2022,2022-10-07,9590,2022-09-20,1330,021912,NA,2,1,7,1942,0,1,1,NA,2,051,I-110 S/B (HARBOR FREEWAY),VERNON AVENUE,850,N,N,A,-,Y,LA,NA,110,NA,NA,19.178,H,NA,L,N,4,0,2,2,A,-,03,22350,NA,N,C,C,A,A,H,-,A,D,0,NA,NA,NA,NA,Y,NA,A,01,0,0,2,0,0,0,0,0,0,-,-,34.00624084472656,-118.28125,LOS ANGELES,LOS ANGELES,-118.2811279296875,34.0062370300293
91884942,2022,2022-10-07,9525,2022-10-02,1115,019966,NA,7,1,6,1955,0,1,3,NA,2,072,SR-71 N/B (CHINO VALLEY FWY),VALLEY BLVD.,800,S,N,A,-,Y,LA,NA,71,NA,T,1.663,H,NA,R,N,3,0,1,1,A,-,03,22350,NA,N,F,C,A,A,H,-,A,D,0,NA,NA,Y,NA,Y,NA,C,02,0,1,0,0,0,0,0,0,1,-,-,34.05976104736328,-117.7872314453125,LOS ANGELES,POMONA,-117.78732299804688,34.0596923828125
91884943,2022,2022-10-07,9565,2022-09-27,1543,022763,NA,2,2,5,1928,0,1,1,NA,2,010,I-105 E/B (CENTURY FWY),HAWTHORNE BLVD,200,W,N,A,-,Y,LA,NA,105,NA,R,2.995,H,NA,R,N,4,0,1,2,A,-,03,22350,NA,N,C,C,A,A,H,-,A,D,0,NA,NA,NA,NA,Y,NA,D,22,0,0,1,0,0,0,0,0,0,-,-,33.93341064453125,-118.35357666015624,LOS ANGELES,HAWTHORNE,-118.35357666015624,33.93346405029297
91884945,2022,2022-10-07,9590,2022-09-27,0107,021535,NA,2,3,7,1942,0,1,1,NA,2,013,SR-110 S/B (ARROYO SECO PARKWAY),AVENUE 43,800,S,N,A,-,Y,LA,NA,110,NA,NA,26.951,H,NA,L,N,3,0,1,2,A,-,07,21658,A,N,B,C,A,A,H,-,C,D,0,NA,NA,NA,Y,Y,NA,A,01,0,1,0,0,0,0,0,0,0,-,-,34.091041564941406,-118.20704650878906,LOS ANGELES,LOS ANGELES,-118.20703887939452,34.09103775024414
91884951,2022,2022-10-07,9565,2022-09-27,1545,022902,NA,2,2,9,1900,0,3,5,NA,2,002,DENKER AVE,113TH ST,0,NA,Y,A,-,N,NA,NA,NA,NA,NA,NA,NA,NA,NA,N,3,0,1,2,A,-,09,21802,A,N,D,C,A,A,H,-,A,A,0,NA,NA,NA,NA,Y,NA,A,01,0,1,0,0,0,0,0,0,0,-,-,33.931861877441406,-118.30470275878906,LOS ANGELES,UNINCORPORATED,-118.30471801757813,33.931827545166016
91884952,2022,2022-10-07,9525,2022-10-03,0605,018505,NA,1,1,5,1926,0,1,1,NA,2,215,I-210 W/B (FOOTHILL FWY),BONNIE COVE AVE,1500,W,N,A,-,Y,LA,NA,210,NA,R,42.348,H,NA,L,N,4,0,2,2,A,-,03,22350,NA,N,C,C,A,A,H,-,B,D,0,NA,NA,NA,NA,Y,NA,A,01,0,0,2,0,0,0,0,0,0,-,-,34.11722183227539,-117.86067199707033,LOS ANGELES,GLENDORA,-117.86067199707033,34.11716842651367
91884958,2022,2022-10-07,9590,2022-09-27,2020,021069,NA,2,2,7,1942,0,1,1,NA,2,040,I-5 N/B (SANTA ANA FREEWAY),LORENA STREET,500,N,N,A,-,Y,LA,NA,5,NA,NA,15.741,H,NA,R,N,4,0,1,2,A,-,03,22350,NA,N,C,C,A,A,H,-,C,D,0,NA,NA,NA,NA,Y,NA,A,01,0,0,1,0,0,0,0,0,0,-,-,34.025108337402344,-118.20455932617188,LOS ANGELES,LOS ANGELES,-118.20457458496094,34.02509307861328
91884960,2022,2022-10-07,9540,2022-10-04,1430,019232,NA,2,2,9,1900,0,1,3,NA,2,146,SR-14 N/B (ANTELOPE VALLEY FREEWAY),AGUA DULCE CYN RD,10560,N,N,A,-,Y,LA,NA,14,NA,NA,40.781,H,NA,R,Y,3,0,1,2,A,-,07,21658,A,N,B,2,A,A,H,-,A,D,0,NA,NA,NA,NA,Y,NA,A,01,0,1,0,0,0,0,0,0,0,-,-,34.47195816040039,-118.31580352783205,LOS ANGELES,UNINCORPORATED,-118.31580352783205,34.471961975097656
91884966,2022,2022-10-07,9540,2022-10-05,0815,016617,NA,3,1,6,1985,0,1,1,NA,2,506,I-5 N/B TO MAGIC MOUNTAIN PARKWAY,MAGIC MOUNTAIN PKY,40,S,N,A,-,Y,NA,NA,NA,NA,NA,NA,NA,NA,NA,N,3,0,1,2,A,-,03,22350,NA,N,C,C,A,A,H,-,A,D,0,NA,NA,NA,NA,Y,NA,A,07,0,1,0,0,0,0,0,0,0,-,-,34.42306137084961,-118.58257293701172,LOS ANGELES,SANTA CLARITA,-118.58257293701172,34.42306137084961
91884967,2022,2022-10-07,9590,2022-09-27,1900,018538,NA,2,2,7,1942,0,1,1,NA,2,051,I-110 S/B (HARBOR FWY.),MARTIN LUTHER KING JR. BLVD.,1000,N,N,A,-,Y,LA,NA,110,NA,NA,19.696,H,NA,L,N,4,0,1,2,A,-,03,22350,NA,N,C,C,A,A,H,-,C,D,0,NA,NA,NA,NA,Y,NA,A,07,0,0,1,0,0,0,0,0,0,-,-,34.013919830322266,-118.28125,LOS ANGELES,LOS ANGELES,-118.28109741210938,34.013919830322266
91884991,2022,2022-10-07,9540,2022-10-02,1225,022385,NA,7,1,9,1900,0,3,5,NA,2,200,SAND CANYON ROAD,PLACERITA CANYON ROAD,10560,E,N,A,-,N,NA,NA,NA,NA,NA,NA,NA,NA,NA,Y,4,0,1,1,A,-,08,22107,NA,N,E,I,A,A,H,-,A,D,0,NA,NA,NA,NA,Y,NA,A,01,0,0,1,0,0,0,0,0,0,-,-,34.363670349121094,-118.38899230957033,LOS ANGELES,UNINCORPORATED,-118.39331817626952,34.365352630615234
91885009,2022,2022-10-07,9540,2022-10-05,1030,016617,NA,3,1,9,1900,0,2,4,NA,1,104,SAN FRANCISQUITO CANYON RD,STATOR LN,4224,N,N,A,-,N,NA,NA,NA,NA,NA,NA,NA,NA,NA,Y,3,0,1,1,A,-,08,22107,NA,N,E,I,A,A,H,-,A,D,0,NA,NA,NA,NA,Y,NA,A,01,0,1,0,0,0,0,0,0,0,-,-,34.54697036743164,-118.51878356933594,LOS ANGELES,UNINCORPORATED,-118.52059936523438,34.54499053955078
91885014,2022,2022-10-07,9530,2022-09-27,1525,022986,NA,2,2,9,1900,0,3,5,NA,2,002,EL SEGUNDO BLVD (400 BLOCK),BROADWAY,230,W,N,A,-,N,NA,NA,NA,NA,NA,NA,NA,NA,NA,N,4,0,1,3,A,-,03,22350,NA,M,C,C,A,A,H,-,A,D,0,NA,NA,NA,NA,Y,Y,D,22,0,0,1,0,0,0,0,0,0,-,-,33.916351318359375,-118.27947235107422,LOS ANGELES,UNINCORPORATED,-118.27911376953124,33.916419982910156
91885032,2022,2022-10-07,9565,2022-09-27,1514,022780,NA,2,2,7,1942,0,1,1,NA,2,083,I-10 W/B (SANTA MONICA FREEWAY),ROBERTSON BOULEVARD,1000,W,N,A,-,Y,LA,NA,10,NA,R,7.473,H,NA,L,Y,4,0,1,4,A,-,03,22350,NA,N,C,2,A,A,H,-,A,D,0,NA,NA,NA,NA,Y,NA,A,01,0,0,1,0,0,0,0,0,0,-,-,34.029361724853516,-118.3988037109375,LOS ANGELES,LOS ANGELES,-118.39879608154295,34.029361724853516
91885042,2022,2022-10-07,9565,2022-09-27,1400,022832,NA,2,2,7,1942,0,1,1,NA,2,061,I-405 SOUTHBOUND,JEFFERSON BOULEVARD,600,S,N,A,-,Y,LA,NA,405,NA,NA,25.815,H,NA,L,N,3,0,1,1,A,-,08,22107,NA,N,F,A,A,A,H,-,A,D,0,NA,NA,Y,NA,Y,NA,C,02,0,1,0,0,0,0,0,0,1,-,-,33.98611068725586,-118.39787292480467,LOS ANGELES,LOS ANGELES,-118.39794921875,33.98606491088867
91885052,2022,2022-10-07,9565,2022-09-28,0030,022576,NA,3,3,7,1942,0,1,1,NA,2,083,I-10 E/B TO NATIONAL BLVD & OVERLAND AVE,OVERLAND AVE,360,E,N,A,-,Y,NA,NA,NA,NA,NA,NA,NA,NA,NA,Y,3,0,1,1,A,-,08,22107,NA,N,E,8,A,A,H,-,D,A,0,NA,NA,NA,NA,Y,Y,A,07,0,1,0,0,0,0,0,0,0,-,-,34.03133010864258,-118.41544342041016,LOS ANGELES,LOS ANGELES,-118.41544342041016,34.03133010864258
91885058,2022,2022-10-07,9535,2022-09-23,2330,022812,NA,5,3,9,1900,0,1,1,NA,2,421,I-5 N/B TO I-710 N/B,OLYMPIC BLVD.,700,S,N,A,-,Y,LA,NA,5,NA,NA,13.803,H,NA,R,Y,4,0,1,1,A,-,01,23152,A,N,E,I,A,A,H,-,C,A,0,NA,NA,NA,NA,Y,Y,A,01,0,0,1,0,0,0,0,0,0,-,-,34.01647186279297,-118.17292022705078,LOS ANGELES,UNINCORPORATED,-118.17288208007813,34.016517639160156
91885070,2022,2022-10-07,9550,2022-09-30,0535,022789,NA,5,3,5,1908,0,1,3,NA,2,091,SR-91 WB,BELLFLOWER BLVD.,170,E,N,A,-,Y,LA,NA,91,NA,R,15.914,H,NA,L,N,4,0,1,3,A,-,08,22107,NA,M,B,C,A,A,H,-,C,D,0,NA,NA,NA,Y,Y,NA,-,99,0,0,1,0,0,0,0,0,0,-,-,33.87627029418945,-118.12024688720705,LOS ANGELES,BELLFLOWER,-118.12024688720705,33.876319885253906
91885072,2022,2022-10-07,9565,2022-09-28,1410,019696,NA,3,2,7,1942,0,1,1,NA,2,063,I-405 S/B,OLYMPIC BLVD,890,N,N,A,-,Y,LA,NA,405,NA,NA,30.372,H,NA,L,N,4,0,2,2,A,-,03,22350,NA,N,C,C,A,A,H,-,A,D,0,NA,NA,NA,NA,Y,NA,A,01,0,0,2,0,0,0,0,0,0,-,-,34.04106140136719,-118.44178771972656,LOS ANGELES,LOS ANGELES,-118.44174194335938,34.04108810424805
91885080,2022,2024-05-21,9525,2022-10-04,0810,017506,NA,2,1,9,1900,0,3,5,NA,2,002,BASELINE ROAD,FAIRVALE DR.,50,W,N,A,-,Y,NA,NA,NA,NA,NA,NA,NA,NA,NA,N,4,0,1,2,A,-,03,22350,NA,N,C,C,A,A,H,-,A,A,0,NA,NA,NA,NA,Y,NA,A,01,0,0,1,0,0,0,0,0,0,-,-,34.12165832519531,-117.7716827392578,LOS ANGELES,UNINCORPORATED,-117.88703918457033,34.1215705871582
91885096,2022,2022-10-07,9565,2022-09-28,1530,022786,NA,3,2,9,1900,0,3,5,NA,2,004,LA CIENEGA BLVD S/B,EL SEGUNDO BLVD,70,N,N,A,-,N,NA,NA,NA,NA,NA,NA,NA,NA,NA,N,4,0,1,2,A,-,07,21658,A,N,C,C,A,A,H,-,A,A,0,NA,NA,NA,Y,Y,NA,A,01,0,0,1,0,0,0,0,0,0,-,-,33.91672134399414,-118.37149810791016,LOS ANGELES,UNINCORPORATED,-118.37151336669922,33.91667175292969
91885108,2022,2022-10-07,9535,2022-09-29,0526,022025,NA,4,3,9,1900,0,2,4,NA,2,011,EASTERN AVE (700 BLOCK),WHITTIER BLVD,225,N,N,B,-,N,NA,NA,NA,NA,NA,NA,NA,NA,NA,N,4,0,1,2,A,-,08,22107,NA,N,C,E,A,A,H,-,C,D,0,NA,NA,NA,NA,Y,NA,-,-,0,0,1,0,0,0,0,0,0,-,-,34.0246696472168,-118.17400360107422,LOS ANGELES,UNINCORPORATED,-118.17397308349608,34.0245361328125
91885123,2022,2022-10-07,9525,2022-10-03,1410,022630,NA,1,2,4,1905,0,1,1,NA,2,204,I-210 E/B (FOOTHILL FWY),VERNON AVE.,200,E,N,A,-,Y,LA,NA,210,NA,R,39.011,H,NA,R,Y,4,0,2,2,A,-,07,21658,A,N,C,C,A,A,H,-,A,D,0,NA,NA,NA,NA,Y,NA,D,22,0,0,2,0,0,0,0,0,0,-,-,34.12565994262695,-117.91548919677734,LOS ANGELES,AZUSA,-117.91548919677734,34.12565994262695
91885135,2022,2022-10-07,9550,2022-10-01,1100,023053,NA,6,1,3,1964,0,1,1,NA,2,650,I-605 SOUTHBOUND,I-5,1000,N,N,A,-,Y,LA,NA,605,NA,R,10.081,H,NA,L,N,4,0,1,2,A,-,21,22106,NA,M,C,A,A,A,H,-,A,D,0,NA,NA,NA,NA,Y,NA,A,07,0,0,1,0,0,0,0,0,0,-,-,33.9473991394043,-118.09342193603516,LOS ANGELES,SANTA FE SPRINGS,-118.09343719482422,33.94740676879883
91885155,2022,2022-10-07,9525,2022-10-04,1620,022630,NA,2,2,6,1955,0,1,1,NA,2,110,I-10 E/B (SAN BERNARDINO FWY),GAREY AVE.,300,W,N,A,-,Y,LA,NA,10,NA,NA,45.487,H,NA,R,N,3,0,1,2,A,-,07,21658,A,N,B,C,A,A,H,-,A,D,0,NA,NA,Y,NA,Y,NA,A,01,0,1,0,0,0,0,0,0,1,-,-,34.07221984863281,-117.75617218017578,LOS ANGELES,POMONA,-117.75615692138672,34.072200775146484
91885162,2022,2022-10-07,9550,2022-10-03,0720,018854,NA,1,1,9,1900,0,1,1,NA,2,650,I-605 S/B,ROSE HILLS RD.,650,N,N,A,-,Y,LA,NA,605,NA,R,15.694,H,NA,L,N,3,0,1,3,A,-,07,21658,A,N,C,C,A,A,H,-,A,D,0,NA,NA,Y,NA,Y,NA,A,01,0,1,0,0,0,0,0,0,1,-,-,34.019100189208984,-118.05103302001952,LOS ANGELES,UNINCORPORATED,-118.05105590820313,34.019126892089844
91885166,2022,2022-10-07,9545,2022-09-28,1737,021569,NA,3,2,9,1900,0,3,5,NA,2,004,AVENUE I,115TH STREET EAST,120,W,N,A,-,N,NA,NA,NA,NA,NA,NA,NA,NA,NA,Y,4,0,1,2,A,-,03,22350,NA,N,C,C,A,A,H,-,A,D,0,NA,NA,NA,Y,Y,NA,A,01,0,0,1,0,0,0,0,0,0,-,-,34.70478057861328,-117.92569732666016,LOS ANGELES,UNINCORPORATED,-117.92563629150392,34.7047119140625
91885167,2022,2022-10-07,9525,2022-09-14,1805,019941,NA,3,2,6,1955,0,1,3,NA,2,606,SR-60 E/B (POMONA FWY),PHILLIPS RANCH ROAD,3062,E,N,A,-,Y,LA,NA,60,NA,R,28.632,H,NA,R,N,4,0,1,2,A,-,03,22350,NA,N,C,C,A,A,H,-,A,D,0,NA,NA,NA,NA,Y,NA,A,01,0,0,1,0,0,0,0,0,0,-,-,34.02470016479492,-117.76074981689452,LOS ANGELES,POMONA,-117.7607421875,34.024658203125
91885170,2022,2022-10-07,9590,2022-09-29,1445,022520,NA,4,2,7,1942,0,1,1,NA,2,063,I-10 W/B (SANTA MONICA FREEWAY),FIGUEROA STREET,95,E,N,A,-,Y,LA,NA,10,NA,NA,15.088,H,NA,L,Y,3,0,1,2,D,-,00,NA,NA,N,C,C,A,A,H,-,A,D,0,NA,NA,Y,NA,Y,NA,-,-,0,1,0,0,0,0,0,0,1,-,-,34.0366096496582,-118.27011871337892,LOS ANGELES,LOS ANGELES,-118.27011871337892,34.0366096496582
91885172,2022,2022-10-07,9580,2022-09-29,0630,017427,NA,4,1,9,1900,0,3,5,NA,1,010,MUREAU RD.,MOUNTAINVIEW DR,280,W,N,A,-,N,NA,NA,NA,NA,NA,NA,NA,NA,NA,N,3,0,1,1,C,-,18,NA,NA,N,D,H,A,A,H,-,C,D,0,NA,NA,Y,NA,Y,NA,-,-,0,1,0,0,0,0,0,0,1,-,-,34.15201187133789,-118.680908203125,LOS ANGELES,UNINCORPORATED,-118.68105316162108,34.15193176269531
91885193,2022,2022-10-07,9580,2022-09-30,2355,019876,NA,5,3,9,1900,0,2,4,NA,1,128,KANAN RD,SIERRA CREEK RD,200,N,N,A,-,N,NA,NA,NA,NA,NA,NA,NA,NA,NA,Y,3,0,1,1,A,-,08,22107,NA,N,E,I,A,A,H,-,C,D,0,NA,NA,NA,NA,Y,NA,A,01,0,1,0,0,0,0,0,0,0,-,-,34.1180305480957,-118.78363800048828,LOS ANGELES,UNINCORPORATED,-118.78377532958984,34.11811065673828
91885213,2022,2022-10-07,9580,2022-10-04,0920,019483,NA,2,1,7,1942,0,1,1,NA,2,407,I-405 S/B (SAN DIEGO FWY),SATICOY ST,300,N,N,A,-,Y,LA,NA,405,NA,NA,43.05,H,NA,L,Y,4,0,1,2,A,-,03,22350,NA,N,C,C,A,A,H,-,A,D,0,NA,NA,NA,NA,Y,NA,A,01,0,0,1,0,0,0,0,0,0,-,-,34.210899353027344,-118.47347259521484,LOS ANGELES,LOS ANGELES,-118.47341918945313,34.210899353027344
91885238,2022,2022-10-07,9580,2022-10-06,1545,018583,NA,4,2,3,1989,0,1,2,NA,2,106,US-101 N/B (VENTURA FREEWAY),LOST HILLS RD,912,N,N,A,-,Y,LA,NA,101,NA,NA,32.075,H,NA,R,N,4,0,2,3,A,-,03,22350,NA,N,C,C,A,A,H,-,A,D,0,NA,NA,NA,NA,Y,NA,D,22,0,0,2,0,0,0,0,0,0,-,-,34.14019012451172,-118.71225738525392,LOS ANGELES,CALABASAS,-118.71221923828124,34.140106201171875
91885241,2022,2022-10-07,9590,2022-09-27,0748,015985,NA,2,1,7,1942,0,1,3,NA,2,095,SR-2 W/B (GLENDALE FREEWAY),SAN FERNANDO ROAD,400,W,N,A,-,Y,LA,NA,2,NA,NA,15.813,H,NA,L,N,4,0,1,2,A,-,03,22350,NA,M,C,C,A,A,H,-,A,D,0,NA,NA,NA,NA,Y,NA,-,99,0,0,1,0,0,0,0,0,0,-,-,34.11157989501953,-118.24720764160156,LOS ANGELES,LOS ANGELES,-118.24716186523438,34.11153030395508
91885243,2022,2022-10-07,9540,2022-10-01,0825,022385,NA,6,1,9,1900,0,1,3,NA,2,146,SR-14 N/B (ANTELOPE VALLEY FREEWAY),OAK SPRINGS CANYON ROAD,150,N,N,A,-,Y,LA,NA,14,NA,NA,33.979,H,NA,R,N,4,0,2,2,A,-,07,21658,A,F,B,C,A,A,H,-,A,D,0,NA,NA,NA,NA,Y,NA,A,01,0,0,2,0,0,0,0,0,0,-,-,34.427608489990234,-118.41468048095705,LOS ANGELES,UNINCORPORATED,-118.4146728515625,34.42768096923828
91885245,2022,2022-10-07,9580,2022-10-06,0349,022573,NA,4,3,7,1942,0,1,1,NA,2,404,I-405 N/B (SAN DIEGO FWY),BURBANK BLVD,3432,S,N,A,-,Y,LA,NA,405,NA,NA,39.616,H,NA,R,N,4,0,1,2,A,-,07,21658,A,N,B,C,A,A,H,-,D,D,0,NA,NA,NA,Y,Y,NA,A,01,0,0,1,0,0,0,0,0,0,-,-,34.16265106201172,-118.46938323974608,LOS ANGELES,LOS ANGELES,-118.46944427490234,34.16265106201172
91885255,2022,2022-10-07,9530,2022-09-27,0805,022696,NA,2,1,9,1900,0,3,5,NA,2,002,SAN PEDRO ST.,135TH ST.,0,NA,Y,A,-,N,NA,NA,NA,NA,NA,NA,NA,NA,NA,Y,3,0,2,2,D,-,00,NA,NA,N,D,C,A,A,H,-,A,A,0,NA,NA,NA,NA,Y,NA,-,-,0,2,0,0,0,0,0,0,0,-,-,33.9091911315918,-118.26969146728516,LOS ANGELES,UNINCORPORATED,-118.26966857910156,33.909156799316406
91885261,2022,2022-10-07,9550,2022-10-03,1400,021100,NA,1,2,9,1900,0,1,1,NA,2,650,I-605 S/B,ROSE HILLS RD.,315,N,N,A,-,Y,LA,NA,605,NA,R,15.602,H,NA,L,N,4,0,1,2,A,-,03,22350,NA,N,C,C,A,A,H,-,A,D,0,NA,NA,NA,NA,Y,NA,A,08,0,0,1,0,0,0,0,0,0,-,-,34.018310546875,-118.05233764648438,LOS ANGELES,UNINCORPORATED,-118.0523681640625,34.01833724975586
91885295,2022,2022-10-07,9535,2022-10-06,1725,022418,NA,4,2,9,1900,0,2,4,NA,2,018,3RD STREET (4800 BLOCK),CIVIC CENTER WAY,163,E,N,A,-,N,NA,NA,NA,NA,NA,NA,NA,NA,NA,N,4,0,1,2,A,-,03,22350,NA,N,C,C,A,A,H,-,A,A,0,NA,NA,NA,NA,Y,NA,A,08,0,0,1,0,0,0,0,0,0,-,-,34.033470153808594,-118.15959930419922,LOS ANGELES,UNINCORPORATED,-118.15962982177734,34.03330612182617
91885362,2022,2022-10-07,9525,2022-09-28,2340,022925,NA,3,3,5,1906,0,1,1,NA,2,103,I-10 W/B TO PUENTE AVE,PUENTE AVE,300,E,N,A,-,Y,NA,NA,NA,NA,NA,NA,NA,NA,NA,Y,4,0,1,1,A,-,01,23152,A,N,E,I,A,A,H,-,C,A,0,NA,NA,NA,NA,Y,Y,A,01,0,0,1,0,0,0,0,0,0,-,-,34.07107925415039,-117.95970153808594,LOS ANGELES,BALDWIN PARK,-117.95970153808594,34.07107925415039
91885369,2022,2022-10-07,9525,2022-09-29,2300,022927,NA,4,3,5,1906,0,1,1,NA,2,103,I-10 WESTBOUND TO I-605 NORTHBOUND,I-605,400,E,N,A,-,Y,NA,NA,NA,NA,NA,NA,NA,NA,NA,Y,3,0,1,2,A,-,07,21658,A,F,B,C,A,A,H,-,B,D,0,NA,NA,Y,NA,Y,NA,A,07,0,1,0,0,0,0,0,0,1,-,-,34.06589126586914,-117.9985809326172,LOS ANGELES,BALDWIN PARK,-117.9985809326172,34.06589126586914
91885370,2022,2022-10-07,9550,2022-10-06,0740,018408,NA,4,1,5,1976,0,1,1,NA,2,650,I-605 S/B,WHITTIER BLVD.,2000,S,N,B,-,Y,LA,NA,605,NA,R,12.702,H,NA,L,N,3,0,1,3,A,-,08,22107,NA,N,C,C,A,A,H,-,A,D,0,NA,NA,NA,NA,Y,NA,A,08,0,1,0,0,0,0,0,0,0,-,-,33.981990814208984,-118.07483673095705,LOS ANGELES,WHITTIER,-118.07476806640624,33.9819450378418
91885374,2022,2022-10-07,9545,2022-09-29,1615,021814,NA,4,2,6,1950,0,1,3,NA,2,021,SR-14 N/B,AVENUE Q,701,S,N,A,-,Y,LA,NA,14,NA,R,60.074,H,NA,R,Y,4,0,1,3,A,-,08,22107,NA,N,D,C,A,A,H,-,A,D,0,NA,NA,NA,NA,Y,NA,A,01,0,0,1,0,0,0,0,0,0,-,-,34.58525848388672,-118.13379669189452,LOS ANGELES,PALMDALE,-118.1337661743164,34.585262298583984
91885409,2022,2022-10-07,9535,2022-10-01,0604,022298,NA,6,1,9,1900,0,2,4,NA,2,024,WHITTIER BOULEVARD EASTBOUND (4400 BLOCK),FORD BOULEVARD,10,W,N,A,-,N,NA,NA,NA,NA,NA,NA,NA,NA,NA,N,3,0,1,2,A,-,10,21950,A,F,G,B,B,A,H,-,B,A,0,Y,NA,NA,NA,Y,NA,A,01,0,1,0,0,1,0,0,0,0,-,-,34.02334976196289,-118.17118072509766,LOS ANGELES,UNINCORPORATED,-118.17108154296876,34.0233268737793
91885417,2022,2022-10-07,9535,2022-09-30,1412,023022,NA,5,2,5,1947,0,1,3,NA,2,600,SR-60 (POMONA FREEWAY) E/B,GARFIELD AVE.,160,W,N,A,-,Y,LA,NA,60,NA,R,5.87,H,NA,R,Y,3,0,1,3,A,-,03,22350,NA,N,C,C,A,A,H,-,A,D,0,NA,NA,NA,NA,Y,NA,A,07,0,1,0,0,0,0,0,0,0,-,-,34.033199310302734,-118.1257095336914,LOS ANGELES,MONTEBELLO,-118.1257095336914,34.0330924987793
91885422,2022,2022-10-07,9535,2022-09-20,1520,022842,NA,2,2,9,1900,0,3,5,NA,2,002,ALLSTON STREET (6000 BLOCK),HANOVER AVENUE,170,W,N,A,-,N,NA,NA,NA,NA,NA,NA,NA,NA,NA,N,3,0,1,2,A,-,06,21750,NA,N,B,C,A,A,H,-,A,D,0,NA,NA,NA,NA,Y,NA,D,22,0,1,0,0,0,0,0,0,0,-,-,34.01565170288086,-118.13858032226564,LOS ANGELES,UNINCORPORATED,-118.13854217529295,34.01559829711914
91885429,2022,2022-10-07,9535,2022-09-11,1600,022719,NA,7,2,9,1900,0,1,1,NA,2,651,I-605 S/B (SAN GABRIEL RIVER FREEWAY),SAN GABRIEL RIVER,860,N,N,A,-,Y,LA,NA,605,NA,R,17.874,H,NA,L,N,2,0,3,3,A,-,07,21658,A,N,D,C,A,A,H,-,A,D,0,NA,NA,NA,NA,Y,NA,A,01,1,2,0,0,0,0,0,0,0,-,-,34.03865051269531,-118.02091217041016,LOS ANGELES,UNINCORPORATED,-118.02092742919922,34.03867721557617
91885431,2022,2022-10-07,9535,2022-09-29,0755,022025,NA,4,1,9,1900,0,2,4,NA,2,024,WHITTIER BLVD (5700 BLOCK),GERHART AVE,70,E,N,A,-,N,NA,NA,NA,NA,NA,NA,NA,NA,NA,N,4,0,1,2,A,-,09,21801,A,N,D,C,A,A,H,-,A,A,0,NA,NA,NA,NA,Y,NA,-,-,0,0,1,0,0,0,0,0,0,-,-,34.01813888549805,-118.14671325683594,LOS ANGELES,UNINCORPORATED,-118.14708709716795,34.018253326416016