CASE_ID,ACCIDENT_YEAR,PROC_DATE,JURIS,COLLISION_DATE,COLLISION_TIME,OFFICER_ID,REPORTING_DISTRICT,DAY_OF_WEEK,CHP_SHIFT,POPULATION,CNTY_CITY_LOC,SPECIAL_COND,BEAT_TYPE,CHP_BEAT_TYPE,CITY_DIVISION_LAPD,CHP_BEAT_CLASS,BEAT_NUMBER,PRIMARY_RD,SECONDARY_RD,DISTANCE,DIRECTION,INTERSECTION,WEATHER_1,WEATHER_2,STATE_HWY_IND,CALTRANS_COUNTY,CALTRANS_DISTRICT,STATE_ROUTE,ROUTE_SUFFIX,POSTMILE_PREFIX,POSTMILE,LOCATION_TYPE,RAMP_INTERSECTION,SIDE_OF_HWY,TOW_AWAY,COLLISION_SEVERITY,NUMBER_KILLED,NUMBER_INJURED,PARTY_COUNT,PRIMARY_COLL_FACTOR,PCF_CODE_OF_VIOL,PCF_VIOL_CATEGORY,PCF_VIOLATION,PCF_VIOL_SUBSECTION,HIT_AND_RUN,TYPE_OF_COLLISION,MVIW,PED_ACTION,ROAD_SURFACE,ROAD_COND_1,ROAD_COND_2,LIGHTING,CONTROL_DEVICE,CHP_ROAD_TYPE,PEDESTRIAN_ACCIDENT,BICYCLE_ACCIDENT,MOTORCYCLE_ACCIDENT,TRUCK_ACCIDENT,NOT_PRIVATE_PROPERTY,ALCOHOL_INVOLVED,STWD_VEHTYPE_AT_FAULT,CHP_VEHTYPE_AT_FAULT,COUNT_SEVERE_INJ,COUNT_VISIBLE_INJ,COUNT_COMPLAINT_PAIN,COUNT_PED_KILLED,COUNT_PED_INJURED,COUNT_BICYCLIST_KILLED,COUNT_BICYCLIST_INJURED,COUNT_MC_KILLED,COUNT_MC_INJURED,PRIMARY_RAMP,SECONDARY_RAMP,LATITUDE,LONGITUDE,COUNTY,CITY,POINT_X,POINT_Y
91894399,2022,2022-10-19,9535,2022-10-10,0309,022840,NA,1,3,9,1900,0,3,5,NA,2,002,BONNIE BEACH PL (300 BLOCK),4TH ST,60,S,N,A,-,N,NA,NA,NA,NA,NA,NA,NA,NA,NA,N,4,0,1,3,A,-,08,22107,NA,N,C,C,A,A,H,-,D,D,0,NA,NA,NA,NA,Y,NA,A,01,0,0,1,0,0,0,0,0,0,-,-,34.03205871582031,-118.18163299560548,LOS ANGELES,UNINCORPORATED,-118.18154144287108,34.03212356567383
91894410,2022,2022-10-19,9535,2022-10-10,2025,022305,NA,1,2,9,1900,0,2,4,NA,2,011,WHITTIER BLVD.,EASTERN AVE.,0,NA,Y,A,-,N,NA,NA,NA,NA,NA,NA,NA,NA,NA,N,3,0,1,2,A,-,09,21804,A,N,D,G,A,A,H,-,C,A,0,NA,Y,NA,NA,Y,NA,L,04,0,1,0,0,0,0,1,0,0,-,-,34.02376937866211,-118.17388916015624,LOS ANGELES,UNINCORPORATED,-118.17395782470705,34.02392578125
91894414,2022,2022-10-19,9580,2022-10-19,0525,018185,NA,3,3,7,1942,0,1,2,NA,2,104,US-101 N/B (VENTURA FREEWAY),CANOGA AVE,528,S,N,A,-,Y,LA,NA,101,NA,NA,24.771,H,NA,R,Y,4,0,2,4,A,-,03,22350,NA,N,C,C,A,A,H,-,D,D,0,NA,NA,NA,NA,Y,NA,A,01,0,0,2,0,0,0,0,0,0,-,-,34.16931915283203,-118.59593200683594,LOS ANGELES,LOS ANGELES,-118.59593200683594,34.16931915283203
91894415,2022,2022-10-19,9545,2022-10-08,1900,022844,NA,6,2,9,1900,0,1,3,NA,1,042,SR-138,141ST STREET EAST,0,NA,Y,A,-,Y,LA,NA,138,NA,NA,61.199,H,NA,R,Y,4,0,1,2,A,-,01,23152,A,N,D,C,A,A,H,-,D,D,0,NA,NA,NA,NA,Y,Y,A,01,0,0,1,0,0,0,0,0,0,-,-,34.50634002685547,-117.879150390625,LOS ANGELES,UNINCORPORATED,-117.879150390625,34.506370544433594
91894419,2022,2022-10-19,9525,2022-10-15,0738,022183,NA,6,1,4,1960,0,1,1,NA,2,207,I-210 W/B TO LONE HILL AVE.,LONE HILL AVE.,1056,E,N,B,C,Y,LA,NA,210,NA,R,44.318,H,NA,L,N,4,0,2,2,A,-,03,22350,NA,N,C,C,A,B,H,-,A,A,0,NA,NA,NA,NA,Y,NA,A,01,0,0,2,0,0,0,0,0,0,-,-,34.121150970458984,-117.82707214355467,LOS ANGELES,SAN DIMAS,-117.8271026611328,34.120914459228516
91894422,2022,2022-10-19,9535,2022-10-08,1650,022740,NA,6,2,4,1907,0,1,1,NA,2,072,I-710 N/B (LONG BEACH FREEWAY),E GAGE AVE,5,N,N,A,-,Y,LA,NA,710,NA,NA,20.274,H,NA,R,N,3,0,1,2,A,-,03,22350,NA,N,C,2,A,A,H,-,A,D,0,NA,NA,NA,NA,Y,NA,A,01,0,1,0,0,0,0,0,0,0,-,-,33.97602081298828,-118.1675262451172,LOS ANGELES,BELL,-118.16742706298828,33.97601318359375
91894424,2022,2022-10-19,9590,2022-10-12,2240,021998,NA,3,3,7,1942,0,1,2,NA,2,071,UNITED STATES 101 SOUTHBOUND (SANTA ANA FREEWAY),ALAMEDA STREET,100,N,N,A,-,Y,LA,NA,101,NA,NA,0.823,H,NA,L,N,4,0,1,2,A,-,03,22350,NA,N,C,C,A,A,H,-,C,D,0,NA,NA,NA,NA,Y,NA,A,07,0,0,1,0,0,0,0,0,0,-,-,34.05461120605469,-118.23880767822266,LOS ANGELES,LOS ANGELES,-118.2387924194336,34.054630279541016
91894428,2022,2022-10-19,9580,2022-10-19,0655,016413,NA,3,1,7,1942,0,1,2,NA,2,104,US-101 N/B (VENTURA FREEWAY),RESEDA BLVD.,445,S,N,A,-,Y,LA,NA,101,NA,NA,21.202,H,NA,R,N,4,0,2,3,A,-,03,22350,NA,N,C,C,A,A,H,-,A,D,0,NA,NA,NA,Y,Y,NA,F,26,0,0,2,0,0,0,0,0,0,-,-,34.173091888427734,-118.53494262695313,LOS ANGELES,LOS ANGELES,-118.534912109375,34.173152923583984
91894435,2021,2022-10-19,9530,2021-09-06,0125,021310,NA,1,3,5,1915,0,1,3,NA,2,310,SR-91 E/B (ARTESIA FREEWAY),ACACIA AVE,1584,W,N,A,-,Y,NA,NA,91,NA,NA,NA,NA,NA,E,Y,3,0,2,2,A,-,03,22350,NA,N,C,C,A,A,H,-,A,D,0,NA,NA,NA,NA,Y,NA,A,01,0,2,0,0,0,0,0,0,0,-,-,33.873779296875,-118.22898864746094,LOS ANGELES,COMPTON,-118.22898864746094,33.87381362915039
91894436,2022,2022-10-19,9590,2022-10-07,0130,022984,NA,5,3,7,1942,0,1,1,NA,2,053,I-110 S/B (HARBOR FREEWAY) (HAF) COLLECTOR ROAD,VENICE BOULEVARD,475,N,N,A,-,Y,LA,NA,110,NA,NA,21.608,H,NA,L,Y,4,0,1,1,A,-,01,23152,A,N,E,I,A,A,H,-,C,D,0,NA,NA,NA,NA,Y,Y,A,07,0,0,1,0,0,0,0,0,0,-,-,34.0406608581543,-118.27407073974608,LOS ANGELES,LOS ANGELES,-118.27375793457033,34.04062271118164
91894444,2022,2022-10-19,9590,2022-10-13,1825,021492,NA,4,2,7,1942,0,1,1,NA,2,085,I-5 S/B (GSF) TO SR-2 W/B (GF),RIVERSIDE DR,300,S,N,A,-,Y,NA,NA,NA,NA,NA,NA,NA,NA,NA,Y,4,0,1,1,A,-,08,22107,NA,N,E,J,A,A,H,-,C,D,0,NA,NA,NA,NA,Y,NA,A,01,0,0,1,0,0,0,0,0,0,-,-,34.10210037231445,-118.25071716308594,LOS ANGELES,LOS ANGELES,-118.25071716308594,34.10210037231445
91894450,2022,2022-10-19,9525,2022-10-16,1700,021545,NA,7,2,6,1955,0,1,1,NA,2,119,I-10 W/B (SAN BERNARDINO FWY),WHITE AVE,200,W,N,A,-,Y,LA,NA,10,NA,NA,45.253,H,NA,L,Y,3,0,1,1,A,-,08,22107,NA,N,F,A,A,A,H,-,A,D,0,NA,NA,Y,NA,Y,NA,C,02,0,1,0,0,0,0,0,0,1,-,-,34.07123947143555,-117.7599868774414,LOS ANGELES,POMONA,-117.75997161865234,34.0711669921875
91894452,2022,2022-10-19,9590,2022-10-13,1955,021040,NA,4,2,7,1942,0,1,1,NA,2,085,I-5 (GOLDEN STATE FREEWAY) TO LOS FELIZ E/B,LOS FELIZ BOULEVARD,600,N,N,A,-,Y,LA,NA,5,NA,NA,24.421,H,NA,L,N,4,0,1,2,A,-,07,21658,A,N,B,2,A,A,H,-,A,D,0,NA,NA,NA,NA,Y,NA,A,01,0,0,1,0,0,0,0,0,0,-,-,34.1215705871582,-118.27207946777344,LOS ANGELES,LOS ANGELES,-118.27186584472656,34.12163543701172
91894466,2022,2022-10-19,9525,2022-10-18,1725,019188,NA,2,2,1,1934,0,1,1,NA,2,204,I-210 E/B (FOOTHILL FWY),IRWINDALE AVE,850,E,N,A,-,Y,LA,NA,210,NA,R,38.256,H,NA,R,N,4,0,1,3,A,-,03,22350,NA,N,C,C,A,A,H,-,A,D,0,NA,NA,NA,NA,Y,NA,D,22,0,0,1,0,0,0,0,0,0,-,-,34.13051986694336,-117.92707061767578,LOS ANGELES,IRWINDALE,-117.92706298828124,34.130550384521484
91894470,2022,2022-10-19,9590,2022-10-14,1245,019008,NA,5,1,7,1942,0,1,2,NA,2,072,US-101 NORTHBOUND (HOLLYWOOD FREEWAY),IVAR STREET,100,S,N,B,-,Y,LA,NA,101,NA,NA,7.286,H,NA,R,N,4,0,1,2,A,-,03,22350,NA,N,C,C,A,A,H,-,A,D,0,NA,NA,NA,NA,Y,NA,A,01,0,0,1,0,0,0,0,0,0,-,-,34.10643005371094,-118.3281707763672,LOS ANGELES,LOS ANGELES,-118.32814025878906,34.10646438598633
91894476,2022,2022-10-19,9535,2022-10-09,0200,022840,NA,7,3,6,1922,0,1,1,NA,2,400,I-10 E/B (SAN BERNARDINO FREEWAY),SANTA ANITA AVE,1700,W,N,A,-,Y,LA,NA,10,NA,NA,28.348,H,NA,R,N,3,0,2,2,A,-,07,21658,A,N,B,C,A,A,H,-,C,D,0,NA,NA,NA,NA,Y,NA,A,01,0,1,1,0,0,0,0,0,0,-,-,34.070308685302734,-118.04773712158205,LOS ANGELES,EL MONTE,-118.04774475097656,34.07030487060547
91894483,2022,2022-10-19,9550,2022-10-07,1030,021656,NA,5,1,9,1900,0,1,1,NA,2,650,INTERSTATE 605 S/B (SAN GABRIEL RIVER FREEWAY),SARAGOSA STREET,100,N,N,A,-,Y,LA,NA,605,NA,R,12.448,H,NA,L,Y,4,0,2,2,A,-,03,22350,NA,N,C,C,A,A,H,-,A,D,0,NA,NA,NA,NA,Y,NA,D,22,0,0,2,0,0,0,0,0,0,-,-,33.97911834716797,-118.07759857177734,LOS ANGELES,UNINCORPORATED,-118.07760620117188,33.979122161865234
91894484,2022,2022-10-19,9590,2022-10-14,1430,021757,NA,5,2,7,1942,0,1,1,NA,2,051,I-110 S/B (HARBOR FREEWAY),67TH ST,200,S,N,B,-,Y,LA,NA,110,NA,NA,17.248,H,NA,L,N,4,0,1,3,A,-,03,22350,NA,N,C,C,A,A,H,-,A,D,0,NA,NA,NA,NA,Y,NA,A,01,0,0,1,0,0,0,0,0,0,-,-,33.978328704833984,-118.28096771240234,LOS ANGELES,LOS ANGELES,-118.28092956542967,33.978328704833984
91894485,2022,2022-10-19,9550,2022-10-12,0850,023064,NA,3,1,6,1920,0,1,1,NA,2,150,I-105 W/B,WOODRUFF AVE.,150,W,N,B,-,Y,LA,NA,105,NA,R,17.103,H,NA,L,Y,4,0,1,2,A,-,03,22350,NA,N,C,C,A,A,H,-,A,D,0,NA,NA,NA,NA,Y,NA,A,01,0,0,1,0,0,0,0,0,0,-,-,33.91395950317383,-118.11736297607422,LOS ANGELES,DOWNEY,-118.11735534667967,33.91389083862305
91894492,2022,2022-10-19,9590,2022-10-17,1600,021069,NA,1,2,7,1942,0,1,1,NA,2,013,SR-110 S/B (ARROYO SECO PARKWAY) FROM AVENUE 52,AVENUE 52,200,S,N,A,-,Y,LA,NA,110,NA,NA,27.987,H,NA,L,N,4,0,1,2,A,-,03,22350,NA,M,C,C,A,A,H,-,A,A,0,NA,NA,NA,NA,Y,NA,-,99,0,0,1,0,0,0,0,0,0,-,-,34.102909088134766,-118.19751739501952,LOS ANGELES,LOS ANGELES,-118.19749450683594,34.10285568237305
91894502,2022,2022-10-19,9590,2022-10-07,0610,022313,NA,5,1,7,1942,0,1,1,NA,2,084,I-5 N/B (GOLDEN STATE FREEWAY),LOS FELIZ BOULEVARD,200,S,N,A,-,Y,LA,NA,5,NA,NA,24.059,H,NA,R,N,4,0,1,2,A,-,07,21658,A,M,B,C,A,A,H,-,B,D,0,NA,NA,NA,NA,Y,NA,-,99,0,0,1,0,0,0,0,0,0,-,-,34.11695098876953,-118.26914978027344,LOS ANGELES,LOS ANGELES,-118.2691650390625,34.116943359375
91894553,2022,2022-10-19,9530,2022-10-09,2345,023051,NA,7,3,9,1900,0,3,5,NA,2,002,AVALON BLVD. (13000 BLOCK),136TH ST,35,N,N,A,-,N,NA,NA,NA,NA,NA,NA,NA,NA,NA,Y,4,0,1,2,A,-,03,22350,NA,N,C,C,A,A,H,-,C,D,0,NA,NA,NA,NA,Y,NA,A,07,0,0,1,0,0,0,0,0,0,-,-,33.908390045166016,-118.2654037475586,LOS ANGELES,UNINCORPORATED,-118.26531982421876,33.908294677734375
91894556,2021,2022-10-19,9530,2021-12-13,0940,018270,NA,1,1,7,1942,0,1,1,NA,2,120,I-110 N/B FROM HARRY BRIDGES BLVD.,HARRY BRIDGES,100,N,N,B,-,Y,NA,NA,110,NA,NA,NA,R,NA,N,Y,3,0,1,1,A,-,03,22350,NA,N,F,J,A,A,H,-,A,D,0,NA,NA,NA,Y,Y,NA,F,27,0,1,0,0,0,0,0,0,0,-,-,33.772159576416016,-118.27953338623048,LOS ANGELES,LOS ANGELES,-118.27953338623048,33.772159576416016
91894566,2022,2022-10-19,9535,2022-10-11,0205,022234,NA,2,3,5,1915,0,1,1,NA,2,075,I-710 (LONG BEACH FREEWAY) S/B,ALONDRA BLVD.,990,N,N,A,-,Y,LA,NA,710,NA,NA,14.234,H,NA,L,N,4,0,1,3,A,-,07,21658,A,N,B,C,A,A,H,-,D,D,0,NA,NA,NA,NA,Y,NA,A,01,0,0,1,0,0,0,0,0,0,-,-,33.89316940307617,-118.18816375732422,LOS ANGELES,COMPTON,-118.18817901611328,33.89317321777344
91894569,2022,2022-10-19,9580,2022-10-18,1915,019679,NA,2,2,7,1942,0,1,2,NA,2,102,US-101 N/B (VENTURA FREEWAY),OF THE SOUTH ROAD EDGE OF BALBOA BLVD,75,S,N,A,-,Y,LA,NA,101,NA,NA,19.168,H,NA,R,Y,3,0,4,3,A,-,03,22350,NA,N,C,C,A,A,H,-,C,D,0,NA,NA,NA,NA,Y,NA,A,01,0,4,0,0,0,0,0,0,0,-,-,34.170310974121094,-118.50006866455078,LOS ANGELES,LOS ANGELES,-118.5001983642578,34.17014694213867
91894586,2022,2022-10-19,9525,2022-10-18,0455,021986,NA,2,3,4,1913,0,1,1,NA,2,220,SR-210 E/B (FOOTHILL FREEWAY),TOWNE AVENUE,3200,E,N,A,-,Y,LA,NA,210,NA,R,50.162,H,NA,R,Y,4,0,1,1,A,-,08,22107,NA,N,E,8,A,A,H,-,B,D,0,NA,NA,NA,NA,Y,NA,A,01,0,0,1,0,0,0,0,0,0,-,-,34.11996841430664,-117.72551727294922,LOS ANGELES,CLAREMONT,-117.72551727294922,34.12008285522461
91894598,2022,2022-10-19,9525,2022-10-15,1140,021074,NA,6,1,9,1900,0,3,5,NA,2,002,GLADSTONE ST.,FENIMORE AVE.,0,NA,Y,B,-,N,NA,NA,NA,NA,NA,NA,NA,NA,NA,Y,3,0,1,2,A,-,09,21801,A,N,D,C,A,A,H,-,A,D,0,NA,NA,NA,NA,Y,NA,A,01,0,1,0,0,0,0,0,0,0,-,-,34.11415100097656,-117.89305877685548,LOS ANGELES,UNINCORPORATED,-117.89306640625,34.11417770385742
91894603,2022,2022-10-19,9590,2022-08-29,0725,023052,NA,1,1,7,1942,0,1,1,NA,2,500,I-110 N/B (HAF) EXPRESS LANES,GAGE AVE,950,S,N,A,-,Y,LA,NA,110,NA,NA,17.344,H,NA,R,N,3,0,1,4,A,-,03,22350,NA,N,C,C,A,A,H,-,A,D,0,NA,NA,NA,NA,Y,NA,A,01,0,1,0,0,0,0,0,0,0,-,-,33.979740142822266,-118.2807388305664,LOS ANGELES,LOS ANGELES,-118.2807159423828,33.979740142822266
91894608,2022,2022-10-19,9525,2022-10-15,0530,022927,NA,6,3,5,1906,0,1,1,NA,2,103,I-10 W/B FROM BALDWIN PARK BLVD,I-10 W/B (SAN BERNARDINO FWY),130,N,N,C,-,Y,NA,NA,NA,NA,NA,NA,NA,NA,NA,Y,4,0,1,2,A,-,03,22350,NA,N,D,D,A,B,H,-,B,D,0,NA,NA,NA,NA,Y,NA,A,01,0,0,1,0,0,0,0,0,0,-,-,34.06843185424805,-117.9797134399414,LOS ANGELES,BALDWIN PARK,-117.9797134399414,34.06843185424805
91894612,2022,2022-10-19,9525,2022-10-15,1420,021545,NA,6,2,6,1955,0,1,1,NA,2,119,I-10 W/B (SAN BERNARDINO FWY),WHITE AVE,200,W,N,A,-,Y,LA,NA,10,NA,NA,45.188,H,NA,L,Y,3,0,1,1,A,-,08,22107,NA,N,F,A,A,A,H,-,A,D,0,NA,NA,Y,NA,Y,NA,C,02,0,1,0,0,0,0,0,0,1,-,-,34.07107162475586,-117.7611083984375,LOS ANGELES,POMONA,-117.76109313964844,34.07099151611328
91894625,2022,2022-10-19,9530,2022-10-18,1045,020355,NA,2,1,6,1972,0,1,1,NA,2,400,I-405 N/B (SAN DIEGO FREEWAY),YUKON AVENUE,1,S,N,A,-,Y,LA,NA,405,NA,NA,15.98,H,NA,R,N,4,0,1,2,A,-,03,22350,NA,N,C,C,A,A,H,-,A,D,0,NA,NA,NA,NA,Y,NA,A,01,0,0,1,0,0,0,0,0,0,-,-,33.86722183227539,-118.33490753173828,LOS ANGELES,TORRANCE,-118.33490753173828,33.86723327636719
91894643,2022,2022-10-19,9530,2022-10-15,1715,022380,NA,6,2,7,1942,0,1,1,NA,2,110,I-110 S/B (HARBOR FREEWAY),149TH ST,200,S,N,A,-,Y,LA,NA,110,NA,NA,11.451,H,NA,L,N,4,0,2,2,A,-,03,22350,NA,N,C,C,A,A,H,-,A,D,0,NA,NA,NA,NA,Y,NA,A,07,0,0,2,0,0,0,0,0,0,-,-,33.895591735839844,-118.28627777099608,LOS ANGELES,LOS ANGELES,-118.2861785888672,33.895606994628906
91894656,2022,2022-10-19,9530,2022-10-12,1615,020956,NA,3,2,9,1900,0,1,1,NA,2,120,I-110 S/B (HARBOR FREEWAY),LOMITA BLVD,820,N,N,B,-,Y,LA,NA,110,NA,NA,4.717,H,NA,L,N,4,0,1,3,A,-,03,22350,NA,N,C,C,A,A,H,-,A,D,0,NA,NA,NA,NA,Y,NA,A,08,0,0,1,0,0,0,0,0,0,-,-,33.798500061035156,-118.28778839111328,LOS ANGELES,UNINCORPORATED,-118.28770446777344,33.798545837402344
91894679,2022,2022-10-19,9550,2022-10-08,1955,022909,NA,6,2,6,1920,0,1,S,NA,2,704,I-605 N/B TO I-5 N/B,CECELIA STREET,520,N,N,A,-,Y,LA,NA,605,NA,R,9.031,H,NA,R,N,4,0,2,3,A,-,03,22350,NA,N,C,C,A,A,H,-,C,D,0,NA,NA,NA,NA,Y,Y,A,01,0,0,2,0,0,0,0,0,0,-,-,33.933441162109375,-118.10034942626952,LOS ANGELES,DOWNEY,-118.10047912597656,33.9334831237793
91894683,2022,2022-10-19,9565,2022-10-08,0800,022775,NA,6,1,7,1942,0,1,1,NA,2,062,I-405 NORTHBOUND,PALMS BLVD,980,S,N,A,-,Y,LA,NA,405,NA,NA,28.311,H,NA,R,Y,2,0,1,2,A,-,03,22350,NA,N,C,C,A,A,H,-,A,D,0,NA,NA,Y,NA,Y,NA,C,02,1,0,0,0,0,0,0,0,1,-,-,34.01642990112305,-118.42176055908205,LOS ANGELES,LOS ANGELES,-118.42169952392578,34.01646423339844
91894689,2022,2022-10-20,9525,2022-10-15,2000,021545,NA,6,2,6,1955,0,2,4,NA,2,057,I-10 W/B (SAN BERNARDINO FWY),KELLOGG DRIVE,500,W,N,C,-,Y,LA,NA,10,NA,NA,41.814,H,NA,L,Y,4,0,2,2,A,-,03,22350,NA,N,C,C,A,D,H,-,C,D,0,NA,NA,NA,NA,Y,NA,A,01,0,0,2,0,0,0,0,0,0,-,-,34.063819885253906,-117.81726837158205,LOS ANGELES,POMONA,-117.81726837158205,34.06381607055664
91894692,2022,2022-10-20,9565,2022-10-08,1205,017648,NA,6,1,7,1942,0,1,1,NA,2,062,I-405 S/B,EXPOSITION BLVD.,100,S,N,A,-,Y,LA,NA,405,NA,NA,29.772,H,NA,L,Y,3,0,1,2,A,-,08,22107,NA,N,B,2,A,A,H,-,A,D,0,NA,NA,NA,NA,Y,NA,A,01,0,1,0,0,0,0,0,0,0,-,-,34.03350067138672,-118.43653869628906,LOS ANGELES,LOS ANGELES,-118.43651580810548,34.03351974487305
91894697,2022,2022-10-20,9565,2022-10-08,2030,022671,NA,6,2,7,1942,0,1,1,NA,2,063,I-405 S/B,OLYMPIC BLVD,300,N,N,A,-,Y,LA,NA,405,NA,NA,30.285,H,NA,L,Y,4,0,1,2,A,-,03,22350,NA,N,C,C,A,A,H,-,C,D,0,NA,NA,NA,NA,Y,NA,A,07,0,0,1,0,0,0,0,0,0,-,-,34.04003143310547,-118.44091033935548,LOS ANGELES,LOS ANGELES,-118.44086456298828,34.04005813598633
91894698,2022,2022-10-20,9565,2022-10-09,0455,022763,NA,7,3,7,1942,0,1,1,NA,2,083,I-10 E/B (SANTA MONICA FWY),MANNING AVE,200,W,N,A,-,Y,LA,NA,10,NA,R,7.048,H,NA,R,N,4,0,1,1,A,-,03,22350,NA,N,F,A,A,A,H,-,D,D,0,NA,NA,Y,NA,Y,NA,C,02,0,0,1,0,0,0,0,0,1,-,-,34.02983093261719,-118.40621948242188,LOS ANGELES,LOS ANGELES,-118.40621948242188,34.02983856201172
91894959,2022,2022-10-20,9575,2022-10-10,1730,021006,NA,1,2,5,1902,0,1,1,NA,2,065,I-210 E/B (FOOTHILL FREEWAY),ROSEMEAD BLVD.,70,E,N,A,-,Y,LA,NA,210,NA,R,29.509,H,NA,R,N,4,0,1,2,A,-,03,22350,NA,N,C,C,A,A,H,-,A,D,0,NA,NA,NA,NA,Y,NA,A,08,0,0,1,0,0,0,0,0,0,-,-,34.14822006225586,-118.07315063476564,LOS ANGELES,ARCADIA,-118.07315826416016,34.14825439453125
91894960,2022,2022-10-20,9575,2022-10-12,1813,022953,NA,3,2,7,1942,0,1,1,NA,2,052,I-5 N/B (GOLDEN STATE FREEWAY),LANKERSHIM BOULEVARD,1500,N,N,A,-,Y,LA,NA,5,NA,NA,35.309,H,NA,R,Y,3,0,1,2,A,-,03,22350,NA,N,C,D,A,A,H,-,C,D,0,NA,NA,NA,NA,Y,NA,A,07,0,1,0,0,0,0,0,0,0,-,-,34.22877883911133,-118.39267730712892,LOS ANGELES,LOS ANGELES,-118.39266204833984,34.22880935668945
91894963,2022,2022-10-20,9575,2022-10-12,1730,021006,NA,3,2,6,1953,0,1,1,NA,2,064,I-210 W/B (FOOTHILL FREEWAY),HILL AVENUE,100,W,N,A,-,Y,LA,NA,210,NA,R,26.928,H,NA,L,N,4,0,1,2,A,-,03,22350,NA,N,C,C,A,A,H,-,A,D,0,NA,NA,NA,NA,Y,NA,A,01,0,0,1,0,0,0,0,0,0,-,-,34.15245819091797,-118.12191772460938,LOS ANGELES,PASADENA,-118.12191772460938,34.15244674682617
91894973,2022,2022-10-20,9575,2022-10-10,1325,022998,NA,1,1,9,1900,0,1,3,NA,2,300,SR-2 (ANGELES CREST HIGHWAY),WOODWARDIA BRIDGE,1109,E,N,A,-,Y,LA,NA,2,NA,NA,29.741,H,NA,R,N,3,0,1,1,A,-,08,22107,NA,N,F,A,A,A,H,-,A,D,0,NA,NA,Y,NA,Y,NA,C,02,0,1,0,0,0,0,0,0,1,-,-,34.25429153442383,-118.19925689697266,LOS ANGELES,UNINCORPORATED,-118.19898223876952,34.25439453125
91894976,2022,2022-11-21,9590,2022-08-29,0408,022173,NA,1,3,7,1942,0,1,1,NA,2,083,INTERSTATE 5 S/B (GSF) FROM BROADWAY,SOUTH ALBION STREET,117,S,N,A,-,Y,LA,NA,5,NA,NA,19.527,H,NA,L,N,1,1,0,2,A,-,00,21960,A,N,G,B,E,A,H,-,D,D,0,Y,NA,NA,NA,Y,NA,N,60,0,0,0,1,0,0,0,0,0,-,-,34.07024002075195,-118.21826171875,LOS ANGELES,LOS ANGELES,-118.21802520751952,34.07034683227539
91894979,2022,2022-10-20,9565,2022-10-10,1130,015587,NA,1,1,7,1942,0,1,1,NA,2,062,I-405 S/B (SAN DIEGO FREEWAY),OLYMPIC BLVD.,50,N,N,A,-,Y,LA,NA,405,NA,NA,30.213,H,NA,L,N,4,0,3,4,A,-,03,22350,NA,N,C,C,A,A,H,-,A,D,0,NA,NA,NA,NA,Y,NA,D,22,0,0,3,0,0,0,0,0,0,-,-,34.039180755615234,-118.44017791748048,LOS ANGELES,LOS ANGELES,-118.44013214111328,34.03920364379883
91894982,2022,2022-10-20,9565,2022-10-08,2242,022763,NA,6,3,9,1900,0,3,5,NA,2,003,OVERHILL DR,SLAUSON AVE,0,NA,Y,A,-,N,NA,NA,NA,NA,NA,NA,NA,NA,NA,Y,4,0,2,2,A,-,09,21801,A,N,A,C,A,A,H,-,C,A,0,NA,NA,NA,NA,Y,NA,A,01,0,0,2,0,0,0,0,0,0,-,-,33.988868713378906,-118.3540496826172,LOS ANGELES,UNINCORPORATED,-118.35408782958984,33.988887786865234
91895009,2022,2022-10-20,9545,2022-10-14,0755,016124,NA,5,1,9,1900,0,3,5,NA,2,004,AVENUE J,170TH STREET EAST,0,NA,Y,A,-,N,NA,NA,NA,NA,NA,NA,NA,NA,NA,Y,4,0,2,2,A,-,12,22450,A,N,D,C,A,A,H,-,A,A,0,NA,NA,NA,NA,Y,NA,D,22,0,0,2,0,0,0,0,0,0,-,-,34.68989944458008,-117.82714080810548,LOS ANGELES,UNINCORPORATED,-117.82724761962892,34.689842224121094
91895011,2022,2022-10-20,9565,2022-10-09,1735,022780,NA,7,2,6,1933,0,1,1,NA,2,060,I-405 N/B TO MANCHESTER BLVD (COLLECTOR ROAD),ARBOR VITAE STREET,100,S,N,A,-,Y,NA,NA,NA,NA,NA,NA,NA,NA,NA,Y,4,0,2,3,A,-,03,22350,NA,N,C,2,A,A,H,-,A,D,0,NA,NA,NA,NA,Y,NA,A,01,0,0,2,0,0,0,0,0,0,-,-,33.95235824584961,-118.36872863769533,LOS ANGELES,INGLEWOOD,-118.36872863769533,33.95235824584961
91895024,2022,2022-10-20,9565,2022-10-10,1240,017648,NA,1,1,7,1942,0,1,1,NA,2,061,I-405 N/B,LA TIJERA BLVD.,1320,N,N,A,-,Y,LA,NA,405,NA,NA,24.546,H,NA,R,N,4,0,1,3,A,-,03,22350,NA,F,C,C,A,A,H,-,A,D,0,NA,NA,NA,NA,Y,NA,-,99,0,0,1,0,0,0,0,0,0,-,-,33.974151611328125,-118.3818588256836,LOS ANGELES,LOS ANGELES,-118.38186645507813,33.974143981933594