CASE_ID,ACCIDENT_YEAR,PROC_DATE,JURIS,COLLISION_DATE,COLLISION_TIME,OFFICER_ID,REPORTING_DISTRICT,DAY_OF_WEEK,CHP_SHIFT,POPULATION,CNTY_CITY_LOC,SPECIAL_COND,BEAT_TYPE,CHP_BEAT_TYPE,CITY_DIVISION_LAPD,CHP_BEAT_CLASS,BEAT_NUMBER,PRIMARY_RD,SECONDARY_RD,DISTANCE,DIRECTION,INTERSECTION,WEATHER_1,WEATHER_2,STATE_HWY_IND,CALTRANS_COUNTY,CALTRANS_DISTRICT,STATE_ROUTE,ROUTE_SUFFIX,POSTMILE_PREFIX,POSTMILE,LOCATION_TYPE,RAMP_INTERSECTION,SIDE_OF_HWY,TOW_AWAY,COLLISION_SEVERITY,NUMBER_KILLED,NUMBER_INJURED,PARTY_COUNT,PRIMARY_COLL_FACTOR,PCF_CODE_OF_VIOL,PCF_VIOL_CATEGORY,PCF_VIOLATION,PCF_VIOL_SUBSECTION,HIT_AND_RUN,TYPE_OF_COLLISION,MVIW,PED_ACTION,ROAD_SURFACE,ROAD_COND_1,ROAD_COND_2,LIGHTING,CONTROL_DEVICE,CHP_ROAD_TYPE,PEDESTRIAN_ACCIDENT,BICYCLE_ACCIDENT,MOTORCYCLE_ACCIDENT,TRUCK_ACCIDENT,NOT_PRIVATE_PROPERTY,ALCOHOL_INVOLVED,STWD_VEHTYPE_AT_FAULT,CHP_VEHTYPE_AT_FAULT,COUNT_SEVERE_INJ,COUNT_VISIBLE_INJ,COUNT_COMPLAINT_PAIN,COUNT_PED_KILLED,COUNT_PED_INJURED,COUNT_BICYCLIST_KILLED,COUNT_BICYCLIST_INJURED,COUNT_MC_KILLED,COUNT_MC_INJURED,PRIMARY_RAMP,SECONDARY_RAMP,LATITUDE,LONGITUDE,COUNTY,CITY,POINT_X,POINT_Y
91895662,2022,2022-10-21,9550,2022-10-14,1550,022895,NA,5,2,9,1900,0,1,3,NA,2,600,SR-60 E/B TO SEVENTH AVENUE N/B,SEVENTH AVENUE,430,E,N,B,-,Y,LA,NA,60,NA,NA,14.379,H,NA,R,N,4,0,1,2,A,-,03,22350,NA,N,C,C,A,A,H,-,A,D,0,NA,NA,NA,NA,Y,NA,A,01,0,0,1,0,0,0,0,0,0,-,-,34.01816177368164,-117.98734283447266,LOS ANGELES,UNINCORPORATED,-117.98714447021484,34.01829528808594
91895668,2022,2022-10-21,9565,2022-10-11,0725,022775,NA,2,1,9,1900,0,2,4,NA,2,031,LA CIENEGA BOULEVARD S/B,FAIRFAX AVENUE,166,S,N,B,-,N,NA,NA,NA,NA,NA,NA,NA,NA,NA,N,3,0,1,1,A,-,08,22107,NA,N,F,A,A,A,H,-,A,D,0,NA,NA,Y,NA,Y,NA,C,02,0,1,0,0,0,0,0,0,1,-,-,34.0048713684082,-118.37320709228516,LOS ANGELES,UNINCORPORATED,-118.3719482421875,34.029273986816406
91895671,2022,2022-10-21,9525,2022-10-13,2155,019890,NA,4,2,4,1913,0,1,1,NA,2,210,SR-210 E/B FROM BASELINE RD.,BASELINE RD,12,W,N,A,-,Y,NA,NA,NA,NA,NA,NA,NA,NA,NA,Y,3,0,1,1,A,-,01,23152,A,M,E,I,A,A,H,-,E,D,0,NA,NA,NA,NA,Y,Y,A,01,0,1,0,0,0,0,0,0,0,-,-,34.12186813354492,-117.69535064697266,LOS ANGELES,CLAREMONT,-117.69535064697266,34.12186813354492
91895673,2022,2022-10-21,9590,2022-10-07,1700,022966,NA,5,2,7,1942,0,1,2,NA,2,073,US-101 S/B (HOLLYWOOD FREEWAY),NORMANDIE AVENUE,350,S,N,A,-,Y,LA,NA,101,NA,NA,4.935,H,NA,L,Y,4,0,1,3,A,-,07,21658,A,N,B,C,A,A,H,-,A,D,0,NA,NA,Y,NA,Y,NA,A,08,0,0,1,0,0,0,0,0,1,-,-,34.08409118652344,-118.2995376586914,LOS ANGELES,LOS ANGELES,-118.299560546875,34.08406448364258
91895677,2022,2022-10-21,9550,2022-10-09,2040,022909,NA,7,2,6,1949,0,1,1,NA,2,651,I-605 NORTHBOUND,EXCELSIOR DRIVE,280,N,N,A,-,Y,LA,NA,605,NA,R,6.486,H,NA,R,Y,3,0,1,3,A,-,03,22350,NA,N,B,C,A,A,H,-,C,D,0,NA,NA,NA,NA,Y,NA,A,01,0,1,0,0,0,0,0,0,0,-,-,33.897029876708984,-118.10488891601564,LOS ANGELES,NORWALK,-118.1046905517578,33.89703369140625
91895958,2022,2022-10-21,9540,2022-10-12,1925,021190,NA,3,2,7,1942,0,1,1,NA,1,501,I-5 S/B,SAN FERNANDO MISSION BOULEVARD,645,N,N,A,-,Y,LA,NA,5,NA,NA,40.394,H,NA,L,Y,3,0,1,2,A,-,07,21658,A,N,B,2,A,A,H,-,C,D,0,NA,NA,NA,NA,Y,NA,A,07,0,1,0,0,0,0,0,0,0,-,-,34.27833938598633,-118.45465087890624,LOS ANGELES,LOS ANGELES,-118.45465850830078,34.27833557128906
91895978,2022,2022-10-21,9575,2022-10-11,0800,023072,NA,2,1,7,1942,0,1,3,NA,2,043,SR-134 E/B (VENTURA FREEWAY),RIVERSIDE DRIVE,520,E,N,B,-,Y,LA,NA,134,NA,NA,4.916,H,NA,R,N,4,0,2,2,A,-,07,21658,A,N,B,C,A,A,H,-,B,D,0,NA,NA,NA,NA,Y,NA,-,-,0,0,2,0,0,0,0,0,0,-,-,34.15525817871094,-118.29216003417967,LOS ANGELES,LOS ANGELES,-118.29216003417967,34.155235290527344
91895988,2022,2022-10-21,9540,2022-10-12,1338,021190,NA,3,1,7,1942,0,1,1,NA,2,213,I-210 E/B,BLEDSOE STREET,100,E,N,C,-,Y,LA,NA,210,NA,R,2.768,H,NA,R,N,3,0,1,1,A,-,08,22107,NA,N,E,I,A,B,D,-,A,D,0,NA,NA,NA,NA,Y,NA,A,07,0,1,0,0,0,0,0,0,0,-,-,34.32149887084961,-118.44657135009766,LOS ANGELES,LOS ANGELES,-118.4465103149414,34.321556091308594
91895991,2022,2022-10-21,9575,2022-10-13,0935,023072,NA,4,1,6,1925,0,1,3,NA,2,042,SR-134 W/B (VENTURA FREEWAY),VERDUGO ROAD,120,W,N,A,-,Y,LA,NA,134,NA,R,8.205,H,NA,L,N,4,0,1,2,A,-,03,22350,NA,N,C,C,A,A,H,-,A,D,0,NA,NA,NA,NA,Y,NA,A,07,0,0,1,0,0,0,0,0,0,-,-,34.15306854248047,-118.23744201660156,LOS ANGELES,GLENDALE,-118.23740386962892,34.153099060058594
91895994,2022,2022-10-21,9540,2022-10-14,1905,022401,NA,5,2,7,1942,0,1,1,NA,1,502,I-5 NORTHBOUND (GOLDEN STATE FREEWAY),BALBOA BLVD,300,N,N,A,-,Y,LA,NA,5,NA,R,44.491,H,NA,R,Y,3,0,2,2,A,-,03,22350,NA,N,C,C,A,A,H,-,C,D,0,NA,NA,NA,NA,Y,NA,A,01,0,2,0,0,0,0,0,0,0,-,-,34.32154083251953,-118.49706268310548,LOS ANGELES,LOS ANGELES,-118.49703216552734,34.32157516479492
91895998,2022,2022-10-21,9540,2022-10-13,0119,021869,NA,4,3,6,1985,0,1,3,NA,1,144,STATE ROUTE 14 N/B,VIA PRINCESSA WAY,900,N,N,A,-,Y,LA,NA,14,NA,R,31.117,H,NA,R,N,3,0,1,2,A,-,21,22106,NA,N,C,C,A,A,H,-,D,D,0,NA,NA,NA,NA,Y,NA,A,01,0,1,0,0,0,0,0,0,0,-,-,34.40419006347656,-118.45172119140624,LOS ANGELES,SANTA CLARITA,-118.45174407958984,34.40422058105469
91896012,2022,2022-10-21,9530,2022-10-11,1620,021380,NA,2,2,7,1942,0,1,3,NA,2,310,SR-91 W/B (ARTESIA FREEWAY),CENTRAL AVENUE,1750,W,N,A,-,Y,LA,NA,91,NA,R,8.091,H,NA,L,Y,3,0,1,2,A,-,08,22107,NA,N,E,I,A,A,H,-,A,D,0,NA,NA,NA,NA,Y,NA,A,01,0,1,0,0,0,0,0,0,0,-,-,33.87371063232422,-118.25464630126952,LOS ANGELES,LOS ANGELES,-118.25465393066406,33.87379837036133
91896013,2022,2022-10-21,9590,2022-10-12,1215,020348,NA,3,1,7,1942,0,1,1,NA,2,063,10 WB (SMF) TO 110 SB (HAF),FIGUEROA ST,800,W,N,A,-,Y,LA,NA,10,NA,NA,14.912,H,NA,L,N,4,0,1,2,A,-,07,21658,A,N,B,C,A,A,H,-,A,D,0,NA,NA,NA,Y,Y,NA,G,27,0,0,1,0,0,0,0,0,0,-,-,34.03820037841797,-118.27262115478516,LOS ANGELES,LOS ANGELES,-118.272705078125,34.038047790527344
91896015,2022,2022-10-21,9590,2022-10-20,1630,021040,NA,4,2,7,1942,0,1,3,NA,2,095,SR-2 W/B (GLENDALE FREEWAY),VERDUGO ROAD,400,W,N,A,-,Y,LA,NA,2,NA,R,16.855,H,NA,L,N,4,0,1,2,A,-,03,22350,NA,N,C,C,A,A,H,-,A,D,0,NA,NA,NA,NA,Y,NA,A,01,0,0,1,0,0,0,0,0,0,-,-,34.11968994140625,-118.23184204101564,LOS ANGELES,LOS ANGELES,-118.23184967041016,34.11970138549805
91896020,2022,2022-10-21,9545,2022-10-12,1705,021173,NA,3,2,9,1900,0,3,5,NA,2,004,116TH ST E,AVENUE T,0,NA,Y,B,C,N,NA,NA,NA,NA,NA,NA,NA,NA,NA,Y,3,0,3,2,A,-,12,22450,A,N,D,C,A,B,H,-,A,A,0,NA,NA,NA,NA,Y,NA,A,07,0,1,2,0,0,0,0,0,0,-,-,34.54280090332031,-117.92286682128906,LOS ANGELES,UNINCORPORATED,-117.92286682128906,34.54280090332031
91896042,2022,2022-10-21,9540,2022-10-07,1600,022401,NA,5,2,9,1900,0,2,4,NA,2,010,THE OLD ROAD,WELDON CANYON ROAD,5280,N,N,A,-,Y,NA,NA,NA,NA,NA,NA,NA,NA,NA,Y,3,0,1,1,A,-,08,22107,NA,N,E,J,A,A,H,-,A,D,0,NA,NA,NA,NA,Y,NA,A,07,0,1,0,0,0,0,0,0,0,-,-,34.347530364990234,-118.53188323974608,LOS ANGELES,UNINCORPORATED,-118.53656768798828,34.34891891479492
91896043,2022,2023-06-27,9540,2022-10-10,1825,022401,NA,1,2,7,1942,0,1,1,NA,1,503,I-5 SOUTHBOUND (GOLDEN STATE FREEWAY),ROXFORD STREET,300,N,N,A,-,Y,LA,NA,5,NA,NA,42.72,H,NA,L,Y,4,0,2,2,A,-,08,22107,NA,N,B,C,A,A,H,-,C,D,0,NA,NA,NA,Y,Y,NA,A,01,0,0,2,0,0,0,0,0,0,-,-,34.30393981933594,-118.48043060302734,LOS ANGELES,LOS ANGELES,-118.48040771484376,34.303955078125
91896048,2022,2022-10-21,9540,2022-10-13,0645,018037,NA,4,1,9,1900,0,1,3,NA,2,149,SR-14 S/B TO I-5 SB,SIERRA HIGHWAY,140,N,N,A,-,Y,LA,NA,5,NA,R,45.478,H,NA,R,Y,4,0,3,2,A,-,03,22350,NA,N,C,C,A,A,H,-,A,D,0,NA,NA,NA,NA,Y,NA,A,01,0,0,3,0,0,0,0,0,0,-,-,34.33250045776367,-118.50733184814452,LOS ANGELES,UNINCORPORATED,-118.50721740722656,34.33254623413086
91896052,2022,2022-12-12,9580,2022-10-12,1008,018580,NA,3,1,7,1942,0,1,2,NA,2,105,US-101 S/B (VENTURA FREEWAY),RESEDA BOULEVARD,1652,N,N,A,-,Y,LA,NA,101,NA,NA,21.581,H,NA,L,Y,4,0,1,3,A,-,03,22350,NA,N,C,C,A,A,H,-,A,D,0,NA,NA,NA,NA,Y,NA,A,01,0,0,1,0,0,0,0,0,0,-,-,34.173301696777344,-118.54157257080078,LOS ANGELES,LOS ANGELES,-118.54157257080078,34.17327117919922
91896057,2022,2022-10-21,9580,2022-10-18,1445,019573,NA,2,2,9,1900,0,1,3,NA,1,271,GRAND VIEW DRIVE,FALLS DRIVE,115,E,N,A,-,N,NA,NA,NA,NA,NA,NA,NA,NA,NA,N,2,0,1,2,A,-,03,22350,NA,N,B,G,A,A,E,-,A,D,0,NA,Y,NA,NA,Y,NA,L,04,1,0,0,0,0,0,1,0,0,-,-,34.081459045410156,-118.59803771972656,LOS ANGELES,UNINCORPORATED,-118.59810638427734,34.080810546875
91896068,2022,2022-10-21,9580,2022-10-14,1940,022591,NA,5,2,7,1942,0,1,1,NA,2,406,I-405 N/B (SAN DIEGO FWY) TO ROSCOE BLVD,ROSCOE BLVD,400,S,N,A,-,Y,LA,NA,405,NA,NA,43.619,H,NA,R,N,4,0,2,3,A,-,03,22350,NA,N,C,C,A,A,H,-,D,D,0,NA,NA,NA,NA,Y,NA,A,01,0,0,2,0,0,0,0,0,0,-,-,34.21916961669922,-118.47296905517578,LOS ANGELES,LOS ANGELES,-118.47310638427734,34.21916961669922
91896070,2022,2022-10-21,9590,2022-10-14,1210,021823,NA,5,1,5,1977,0,1,S,NA,2,904,I-110 N/B (HARBOR FREEWAY),I-405,100,S,N,A,-,Y,LA,NA,110,NA,NA,8.736,H,NA,R,N,4,0,2,3,A,-,03,22350,NA,N,C,C,A,A,H,-,A,D,0,NA,NA,NA,NA,Y,NA,A,01,0,0,2,0,0,0,0,0,0,-,-,33.8563117980957,-118.28456115722656,LOS ANGELES,CARSON,-118.2846221923828,33.8563117980957
91896098,2022,2022-10-21,9540,2022-10-18,1855,021124,NA,2,2,9,1900,0,1,1,NA,1,503,I-5 S/B (GOLDEN STATE FREEWAY),CALGROVE BOULEVARD,2176,S,N,A,-,Y,LA,NA,5,NA,R,48.62,H,NA,L,Y,4,0,2,3,A,-,07,21658,A,N,B,2,A,A,E,-,C,D,0,NA,NA,NA,Y,Y,NA,A,01,0,0,2,0,0,0,0,0,0,-,-,34.356651306152344,-118.55238342285156,LOS ANGELES,UNINCORPORATED,-118.55238342285156,34.35664749145508
91896122,2022,2022-10-21,9540,2022-10-18,1625,021124,NA,2,2,9,1900,0,1,1,NA,2,500,I-5 N/B (GOLDEN STATE FREEWAY),WELDON CANYON ROAD,155,N,N,A,-,Y,NA,NA,NA,NA,NA,NA,NA,NA,NA,Y,3,0,1,2,A,-,07,21658,A,F,B,2,A,A,D,E,A,D,0,NA,NA,NA,NA,Y,NA,A,01,0,1,0,0,0,0,0,0,0,-,-,34.341941833496094,-118.52362060546876,LOS ANGELES,UNINCORPORATED,-118.52371978759766,34.34123229980469
91896158,2022,2022-10-21,9540,2022-10-17,0545,018037,NA,1,3,6,1985,0,1,3,NA,2,149,SR-14 S/B (ANTELOPE VALLEY FREEWAY),CEDAR VALLEY WAY O/C,70,S,N,A,-,Y,LA,NA,14,NA,R,30.529,H,NA,L,Y,4,0,3,2,A,-,03,22350,NA,N,C,C,A,A,H,-,D,D,0,NA,NA,NA,NA,Y,NA,D,22,0,0,3,0,0,0,0,0,0,-,-,34.39957809448242,-118.4604721069336,LOS ANGELES,SANTA CLARITA,-118.46052551269533,34.3996467590332
91896161,2022,2022-10-21,9590,2022-09-05,1705,022689,NA,1,2,7,1942,0,1,1,NA,2,053,I-110 SOUTHBOUND (HARBOR FREEWAY),TEMPLE STREET,500,S,N,A,-,Y,LA,NA,110,NA,NA,23.509,H,NA,L,N,4,0,2,4,A,-,07,21658,A,N,B,2,A,A,H,-,A,D,0,NA,NA,NA,NA,Y,NA,A,01,0,0,2,0,0,0,0,0,0,-,-,34.06039047241211,-118.2514877319336,LOS ANGELES,LOS ANGELES,-118.25150299072266,34.06039810180664
91896171,2022,2022-10-21,9550,2022-10-08,0315,022597,NA,6,3,9,1900,0,1,3,NA,2,092,STATE ROUTE 91 WESTBOUND,BLOOMFIELD AVENUE,350,W,N,A,-,Y,LA,NA,91,NA,R,19.109,H,NA,L,Y,4,0,2,2,A,-,08,22107,NA,N,E,8,A,A,H,-,D,D,0,NA,NA,NA,NA,Y,NA,A,01,0,0,2,0,0,0,0,0,0,-,-,33.875789642333984,-118.06488037109376,LOS ANGELES,UNINCORPORATED,-118.06485748291016,33.87582778930664
91896173,2022,2022-10-21,9545,2022-10-17,0715,016124,NA,1,1,9,1900,0,1,3,NA,1,042,STATE ROUTE  138,96TH STREET EAST,0,NA,Y,A,-,Y,LA,NA,138,NA,NA,56.174,H,NA,R,N,3,0,2,2,A,-,09,21802,A,N,D,C,A,A,H,-,A,A,0,NA,NA,NA,NA,Y,NA,D,22,0,1,1,0,0,0,0,0,0,-,-,34.52090072631836,-117.95806121826172,LOS ANGELES,UNINCORPORATED,-117.95806121826172,34.52113342285156
91896179,2022,2022-10-21,9590,2022-09-02,2330,022552,NA,5,3,7,1942,0,1,2,NA,2,071,US-101 S/B,ALAMEDA ST,100,N,N,A,-,Y,LA,NA,101,NA,NA,0.782,H,NA,L,N,4,0,1,3,A,-,03,22350,NA,N,C,C,A,A,H,-,C,D,0,NA,NA,NA,NA,Y,NA,A,01,0,0,1,0,0,0,0,0,0,-,-,34.05427169799805,-118.23822021484376,LOS ANGELES,LOS ANGELES,-118.23821258544922,34.05427932739258
91896182,2022,2022-10-21,9565,2022-10-12,1320,019696,NA,3,1,7,1942,0,1,1,NA,2,064,I-405 N/B,SUNSET BLVD.,50,N,N,A,-,Y,LA,NA,405,NA,NA,33.01,H,NA,R,Y,4,0,4,3,A,-,03,22350,NA,N,C,C,A,A,H,-,A,D,0,NA,NA,NA,NA,Y,NA,A,01,0,0,4,0,0,0,0,0,0,-,-,34.07304000854492,-118.46666717529295,LOS ANGELES,LOS ANGELES,-118.46665191650392,34.07304763793945
91896238,2022,2022-10-21,9540,2022-10-02,0910,021118,NA,7,1,7,1942,0,1,1,NA,2,504,I-5 N/B (GOLDEN STATE FWY),ROXFORD ST,4752,S,N,A,-,Y,NA,NA,NA,NA,NA,NA,NA,NA,NA,N,4,0,1,2,A,-,07,21658,A,F,E,A,A,A,H,-,A,D,0,NA,NA,Y,NA,Y,NA,-,99,0,0,1,0,0,0,0,0,1,-,-,34.292701721191406,-118.46826934814452,LOS ANGELES,LOS ANGELES,-118.46868896484376,34.29228591918945
91896241,2022,2022-10-21,9550,2022-10-09,1945,022587,NA,7,2,7,1941,0,1,3,NA,2,090,STATE ROUTE 91 E/B,OBISPO AVENUE,200,E,N,A,-,Y,NA,NA,NA,NA,NA,NA,NA,NA,NA,Y,2,0,4,2,A,-,01,23152,A,N,B,C,A,A,H,-,D,D,0,NA,NA,NA,NA,Y,Y,A,01,1,2,1,0,0,0,0,0,0,-,-,33.87614059448242,-118.15489196777344,LOS ANGELES,LONG BEACH,-118.15494537353516,33.87699890136719
91896270,2022,2022-10-21,9530,2022-10-12,1140,022866,NA,3,1,7,1942,0,1,1,NA,2,110,I-110 S/B (HARBOR FREEWAY),ROSECRANS AVE.,1045,N,N,A,-,Y,LA,NA,110,NA,NA,12.083,H,NA,L,Y,3,0,1,1,A,-,03,22350,NA,N,E,8,A,B,H,-,A,D,0,NA,NA,NA,NA,Y,NA,A,01,0,1,0,0,0,0,0,0,0,-,-,33.90489959716797,-118.28697967529295,LOS ANGELES,LOS ANGELES,-118.28673553466795,33.90489959716797
91896273,2022,2022-10-21,9535,2022-10-13,0720,022017,NA,4,1,5,1943,0,1,1,NA,2,075,INTERSTATE 710 S/B (LONG BEACH FREEWAY),INTERSTATE 105,1000,N,N,B,-,Y,LA,NA,710,NA,R,15.912,H,NA,L,Y,4,0,1,2,A,-,03,22350,NA,N,C,C,A,A,H,-,A,D,0,NA,NA,NA,Y,Y,NA,A,01,0,0,1,0,0,0,0,0,0,-,-,33.91603088378906,-118.17960357666016,LOS ANGELES,LYNWOOD,-118.17952728271484,33.916019439697266
91896277,2022,2022-10-21,9565,2022-10-12,0530,022810,NA,3,3,9,1900,0,1,1,NA,2,010,I-105 W/B (CENTURY FREEWAY),AVIATION BOULEVARD,600,E,N,B,C,Y,LA,NA,105,NA,R,1.587,H,NA,L,N,3,0,1,1,A,-,03,22350,NA,N,E,I,A,B,F,-,B,D,0,NA,NA,NA,NA,Y,NA,D,22,0,1,0,0,0,0,0,0,0,-,-,33.930599212646484,-118.37745666503906,LOS ANGELES,UNINCORPORATED,-118.3774642944336,33.93059539794922
91896312,2022,2022-10-21,9545,2022-10-17,1428,015589,NA,1,2,9,1900,0,3,5,NA,2,004,90TH ST  E,PALMDALE BLVD,150,S,N,A,-,N,NA,NA,NA,NA,NA,NA,NA,NA,NA,N,4,0,1,2,A,-,21,22106,NA,N,C,C,A,A,H,-,A,A,0,NA,NA,NA,Y,Y,NA,F,27,0,0,1,0,0,0,0,0,0,-,-,34.579280853271484,-117.96946716308594,LOS ANGELES,UNINCORPORATED,-117.96949005126952,34.579307556152344
91896332,2022,2022-10-21,9565,2022-10-20,1549,021429,NA,4,2,7,1942,0,1,1,NA,2,061,I-405 S/B,BRADDOCK DR,1500,S,N,A,-,Y,LA,NA,405,NA,NA,26.655,H,NA,L,N,4,0,1,2,A,-,03,22350,NA,N,C,C,A,A,H,-,A,D,0,NA,NA,NA,NA,Y,NA,A,01,0,0,1,0,0,0,0,0,0,-,-,33.99618911743164,-118.4061279296875,LOS ANGELES,LOS ANGELES,-118.40599822998048,33.99626159667969
91896337,2022,2022-10-21,9550,2022-10-14,1425,020688,NA,5,2,3,1964,0,1,1,NA,2,650,INTERSTATE-605 SOUTHBOUND,TELEGRAPH ROAD,1584,S,N,B,-,Y,LA,NA,605,NA,R,9.95,H,NA,L,Y,4,0,1,2,A,-,03,22350,NA,N,C,C,A,A,H,-,A,D,0,NA,NA,NA,NA,Y,NA,A,01,0,0,1,0,0,0,0,0,0,-,-,33.9456901550293,-118.09435272216795,LOS ANGELES,SANTA FE SPRINGS,-118.09438323974608,33.945701599121094
91896377,2022,2022-10-26,9525,2022-10-10,0150,021838,NA,1,3,5,1926,0,1,1,NA,2,216,I-210 E/B (FOOTHILL FWY),SUNFLOWER AVE,2640,E,N,A,-,Y,LA,NA,210,NA,R,43.509,H,NA,R,Y,4,0,1,4,A,-,03,22350,NA,N,C,C,A,A,H,-,D,D,0,NA,NA,NA,NA,Y,NA,A,01,0,0,1,0,0,0,0,0,0,-,-,34.11882019042969,-117.84078979492188,LOS ANGELES,GLENDORA,-117.84072875976564,34.11872482299805
91896380,2022,2022-10-21,9525,2022-10-20,1120,016677,NA,4,1,5,1990,0,1,3,NA,2,603,SR-60 WB (POMONA FREEWAY),GRAND AVE,2400,E,N,B,-,Y,LA,NA,60,NA,R,24.913,H,NA,L,N,4,0,1,2,A,-,03,22350,NA,N,C,C,A,A,H,-,A,D,0,NA,NA,NA,NA,Y,NA,A,01,0,0,1,0,0,0,0,0,0,-,-,34.01559829711914,-117.81846618652344,LOS ANGELES,DIAMOND BAR,-117.81851196289064,34.015621185302734
91896416,2022,2022-10-21,9525,2022-10-15,1225,022927,NA,6,1,9,1900,0,2,4,NA,2,030,FRANCISQUITO AVE. (BLOCK #15700),AILERON AVE.,50,W,N,A,-,Y,NA,NA,NA,NA,NA,NA,NA,NA,NA,N,4,0,2,2,A,-,03,22350,NA,N,C,C,A,A,H,-,A,D,0,NA,NA,NA,NA,Y,NA,A,07,0,0,2,0,0,0,0,0,0,-,-,34.050498962402344,-117.94032287597656,LOS ANGELES,UNINCORPORATED,-117.94033813476564,34.05050277709961
91896424,2022,2022-10-21,9525,2022-10-16,0915,022927,NA,7,1,6,1955,0,1,3,NA,2,071,SR-60 E/B FROM RIO RANCHO RD.,RIO RANCHO RD.,528,E,N,A,-,Y,NA,NA,NA,NA,NA,NA,NA,NA,NA,N,4,0,1,2,A,-,03,22350,NA,M,C,2,A,A,H,-,A,D,0,NA,NA,NA,NA,Y,NA,D,22,0,0,1,0,0,0,0,0,0,-,-,34.02988815307617,-117.75740051269533,LOS ANGELES,POMONA,NA,NA
91896454,2022,2022-10-21,9525,2022-10-18,0824,022927,NA,2,1,5,1926,0,1,3,NA,2,572,SR-57 N/B TO I-210 W/B,LONE HILL AVE.,1584,W,N,A,-,Y,LA,NA,57,NA,R,12.303,H,NA,R,N,4,0,1,2,A,-,03,22350,NA,N,C,C,A,A,H,-,A,D,0,NA,NA,NA,NA,Y,NA,A,08,0,0,1,0,0,0,0,0,0,-,-,34.121219635009766,-117.83406066894533,LOS ANGELES,GLENDORA,-117.83401489257813,34.12120056152344
91896459,2022,2022-10-21,9575,2022-10-13,0810,017148,NA,4,1,9,1900,0,3,5,NA,2,002,CANON BLVD. (3600 BLOCK),DEVONWOOD AVE,0,NA,Y,B,-,N,NA,NA,NA,NA,NA,NA,NA,NA,NA,Y,4,0,1,2,A,-,03,22350,NA,N,C,C,A,A,H,-,A,D,0,NA,NA,NA,Y,Y,NA,D,22,0,0,1,0,0,0,0,0,0,-,-,34.20634841918945,-118.1356964111328,LOS ANGELES,UNINCORPORATED,-118.1357192993164,34.206336975097656
91896472,2022,2022-10-21,9530,2022-10-14,0600,021759,NA,5,1,5,1977,0,1,1,NA,2,410,I-405 S/B (SAN DIEGO FREEWAY),CARSON ST,2270,S,N,B,-,Y,LA,NA,405,NA,NA,10.121,H,NA,L,Y,2,0,1,1,A,-,08,22107,NA,N,E,I,A,A,H,-,C,D,0,NA,NA,NA,NA,Y,NA,A,01,1,0,0,0,0,0,0,0,0,-,-,33.826690673828125,-118.2509536743164,LOS ANGELES,CARSON,-118.25089263916016,33.826759338378906
91896529,2022,2022-10-21,9535,2022-10-11,1540,022159,NA,2,2,9,1900,0,2,4,NA,2,014,"CESAR E. CHAVEZ AVE., (4300 E. BLOCK)",EASTERN AVE.,8,E,N,A,-,N,NA,NA,NA,NA,NA,NA,NA,NA,NA,N,4,0,1,2,A,-,03,22350,NA,N,C,C,A,A,H,-,A,A,0,NA,NA,NA,NA,Y,NA,A,01,0,0,1,0,0,0,0,0,0,-,-,34.04063034057617,-118.17347717285156,LOS ANGELES,UNINCORPORATED,-118.17359161376952,34.04056167602539
91896534,2022,2022-12-08,9535,2022-10-12,1935,023070,NA,3,2,3,1914,0,1,1,NA,2,072,I-710 N/B (LONG BEACH FREEWAY),EASTYARD R/R U.P,340,S,N,B,-,Y,LA,NA,710,NA,NA,22.616,H,NA,R,Y,4,0,1,4,A,-,07,21658,A,M,B,C,A,A,H,-,D,D,0,NA,NA,NA,Y,Y,Y,-,99,0,0,1,0,0,0,0,0,0,-,-,34.00701904296875,-118.17230987548828,LOS ANGELES,COMMERCE,-118.17236328125,34.007022857666016
91896549,2022,2022-10-21,9590,2022-10-14,0750,019008,NA,5,1,7,1942,0,1,2,NA,2,070,US-101 NORTHBOUND (HOLLYWOOD FREEWAY),CORONADO ST,300,S,N,B,-,Y,LA,NA,101,NA,NA,3.15,H,NA,R,N,4,0,1,2,A,-,07,21658,A,F,B,C,A,A,H,-,A,D,0,NA,NA,Y,NA,Y,NA,A,01,0,0,1,0,0,0,0,0,1,-,-,34.07400131225586,-118.27120971679688,LOS ANGELES,LOS ANGELES,-118.27120971679688,34.073997497558594
91896557,2022,2022-10-21,9590,2022-10-17,0800,018345,NA,1,1,7,1942,0,1,1,NA,2,061,I-10 WB (SMF),REDONDO BLVD.,500,E,N,A,-,Y,LA,NA,10,NA,R,10.255,H,NA,L,N,4,0,1,2,A,-,07,21658,A,N,B,C,A,A,H,-,A,D,0,NA,NA,Y,NA,Y,NA,A,01,0,0,1,0,0,0,0,0,1,-,-,34.0341682434082,-118.35347747802734,LOS ANGELES,LOS ANGELES,-118.35348510742188,34.03422546386719