CASE_ID,ACCIDENT_YEAR,PROC_DATE,JURIS,COLLISION_DATE,COLLISION_TIME,OFFICER_ID,REPORTING_DISTRICT,DAY_OF_WEEK,CHP_SHIFT,POPULATION,CNTY_CITY_LOC,SPECIAL_COND,BEAT_TYPE,CHP_BEAT_TYPE,CITY_DIVISION_LAPD,CHP_BEAT_CLASS,BEAT_NUMBER,PRIMARY_RD,SECONDARY_RD,DISTANCE,DIRECTION,INTERSECTION,WEATHER_1,WEATHER_2,STATE_HWY_IND,CALTRANS_COUNTY,CALTRANS_DISTRICT,STATE_ROUTE,ROUTE_SUFFIX,POSTMILE_PREFIX,POSTMILE,LOCATION_TYPE,RAMP_INTERSECTION,SIDE_OF_HWY,TOW_AWAY,COLLISION_SEVERITY,NUMBER_KILLED,NUMBER_INJURED,PARTY_COUNT,PRIMARY_COLL_FACTOR,PCF_CODE_OF_VIOL,PCF_VIOL_CATEGORY,PCF_VIOLATION,PCF_VIOL_SUBSECTION,HIT_AND_RUN,TYPE_OF_COLLISION,MVIW,PED_ACTION,ROAD_SURFACE,ROAD_COND_1,ROAD_COND_2,LIGHTING,CONTROL_DEVICE,CHP_ROAD_TYPE,PEDESTRIAN_ACCIDENT,BICYCLE_ACCIDENT,MOTORCYCLE_ACCIDENT,TRUCK_ACCIDENT,NOT_PRIVATE_PROPERTY,ALCOHOL_INVOLVED,STWD_VEHTYPE_AT_FAULT,CHP_VEHTYPE_AT_FAULT,COUNT_SEVERE_INJ,COUNT_VISIBLE_INJ,COUNT_COMPLAINT_PAIN,COUNT_PED_KILLED,COUNT_PED_INJURED,COUNT_BICYCLIST_KILLED,COUNT_BICYCLIST_INJURED,COUNT_MC_KILLED,COUNT_MC_INJURED,PRIMARY_RAMP,SECONDARY_RAMP,LATITUDE,LONGITUDE,COUNTY,CITY,POINT_X,POINT_Y
91896569,2022,2022-10-21,9535,2022-10-13,0535,022025,NA,4,3,5,1943,0,1,1,NA,2,075,I-710 S/B (LONG BEACH FREEWAY) FROM ROSECRANS AVE,ROSECRANS AVE,555,S,N,B,-,Y,LA,NA,710,NA,NA,14.85,H,NA,L,Y,3,0,1,2,A,-,08,22107,NA,N,D,C,A,A,H,-,D,D,0,NA,NA,NA,NA,Y,NA,A,01,0,1,0,0,0,0,0,0,0,-,-,33.902069091796875,-118.1865692138672,LOS ANGELES,LYNWOOD,-118.18646240234376,33.902034759521484
91896593,2022,2022-10-21,9590,2022-10-08,0840,022690,NA,6,1,7,1942,0,1,1,NA,2,061,I-10 W/B (SMF),REDONDO BLVD,300,W,N,A,-,Y,LA,NA,10,NA,R,10.092,H,NA,L,N,4,0,1,6,A,-,03,22350,NA,N,C,C,A,A,H,-,A,D,0,NA,NA,NA,NA,Y,NA,-,-,0,0,1,0,0,0,0,0,0,-,-,34.034080505371094,-118.35630798339844,LOS ANGELES,LOS ANGELES,-118.35630798339844,34.03409194946289
91896595,2022,2022-10-21,9565,2022-10-09,2220,022728,NA,7,3,9,1900,0,2,4,NA,1,032,SLAUSON AVENUE W/B,LA CIENEGA BOULEVARD,40,E,N,B,-,N,NA,NA,NA,NA,NA,NA,NA,NA,NA,Y,4,0,6,3,A,-,03,22350,NA,N,C,C,A,A,H,-,C,A,0,NA,NA,NA,NA,Y,NA,A,07,0,0,6,0,0,0,0,0,0,-,-,33.987789154052734,-118.36981964111328,LOS ANGELES,UNINCORPORATED,-118.37120819091795,33.98802947998047
91896599,2022,2022-10-21,9525,2022-10-13,2315,022925,NA,4,3,9,1900,0,3,5,NA,2,003,YORBITA RD,VALLEY BLVD,11,N,N,A,-,N,NA,NA,NA,NA,NA,NA,NA,NA,NA,Y,4,0,1,1,A,-,01,23152,A,N,E,I,A,A,H,-,C,D,0,NA,NA,NA,NA,Y,Y,A,01,0,0,1,0,0,0,0,0,0,-,-,34.00579071044922,-117.90371704101564,LOS ANGELES,UNINCORPORATED,-117.90374755859376,34.005699157714844
91896611,2022,2022-10-24,9590,2022-10-11,1025,022382,NA,2,1,7,1942,0,1,1,NA,2,053,I-110 S/B (HAF),1ST STREET,190,N,N,A,-,Y,LA,NA,110,NA,NA,23.386,H,NA,L,N,4,0,1,3,A,-,03,22350,NA,N,C,C,A,A,H,-,A,D,0,NA,NA,NA,NA,Y,NA,A,01,0,0,1,0,0,0,0,0,0,-,-,34.05918884277344,-118.25314331054688,LOS ANGELES,LOS ANGELES,-118.25304412841795,34.059120178222656
91896631,2022,2022-10-24,9565,2022-09-11,0050,022642,NA,7,3,7,1942,0,1,1,NA,2,083,I-10 E/B,NATIONAL BOULEVARD,380,W,N,A,-,Y,LA,NA,10,NA,R,6.211,H,NA,R,Y,4,0,1,4,A,-,08,22107,NA,F,B,2,A,A,H,-,C,D,0,NA,NA,NA,NA,Y,NA,-,99,0,0,1,0,0,0,0,0,0,-,-,34.03171157836914,-118.42051696777344,LOS ANGELES,LOS ANGELES,-118.42051696777344,34.03165817260742
91896633,2022,2022-10-24,9590,2022-10-11,1855,022456,NA,2,2,7,1942,0,1,2,NA,2,073,US-101 S/B (HOLLYWOOD FREEWAY),PILGRIMAGE BRIDGE,2640,N,N,A,-,Y,LA,NA,101,NA,NA,8.519,H,NA,L,N,4,0,1,2,A,-,03,22350,NA,N,C,C,A,A,H,-,C,D,0,NA,NA,NA,NA,Y,NA,A,07,0,0,1,0,0,0,0,0,0,-,-,34.12083053588867,-118.33934020996094,LOS ANGELES,LOS ANGELES,-118.33936309814452,34.12081527709961
91896638,2022,2022-10-24,9565,2022-10-16,1730,022145,NA,7,2,9,1900,0,2,4,NA,1,032,SLAUSON AVENUE,CORNING AVENUE,45,W,N,A,-,N,NA,NA,NA,NA,NA,NA,NA,NA,NA,N,4,0,1,2,A,-,03,22350,NA,N,C,C,A,A,H,-,A,A,0,NA,NA,NA,NA,Y,NA,A,01,0,0,1,0,0,0,0,0,0,-,-,33.98786926269531,-118.37345886230467,LOS ANGELES,UNINCORPORATED,-118.37339782714844,33.98776626586914
91897063,2022,2022-10-24,9575,2022-10-13,1310,023072,NA,4,1,7,1942,0,1,3,NA,2,043,SR-134 E/B,RIVERSIDE DRIVE,2405,W,N,A,-,Y,LA,NA,134,NA,NA,4.27,H,NA,R,Y,3,0,2,3,A,-,08,22107,NA,N,C,C,A,A,H,-,A,D,0,NA,NA,NA,NA,Y,NA,A,07,0,1,1,0,0,0,0,0,0,-,-,34.1563606262207,-118.30328369140624,LOS ANGELES,LOS ANGELES,-118.30328369140624,34.15641403198242
91897064,2022,2022-10-24,9575,2022-10-15,1030,023016,NA,6,1,7,1942,0,1,1,NA,2,050,I-5 S/B (GOLDEN STATE FREEWAY),COLORADO ST. FREEWAY EXTENSION,250,N,N,B,C,Y,LA,NA,5,NA,NA,25.835,H,NA,L,Y,3,0,4,3,A,-,03,22350,NA,N,C,C,A,B,H,-,A,D,0,NA,NA,NA,NA,Y,NA,A,01,0,1,3,0,0,0,0,0,0,-,-,34.1416015625,-118.2780990600586,LOS ANGELES,LOS ANGELES,-118.27800750732422,34.14161682128906
91897073,2022,2022-10-24,9575,2022-09-10,0630,022781,NA,6,1,7,1942,0,1,1,NA,2,053,I-5 S/B (GOLDEN STATE FREEWAY),PAXTON ST,610,N,N,B,-,Y,LA,NA,5,NA,NA,39.179,H,NA,L,Y,4,0,1,2,A,-,03,22350,NA,N,C,C,A,A,H,-,B,D,0,NA,NA,NA,NA,Y,Y,A,07,0,0,1,0,0,0,0,0,0,-,-,34.26424026489258,-118.44197082519533,LOS ANGELES,LOS ANGELES,-118.44192504882813,34.264259338378906
91897081,2022,2022-10-24,9575,2022-10-17,0846,021344,NA,1,1,7,1942,0,1,1,NA,2,061,I-210 W/B FROM SUNLAND BOULEVARD,SUNLAND BOULEVARD,465,W,N,A,-,Y,LA,NA,210,NA,R,11.026,H,NA,L,N,4,0,1,2,A,-,03,22350,NA,N,C,C,A,A,H,-,A,A,0,NA,NA,NA,NA,Y,NA,A,01,0,0,1,0,0,0,0,0,0,-,-,34.26084899902344,-118.33033752441406,LOS ANGELES,LOS ANGELES,-118.33058166503906,34.260684967041016
91897115,2022,2022-10-24,9590,2022-10-18,0823,022252,NA,2,1,7,1942,0,1,1,NA,2,500,I-110 N/B (HARBOR FREEWAY) EXPRESS LANES,COLDEN AVENUE,50,N,N,A,-,Y,LA,NA,110,NA,NA,15.25,H,NA,R,N,4,0,1,2,A,-,07,21658,A,N,B,C,A,A,H,-,A,D,0,NA,NA,NA,NA,Y,NA,A,07,0,0,1,0,0,0,0,0,0,-,-,33.949378967285156,-118.27964782714844,LOS ANGELES,LOS ANGELES,-118.2795639038086,33.94939422607422
91897119,2022,2022-10-24,9525,2022-10-11,1500,021250,NA,2,2,5,1990,0,1,3,NA,2,602,SR-60 E/B (POMONA FWY),LEMON AVE.,1500,W,N,B,-,Y,LA,NA,60,NA,R,22.146,H,NA,R,N,3,0,2,3,A,-,03,22350,NA,N,C,C,A,A,H,-,A,D,0,NA,NA,NA,NA,Y,NA,A,07,0,1,1,0,0,0,0,0,0,-,-,33.99803924560547,-117.85913848876952,LOS ANGELES,DIAMOND BAR,-117.859130859375,33.99799728393555
91897125,2022,2022-10-24,9525,2022-10-21,0050,021443,NA,5,3,6,1975,0,1,1,NA,2,106,I-10 E/B (SAN BERNARDINO FWY),CITRUS ST.,500,W,N,A,-,Y,LA,NA,10,NA,NA,37.218,H,NA,R,N,4,0,1,2,A,-,03,22350,NA,F,C,C,A,A,H,-,C,D,0,NA,NA,NA,NA,Y,NA,A,07,0,0,1,0,0,0,0,0,0,-,-,34.071998596191406,-117.89505767822266,LOS ANGELES,WEST COVINA,-117.89505767822266,34.071937561035156
91897127,2022,2022-10-24,9525,2022-10-21,1900,021545,NA,5,2,9,1900,0,2,4,NA,2,030,FRANCISQUITO AVE (16000 BLOCK),LARK ELLEN AVE,7,E,N,A,-,N,NA,NA,NA,NA,NA,NA,NA,NA,NA,N,4,0,1,2,A,-,03,22350,NA,N,C,C,A,A,H,-,A,D,0,NA,NA,NA,NA,Y,NA,D,22,0,0,1,0,0,0,0,0,0,-,-,34.050289154052734,-117.91641998291016,LOS ANGELES,UNINCORPORATED,-117.91685485839844,34.0502815246582
91897134,2022,2022-10-24,9525,2022-10-19,1750,022617,NA,3,2,4,1905,0,1,1,NA,2,203,I-210 W/B (FOOTHILL FWY),AZUSA AVE,1630,E,N,A,-,Y,LA,NA,210,NA,R,39.922,H,NA,L,Y,3,0,1,5,A,-,03,22350,NA,N,B,C,A,A,H,-,A,D,0,NA,NA,NA,NA,Y,NA,A,08,0,1,0,0,0,0,0,0,0,-,-,34.12110900878906,-117.90206909179688,LOS ANGELES,AZUSA,-117.90206909179688,34.121131896972656
91897136,2022,2022-10-24,9525,2022-10-21,1335,022645,NA,5,1,6,1955,0,1,1,NA,2,110,I-10 E/B (SAN BERNARDINO FWY) FROM INDIAN HILL BOU,INDIAN HILL BLVD,300,E,N,A,-,Y,LA,NA,10,NA,NA,47.83,H,NA,R,N,4,0,1,2,A,-,08,22107,NA,N,B,C,A,A,H,-,A,D,0,NA,NA,NA,Y,Y,NA,A,01,0,0,1,0,0,0,0,0,0,-,-,34.08148956298828,-117.7178192138672,LOS ANGELES,POMONA,-117.71782684326172,34.081687927246094
91897148,2022,2022-10-24,9565,2022-10-12,1330,022099,NA,3,1,9,1900,0,2,4,NA,1,054,ADMIRALTY WAY,BALI WAY,0,NA,Y,A,-,N,NA,NA,NA,NA,NA,NA,NA,NA,NA,N,4,0,1,2,A,-,12,21453,A,N,D,C,A,A,H,-,A,A,0,NA,NA,NA,NA,Y,NA,A,01,0,0,1,0,0,0,0,0,0,-,-,33.98210144042969,-118.44180297851564,LOS ANGELES,UNINCORPORATED,-118.44165802001952,33.98210144042969
91897151,2022,2022-10-24,9565,2022-10-15,1145,021524,NA,6,1,6,1933,0,1,1,NA,2,060,I-405 S/B (SAN DIEGO FREEWAY),ARBOR VITAE STREET,1300,S,N,B,-,Y,LA,NA,405,NA,NA,22.515,H,NA,L,N,3,0,1,3,A,-,07,21658,A,N,B,2,A,B,H,-,A,D,0,NA,NA,NA,NA,Y,NA,A,01,0,1,0,0,0,0,0,0,0,-,-,33.94947814941406,-118.36865997314452,LOS ANGELES,INGLEWOOD,-118.36868286132813,33.94947814941406
91897152,2022,2022-10-24,9590,2022-07-23,0339,021122,NA,6,3,7,1942,0,1,2,NA,2,070,UNITED STATES 101 NORTHBOUND (SANTA ANA FREEWAY),MAIN STREET,55,N,N,A,-,Y,LA,NA,101,NA,NA,0.928,H,NA,L,Y,1,1,0,2,A,-,11,21954,A,N,G,B,E,A,H,-,C,D,0,Y,NA,NA,NA,Y,NA,N,60,0,0,0,1,0,0,0,0,0,-,-,34.05554962158203,-118.24030303955078,LOS ANGELES,LOS ANGELES,-118.24028778076172,34.05556106567383
91897156,2022,2022-10-24,9565,2022-10-16,1330,019696,NA,7,1,9,1900,0,1,1,NA,2,063,I-405 N/B,WILSHIRE BLVD.,160,N,N,A,-,Y,LA,NA,405,NA,NA,31.6,H,NA,R,N,4,0,2,2,A,-,03,22350,NA,N,C,C,A,A,H,-,A,D,0,NA,NA,NA,NA,Y,NA,D,22,0,0,2,0,0,0,0,0,0,-,-,34.05638885498047,-118.452392578125,LOS ANGELES,UNINCORPORATED,-118.45249176025392,34.05632781982422
91897241,2022,2022-10-24,9575,2022-10-01,2245,023071,NA,6,3,7,1942,0,1,1,NA,2,061,I-210 W/B (FOOTHILL FREEWAY),LOWELL AVENUE,450,W,N,A,-,Y,LA,NA,210,NA,R,15.534,H,NA,L,Y,4,0,2,3,A,-,01,23152,A,M,C,2,A,A,H,-,C,D,0,NA,NA,NA,Y,Y,Y,A,07,0,0,2,0,0,0,0,0,0,-,-,34.231689453125,-118.26785278320313,LOS ANGELES,LOS ANGELES,-118.26785278320313,34.231685638427734
91897250,2022,2022-10-24,9540,2022-10-16,1620,022355,NA,7,2,9,1900,0,1,1,NA,1,503,I-5 SB,WELDON CANYON ROAD,250,N,N,A,-,Y,LA,NA,5,NA,R,46.632,H,NA,L,N,4,0,1,2,A,-,03,22350,NA,N,C,C,A,A,H,-,A,D,0,NA,NA,NA,NA,Y,NA,A,01,0,0,1,0,0,0,0,0,0,-,-,34.34101867675781,-118.52385711669922,LOS ANGELES,UNINCORPORATED,-118.52385711669922,34.34103775024414
91897252,2022,2022-10-24,9575,2022-10-17,2033,022110,NA,1,2,9,1900,0,3,5,NA,2,003,LITTLE TUJUNGA CANYON ROAD,GOLD CREEK ROAD,3274,N,N,A,-,N,NA,NA,NA,NA,NA,NA,NA,NA,NA,Y,4,0,1,1,A,-,08,22107,NA,N,E,I,A,A,H,-,D,D,0,NA,NA,NA,NA,Y,NA,A,01,0,0,1,0,0,0,0,0,0,-,-,34.325008392333984,-118.33873748779295,LOS ANGELES,UNINCORPORATED,-118.3386688232422,34.3248291015625
91897253,2022,2022-10-24,9540,2022-10-14,1003,018208,NA,5,1,9,1900,0,1,1,NA,2,510,I-5 N/B (GOLDEN STATE FREEWAY),VISTA DEL LAGO,5978,S,N,A,-,Y,LA,NA,5,NA,R,73.318,H,NA,R,Y,3,0,1,3,A,-,08,22107,NA,F,C,C,A,A,H,-,A,D,0,NA,NA,Y,NA,Y,NA,-,99,0,1,0,0,0,0,0,0,1,-,-,34.65309143066406,-118.75454711914064,LOS ANGELES,UNINCORPORATED,-118.7545166015625,34.65309524536133
91897257,2022,2022-10-24,9575,2022-10-10,0000,022651,NA,1,3,7,1942,0,1,1,NA,2,052,I-5 N/B (GOLDEN STATE FREEWAY),PEORIA ST,485,S,N,A,-,Y,LA,NA,5,NA,NA,35.252,H,NA,R,Y,4,0,1,1,A,-,01,23152,A,N,E,I,A,A,H,-,C,D,0,NA,NA,NA,NA,Y,Y,A,01,0,0,1,0,0,0,0,0,0,-,-,34.228328704833984,-118.3918685913086,LOS ANGELES,LOS ANGELES,-118.39181518554688,34.2284049987793
91897259,2022,2022-10-24,9540,2022-10-15,1120,022385,NA,6,1,9,1900,0,2,4,NA,1,201,SIERRA HIGHWAY,SAND CANYON ROAD,0,NA,Y,B,-,Y,NA,NA,NA,NA,NA,NA,NA,NA,NA,Y,4,0,1,2,A,-,09,21801,A,N,D,C,A,A,H,-,A,A,0,NA,NA,NA,NA,Y,NA,A,07,0,0,1,0,0,0,0,0,0,-,-,34.449790954589844,-118.42362213134766,LOS ANGELES,UNINCORPORATED,-118.42363739013672,34.44980239868164
91897267,2022,2022-10-24,9590,2022-04-17,0005,022690,NA,7,3,7,1942,0,1,1,NA,2,052,INTERSTATE 110 N/B (HARBOR FREEWAY),7TH STREET OVERCROSSING,200,N,N,A,-,Y,LA,NA,110,NA,NA,22.63,H,NA,R,N,1,1,0,2,A,-,11,21954,A,N,G,B,E,A,H,-,C,D,0,Y,NA,NA,NA,Y,NA,N,60,0,0,0,1,0,0,0,0,0,-,-,34.05091857910156,-118.2615966796875,LOS ANGELES,LOS ANGELES,-118.26156616210938,34.05087661743164
91897270,2022,2022-10-24,9580,2022-10-14,1345,021966,NA,5,1,7,1942,0,1,1,NA,2,404,I-405 S/B (SAN DIEGO FWY),VENTURA BLVD,50,N,N,A,-,Y,LA,NA,405,NA,NA,39.041,H,NA,L,Y,4,0,4,3,A,-,03,22350,NA,N,C,C,A,A,H,-,A,D,0,NA,NA,NA,NA,Y,NA,A,07,0,0,4,0,0,0,0,0,0,-,-,34.15456008911133,-118.46827697753906,LOS ANGELES,LOS ANGELES,-118.46829223632813,34.15456008911133
91897274,2022,2022-10-24,9580,2022-10-16,1900,022468,NA,7,2,9,1900,0,3,5,NA,1,020,LAS FLORES DR,LIVE OAK MEADOWS ROAD,1056,S,N,A,-,N,NA,NA,NA,NA,NA,NA,NA,NA,NA,Y,4,0,3,2,A,-,03,22350,NA,N,A,C,A,A,H,-,D,D,0,NA,NA,NA,NA,Y,Y,A,01,0,0,3,0,0,0,0,0,0,-,-,34.06504821777344,-118.65055847167967,LOS ANGELES,UNINCORPORATED,NA,NA
91897276,2022,2022-10-24,9580,2022-10-15,1918,022632,NA,6,2,7,1942,0,1,3,NA,2,171,SR-170 S/B (HOLLYWOOD FWY.),OXNARD STREET,600,S,N,B,-,Y,LA,NA,170,NA,R,16.525,H,NA,L,Y,4,0,2,3,A,-,03,22350,NA,N,C,C,A,A,H,-,D,D,0,NA,NA,NA,NA,Y,NA,A,01,0,0,2,0,0,0,0,0,0,-,-,34.177791595458984,-118.39466094970705,LOS ANGELES,LOS ANGELES,-118.39453125,34.177833557128906
91897278,2022,2022-10-24,9565,2022-10-08,2355,022733,NA,6,3,9,1900,0,3,5,NA,2,004,AVIATION BLVD,118TH STREET,0,NA,Y,A,-,N,NA,NA,NA,NA,NA,NA,NA,NA,NA,Y,3,0,4,1,A,-,08,22107,NA,F,E,I,A,A,H,-,C,A,0,NA,NA,NA,NA,Y,NA,A,01,0,4,0,0,0,0,0,0,0,-,-,33.92721176147461,-118.37831115722656,LOS ANGELES,UNINCORPORATED,-118.3784408569336,33.92729949951172
91897285,2022,2022-10-24,9565,2022-10-16,0600,017648,NA,7,1,7,1942,0,1,1,NA,2,064,I-405 S/B,SKIRBALL CENTER DRIVE,5080,S,N,A,-,Y,LA,NA,405,NA,NA,36.211,H,NA,L,Y,4,0,1,1,A,-,08,22107,NA,N,E,8,A,A,H,-,C,D,0,NA,NA,NA,NA,Y,NA,A,01,0,0,1,0,0,0,0,0,0,-,-,34.1160888671875,-118.4822235107422,LOS ANGELES,LOS ANGELES,-118.48201751708984,34.11608123779297
91897287,2022,2022-10-24,9565,2022-10-14,1955,020972,NA,5,2,7,1942,0,1,1,NA,2,082,I-10 E/B,I-405,1000,W,N,A,-,Y,LA,NA,10,NA,R,5.151,H,NA,R,N,4,0,1,2,A,-,03,22350,NA,N,C,C,A,A,H,-,C,D,0,NA,NA,NA,NA,Y,NA,A,01,0,0,1,0,0,0,0,0,0,-,-,34.03044891357422,-118.43878173828124,LOS ANGELES,LOS ANGELES,-118.43878173828124,34.03045654296875
91897290,2022,2022-10-24,9565,2022-10-14,1145,016943,NA,5,1,5,1928,0,1,1,NA,2,060,I-405 N/B (SAN DIEGO FWY),MARINE AVE,40,N,N,B,-,Y,LA,NA,405,NA,NA,18.944,H,NA,R,N,4,0,2,2,A,-,03,22350,NA,N,C,C,A,A,H,-,A,D,0,NA,NA,NA,NA,Y,NA,D,22,0,0,2,0,0,0,0,0,0,-,-,33.89789962768555,-118.3695831298828,LOS ANGELES,HAWTHORNE,-118.36977386474608,33.89781951904297
91897322,2022,2022-10-24,9565,2022-10-13,1855,022902,NA,4,2,5,1928,0,1,1,NA,2,010,I-105 E/B (CENTURY FREEWAY),HAWTHORNE BLVD,350,W,N,A,-,Y,LA,NA,105,NA,R,2.964,H,NA,R,N,4,0,1,2,A,-,03,22350,NA,N,C,C,A,A,H,-,B,D,0,NA,NA,NA,NA,Y,NA,A,01,0,0,1,0,0,0,0,0,0,-,-,33.93347930908203,-118.35411834716795,LOS ANGELES,HAWTHORNE,-118.35411834716795,33.933467864990234
91897326,2022,2022-10-24,9565,2022-10-13,0845,016943,NA,4,1,9,1900,0,1,1,NA,2,060,I-405 N/B (SAN DIEGO FWY),CENTURY BLVD,100,S,N,A,-,Y,LA,NA,405,NA,NA,22.095,H,NA,R,N,3,0,1,3,A,-,07,21658,A,N,C,C,A,A,H,-,A,D,0,NA,NA,Y,NA,Y,NA,A,07,0,1,0,0,0,0,0,0,1,-,-,33.94340896606445,-118.36797332763672,LOS ANGELES,UNINCORPORATED,-118.36821746826172,33.94341278076172
91897327,2022,2022-10-24,9565,2022-10-13,1137,015587,NA,4,1,7,1942,0,1,1,NA,2,082,I-10 E/B (SANTA MONICA FREEWAY),BUNDY DRIVE,400,E,N,A,-,Y,LA,NA,10,NA,R,4.61,H,NA,R,Y,4,0,1,3,A,-,03,22350,NA,N,C,C,A,A,H,-,A,D,0,NA,NA,NA,NA,Y,NA,A,01,0,0,1,0,0,0,0,0,0,-,-,34.02851867675781,-118.44782257080078,LOS ANGELES,LOS ANGELES,-118.44782257080078,34.028533935546875
91897329,2022,2022-10-24,9565,2022-10-13,0312,023033,NA,4,3,9,1900,0,2,4,NA,1,032,SLAUSON AVENUE,LA CIENEGA BLVD,5,E,N,A,-,N,NA,NA,NA,NA,NA,NA,NA,NA,NA,Y,3,0,1,2,D,-,00,NA,NA,N,D,C,A,A,H,-,C,A,0,NA,NA,NA,NA,Y,NA,-,-,0,1,0,0,0,0,0,0,0,-,-,33.98788070678711,-118.37007904052734,LOS ANGELES,UNINCORPORATED,-118.37120819091795,33.98802947998047
91897330,2022,2022-10-24,9565,2022-10-13,2210,022728,NA,4,3,9,1900,0,1,1,NA,2,012,I-105 E/B (CENTURY FREEWAY),VERMONT AVE,1000,W,N,B,-,Y,LA,NA,105,NA,R,6.546,H,NA,R,Y,3,0,3,2,A,-,07,21658,A,N,B,C,A,A,H,-,D,D,0,NA,NA,NA,Y,Y,NA,A,01,0,2,1,0,0,0,0,0,0,-,-,33.92824172973633,-118.29537200927734,LOS ANGELES,UNINCORPORATED,-118.29537963867188,33.92830276489258
91897446,2022,2022-10-24,9540,2022-10-16,2110,022047,NA,7,2,6,1985,0,1,3,NA,1,145,SR-14 S/B,VIA PRINCESSA,216,N,N,A,-,Y,LA,NA,14,NA,R,30.957,H,NA,L,Y,3,0,3,1,A,-,08,22107,NA,N,E,I,A,A,H,-,C,D,0,NA,NA,NA,NA,Y,NA,A,01,0,2,1,0,0,0,0,0,0,-,-,34.403099060058594,-118.4543685913086,LOS ANGELES,SANTA CLARITA,-118.4543228149414,34.40304183959961
91897459,2022,2022-10-24,9540,2022-10-21,0640,018037,NA,5,1,6,1985,0,1,3,NA,2,149,SR-14 S/B (ANTELOPE VALLEY FREEWAY),VIA PRINCESSA WAY U/C,1125,N,N,A,-,Y,LA,NA,14,NA,R,31.13,H,NA,L,Y,3,0,2,3,A,-,03,22350,NA,N,C,C,A,A,H,-,B,D,0,NA,NA,NA,NA,Y,NA,A,01,0,1,1,0,0,0,0,0,0,-,-,34.404380798339844,-118.45176696777344,LOS ANGELES,SANTA CLARITA,-118.45181274414064,34.40443420410156
91897465,2022,2022-10-24,9580,2022-10-22,0900,020495,NA,6,1,3,1989,0,1,2,NA,2,106,US-101 N/B (VENTURA FRWY),PARKWAY CALABASAS,800,N,N,A,-,Y,LA,NA,101,NA,NA,28.583,H,NA,R,N,4,0,1,2,A,-,07,21658,A,N,B,C,A,A,H,-,A,D,0,NA,NA,NA,NA,Y,NA,A,01,0,0,1,0,0,0,0,0,0,-,-,34.15188980102539,-118.65696716308594,LOS ANGELES,CALABASAS,-118.65696716308594,34.15187454223633
91897491,2022,2022-10-24,9545,2022-10-12,1605,022558,NA,3,2,6,1992,0,1,3,NA,2,021,SR-14 N/B,AVENUE M,580,N,N,C,-,Y,LA,NA,14,NA,R,64.8,H,NA,R,N,4,0,2,2,A,-,03,22350,NA,N,D,C,A,B,H,-,A,D,0,NA,NA,NA,NA,Y,NA,A,01,0,0,2,0,0,0,0,0,0,-,-,34.647499084472656,-118.1530532836914,LOS ANGELES,LANCASTER,-118.15311431884766,34.647499084472656
91897510,2022,2022-10-24,9550,2022-09-13,2125,023053,NA,2,2,1,1932,0,1,3,NA,2,600,SR-60 EB,CROSSROADS PARKWAY,1300,W,N,A,-,Y,LA,NA,60,NA,NA,12.349,H,NA,R,Y,3,0,1,4,A,-,07,21658,A,F,B,C,A,A,H,-,C,D,0,NA,NA,NA,NA,Y,NA,-,99,0,1,0,0,0,0,0,0,0,-,-,34.02946853637695,-118.01761627197266,LOS ANGELES,INDUSTRY,-118.01760864257813,34.02949523925781
91897511,2022,2022-10-24,9580,2022-10-22,1735,022663,NA,6,2,7,1942,0,1,3,NA,2,170,SR-170 N/B (HOLLYWOOD FWY.),VICTORY BLVD,1584,S,N,A,-,Y,LA,NA,170,NA,R,16.938,H,NA,R,N,4,0,2,2,A,-,03,22350,NA,N,C,C,A,A,H,-,D,D,0,NA,NA,NA,NA,Y,NA,A,07,0,0,2,0,0,0,0,0,0,-,-,34.18294143676758,-118.3982162475586,LOS ANGELES,LOS ANGELES,-118.39820861816406,34.182952880859375
91897519,2022,2022-10-24,9565,2022-10-20,0010,023014,NA,4,3,9,1900,0,3,5,NA,2,003,SLAUSON AVE,DEANE AVE,100,E,N,A,-,N,NA,NA,NA,NA,NA,NA,NA,NA,NA,Y,3,0,2,3,A,-,01,23152,A,N,C,E,A,A,H,-,C,D,0,NA,NA,NA,NA,Y,Y,A,01,0,2,0,0,0,0,0,0,0,-,-,33.98891830444336,-118.33750152587892,LOS ANGELES,UNINCORPORATED,-118.33749389648438,33.98897933959961
91897533,2022,2022-10-24,9540,2022-10-22,1820,022355,NA,6,2,7,1942,0,1,1,NA,2,550,I-5 NB,ROXFORD STREET,300,N,N,A,-,Y,LA,NA,5,NA,NA,42.722,H,NA,R,N,4,0,3,3,A,-,03,22350,NA,N,C,C,A,A,H,-,C,D,0,NA,NA,NA,NA,Y,NA,A,01,0,0,3,0,0,0,0,0,0,-,-,34.30403137207031,-118.48033142089844,LOS ANGELES,LOS ANGELES,-118.4802703857422,34.30406951904297
91897536,2022,2022-10-24,9580,2022-10-20,2054,022591,NA,4,2,7,1942,0,1,2,NA,2,103,US-101 S/B (VENTURA FREEWAY),VAN NUYS BLVD,150,S,N,A,-,Y,LA,NA,101,NA,NA,15.79,H,NA,L,Y,4,0,2,2,A,-,07,21658,A,N,B,C,A,A,H,-,C,D,0,NA,NA,NA,NA,Y,NA,A,01,0,0,2,0,0,0,0,0,0,-,-,34.15597152709961,-118.4465789794922,LOS ANGELES,LOS ANGELES,-118.4465789794922,34.15597152709961