CASE_ID,ACCIDENT_YEAR,PROC_DATE,JURIS,COLLISION_DATE,COLLISION_TIME,OFFICER_ID,REPORTING_DISTRICT,DAY_OF_WEEK,CHP_SHIFT,POPULATION,CNTY_CITY_LOC,SPECIAL_COND,BEAT_TYPE,CHP_BEAT_TYPE,CITY_DIVISION_LAPD,CHP_BEAT_CLASS,BEAT_NUMBER,PRIMARY_RD,SECONDARY_RD,DISTANCE,DIRECTION,INTERSECTION,WEATHER_1,WEATHER_2,STATE_HWY_IND,CALTRANS_COUNTY,CALTRANS_DISTRICT,STATE_ROUTE,ROUTE_SUFFIX,POSTMILE_PREFIX,POSTMILE,LOCATION_TYPE,RAMP_INTERSECTION,SIDE_OF_HWY,TOW_AWAY,COLLISION_SEVERITY,NUMBER_KILLED,NUMBER_INJURED,PARTY_COUNT,PRIMARY_COLL_FACTOR,PCF_CODE_OF_VIOL,PCF_VIOL_CATEGORY,PCF_VIOLATION,PCF_VIOL_SUBSECTION,HIT_AND_RUN,TYPE_OF_COLLISION,MVIW,PED_ACTION,ROAD_SURFACE,ROAD_COND_1,ROAD_COND_2,LIGHTING,CONTROL_DEVICE,CHP_ROAD_TYPE,PEDESTRIAN_ACCIDENT,BICYCLE_ACCIDENT,MOTORCYCLE_ACCIDENT,TRUCK_ACCIDENT,NOT_PRIVATE_PROPERTY,ALCOHOL_INVOLVED,STWD_VEHTYPE_AT_FAULT,CHP_VEHTYPE_AT_FAULT,COUNT_SEVERE_INJ,COUNT_VISIBLE_INJ,COUNT_COMPLAINT_PAIN,COUNT_PED_KILLED,COUNT_PED_INJURED,COUNT_BICYCLIST_KILLED,COUNT_BICYCLIST_INJURED,COUNT_MC_KILLED,COUNT_MC_INJURED,PRIMARY_RAMP,SECONDARY_RAMP,LATITUDE,LONGITUDE,COUNTY,CITY,POINT_X,POINT_Y
91913930,2022,2022-11-09,9535,2022-10-28,0823,020902,NA,5,1,5,1901,0,1,1,NA,2,420,I-10 E/B (SAN BERNARDINO FWY),FREMONT AVE,600,W,N,A,-,Y,LA,NA,10,NA,NA,22.197,H,NA,R,Y,4,0,3,2,A,-,08,22107,NA,N,C,C,A,A,H,-,A,D,0,NA,NA,NA,NA,Y,NA,-,-,0,0,3,0,0,0,0,0,0,-,-,34.067291259765625,-118.15273284912108,LOS ANGELES,ALHAMBRA,-118.1527862548828,34.067359924316406
91913936,2022,2022-11-09,9550,2022-09-14,1046,022738,NA,3,1,3,1964,0,1,1,NA,2,651,I-605 NB,FLORENCE AVENUE,2640,S,N,A,-,Y,LA,NA,605,NA,R,9.342,H,NA,R,N,4,0,1,2,A,-,03,22350,NA,M,C,C,A,A,H,-,A,D,0,NA,NA,NA,NA,Y,NA,-,99,0,0,1,0,0,0,0,0,0,-,-,33.937618255615234,-118.09838104248048,LOS ANGELES,SANTA FE SPRINGS,-118.09837341308594,33.937618255615234
91913963,2022,2022-11-09,9535,2022-10-28,0953,022298,NA,5,1,5,1952,0,1,1,NA,2,105,I-105 WESTBOUND (CENTURY FREEWAY),I-710 NORTHBOUND (LONG BEACH FREEWAY),20,W,N,A,-,Y,LA,NA,105,NA,R,13.48,H,NA,L,Y,3,0,1,1,A,-,03,22350,NA,N,E,I,A,A,H,-,A,D,0,NA,NA,NA,NA,Y,NA,A,07,0,1,0,0,0,0,0,0,0,-,-,33.91286849975586,-118.17981719970705,LOS ANGELES,PARAMOUNT,-118.17977142333984,33.912967681884766
91913966,2022,2022-11-09,9550,2022-10-18,2120,022947,NA,2,2,5,1908,0,1,3,NA,2,091,SR-91 E/B,BELLFLOWER BOULEVARD,600,W,N,A,-,Y,LA,NA,91,NA,R,15.503,H,NA,R,Y,4,0,1,1,A,-,08,22107,NA,N,F,I,A,A,H,-,D,D,0,NA,NA,NA,Y,Y,NA,G,25,0,0,1,0,0,0,0,0,0,-,-,33.875980377197266,-118.12734985351564,LOS ANGELES,BELLFLOWER,-118.12735748291016,33.87606430053711
91913986,2022,2022-11-09,9590,2022-10-28,1015,022741,NA,5,1,7,1942,0,1,1,NA,2,052,I-110 N/B (HARBOR FREEWAY),1ST STREET,350,N,N,A,-,Y,LA,NA,110,NA,NA,23.422,H,NA,R,N,3,0,1,3,A,-,03,22350,NA,F,C,C,A,A,H,-,C,D,0,NA,NA,NA,NA,Y,NA,-,-,0,1,0,0,0,0,0,0,0,-,-,34.059329986572266,-118.25238800048828,LOS ANGELES,LOS ANGELES,-118.25249481201172,34.05941390991211
91914011,2022,2022-11-09,9550,2022-11-02,1640,020861,NA,3,2,9,1900,0,2,4,NA,1,041,AZUSA AVENUE S/B,PEPPERBROOK WAY,100,N,N,A,-,N,NA,NA,NA,NA,NA,NA,NA,NA,NA,N,4,0,2,3,A,-,03,22350,NA,N,C,C,A,A,H,-,A,D,0,NA,NA,NA,NA,Y,NA,A,07,0,0,2,0,0,0,0,0,0,-,-,33.993839263916016,-117.93167877197266,LOS ANGELES,UNINCORPORATED,-117.9316177368164,33.993743896484375
91914013,2022,2022-11-09,9550,2022-10-23,2145,022769,NA,7,2,6,1920,0,1,1,NA,2,500,I-5 SB TO I-605 NB,I-605,330,S,N,A,-,Y,LA,NA,5,NA,NA,6.749,H,NA,L,N,2,0,1,1,A,-,03,22350,NA,N,E,I,A,A,H,-,D,D,0,NA,NA,Y,NA,Y,NA,C,02,1,0,0,0,0,0,0,0,1,-,-,33.93973922729492,-118.09609222412108,LOS ANGELES,DOWNEY,-118.09583282470705,33.939857482910156
91914095,2022,2022-11-09,9545,2022-11-02,1705,021814,NA,3,2,9,1900,0,3,5,NA,2,002,AVENUE N,27TH ST W,15,W,N,A,-,N,NA,NA,NA,NA,NA,NA,NA,NA,NA,Y,4,0,1,2,A,-,03,22350,NA,N,C,C,A,A,H,-,A,D,0,NA,NA,NA,NA,Y,NA,A,07,0,0,1,0,0,0,0,0,0,-,-,34.63111877441406,-118.17896270751952,LOS ANGELES,UNINCORPORATED,-118.17888641357422,34.63113021850586
91914113,2022,2022-11-09,9545,2022-11-06,2100,022732,NA,7,2,6,1992,0,1,3,NA,2,011,SR-14 S/B,AVENUE K-8,40,S,N,B,-,Y,LA,NA,14,NA,R,66.171,H,NA,L,Y,4,0,3,2,A,-,01,23152,A,N,D,C,A,A,H,-,D,D,0,NA,NA,NA,NA,Y,Y,A,01,0,0,3,0,0,0,0,0,0,-,-,34.66740036010742,-118.15357208251952,LOS ANGELES,LANCASTER,-118.15360260009766,34.667396545410156
91914115,2022,2022-11-09,9530,2022-10-31,1640,022079,NA,1,2,5,1915,0,1,3,NA,2,310,SR-91 E/B (ARTESIA FREEWAY),CENTRAL AVE.,150,E,N,A,-,Y,LA,NA,91,NA,R,8.469,H,NA,R,N,4,0,1,2,A,-,03,22350,NA,N,C,C,A,A,H,-,A,D,0,NA,NA,NA,NA,Y,NA,A,01,0,0,1,0,0,0,0,0,0,-,-,33.87334060668945,-118.24810028076172,LOS ANGELES,COMPTON,-118.24810028076172,33.873294830322266
91914145,2022,2022-11-09,9535,2022-10-28,2236,022861,NA,5,3,9,1900,1,4,S,NA,2,901,SOTO ST (1400 BLOCK),ALCAZAR ST,629,N,N,A,-,N,NA,NA,NA,NA,NA,NA,NA,NA,NA,N,4,0,3,2,A,-,07,21658,A,N,B,C,A,A,H,-,C,D,0,NA,NA,NA,NA,Y,NA,A,01,0,0,3,0,0,0,0,0,0,-,-,34.064048767089844,-118.19730377197266,LOS ANGELES,UNINCORPORATED,-118.19707489013672,34.06386184692383
91914146,2022,2022-11-09,9530,2022-11-04,0822,022760,NA,5,1,7,1941,0,1,3,NA,2,320,SR-91 W/B (ARTESIA FREEWAY),LONG BEACH BLVD.,1404,E,N,A,-,Y,LA,NA,91,NA,R,11.389,H,NA,L,Y,4,0,1,4,A,-,03,22350,NA,M,C,C,A,A,H,-,A,D,0,NA,NA,NA,NA,Y,NA,A,01,0,0,1,0,0,0,0,0,0,-,-,33.873661041259766,-118.19766235351564,LOS ANGELES,LONG BEACH,-118.19767761230467,33.87369155883789
91914148,2022,2022-11-09,9550,2022-11-02,1445,020688,NA,3,2,9,1900,0,1,1,NA,2,650,INTERSTATE 605 NORTHBOUND,PECK ROAD,3168,S,N,A,-,Y,LA,NA,605,NA,R,16.406,H,NA,R,N,4,0,1,2,A,-,03,22350,NA,N,C,C,A,A,H,-,A,D,0,NA,NA,NA,NA,Y,NA,D,22,0,0,1,0,0,0,0,0,0,-,-,34.02510070800781,-118.04100036621094,LOS ANGELES,UNINCORPORATED,-118.04103088378906,34.02513885498047
91914179,2022,2022-11-09,9530,2022-11-01,1430,022930,NA,2,2,6,1972,0,1,1,NA,2,400,I-405 S/B (SAN DIEGO FREEWAY),YUKON AVENUE,100,N,N,A,-,Y,LA,NA,405,NA,NA,16.039,H,NA,L,N,3,0,1,3,A,-,03,22350,NA,N,C,C,A,A,H,-,A,D,0,NA,NA,NA,NA,Y,NA,A,01,0,1,0,0,0,0,0,0,0,-,-,33.86732864379883,-118.33589935302734,LOS ANGELES,TORRANCE,-118.3359146118164,33.86730194091797
91914184,2022,2022-11-09,9535,2022-11-03,1045,021538,NA,4,1,5,1906,0,1,1,NA,2,650,I-605 N/B (SAN GABRIEL RIVER FWY),VALLEY BLVD.,1150,N,N,A,-,Y,LA,NA,605,NA,R,19.643,H,NA,R,N,4,0,1,4,A,-,07,21658,A,M,B,C,A,A,H,-,A,D,0,NA,NA,NA,NA,Y,NA,-,99,0,0,1,0,0,0,0,0,0,-,-,34.05744171142578,-118.00235748291016,LOS ANGELES,BALDWIN PARK,-118.00236511230467,34.05744171142578
91914215,2022,2022-11-09,9530,2022-10-28,0740,022986,NA,5,1,9,1900,0,3,5,NA,2,002,WILMINGTON AVE.,122ND ST.,0,NA,Y,A,-,N,NA,NA,NA,NA,NA,NA,NA,NA,NA,N,4,0,1,2,A,-,09,21802,A,N,D,C,A,A,H,-,A,A,0,NA,NA,NA,NA,Y,NA,A,01,0,0,1,0,0,0,0,0,0,-,-,33.9217414855957,-118.2390365600586,LOS ANGELES,UNINCORPORATED,-118.23915100097656,33.92168426513672
91914218,2022,2022-11-09,9530,2022-11-04,1843,017755,NA,5,2,5,1977,0,1,1,NA,2,410,I-405 S/B (SAN DIEGO FREEWAY),CARSON ST.,740,S,N,A,-,Y,LA,NA,405,NA,NA,10.433,H,NA,L,Y,4,0,1,3,A,-,03,22350,NA,N,C,C,A,A,H,-,D,D,0,NA,NA,NA,NA,Y,NA,A,01,0,0,1,0,0,0,0,0,0,-,-,33.830238342285156,-118.25457000732422,LOS ANGELES,CARSON,-118.25460815429688,33.8302116394043
91914236,2022,2022-11-10,9550,2022-11-03,0635,015449,NA,4,1,3,1903,0,1,3,NA,2,091,SR-91 E/B (ARTESIA FREEWAY),PIONEER BLVD.,900,W,N,A,-,Y,LA,NA,91,NA,R,17.92,H,NA,R,Y,4,0,1,2,A,-,04,21703,NA,N,C,C,A,A,H,-,C,D,0,NA,NA,NA,NA,Y,NA,A,07,0,0,1,0,0,0,0,0,0,-,-,33.87643051147461,-118.08544921875,LOS ANGELES,ARTESIA,-118.08544921875,33.8763542175293
91914253,2022,2022-11-10,9565,2022-10-28,1250,022764,NA,5,1,9,1900,0,3,5,NA,2,002,CENTURY BLVD,WILTON PL,0,NA,Y,A,-,N,NA,NA,NA,NA,NA,NA,NA,NA,NA,N,4,0,2,2,A,-,09,21801,A,N,D,C,A,A,H,-,A,D,0,NA,NA,NA,NA,Y,NA,D,22,0,0,2,0,0,0,0,0,0,-,-,33.94538116455078,-118.31430053710938,LOS ANGELES,UNINCORPORATED,-118.31431579589844,33.945289611816406
91914254,2022,2022-11-10,9590,2022-10-28,1628,022683,NA,5,2,7,1942,0,1,1,NA,2,053,I-110 S/B (HARBOR FREEWAY),3RD STREET,100,N,N,A,-,Y,LA,NA,110,NA,NA,23.125,H,NA,L,N,3,0,1,2,A,-,03,22350,NA,N,C,C,A,A,H,-,A,D,0,NA,NA,NA,NA,Y,NA,A,01,0,1,0,0,0,0,0,0,0,-,-,34.056190490722656,-118.255859375,LOS ANGELES,LOS ANGELES,-118.25597381591795,34.056270599365234
91914257,2022,2022-11-10,9550,2022-11-08,2035,020709,NA,2,2,9,1900,0,3,5,NA,2,002,LA MIRADA BLVD.,MULBERRY DRIVE,60,N,N,A,-,N,NA,NA,NA,NA,NA,NA,NA,NA,NA,N,4,0,2,3,A,-,01,23152,A,N,C,C,A,B,H,-,C,A,0,NA,NA,NA,NA,Y,Y,A,07,0,0,2,0,0,0,0,0,0,-,-,33.93550109863281,-118.0118408203125,LOS ANGELES,UNINCORPORATED,-118.01184844970705,33.9353141784668
91914261,2022,2022-11-10,9590,2022-10-28,2215,021673,NA,5,3,7,1942,0,1,1,NA,2,085,I-5 S/B GOLDEN STATE FREEWAY,FLETCHER DRIVE,550,N,N,A,-,Y,LA,NA,5,NA,NA,23.098,H,NA,L,N,4,0,1,2,A,-,03,22350,NA,N,C,C,A,A,H,-,D,D,0,NA,NA,NA,NA,Y,NA,A,01,0,0,1,0,0,0,0,0,0,-,-,34.10744857788086,-118.2575225830078,LOS ANGELES,LOS ANGELES,-118.25751495361328,34.10745620727539
91914503,2022,2022-11-10,9590,2022-10-27,2047,022102,NA,4,2,7,1942,0,1,2,NA,2,073,US-101 S/B (HOLLYWOOD FREEWAY),BARHAM BLVD.,739,N,N,A,-,Y,LA,NA,101,NA,NA,9.368,H,NA,L,N,4,0,2,2,A,-,03,22350,NA,F,C,C,A,A,H,-,C,D,0,NA,NA,NA,NA,Y,NA,-,99,0,0,2,0,0,0,0,0,0,-,-,34.13029861450195,-118.34877014160156,LOS ANGELES,LOS ANGELES,-118.34876251220705,34.130306243896484
91914509,2022,2022-11-10,9575,2022-10-30,1340,022526,NA,7,1,7,1942,0,1,3,NA,2,043,SR-134 E/B (VENTURA FREEWAY),RIVERSIDE DRIVE,119,E,N,A,-,Y,LA,NA,134,NA,NA,4.842,H,NA,R,N,4,0,2,3,A,-,03,22350,NA,N,B,C,A,A,H,-,A,D,0,NA,NA,NA,NA,Y,NA,A,01,0,0,2,0,0,0,0,0,0,-,-,34.15528869628906,-118.29341888427734,LOS ANGELES,LOS ANGELES,-118.29341888427734,34.155235290527344
91914515,2022,2022-11-10,9580,2022-10-29,1910,021966,NA,6,2,7,1942,0,1,1,NA,2,404,I-405 N/B (SAN DIEGO FWY),SEPULVEDA BLVD,3200,S,N,A,-,Y,LA,NA,405,NA,NA,38.002,H,NA,R,Y,4,0,2,4,A,-,03,22350,NA,M,C,C,A,A,H,-,D,D,0,NA,NA,NA,NA,Y,Y,-,99,0,0,2,0,0,0,0,0,0,-,-,34.13996124267578,-118.47097778320313,LOS ANGELES,LOS ANGELES,-118.47105407714844,34.13995361328125
91914518,2022,2022-11-10,9540,2022-10-31,0530,018208,NA,1,3,9,1900,0,2,4,NA,2,081,THE OLD ROAD,RYE CANYON ROAD,680,N,N,A,-,N,NA,NA,NA,NA,NA,NA,NA,NA,NA,Y,2,0,1,2,A,-,09,21801,A,N,D,C,A,A,H,-,C,D,0,NA,NA,Y,NA,Y,NA,A,01,1,0,0,0,0,0,0,0,1,-,-,34.43185043334961,-118.59069061279295,LOS ANGELES,UNINCORPORATED,-118.59065246582033,34.43177032470703
91914521,2022,2022-11-10,9575,2022-10-30,2026,022526,NA,7,2,7,1942,0,1,3,NA,2,044,SR-134 W/B (VENTURA FREEWAY),CAHUENGA BOULEVARD,434,E,N,A,-,Y,LA,NA,134,NA,NA,0.964,H,NA,L,N,4,0,2,2,A,-,08,22107,NA,N,B,C,A,A,H,-,C,D,0,NA,NA,NA,NA,Y,NA,A,01,0,0,2,0,0,0,0,0,0,-,-,34.1532096862793,-118.35975646972656,LOS ANGELES,LOS ANGELES,-118.35975646972656,34.153236389160156
91914525,2022,2022-11-10,9540,2022-11-07,0615,016617,NA,1,1,9,1900,0,2,4,NA,1,104,SAN FRANCISQUITO CANYON RD,STATOR LANE,4224,N,N,C,-,N,NA,NA,NA,NA,NA,NA,NA,NA,NA,Y,3,0,1,1,A,-,08,22107,NA,N,E,I,A,B,H,-,B,D,0,NA,NA,NA,NA,Y,NA,A,01,0,1,0,0,0,0,0,0,0,-,-,34.54943084716797,-118.5146484375,LOS ANGELES,UNINCORPORATED,-118.52059936523438,34.54499053955078
91914529,2022,2022-11-10,9575,2022-10-31,0830,023072,NA,1,1,7,1942,0,1,1,NA,2,053,I-5 S/B (GOLDEN STATE FREEWAY),OSBORNE STREET,975,S,N,A,-,Y,NA,NA,NA,NA,NA,NA,NA,NA,NA,N,4,0,1,2,A,-,03,22350,NA,M,C,D,A,A,H,-,A,D,0,NA,NA,NA,NA,Y,NA,A,07,0,0,1,0,0,0,0,0,0,-,-,34.24856185913086,-118.4288330078125,LOS ANGELES,LOS ANGELES,-118.42041015625,34.24264144897461
91914530,2022,2022-11-10,9590,2022-09-18,0030,022966,NA,7,3,7,1942,0,1,1,NA,2,063,I-10 W/B (SANTA MONICA FREEWAY),GRIFFITH AVENUE,95,W,N,A,-,Y,LA,NA,10,NA,NA,16.276,H,NA,L,Y,2,0,1,1,A,-,01,23152,A,N,E,I,A,A,H,-,C,D,0,NA,NA,NA,NA,Y,Y,A,01,1,0,0,0,0,0,0,0,0,-,-,34.027809143066406,-118.25234222412108,LOS ANGELES,LOS ANGELES,-118.2523956298828,34.027740478515625
91914538,2022,2022-11-10,9540,2022-10-31,0024,021802,NA,1,3,7,1942,0,1,1,NA,2,504,I-5 N/B TRUCK BYPASS (GOLDEN STATE FREEWAY),ROXFORD ST.,5280,N,N,A,-,Y,LA,NA,5,NA,R,43.967,H,NA,R,Y,4,0,2,4,A,-,03,22350,NA,N,E,2,E,A,H,-,D,D,0,Y,NA,NA,Y,Y,Y,G,25,0,0,2,0,1,0,0,0,0,-,-,34.31618881225586,-118.49005889892578,LOS ANGELES,LOS ANGELES,-118.49022674560548,34.316104888916016
91914539,2022,2022-11-10,9575,2022-10-29,2333,023029,NA,6,3,7,1942,0,1,1,NA,2,060,I-210 W/B (FOOTHILL FREEWAY),PAXTON STREET,315,E,N,A,-,Y,LA,NA,210,NA,R,6.083,H,NA,L,Y,4,0,1,2,A,-,03,22350,NA,N,C,C,A,A,D,-,C,D,0,NA,NA,NA,NA,Y,Y,A,01,0,0,1,0,0,0,0,0,0,-,-,34.28684997558594,-118.40615844726564,LOS ANGELES,LOS ANGELES,-118.40614318847656,34.286861419677734
91914549,2022,2022-11-10,9530,2022-10-07,1830,020300,NA,5,2,5,1977,0,1,1,NA,2,410,I-405 S/B (SAN DIEGO FREEWAY),WILMINGTON AVE.,1600,S,N,A,-,Y,LA,NA,405,NA,NA,9.259,H,NA,L,Y,4,0,1,2,A,-,03,22350,NA,N,C,C,A,A,H,-,C,D,0,NA,NA,NA,NA,Y,NA,A,01,0,0,1,0,0,0,0,0,0,-,-,33.825809478759766,-118.23612213134766,LOS ANGELES,CARSON,-118.23612213134766,33.82576370239258
91914556,2022,2022-11-10,9580,2022-10-30,1410,022755,NA,7,2,7,1942,0,1,3,NA,2,171,SR-170 S/B (HOLLYWOOD FWY.),ROSCOE BLVD,400,S,N,A,-,Y,LA,NA,170,NA,R,19.436,H,NA,L,Y,4,0,1,2,A,-,03,22350,NA,N,C,C,A,A,H,-,A,D,0,NA,NA,NA,NA,Y,NA,A,07,0,0,1,0,0,0,0,0,0,-,-,34.217411041259766,-118.4091567993164,LOS ANGELES,LOS ANGELES,-118.40912628173828,34.21741485595703
91914561,2022,2022-11-10,9530,2022-10-04,1915,020300,NA,2,2,6,1972,0,1,1,NA,2,400,I-405 S/B (SAN DIEGO FREEWAY),VAN NESS AVE.,330,S,N,A,-,Y,LA,NA,405,NA,NA,14.872,H,NA,L,Y,3,0,1,2,A,-,07,21658,A,N,B,C,A,A,H,-,C,D,0,NA,NA,NA,Y,Y,NA,A,07,0,1,0,0,0,0,0,0,0,-,-,33.8615608215332,-118.31678771972656,LOS ANGELES,TORRANCE,-118.31678771972656,33.861568450927734
91914571,2022,2022-11-10,9545,2022-11-03,2355,021497,NA,4,3,9,1900,0,1,3,NA,2,031,SR-14 N/B,CROWN VALLEY RD,3221,N,N,A,-,Y,LA,NA,14,NA,R,49.244,H,NA,R,Y,2,0,1,2,A,-,01,23152,A,M,C,C,A,A,H,-,D,D,0,NA,NA,NA,NA,Y,Y,A,01,1,0,0,0,0,0,0,0,0,-,-,34.493099212646484,-118.18766784667967,LOS ANGELES,UNINCORPORATED,-118.18766784667967,34.493133544921875
91914576,2022,2022-11-10,9530,2022-09-28,1330,020300,NA,3,1,4,1939,0,1,1,NA,2,400,I-405 N/B (SAN DIEGO FREEWAY),INGLEWOOD AVE.,390,S,N,A,-,Y,LA,NA,405,NA,NA,18.17,H,NA,R,Y,4,0,3,4,A,-,03,22350,NA,N,C,C,A,A,H,-,A,D,0,NA,NA,NA,NA,Y,NA,A,01,0,0,3,0,0,0,0,0,0,-,-,33.89020919799805,-118.3602294921875,LOS ANGELES,LAWNDALE,-118.36019134521484,33.89025115966797
91914577,2022,2022-11-10,9580,2022-10-29,1045,021079,NA,6,1,7,1942,0,1,1,NA,2,405,I-405 S/B (SAN DIEGO FWY),BURBANK BLVD,2700,N,N,A,-,Y,LA,NA,405,NA,NA,40.787,H,NA,L,Y,3,0,1,2,A,-,03,22350,NA,N,C,C,A,A,H,-,A,D,0,NA,NA,NA,NA,Y,NA,A,01,0,1,0,0,0,0,0,0,0,-,-,34.17911148071289,-118.4696807861328,LOS ANGELES,LOS ANGELES,-118.4697036743164,34.179100036621094
91914584,2022,2023-01-09,9580,2022-10-31,1153,019715,NA,1,1,7,1942,0,1,1,NA,2,407,I-405 S/B (SAN DIEGO FWY),LASSEN ST,700,S,N,A,-,Y,LA,NA,405,NA,NA,45.623,H,NA,L,N,4,0,2,4,A,-,03,22350,NA,N,C,C,A,A,H,-,A,D,0,NA,NA,NA,NA,Y,NA,A,07,0,0,2,0,0,0,0,0,0,-,-,34.248191833496094,-118.47248840332033,LOS ANGELES,LOS ANGELES,-118.47254943847656,34.248199462890625
91914594,2022,2022-11-10,9530,2022-10-10,1850,020300,NA,1,2,6,1972,0,1,1,NA,2,400,I-405 N/B (SAN DIEGO FREEWAY),CRENSHAW BLVD.,2400,S,N,A,-,Y,LA,NA,405,NA,NA,14.992,H,NA,R,N,4,0,1,2,A,-,07,21658,A,N,B,C,A,A,H,-,D,D,0,NA,NA,NA,NA,Y,NA,A,07,0,0,1,0,0,0,0,0,0,-,-,33.862369537353516,-118.31877136230467,LOS ANGELES,TORRANCE,-118.31876373291016,33.86237716674805
91914596,2022,2022-11-10,9580,2022-11-07,0950,019097,NA,1,1,7,1942,0,1,2,NA,2,105,US-101 S/B (VENTURA FREEWAY),WHITE OAK AVE,1056,N,N,C,-,Y,LA,NA,101,NA,NA,20.387,H,NA,L,N,4,0,1,2,A,-,03,22350,NA,N,C,C,A,B,H,-,A,D,0,NA,NA,NA,Y,Y,NA,G,25,0,0,1,0,0,0,0,0,0,-,-,34.17110824584961,-118.52120208740234,LOS ANGELES,LOS ANGELES,-118.52120208740234,34.17109298706055
91914602,2022,2022-12-06,9580,2022-11-05,1923,022663,NA,6,2,7,1942,0,1,2,NA,2,101,US-101 S/B (VENTURA FREEWAY),LAUREL CANYON BLVD,100,N,N,A,-,Y,LA,NA,101,NA,NA,12.876,H,NA,L,N,4,0,1,2,A,-,07,21658,A,N,B,A,A,A,H,-,A,D,0,NA,NA,NA,Y,Y,NA,-,-,0,0,1,0,0,0,0,0,0,-,-,34.154319763183594,-118.39678955078124,LOS ANGELES,LOS ANGELES,-118.39678955078124,34.15433883666992
91914628,2022,2022-11-10,9550,2022-11-01,2130,021533,NA,2,2,9,1900,0,3,5,NA,2,005,PATHFINDER RD,ANNADEL AVE,0,NA,Y,A,-,N,NA,NA,NA,NA,NA,NA,NA,NA,NA,N,4,0,2,2,A,-,09,21802,A,N,D,C,A,A,H,-,B,D,0,NA,NA,NA,NA,Y,NA,A,01,0,0,2,0,0,0,0,0,0,-,-,33.97542953491211,-117.8793716430664,LOS ANGELES,UNINCORPORATED,-117.8793487548828,33.97534942626953
91914630,2022,2022-11-10,9550,2022-09-18,2315,022587,NA,7,3,5,1908,0,1,3,NA,2,091,SR-91 E/B,LAKEWOOD BOULEVARD,190,E,N,A,-,Y,LA,NA,91,NA,R,14.667,H,NA,R,N,2,0,1,2,A,-,03,22350,NA,F,C,C,A,A,H,-,D,D,0,NA,NA,NA,NA,Y,NA,A,01,1,0,0,0,0,0,0,0,0,-,-,33.87699890136719,-118.14177703857422,LOS ANGELES,BELLFLOWER,-118.14177703857422,33.877044677734375
91914679,2022,2022-11-10,9535,2022-10-29,0104,023022,NA,6,3,5,1948,0,1,1,NA,2,070,I-710 N/B (LONG BEACH FREEWAY),RAMONA BLVD,528,S,N,A,-,Y,LA,NA,710,NA,NA,26.253,H,NA,R,Y,4,0,1,1,A,-,01,23152,A,N,E,I,A,A,H,-,C,D,0,NA,NA,NA,NA,Y,Y,A,01,0,0,1,0,0,0,0,0,0,-,-,34.0577507019043,-118.1650619506836,LOS ANGELES,MONTEREY PARK,-118.16513824462892,34.05773162841797
91914707,2022,2022-11-10,9550,2022-10-30,1400,022167,NA,7,2,6,1949,0,1,1,NA,2,651,I-605 S/B,IMPERIAL HIGHWAY,1175,N,N,A,-,Y,LA,NA,605,NA,R,8.098,H,NA,L,N,3,0,1,1,A,-,08,22107,NA,N,F,A,A,A,H,-,A,D,0,NA,NA,NA,NA,Y,NA,A,01,0,1,0,0,0,0,0,0,0,-,-,33.92047882080078,-118.10482788085938,LOS ANGELES,NORWALK,-118.10468292236328,33.920475006103516
91914708,2022,2022-11-10,9535,2022-10-29,0225,022822,NA,6,3,9,1900,0,2,4,NA,2,024,WHITTIER BLVD. (4700 BLOCK),ARIZONA AVE.,28,E,N,A,-,N,NA,NA,NA,NA,NA,NA,NA,NA,NA,Y,4,0,1,2,A,-,01,23152,A,M,C,C,A,A,H,-,C,A,0,NA,NA,NA,NA,Y,Y,D,22,0,0,1,0,0,0,0,0,0,-,-,34.022430419921875,-118.16677856445313,LOS ANGELES,UNINCORPORATED,-118.16699981689452,34.02245330810547
91914717,2022,2022-11-10,9545,2022-11-06,0005,021434,NA,7,3,9,1900,0,3,5,NA,2,003,SIERRA HIGHWAY,SOLEDAD CANYON ROAD,3168,N,N,A,-,N,NA,NA,NA,NA,NA,NA,NA,NA,NA,Y,4,0,1,1,A,-,08,22107,NA,N,E,I,A,A,H,-,D,D,0,NA,NA,NA,NA,Y,NA,A,01,0,0,1,0,0,0,0,0,0,-,-,34.49161911010742,-118.1278076171875,LOS ANGELES,UNINCORPORATED,-118.46015167236328,34.408966064453125
91914747,2022,2022-11-10,9565,2022-10-30,1906,022692,NA,7,2,7,1942,0,1,1,NA,2,064,I-405 N/B,BEL AIR CREST RD.,425,N,N,A,-,Y,LA,NA,405,NA,NA,35.91,H,NA,R,N,4,0,3,2,A,-,03,22350,NA,N,C,C,A,A,H,-,C,D,0,NA,NA,NA,NA,Y,NA,A,01,0,0,3,0,0,0,0,0,0,-,-,34.11177062988281,-118.48200988769533,LOS ANGELES,LOS ANGELES,-118.4819793701172,34.11177444458008