CASE_ID,ACCIDENT_YEAR,PROC_DATE,JURIS,COLLISION_DATE,COLLISION_TIME,OFFICER_ID,REPORTING_DISTRICT,DAY_OF_WEEK,CHP_SHIFT,POPULATION,CNTY_CITY_LOC,SPECIAL_COND,BEAT_TYPE,CHP_BEAT_TYPE,CITY_DIVISION_LAPD,CHP_BEAT_CLASS,BEAT_NUMBER,PRIMARY_RD,SECONDARY_RD,DISTANCE,DIRECTION,INTERSECTION,WEATHER_1,WEATHER_2,STATE_HWY_IND,CALTRANS_COUNTY,CALTRANS_DISTRICT,STATE_ROUTE,ROUTE_SUFFIX,POSTMILE_PREFIX,POSTMILE,LOCATION_TYPE,RAMP_INTERSECTION,SIDE_OF_HWY,TOW_AWAY,COLLISION_SEVERITY,NUMBER_KILLED,NUMBER_INJURED,PARTY_COUNT,PRIMARY_COLL_FACTOR,PCF_CODE_OF_VIOL,PCF_VIOL_CATEGORY,PCF_VIOLATION,PCF_VIOL_SUBSECTION,HIT_AND_RUN,TYPE_OF_COLLISION,MVIW,PED_ACTION,ROAD_SURFACE,ROAD_COND_1,ROAD_COND_2,LIGHTING,CONTROL_DEVICE,CHP_ROAD_TYPE,PEDESTRIAN_ACCIDENT,BICYCLE_ACCIDENT,MOTORCYCLE_ACCIDENT,TRUCK_ACCIDENT,NOT_PRIVATE_PROPERTY,ALCOHOL_INVOLVED,STWD_VEHTYPE_AT_FAULT,CHP_VEHTYPE_AT_FAULT,COUNT_SEVERE_INJ,COUNT_VISIBLE_INJ,COUNT_COMPLAINT_PAIN,COUNT_PED_KILLED,COUNT_PED_INJURED,COUNT_BICYCLIST_KILLED,COUNT_BICYCLIST_INJURED,COUNT_MC_KILLED,COUNT_MC_INJURED,PRIMARY_RAMP,SECONDARY_RAMP,LATITUDE,LONGITUDE,COUNTY,CITY,POINT_X,POINT_Y
91927821,2022,2022-11-28,9575,2022-11-08,1250,023009,NA,2,1,7,1942,0,1,3,NA,2,043,SR-134 E/B (VENTURA FREEWAY),FOREST LAWN DR.,1526,W,N,B,-,Y,LA,NA,134,NA,NA,3.532,H,NA,R,Y,4,0,1,2,A,-,03,22350,NA,N,E,8,A,B,H,-,A,D,0,NA,NA,NA,NA,Y,NA,A,01,0,0,1,0,0,0,0,0,0,-,-,34.154598236083984,-118.3160400390625,LOS ANGELES,LOS ANGELES,-118.31602478027344,34.154666900634766
91927836,2022,2022-11-28,9535,2022-11-11,2055,022105,NA,5,2,5,1947,0,1,3,NA,2,601,SR-60 W/B,WILCOX AVE,10,W,N,A,-,Y,LA,NA,60,NA,R,5.899,H,NA,L,N,3,0,3,2,A,-,01,23152,A,M,E,I,A,A,H,-,D,D,0,NA,NA,NA,NA,Y,NA,A,01,0,1,2,0,0,0,0,0,0,-,-,34.03321838378906,-118.12522888183594,LOS ANGELES,MONTEBELLO,-118.12522888183594,34.03330612182617
91927852,2022,2022-11-28,9540,2022-11-23,0842,020400,NA,3,1,7,1942,0,1,1,NA,1,502,I-5 NORTHBOUND,I-210,1950,S,N,A,-,Y,NA,NA,NA,NA,NA,NA,NA,NA,NA,Y,4,0,1,2,A,-,07,21658,A,N,C,2,A,A,H,-,A,D,0,NA,NA,NA,Y,Y,NA,A,01,0,0,1,0,0,0,0,0,0,-,-,34.31071090698242,-118.48577880859376,LOS ANGELES,LOS ANGELES,-118.48609924316406,34.31047439575195
91927882,2022,2022-11-28,9535,2022-11-11,2250,023070,NA,5,3,9,1900,0,2,4,NA,2,014,CESAR E. CHAVEZ AVE.,DANGLER AVE,0,NA,Y,A,-,N,NA,NA,NA,NA,NA,NA,NA,NA,NA,N,3,0,1,2,A,-,09,21804,A,N,D,G,A,A,H,-,C,A,0,NA,Y,NA,NA,Y,NA,L,04,0,1,0,0,0,0,1,0,0,-,-,34.0405387878418,-118.16477966308594,LOS ANGELES,UNINCORPORATED,-118.16484832763672,34.04059982299805
9192791,2021,2021-06-02,1925,2021-05-15,0745,24341,109,6,5,6,1925,0,0,0,NA,0,005,FOOTHILL BL,DUNSMORE AV,0,NA,Y,B,-,N,NA,NA,NA,NA,NA,NA,NA,NA,NA,N,2,0,1,2,A,-,10,21950,A,N,G,B,B,A,H,-,A,A,0,Y,NA,NA,NA,Y,NA,A,07,1,0,0,0,1,0,0,0,0,-,-,NA,NA,LOS ANGELES,GLENDALE,-118.25740051269533,34.23499298095703
91927912,2022,2022-11-28,9590,2022-11-11,1830,022456,NA,5,2,7,1942,0,1,2,NA,2,073,US-101 S/B (HOLLYWOOD FREEWAY),MULHOLLAND DRIVE,200,S,N,A,-,Y,LA,NA,101,NA,NA,8.72,H,NA,L,N,4,0,2,4,A,-,03,22350,NA,N,C,C,A,A,H,-,C,D,0,NA,NA,NA,NA,Y,NA,A,07,0,0,2,0,0,0,0,0,0,-,-,34.12297058105469,-118.34166717529295,LOS ANGELES,LOS ANGELES,-118.34165954589844,34.12297439575195
91927933,2022,2022-11-28,9530,2022-10-03,0825,021004,NA,1,1,9,1900,0,3,5,NA,2,002,WIMINGTON AVE,120TH ST,0,NA,Y,A,-,N,NA,NA,NA,NA,NA,NA,NA,NA,NA,N,4,0,1,2,A,-,12,21453,A,N,A,C,A,A,H,-,A,A,0,NA,NA,NA,NA,Y,NA,A,01,0,0,1,0,0,0,0,0,0,-,-,33.92457962036133,-118.23914337158205,LOS ANGELES,UNINCORPORATED,-118.2391357421875,33.924617767333984
91927938,2022,2022-11-28,9590,2022-11-10,1800,022456,NA,4,2,7,1942,0,1,2,NA,2,071,US-101 S/B (SANTA ANA FREEWAY) FROM LOS ANGELES ST,LOS ANGELES STREET,350,S,N,A,-,Y,LA,NA,101,NA,NA,0.789,H,NA,L,N,4,0,1,2,A,-,03,22350,NA,F,C,C,A,A,H,-,C,A,0,NA,NA,NA,NA,Y,NA,-,99,0,0,1,0,0,0,0,0,0,-,-,34.05421829223633,-118.23841094970705,LOS ANGELES,LOS ANGELES,-118.23831176757813,34.05433654785156
91927957,2022,2022-11-28,9590,2022-11-13,1945,022456,NA,7,2,7,1942,0,1,2,NA,2,071,US-101 S/B (HOLLYWOOD FREEWAY),ALVARADO STREET,300,N,N,A,-,Y,LA,NA,101,NA,NA,2.909,H,NA,L,N,4,0,2,3,A,-,03,22350,NA,N,C,C,A,A,H,-,D,D,0,NA,NA,NA,NA,Y,NA,A,07,0,0,2,0,0,0,0,0,0,-,-,34.072288513183594,-118.26767730712892,LOS ANGELES,LOS ANGELES,-118.26768493652344,34.0722770690918
91927980,2022,2022-11-28,9590,2022-11-13,2030,022456,NA,7,2,7,1942,0,1,2,NA,2,070,US-101 N/B (HOLLYWOOD FREEWAY),EDGWARE ROAD,300,S,N,A,-,Y,LA,NA,101,NA,NA,1.981,H,NA,R,N,4,0,1,2,A,-,03,22350,NA,N,C,C,A,A,H,-,A,D,0,NA,NA,NA,NA,Y,NA,-,99,0,0,1,0,0,0,0,0,0,-,-,34.06631088256836,-118.25316619873048,LOS ANGELES,LOS ANGELES,-118.25316619873048,34.06631088256836
91928016,2022,2022-11-28,9575,2022-11-16,1725,023071,NA,3,2,6,1925,0,1,3,NA,2,042,SR-134 E/B (VENTURA FREEWAY),CENTRAL AVENUE,30,E,N,A,-,Y,LA,NA,134,NA,R,6.947,H,NA,R,Y,4,0,2,2,A,-,07,21658,A,N,C,C,A,A,H,-,C,D,0,NA,NA,NA,NA,Y,NA,A,08,0,0,2,0,0,0,0,0,0,-,-,34.156211853027344,-118.25824737548828,LOS ANGELES,GLENDALE,-118.25824737548828,34.156272888183594
91928017,2022,2022-11-28,9550,2022-11-10,2320,022820,NA,4,3,6,1920,0,1,1,NA,2,151,INTERSTATE 105 EASTBOUND,GARDENDALE STREET,63,E,N,A,-,Y,LA,NA,105,NA,R,15.386,H,NA,R,Y,3,0,1,2,A,-,08,22107,NA,F,B,C,A,A,H,-,C,D,0,NA,NA,NA,NA,Y,NA,-,99,0,1,0,0,0,0,0,0,0,-,-,33.912818908691406,-118.14689636230467,LOS ANGELES,DOWNEY,-118.14690399169922,33.912837982177734
91928020,2022,2022-11-28,9550,2022-11-13,0250,022778,NA,7,3,5,1908,0,1,3,NA,2,091,STATE ROUTE 91 WESTBOUND,WOODRUFF AVENUE,300,E,N,A,-,Y,LA,NA,91,NA,R,16.148,H,NA,L,Y,2,0,1,2,A,-,04,21703,NA,N,C,C,A,A,H,-,C,D,0,NA,NA,NA,NA,Y,NA,A,07,1,0,0,0,0,0,0,0,0,-,-,33.876590728759766,-118.11622619628906,LOS ANGELES,BELLFLOWER,-118.1162109375,33.876522064208984
91928021,2022,2022-11-28,9550,2022-11-15,1750,020551,NA,2,2,6,1949,0,1,1,NA,2,501,I-5 NORTHBOUND,NORWALK BLVD.,1000,S,N,A,-,Y,LA,NA,5,NA,NA,4.071,H,NA,R,Y,4,0,1,2,A,-,03,22350,NA,N,C,C,A,A,H,-,C,D,0,NA,NA,NA,NA,Y,NA,A,01,0,0,1,0,0,0,0,0,0,-,-,33.908939361572266,-118.0688018798828,LOS ANGELES,NORWALK,-118.0688705444336,33.90888977050781
91928031,2022,2022-11-28,9540,2022-11-24,0610,020862,NA,4,1,9,1900,0,2,4,NA,1,202,SOLEDAD CANYON RD,STONECREST RD,1056,S,N,A,-,N,NA,NA,NA,NA,NA,NA,NA,NA,NA,N,3,0,1,2,C,-,18,NA,NA,N,E,J,A,A,H,-,D,D,0,NA,NA,NA,NA,Y,NA,-,-,0,1,0,0,0,0,0,0,0,-,-,34.4359016418457,-118.37645721435548,LOS ANGELES,UNINCORPORATED,-118.37649536132813,34.43602752685547
91928032,2022,2022-11-28,9530,2022-11-13,1242,022930,NA,7,1,9,1900,0,3,5,NA,2,001,HOOPER AVENUE,SLAUSON AVENUE,0,NA,Y,A,-,N,NA,NA,NA,NA,NA,NA,NA,NA,NA,N,3,0,1,4,A,-,12,21453,A,F,A,C,A,A,H,-,A,B,0,NA,NA,NA,NA,Y,NA,A,01,0,1,0,0,0,0,0,0,0,-,-,33.989280700683594,-118.25208282470705,LOS ANGELES,UNINCORPORATED,-118.25212097167967,33.98931884765625
91928052,2022,2022-11-28,9550,2022-11-17,0920,017719,NA,4,1,9,1900,0,1,3,NA,2,601,STATE ROUTE 60 WB FROM AZUSA AVE,STATE ROUTE 60 (POMONA FREEWAY),105,N,N,A,-,Y,NA,NA,NA,NA,NA,NA,NA,NA,NA,Y,4,0,1,2,A,-,03,22350,NA,N,C,C,A,A,H,-,A,A,0,NA,NA,NA,NA,Y,NA,A,07,0,0,1,0,0,0,0,0,0,-,-,33.99728012084961,-117.93009948730467,LOS ANGELES,UNINCORPORATED,-117.93009948730467,33.99728012084961
91928086,2022,2022-11-28,9525,2022-11-16,2050,022627,NA,3,2,9,1900,0,3,5,NA,2,005,GLENDORA MOUNTAIN RD.,MPM 0.33,55,N,N,A,-,N,NA,NA,NA,NA,NA,NA,NA,NA,NA,Y,3,0,2,1,A,-,08,22107,NA,N,E,I,A,A,H,-,D,D,0,NA,NA,NA,NA,Y,NA,A,01,0,1,1,0,0,0,0,0,0,-,-,34.2288703918457,-117.77645874023438,LOS ANGELES,UNINCORPORATED,NA,NA
91928096,2022,2022-11-28,9550,2022-11-19,0046,022376,NA,6,3,9,1900,0,1,3,NA,2,600,SR-60 WB,CROSSROADS PARKWAY,400,W,N,A,-,Y,LA,NA,60,NA,NA,12.549,H,NA,L,Y,3,0,1,2,A,-,03,22350,NA,N,C,C,A,A,H,-,D,D,0,NA,NA,NA,Y,Y,NA,A,01,0,1,0,0,0,0,0,0,0,-,-,34.029178619384766,-118.0138931274414,LOS ANGELES,UNINCORPORATED,-118.0138931274414,34.02920150756836
91928107,2022,2022-11-28,9535,2022-08-17,1750,022808,NA,3,2,9,1900,0,1,1,NA,2,070,I-710 N/B (LONG BEACH FREEWAY),1ST ST.,36,S,N,A,-,Y,LA,NA,710,NA,NA,24.71,H,NA,R,N,3,0,1,3,A,-,04,21703,NA,N,C,C,A,A,H,-,A,D,0,NA,NA,NA,NA,Y,NA,-,-,0,1,0,0,0,0,0,0,0,-,-,34.03683853149414,-118.16993713378906,LOS ANGELES,UNINCORPORATED,-118.16993713378906,34.03683853149414
91928136,2022,2022-11-28,9590,2022-11-27,1925,022456,NA,7,2,7,1942,0,1,1,NA,2,051,I-110 S/B (HARBOR FREEWAY),39TH STREET,30,S,N,A,-,Y,LA,NA,110,NA,NA,19.676,H,NA,L,Y,4,0,1,2,A,-,03,22350,NA,M,C,C,A,A,H,-,C,D,0,NA,NA,NA,NA,Y,NA,A,07,0,0,1,0,0,0,0,0,0,-,-,34.013641357421875,-118.28124237060548,LOS ANGELES,LOS ANGELES,-118.28109741210938,34.01363754272461
91928152,2022,2022-11-28,9525,2022-11-19,2350,023049,NA,6,3,9,1900,0,3,5,NA,2,003,NOGALES ST.,NORTHAM ST.,70,S,N,A,-,N,NA,NA,NA,NA,NA,NA,NA,NA,NA,Y,4,0,1,2,A,-,07,21658,A,N,C,C,A,A,H,-,C,D,0,NA,NA,NA,NA,Y,NA,A,01,0,0,1,0,0,0,0,0,0,-,-,34.00804901123047,-117.88706970214844,LOS ANGELES,UNINCORPORATED,-117.88715362548828,34.008087158203125
91928193,2022,2022-11-28,9530,2022-11-16,1950,022636,NA,3,2,7,1941,0,1,1,NA,2,072,I-710 N/B (LONG BEACH FREEWAY) ON RAMP,ANAHEIM ST.,0,N,N,A,-,Y,NA,NA,NA,NA,NA,NA,NA,NA,NA,Y,4,0,1,1,A,-,03,22350,NA,N,E,I,A,A,H,-,C,D,0,NA,NA,NA,NA,Y,NA,A,01,0,0,1,0,0,0,0,0,0,-,-,33.78369903564453,-118.20655822753906,LOS ANGELES,LONG BEACH,-118.20655822753906,33.78369903564453
91928206,2022,2022-11-28,9535,2022-11-13,1425,022269,NA,7,2,9,1900,0,1,1,NA,2,071,I-710 S/B (LONG BEACH FREEWAY),OLYMPIC BLVD.,150,N,N,A,-,Y,LA,NA,710,NA,NA,23.493,H,NA,L,N,3,0,1,3,A,-,03,22350,NA,N,C,C,A,A,H,-,A,D,0,NA,NA,NA,NA,Y,NA,A,08,0,1,0,0,0,0,0,0,0,-,-,34.01958084106445,-118.17350769042967,LOS ANGELES,UNINCORPORATED,-118.17353057861328,34.01958084106445
91928212,2022,2022-11-28,9525,2022-11-20,1301,019632,NA,7,1,9,1900,0,3,5,NA,2,004,FRANCISQUITO AVE,WILLOW AVE.,528,W,N,A,-,N,NA,NA,NA,NA,NA,NA,NA,NA,NA,Y,4,0,1,4,A,-,07,21658,A,N,B,C,A,A,H,-,A,D,0,NA,NA,NA,NA,Y,NA,A,01,0,0,1,0,0,0,0,0,0,-,-,34.062191009521484,-117.96546173095705,LOS ANGELES,UNINCORPORATED,-117.96485137939452,34.0617561340332
91928216,2022,2022-11-28,9550,2022-11-19,0145,022587,NA,6,3,5,1919,0,1,3,NA,2,091,SR-91 WB TO I-605 SB,I-605 NB,265,E,N,A,-,Y,NA,NA,NA,NA,NA,NA,NA,NA,NA,Y,4,0,1,2,A,-,01,23152,A,N,C,C,A,A,H,-,C,D,0,NA,NA,NA,NA,Y,Y,A,01,0,0,1,0,0,0,0,0,0,-,-,33.87828063964844,-118.10195159912108,LOS ANGELES,CERRITOS,-118.10195159912108,33.87828063964844
91928222,2022,2022-11-28,9545,2022-11-16,1555,022093,NA,3,2,9,1900,0,3,5,NA,2,001,JOHNSON ROAD,KELLOG VALLEY ROAD,800,E,N,A,-,N,NA,NA,NA,NA,NA,NA,NA,NA,NA,N,4,0,2,4,A,-,03,22350,NA,N,D,C,A,A,H,-,B,D,0,NA,NA,NA,NA,Y,NA,A,01,0,0,2,0,0,0,0,0,0,-,-,34.65993881225586,-118.35993957519533,LOS ANGELES,UNINCORPORATED,-118.36042785644533,34.6599006652832
91928231,2022,2022-11-28,9545,2022-11-17,1357,019816,NA,4,1,9,1900,0,3,5,NA,2,002,AVENUE M-4,50TH ST WEST,78,E,N,A,-,N,NA,NA,NA,NA,NA,NA,NA,NA,NA,N,4,0,1,2,A,-,21,22106,NA,N,D,C,A,A,H,-,A,A,0,NA,NA,NA,NA,Y,NA,D,22,0,0,1,0,0,0,0,0,0,-,-,34.64183044433594,-118.2181396484375,LOS ANGELES,UNINCORPORATED,-118.21826934814452,34.641788482666016
91928233,2022,2022-11-28,9545,2022-11-17,1835,022558,NA,4,2,9,1900,0,3,5,NA,2,001,AVENUE F,SR-14 S/B TO AVENUE F,0,NA,Y,A,-,N,NA,NA,NA,NA,NA,NA,NA,NA,NA,N,4,0,1,2,A,-,09,21802,A,N,D,C,A,A,H,-,D,A,0,NA,NA,NA,NA,Y,NA,A,01,0,0,1,0,0,0,0,0,0,-,-,34.747798919677734,-118.1718978881836,LOS ANGELES,UNINCORPORATED,-118.13092803955078,34.74809265136719
91928247,2022,2022-11-28,9535,2022-11-13,1620,022263,NA,7,2,9,1900,0,1,1,NA,2,650,I-605 N/B (SAN GABRIEL RIVER FREEWAY),VALLEY BLVD,450,S,N,A,-,Y,LA,NA,605,NA,R,19.306,H,NA,R,N,4,0,1,2,A,-,04,21703,NA,N,C,C,A,A,H,-,B,D,0,NA,NA,NA,NA,Y,NA,A,07,0,0,1,0,0,0,0,0,0,-,-,34.052940368652344,-118.0048599243164,LOS ANGELES,UNINCORPORATED,-118.0048828125,34.052947998046875
91928252,2022,2022-11-28,9545,2022-09-25,2207,022753,NA,7,3,9,1900,0,3,5,NA,1,006,AVENUE L,42ND STREET WEST,130,W,N,A,-,N,NA,NA,NA,NA,NA,NA,NA,NA,NA,N,1,1,0,2,A,-,11,21954,A,N,G,B,E,A,H,-,D,D,0,Y,NA,NA,NA,Y,Y,N,60,0,0,0,1,0,0,0,0,0,-,-,34.66020965576172,-118.20661163330078,LOS ANGELES,UNINCORPORATED,-118.20616149902344,34.66019058227539
91928255,2022,2022-11-28,9525,2022-11-21,1400,019188,NA,1,2,9,1900,0,1,3,NA,1,024,SR-39 (SAN GABRIEL CANYON RD.),RINON FIRE STATION,5174,N,N,A,-,Y,LA,NA,39,NA,NA,27.603,H,NA,R,Y,4,0,1,1,A,-,03,22350,NA,N,E,I,A,A,H,-,A,D,0,NA,NA,NA,NA,Y,NA,A,01,0,0,1,0,0,0,0,0,0,-,-,34.24882125854492,-117.8654327392578,LOS ANGELES,UNINCORPORATED,-117.86537933349608,34.24879455566406
91928266,2022,2022-11-28,9545,2022-10-07,0705,020244,NA,5,1,9,1900,0,3,5,NA,2,004,140TH STREET EAST,AVENUE J,0,NA,Y,A,-,N,NA,NA,NA,NA,NA,NA,NA,NA,NA,Y,1,1,2,2,A,-,09,21802,A,N,D,C,A,A,H,-,A,A,0,NA,NA,NA,NA,Y,NA,D,22,1,1,0,0,0,0,0,0,0,-,-,34.69017028808594,-117.88076019287108,LOS ANGELES,UNINCORPORATED,-117.88070678710938,34.69013977050781
91928276,2022,2022-11-28,9525,2022-11-21,1925,022645,NA,1,2,1,1934,0,1,1,NA,2,204,I-210 E/B (FOOTHILL FWY),IRWINDALE AVE,200,E,N,A,-,Y,LA,NA,210,NA,R,37.976,H,NA,R,Y,4,0,2,3,A,-,03,22350,NA,N,C,C,A,A,H,-,D,D,0,NA,NA,NA,NA,Y,NA,D,22,0,0,2,0,0,0,0,0,0,-,-,34.130218505859375,-117.93177795410156,LOS ANGELES,IRWINDALE,-117.93177795410156,34.130218505859375
91928279,2022,2022-11-28,9535,2022-11-14,0552,022298,NA,1,3,3,1914,0,1,1,NA,2,501,I-5 SOUTHBOUND (SANTA ANA FREEWAY),ATLANTIC BOULEVARD,2270,S,N,A,-,Y,LA,NA,5,NA,NA,12.353,H,NA,L,N,4,0,1,2,A,-,03,22350,NA,M,C,C,A,A,A,H,D,D,0,NA,NA,NA,NA,Y,NA,A,07,0,0,1,0,0,0,0,0,0,-,-,34.00436019897461,-118.15318298339844,LOS ANGELES,COMMERCE,-118.15317535400392,34.00436782836914
91928282,2022,2022-11-28,9535,2022-11-14,0805,022120,NA,1,1,9,1900,0,3,5,NA,2,001,CESAR E. CHAVEZ AVE. (400 BLOCK),COLONIA DE LAS PALMAS,330,W,N,A,-,N,NA,NA,NA,NA,NA,NA,NA,NA,NA,N,4,0,2,2,A,-,09,21804,A,N,D,C,A,A,H,-,A,D,0,NA,NA,NA,NA,Y,NA,-,-,0,0,2,0,0,0,0,0,0,-,-,34.04066848754883,-118.15779113769533,LOS ANGELES,UNINCORPORATED,-118.15837860107422,34.04062271118164
91928294,2022,2022-11-28,9525,2022-11-22,1540,022645,NA,2,2,4,1905,0,1,1,NA,2,203,I-210 W/B (FOOTHILL FWY),AZUSA AVE,1000,E,N,A,-,Y,LA,NA,210,NA,R,40.177,H,NA,L,Y,4,0,2,6,A,-,03,22350,NA,N,C,C,A,A,H,-,A,D,0,NA,NA,NA,NA,Y,NA,A,07,0,0,2,0,0,0,0,0,0,-,-,34.12113952636719,-117.89759826660156,LOS ANGELES,AZUSA,-117.89759826660156,34.12113952636719
91928298,2022,2023-02-14,9525,2022-11-23,1520,022645,NA,3,2,4,1905,0,1,1,NA,2,203,I-210 W/B (FOOTHILL FWY),CITRUS ST.,300,E,N,A,-,Y,LA,NA,210,NA,R,40.941,H,NA,L,Y,4,0,1,2,A,-,07,21658,A,N,B,C,A,A,H,-,A,D,0,NA,NA,NA,NA,Y,NA,A,01,0,0,1,0,0,0,0,0,0,-,-,34.12102127075195,-117.88427734375,LOS ANGELES,AZUSA,-117.88427734375,34.12102127075195
91928300,2022,2022-11-29,9525,2022-11-24,0145,019890,NA,4,3,6,1955,0,1,3,NA,2,574,SR-57 N/B (ORANGE FWY),I-10 E/B (SAN BERNARDINO FWY),0,NA,N,A,-,Y,NA,NA,NA,NA,NA,NA,NA,NA,NA,Y,4,0,1,1,A,-,08,22107,NA,N,E,I,A,A,H,-,D,D,0,NA,NA,NA,NA,Y,NA,A,07,0,0,1,0,0,0,0,0,0,-,-,34.06560134887695,-117.80416107177734,LOS ANGELES,POMONA,-117.80641174316406,34.06515121459961
91928306,2022,2022-12-05,9525,2022-11-26,1230,022925,NA,6,1,1,1934,0,1,1,NA,2,203,I-210 W/B (FOOTHILL FWY),IRWINDALE AVE,2112,E,N,A,-,Y,LA,NA,210,NA,R,38.326,H,NA,L,N,4,0,1,2,A,-,07,21658,A,N,D,D,A,A,H,-,A,D,0,NA,NA,NA,Y,Y,NA,-,-,0,0,1,0,0,0,0,0,0,-,-,34.13031005859375,-117.92571258544922,LOS ANGELES,IRWINDALE,-117.92572021484376,34.13029479980469
91928308,2022,2022-11-29,9565,2022-11-13,1629,022878,NA,7,2,7,1942,0,1,1,NA,2,082,I-10 EB,BARRINGTON AVENUE,300,W,N,A,-,Y,LA,NA,10,NA,R,4.766,H,NA,R,Y,4,0,1,2,A,-,03,22350,NA,N,C,C,A,A,H,-,A,D,0,NA,NA,NA,NA,Y,NA,A,07,0,0,1,0,0,0,0,0,0,-,-,34.029178619384766,-118.44522094726564,LOS ANGELES,LOS ANGELES,-118.44522857666016,34.02920913696289
91928546,2022,2022-11-29,9565,2022-11-15,1946,021372,NA,2,2,7,1942,0,1,1,NA,2,063,I-405 NORTHBOUND (SAN DIEGO FREEWAY),OLYMPIC BOULEVARD,75,N,N,A,-,Y,LA,NA,405,NA,NA,30.771,H,NA,R,N,4,0,1,2,A,-,03,22350,NA,N,C,C,A,A,H,-,C,D,0,NA,NA,NA,NA,Y,NA,D,22,0,0,1,0,0,0,0,0,0,-,-,34.045928955078125,-118.44551849365234,LOS ANGELES,LOS ANGELES,-118.44559478759766,34.04588317871094
91928547,2022,2022-11-29,9590,2022-07-30,0255,022741,NA,6,3,7,1942,0,1,1,NA,2,052,INTERSTATE 110 N/B (HARBOR FREEWAY),3RD STREET,570.4,N,N,A,-,Y,LA,NA,110,NA,NA,23.199,H,NA,R,N,1,1,0,2,A,-,00,21960,A,N,C,C,A,A,H,-,E,D,0,NA,NA,Y,NA,Y,NA,C,03,0,0,0,0,0,0,0,1,0,-,-,34.056949615478516,-118.25495147705078,LOS ANGELES,LOS ANGELES,-118.25502777099608,34.0570068359375
91928548,2022,2022-11-29,9565,2022-11-15,1945,021372,NA,2,2,7,1942,0,1,1,NA,2,063,I-405 NORTHBOUND (SAN DIEGO FREEWAY),OLYMPIC BOULEVARD,140,N,N,A,-,Y,LA,NA,405,NA,NA,30.245,H,NA,R,Y,4,0,1,2,A,-,03,22350,NA,N,C,2,A,A,H,-,C,D,0,NA,NA,NA,NA,Y,NA,A,07,0,0,1,0,0,0,0,0,0,-,-,34.03968811035156,-118.44026184082033,LOS ANGELES,LOS ANGELES,-118.44023895263672,34.039703369140625
91928615,2022,2022-11-29,9565,2022-11-15,0048,023014,NA,2,3,9,1900,0,2,4,NA,2,021,VERMONT AVE,IMPERIAL HWY,100,N,N,A,-,N,NA,NA,NA,NA,NA,NA,NA,NA,NA,N,4,0,1,2,A,-,03,22350,NA,N,C,C,A,A,H,-,C,A,0,NA,NA,NA,NA,Y,NA,I,20,0,0,1,0,0,0,0,0,0,-,-,33.931339263916016,-118.29197692871094,LOS ANGELES,UNINCORPORATED,-118.29191589355467,33.93125534057617
91928617,2022,2022-11-29,9565,2022-11-15,1925,021429,NA,2,2,7,1942,0,1,1,NA,2,082,I-10 W/B,MILITARY AVENUE,150,W,N,A,-,Y,LA,NA,10,NA,R,5.744,H,NA,L,N,4,0,1,2,A,-,03,22350,NA,N,C,C,A,A,H,-,C,D,0,NA,NA,NA,NA,Y,NA,A,01,0,0,1,0,0,0,0,0,0,-,-,34.031890869140625,-118.42861175537108,LOS ANGELES,LOS ANGELES,-118.42861175537108,34.03184127807617
91928636,2022,2022-11-29,9575,2022-11-15,0740,022382,NA,2,1,7,1942,0,1,1,NA,2,053,I-5 N/B (GOLDEN STATE FREEWAY),BRANFORD STREET,300,N,N,A,-,Y,LA,NA,5,NA,NA,37.084,H,NA,R,N,3,0,1,4,A,-,03,22350,NA,N,C,C,A,A,H,-,A,D,0,NA,NA,NA,NA,Y,NA,A,07,0,1,0,0,0,0,0,0,0,-,-,34.2410888671875,-118.41844177246094,LOS ANGELES,LOS ANGELES,-118.41845703125,34.24108123779297
91928650,2022,2022-11-29,9540,2022-11-23,1128,018513,NA,3,1,9,1900,0,2,4,NA,2,205,AGUA DULCE CANYON RD (32200 BLOCK),SR-14 SOUTHBOUND,1584,W,N,A,-,N,NA,NA,NA,NA,NA,NA,NA,NA,NA,N,4,0,1,1,A,-,08,22107,NA,N,E,I,A,A,H,-,A,A,0,NA,NA,NA,NA,Y,NA,A,07,0,0,1,0,0,0,0,0,0,-,-,34.47140121459961,-118.33171081542967,LOS ANGELES,UNINCORPORATED,-118.3298797607422,34.466800689697266
91928654,2022,2022-11-29,9575,2022-11-12,2200,023016,NA,6,3,7,1942,0,1,1,NA,2,053,I-5 N/B TO SR-118 W/B,PAXTON ST.,200,N,N,A,-,Y,NA,NA,NA,NA,NA,NA,NA,NA,NA,N,4,0,1,2,A,-,03,22350,NA,M,C,C,A,A,H,-,C,D,0,NA,NA,NA,NA,Y,NA,-,99,0,0,1,0,0,0,0,0,0,-,-,34.26380920410156,-118.44090270996094,LOS ANGELES,LOS ANGELES,-118.44090270996094,34.26380920410156
91928667,2022,2022-11-29,9530,2022-11-26,2311,022674,NA,6,3,9,1900,0,3,5,NA,2,001,HOOPER AVE.,64TH STREET,35,N,N,A,-,N,NA,NA,NA,NA,NA,NA,NA,NA,NA,Y,2,0,1,6,A,-,01,23152,A,N,C,C,E,A,H,-,C,D,0,Y,NA,NA,NA,Y,Y,D,22,1,0,0,0,1,0,0,0,0,-,-,33.98175811767578,-118.25205230712892,LOS ANGELES,UNINCORPORATED,-118.2520751953125,33.98170471191406