CASE_ID,ACCIDENT_YEAR,PROC_DATE,JURIS,COLLISION_DATE,COLLISION_TIME,OFFICER_ID,REPORTING_DISTRICT,DAY_OF_WEEK,CHP_SHIFT,POPULATION,CNTY_CITY_LOC,SPECIAL_COND,BEAT_TYPE,CHP_BEAT_TYPE,CITY_DIVISION_LAPD,CHP_BEAT_CLASS,BEAT_NUMBER,PRIMARY_RD,SECONDARY_RD,DISTANCE,DIRECTION,INTERSECTION,WEATHER_1,WEATHER_2,STATE_HWY_IND,CALTRANS_COUNTY,CALTRANS_DISTRICT,STATE_ROUTE,ROUTE_SUFFIX,POSTMILE_PREFIX,POSTMILE,LOCATION_TYPE,RAMP_INTERSECTION,SIDE_OF_HWY,TOW_AWAY,COLLISION_SEVERITY,NUMBER_KILLED,NUMBER_INJURED,PARTY_COUNT,PRIMARY_COLL_FACTOR,PCF_CODE_OF_VIOL,PCF_VIOL_CATEGORY,PCF_VIOLATION,PCF_VIOL_SUBSECTION,HIT_AND_RUN,TYPE_OF_COLLISION,MVIW,PED_ACTION,ROAD_SURFACE,ROAD_COND_1,ROAD_COND_2,LIGHTING,CONTROL_DEVICE,CHP_ROAD_TYPE,PEDESTRIAN_ACCIDENT,BICYCLE_ACCIDENT,MOTORCYCLE_ACCIDENT,TRUCK_ACCIDENT,NOT_PRIVATE_PROPERTY,ALCOHOL_INVOLVED,STWD_VEHTYPE_AT_FAULT,CHP_VEHTYPE_AT_FAULT,COUNT_SEVERE_INJ,COUNT_VISIBLE_INJ,COUNT_COMPLAINT_PAIN,COUNT_PED_KILLED,COUNT_PED_INJURED,COUNT_BICYCLIST_KILLED,COUNT_BICYCLIST_INJURED,COUNT_MC_KILLED,COUNT_MC_INJURED,PRIMARY_RAMP,SECONDARY_RAMP,LATITUDE,LONGITUDE,COUNTY,CITY,POINT_X,POINT_Y
91928681,2021,2023-01-20,9530,2021-07-26,2040,022586,NA,1,2,9,1900,0,3,5,NA,2,001,ALAMEDA ST.,85TH STREET,89,N,N,A,-,N,NA,NA,NA,NA,NA,NA,NA,NA,NA,Y,1,2,0,2,A,-,03,22350,NA,N,C,C,A,A,H,-,C,D,0,NA,NA,NA,Y,Y,NA,A,01,0,0,0,0,0,0,0,0,0,-,-,33.96152877807617,-118.2318878173828,LOS ANGELES,UNINCORPORATED,-118.23185729980467,33.96131896972656
91928687,2022,2022-11-29,9530,2022-02-25,2110,021842,NA,5,2,9,1900,0,3,5,NA,2,006,LOMITA BLVD. (1000 BLOCK),BROADWELL AVE.,192,W,N,A,-,N,NA,NA,NA,NA,NA,NA,NA,NA,NA,N,1,1,0,2,A,-,11,21954,A,N,G,B,D,A,H,-,C,D,0,Y,NA,NA,NA,Y,NA,N,60,0,0,0,1,0,0,0,0,0,-,-,33.79774856567383,-118.29332733154295,LOS ANGELES,UNINCORPORATED,-118.2934112548828,33.79772186279297
91928688,2022,2022-11-29,9550,2022-11-16,1807,022900,NA,3,2,9,1900,0,1,3,NA,2,600,SR-60 E/B,SEVENTH,1280,W,N,A,-,Y,LA,NA,60,NA,NA,14.04,H,NA,R,Y,4,0,1,2,C,-,18,NA,NA,N,E,J,A,A,H,-,C,D,0,NA,NA,NA,Y,Y,NA,-,-,0,0,1,0,0,0,0,0,0,-,-,34.022178649902344,-117.99078369140624,LOS ANGELES,UNINCORPORATED,-117.99082183837892,34.022151947021484
91928692,2022,2022-11-29,9575,2022-09-02,1240,019990,NA,5,1,9,1900,0,1,3,NA,2,302,STATE ROUTE-2 (ANGELES CREST HIGHWAY),5000 FOOT ELEVATION LEVEL,362,E,N,A,-,Y,LA,NA,2,NA,NA,44.174,H,NA,R,Y,1,1,0,1,A,-,03,22350,NA,N,F,A,A,A,H,-,A,D,0,NA,NA,Y,NA,Y,NA,C,02,0,0,0,0,0,0,0,1,0,-,-,34.274070739746094,-118.01911163330078,LOS ANGELES,UNINCORPORATED,-118.01911163330078,34.27407455444336
91928695,2021,2022-11-29,9530,2021-10-28,0435,022427,NA,4,3,7,1941,0,1,1,NA,2,420,INTERSTATE 405 SOUTHBOUND (SAN DIEGO FREEWAY),WALNUT AVENUE,151,N,N,A,-,Y,NA,NA,405,NA,NA,NA,NA,NA,S,Y,1,1,2,3,A,-,03,22350,NA,N,G,C,E,A,H,-,C,D,0,Y,NA,NA,NA,Y,NA,A,07,0,1,1,1,0,0,0,0,0,-,-,33.81415939331055,-118.17272186279295,LOS ANGELES,LONG BEACH,-118.17272186279295,33.81420135498047
91928696,2022,2022-11-29,9575,2022-05-21,2032,022651,NA,6,2,9,1900,0,1,3,NA,2,081,ROSEMEAD BOULEVARD NORTHBOUND (70 BLOCK),SOUTH ROAD EDGE OF INTERSTATE 210 EASTBOUND,20,N,N,A,-,N,NA,NA,NA,NA,NA,NA,NA,NA,NA,Y,1,1,0,2,A,-,11,21954,A,N,G,B,E,A,H,-,C,D,0,Y,NA,NA,NA,Y,NA,N,60,0,0,0,1,0,0,0,0,0,-,-,34.14813995361328,-118.07337951660156,LOS ANGELES,UNINCORPORATED,NA,NA
91928703,2022,2022-11-29,9530,2022-10-07,0518,022760,NA,5,3,9,1900,0,3,5,NA,2,005,MARINE AVENUE (3300 BLOCK),LEMOLI AVENUE,109,W,N,A,-,N,NA,NA,NA,NA,NA,NA,NA,NA,NA,Y,1,1,0,1,A,-,08,22107,NA,N,F,I,A,A,H,-,C,A,0,NA,NA,NA,NA,Y,NA,A,01,0,0,0,0,0,0,0,0,0,-,-,33.894588470458984,-118.331298828125,LOS ANGELES,UNINCORPORATED,-118.33123016357422,33.89466857910156
91928704,2022,2022-11-29,9565,2022-11-15,2010,022099,NA,2,2,5,1928,0,1,1,NA,2,060,INTERSTATE 405 N/B TO ROSECRANS AVE.,ROSECRANS AVE.,510,S,N,A,-,Y,LA,NA,405,NA,NA,19.125,H,NA,R,N,2,0,1,1,A,-,03,22350,NA,N,F,A,A,A,H,-,C,D,0,NA,NA,Y,NA,Y,NA,C,02,1,0,0,0,0,0,0,0,1,-,-,33.900421142578125,-118.37007904052734,LOS ANGELES,HAWTHORNE,-118.37029266357422,33.900421142578125
91928707,2022,2022-11-29,9550,2022-11-18,1740,022950,NA,5,2,9,1900,0,2,4,NA,1,042,COLIMA ROAD,FULLERTON ROAD,40,E,N,A,-,N,NA,NA,NA,NA,NA,NA,NA,NA,NA,N,4,0,1,2,A,-,08,22107,NA,F,D,G,A,A,H,-,C,D,0,NA,Y,NA,NA,Y,NA,-,99,0,0,1,0,0,0,1,0,0,-,-,33.988529205322266,-117.90544128417967,LOS ANGELES,UNINCORPORATED,-117.90555572509766,33.98834991455078
91928742,2022,2022-11-29,9530,2022-11-15,0810,021004,NA,2,1,9,1900,0,3,5,NA,2,002,EL SEGUNDO BLVD (2500 BLOCK),MONA BLVD,9,E,N,A,-,N,NA,NA,NA,NA,NA,NA,NA,NA,NA,N,3,0,1,2,A,-,10,21950,A,N,G,B,B,A,H,-,A,A,0,Y,NA,NA,NA,Y,NA,D,22,0,1,0,0,1,0,0,0,0,-,-,33.91619873046875,-118.22686004638672,LOS ANGELES,UNINCORPORATED,-118.22695922851564,33.91619110107422
91928763,2022,2022-11-29,9590,2022-11-18,0645,016230,NA,5,1,7,1942,0,1,3,NA,2,031,SR-60 WB TO I-5 NB,MARIETTA STREET,125,E,N,A,-,Y,NA,NA,NA,NA,NA,NA,NA,NA,NA,N,4,0,1,2,A,-,03,22350,NA,N,C,C,A,A,H,-,A,D,0,NA,NA,NA,NA,Y,NA,A,01,0,0,1,0,0,0,0,0,0,-,-,34.029579162597656,-118.21222686767578,LOS ANGELES,LOS ANGELES,-118.21222686767578,34.029579162597656
91928774,2022,2022-11-29,9530,2022-11-15,1120,022951,NA,2,1,9,1900,0,1,1,NA,2,110,I-110 N/B (HARBOR FREEWAY),CENTURY BLVD.,5,S,N,A,-,Y,LA,NA,110,NA,NA,14.971,H,NA,R,Y,4,0,1,2,A,-,03,22350,NA,N,C,C,A,A,H,-,A,D,0,NA,NA,NA,NA,Y,NA,A,01,0,0,1,0,0,0,0,0,0,-,-,33.94546127319336,-118.27947235107422,LOS ANGELES,UNINCORPORATED,-118.27957916259766,33.94546890258789
91928778,2022,2022-11-29,9575,2022-11-18,1510,022626,NA,5,2,9,1900,0,2,4,NA,2,010,ROSEMONT AVE. (4500 BLOCK),CROSS ST.,0,NA,Y,A,-,N,NA,NA,NA,NA,NA,NA,NA,NA,NA,N,4,0,1,2,A,-,08,22107,NA,N,D,C,A,A,H,-,A,D,0,NA,NA,NA,NA,Y,NA,A,08,0,0,1,0,0,0,0,0,0,-,-,34.22153091430664,-118.23516845703124,LOS ANGELES,UNINCORPORATED,-118.23514556884766,34.22157287597656
91928797,2022,2022-11-29,9565,2022-11-11,2050,021951,NA,5,2,6,1933,0,1,1,NA,2,060,I-405 N/B (SAN DIEGO FWY) (COLLECTOR ROAD),ARBOR VITAE STREET,210,N,N,A,-,Y,LA,NA,405,NA,NA,22.788,H,NA,R,Y,3,0,1,2,A,-,03,22350,NA,N,C,C,A,A,H,-,C,D,0,NA,NA,NA,NA,Y,NA,A,01,0,1,0,0,0,0,0,0,0,-,-,33.9533805847168,-118.36901092529295,LOS ANGELES,INGLEWOOD,-118.36924743652344,33.953372955322266
91928855,2022,2022-11-29,9565,2022-11-11,1120,022923,NA,5,1,9,1900,0,3,5,NA,2,002,NORMANDIE AVENUE,96TH STREET,0,NA,Y,A,-,N,NA,NA,NA,NA,NA,NA,NA,NA,NA,N,4,0,1,2,A,-,09,21802,A,N,D,C,A,A,H,-,A,A,0,NA,NA,NA,NA,Y,NA,A,01,0,0,1,0,0,0,0,0,0,-,-,33.948699951171875,-118.30030822753906,LOS ANGELES,UNINCORPORATED,-118.30026245117188,33.948646545410156
91928858,2022,2022-11-29,9590,2022-11-15,1142,016230,NA,2,1,7,1942,0,1,2,NA,2,042,US-101 NB (SAF),WHITTIER BLVD,45,S,N,A,-,Y,LA,NA,101,NA,S,0.182,H,NA,R,N,4,0,4,3,A,-,07,21658,A,N,C,C,A,A,H,-,A,D,0,NA,NA,NA,NA,Y,NA,A,01,0,0,4,0,0,0,0,0,0,-,-,34.0366096496582,-118.22161102294922,LOS ANGELES,LOS ANGELES,-118.22161102294922,34.0366096496582
91928879,2022,2022-11-29,9530,2022-11-15,1915,023038,NA,2,2,7,1942,0,1,1,NA,2,110,I-110 S/B (HARBOR FREEWAY),SR-91 E/B (ARTESIA FREEWAY),108,S,N,A,-,Y,LA,NA,110,NA,NA,9.832,H,NA,L,Y,2,0,1,2,A,-,07,21658,A,N,B,C,A,A,H,-,C,D,0,NA,NA,Y,NA,Y,NA,A,01,1,0,0,0,0,0,0,0,1,-,-,33.872230529785156,-118.2851333618164,LOS ANGELES,LOS ANGELES,-118.28512573242188,33.872230529785156
91928947,2022,2022-11-29,9530,2022-11-15,1045,023051,NA,2,1,7,1942,0,1,3,NA,1,470,SR-47 S/B (VINCENT THOMAS BRIDGE),HARBOR BLVD.,400,E,N,A,-,Y,LA,NA,47,NA,NA,0.813,H,NA,L,N,4,0,1,2,A,-,07,21658,A,M,B,C,A,A,H,-,A,D,0,NA,NA,NA,NA,Y,NA,-,99,0,0,1,0,0,0,0,0,0,-,-,33.749961853027344,-118.27970886230467,LOS ANGELES,LOS ANGELES,-118.27970123291016,33.74993133544922
91928952,2022,2022-11-29,9550,2022-11-26,2330,022722,NA,6,3,5,1952,0,1,3,NA,2,090,SR- 90 WB,PARAMOUNT BLVD,550,E,N,A,-,Y,LA,NA,91,NA,R,13.878,H,NA,L,N,4,0,1,2,A,-,01,23152,A,N,C,C,A,A,H,-,D,D,0,NA,NA,NA,NA,Y,Y,A,01,0,0,1,0,0,0,0,0,0,-,-,33.87717056274414,-118.15547943115234,LOS ANGELES,PARAMOUNT,-118.1554718017578,33.877037048339844
91929010,2022,2022-11-29,9580,2022-11-16,0940,017427,NA,3,1,9,1900,0,3,5,NA,1,020,LAS FLORES CANYON RD,GORGE RD,1584,N,N,A,-,N,NA,NA,NA,NA,NA,NA,NA,NA,NA,Y,2,0,1,1,A,-,03,22350,NA,N,E,J,A,A,H,-,A,A,0,NA,NA,NA,NA,Y,NA,A,07,1,0,0,0,0,0,0,0,0,-,-,34.054901123046875,-118.6402587890625,LOS ANGELES,UNINCORPORATED,-118.6398468017578,34.05537796020508
91929019,2022,2022-11-29,9550,2022-11-28,0753,021977,NA,1,1,9,1900,0,2,4,NA,1,031,HACIENDA BOULEVARD NORTHBOUND,TETLEY STREET,30,N,N,A,-,N,NA,NA,NA,NA,NA,NA,NA,NA,NA,N,4,0,1,2,A,-,03,22350,NA,N,C,C,A,A,H,-,A,D,0,NA,NA,NA,NA,Y,NA,D,22,0,0,1,0,0,0,0,0,0,-,-,33.99325942993164,-117.96867370605467,LOS ANGELES,UNINCORPORATED,-117.96875762939452,33.9930534362793
91929022,2022,2022-11-29,9580,2022-11-19,0235,022551,NA,6,3,7,1942,0,1,3,NA,2,118,SR-118 E/B (RONALD REAGAN FWY.),ROCKY PEAK RD.,1590,E,N,A,-,Y,LA,NA,118,NA,R,0.497,H,NA,R,Y,3,0,1,1,A,-,01,23152,A,N,B,C,A,A,H,-,D,D,0,NA,NA,NA,NA,Y,Y,A,01,0,1,0,0,0,0,0,0,0,-,-,34.2742805480957,-118.6269302368164,LOS ANGELES,LOS ANGELES,-118.6269989013672,34.27437210083008
91929033,2022,2022-11-29,9580,2022-11-21,2312,022008,NA,1,3,7,1942,0,1,1,NA,2,404,I-405 N/B (VENTURA FREEWAY),MULHOLLAND DR,2640,N,N,A,-,Y,LA,NA,405,NA,NA,37.524,H,NA,R,Y,4,0,1,1,A,-,08,22107,NA,N,F,I,A,A,H,-,D,D,0,NA,NA,NA,NA,Y,NA,D,22,0,0,1,0,0,0,0,0,0,-,-,34.133121490478516,-118.47231292724608,LOS ANGELES,LOS ANGELES,-118.47246551513672,34.133155822753906
91929058,2022,2022-11-29,9590,2022-10-28,2315,022720,NA,5,3,7,1942,0,1,1,NA,2,500,I-110 N/B (HARBOR FREEWAY) HOV LANES,49TH ST.,70,N,N,A,-,Y,LA,NA,110,NA,NA,18.645,H,NA,R,Y,4,0,2,2,A,-,07,21658,A,N,B,C,A,A,H,-,D,D,0,NA,NA,NA,NA,Y,NA,A,01,0,0,2,0,0,0,0,0,0,-,-,33.99842834472656,-118.28063201904295,LOS ANGELES,LOS ANGELES,-118.28070068359376,33.9984245300293
91929097,2022,2022-11-29,9530,2022-09-01,1700,022714,NA,4,2,9,1900,0,3,5,NA,2,003,FRAILEY AVE. (15500 BLOCK),MYRRH ST.,92,S,N,A,-,N,NA,NA,NA,NA,NA,NA,NA,NA,NA,Y,3,0,1,3,A,-,08,22107,NA,N,C,C,A,A,H,-,A,D,0,NA,NA,Y,NA,Y,NA,C,02,0,1,0,0,0,0,0,0,1,-,-,33.8922004699707,-118.19101715087892,LOS ANGELES,UNINCORPORATED,-118.19097137451172,33.89221954345703
91929099,2022,2022-11-29,9580,2022-11-24,1730,022591,NA,4,2,7,1942,0,1,3,NA,2,115,SR-118 W/B (RONALD REAGAN FWY.),FOX ST,350,W,N,A,-,Y,LA,NA,118,NA,R,10.818,H,NA,L,N,2,0,1,2,A,-,08,22107,NA,F,B,C,A,A,H,-,C,D,0,NA,NA,Y,NA,Y,NA,-,99,1,0,0,0,0,0,0,0,1,-,-,34.26594924926758,-118.45429229736328,LOS ANGELES,LOS ANGELES,-118.45429229736328,34.26600646972656
91929114,2022,2022-11-29,9590,2022-10-09,2015,022088,NA,7,2,7,1942,0,1,1,NA,2,082,I-5 NORTHBOUND (GOLDEN STATE FREEWAY),BROADWAY,400,S,N,A,-,Y,NA,NA,NA,NA,NA,NA,NA,NA,NA,N,4,0,1,5,A,-,03,22350,NA,M,C,C,A,A,H,-,C,D,0,NA,NA,NA,NA,Y,NA,-,99,0,0,1,0,0,0,0,0,0,-,-,34.0371208190918,-118.27528381347656,LOS ANGELES,LOS ANGELES,-118.21903228759766,34.0725212097168
91929118,2022,2022-11-29,9580,2022-11-25,1715,022591,NA,5,2,7,1942,0,1,1,NA,2,407,I-405 S/B (SAN DIEGO FWY),NORDOFF ST,800,N,N,A,-,Y,LA,NA,405,NA,NA,45.026,H,NA,L,N,4,0,1,2,A,-,03,22350,NA,F,C,C,A,A,H,-,C,D,0,NA,NA,NA,NA,Y,NA,-,99,0,0,1,0,0,0,0,0,0,-,-,34.23960876464844,-118.47315979003906,LOS ANGELES,LOS ANGELES,-118.47313690185548,34.23960876464844
91929160,2022,2022-11-29,9535,2022-11-15,0630,020902,NA,2,1,5,1959,0,1,1,NA,2,400,I-10 E/B (SAN BERNARDINO FWY),WALNUT GROVE AVE.,830,E,N,A,-,Y,LA,NA,10,NA,NA,26.514,H,NA,R,Y,2,0,1,2,A,-,03,22350,NA,N,C,C,A,A,H,-,A,D,0,NA,NA,NA,NA,Y,NA,A,01,1,0,0,0,0,0,0,0,0,-,-,34.072021484375,-118.07903289794922,LOS ANGELES,ROSEMEAD,-118.07903289794922,34.071998596191406
91929186,2022,2022-11-29,9530,2022-10-08,1530,022636,NA,6,2,5,1943,0,1,1,NA,2,210,I-105 W/B (GLENN ANDERSON FWY),ATLANTIC AVENUE,60,W,N,A,-,Y,NA,NA,NA,NA,NA,NA,NA,NA,NA,N,4,0,1,5,A,-,08,22107,NA,N,C,C,A,A,H,-,A,D,0,NA,NA,NA,NA,Y,NA,A,01,0,0,1,0,0,0,0,0,0,-,-,33.5459098815918,-118.11231994628906,LOS ANGELES,LYNWOOD,-118.18985748291016,33.91632843017578
91929205,2022,2022-11-29,9580,2022-11-28,1035,017961,NA,1,1,7,1942,0,1,3,NA,2,116,SR-118 E/B (RONALD REAGAN FWY.),CANOGA AVE,130,E,N,A,-,Y,LA,NA,118,NA,R,2.366,H,NA,R,Y,4,0,2,2,A,-,03,22350,NA,N,C,C,A,A,H,-,A,D,0,NA,NA,NA,Y,Y,NA,G,26,0,0,2,0,0,0,0,0,0,-,-,34.274330139160156,-118.59577941894533,LOS ANGELES,LOS ANGELES,-118.59576416015624,34.27436447143555
91929223,2022,2022-11-29,9525,2022-11-15,2143,020719,NA,2,2,6,1955,0,1,3,NA,2,072,SR-71 N/B FROM RIO RANCHO RD,RIO RANCHO RD.,1056,N,N,B,-,Y,LA,NA,71,NA,NA,3.361,H,NA,R,Y,4,0,1,2,A,-,01,23152,A,N,C,C,A,A,D,-,C,D,0,NA,NA,NA,NA,Y,Y,A,01,0,0,1,0,0,0,0,0,0,-,-,34.03464889526367,-117.76109313964844,LOS ANGELES,POMONA,-117.7612762451172,34.03451919555664
91929225,2022,2022-11-29,9525,2022-11-11,1040,014593,NA,5,1,5,1990,0,1,3,NA,2,601,SR-60 W/B (POMONA FREEWAY),GRAND AVE.,250,W,N,A,-,Y,LA,NA,60,NA,R,24.401,H,NA,L,Y,4,0,1,4,A,-,03,22350,NA,N,C,C,A,A,H,-,A,D,0,NA,NA,NA,NA,Y,NA,A,01,0,0,1,0,0,0,0,0,0,-,-,34.00981140136719,-117.82405090332033,LOS ANGELES,DIAMOND BAR,-117.82398223876952,34.00975799560547
91929234,2022,2022-11-29,9530,2022-09-12,1700,022951,NA,1,2,7,1942,0,1,1,NA,2,200,I-105 E/B (GLENN ANDERSON FWY),I-110,100,W,N,A,-,Y,LA,NA,105,NA,R,7.327,H,NA,R,Y,3,0,1,2,A,-,07,21658,A,N,B,C,A,A,H,-,A,D,0,NA,NA,Y,NA,Y,NA,A,01,0,1,0,0,0,0,0,0,1,-,-,33.9285888671875,-118.28179931640624,LOS ANGELES,LOS ANGELES,-118.28179931640624,33.92850112915039
91929248,2022,2022-11-29,9550,2022-11-19,0020,023064,NA,6,3,9,1900,0,1,3,NA,2,600,SR-60 W/B,I-605,1320,E,N,A,-,Y,LA,NA,60,NA,NA,11.971,H,NA,L,N,4,0,1,1,A,-,08,22107,NA,N,E,I,A,A,H,-,C,D,0,NA,NA,NA,NA,Y,NA,A,01,0,0,1,0,0,0,0,0,0,-,-,34.03229904174805,-118.02310943603516,LOS ANGELES,UNINCORPORATED,-118.02316284179688,34.0322151184082
91929276,2022,2022-11-29,9535,2022-11-15,1729,022172,NA,2,2,4,1907,0,1,1,NA,2,073,I-710 (LONG BEACH FREEWAY) S/B,GAGE AVENUE,200,N,N,A,-,Y,LA,NA,710,NA,NA,20.305,H,NA,L,N,3,0,1,2,A,-,07,21658,A,F,B,C,A,A,H,-,D,D,0,NA,NA,Y,NA,Y,NA,-,99,0,1,0,0,0,0,0,0,1,-,-,33.97650146484375,-118.1676025390625,LOS ANGELES,BELL,-118.16758728027344,33.976497650146484
91929277,2022,2022-11-29,9525,2022-11-22,0935,015445,NA,2,1,9,1900,0,3,5,NA,2,003,FRANCISQUITO AVE (15700 BLOCK),GRIFFITH AVE.,0,NA,Y,A,-,N,NA,NA,NA,NA,NA,NA,NA,NA,NA,N,3,0,2,2,A,-,09,21802,A,N,D,C,A,A,H,-,A,A,0,NA,NA,Y,NA,Y,NA,A,07,0,1,1,0,0,0,0,0,1,-,-,34.0505485534668,-117.94303131103516,LOS ANGELES,UNINCORPORATED,-117.94305419921876,34.05051040649414
91929288,2022,2022-11-29,9530,2022-10-19,1650,022714,NA,3,2,9,1900,0,1,1,NA,2,210,I-105 E/B (GLENN ANDERSON FWY),STATE ST.,898,W,N,A,-,Y,LA,NA,105,NA,R,10.931,H,NA,R,Y,3,0,1,2,A,-,03,22350,NA,N,C,C,A,A,H,-,A,D,0,NA,NA,Y,NA,Y,NA,C,02,0,1,0,0,0,0,0,0,1,-,-,33.92890930175781,-118.21977996826172,LOS ANGELES,UNINCORPORATED,-118.21976470947266,33.92894744873047
91929293,2022,2022-11-29,9565,2022-11-12,0510,017060,NA,6,3,7,1942,0,1,1,NA,2,060,I-405 SOUTHBOUND (SAN DIEGO FREEWAY),LA CIENEGA BLVD.,5,N,N,A,-,Y,LA,NA,405,NA,NA,23.732,H,NA,L,N,4,0,1,2,A,-,08,22107,NA,F,B,C,A,A,H,-,C,D,0,NA,NA,NA,NA,Y,NA,-,99,0,0,1,0,0,0,0,0,0,-,-,33.96669006347656,-118.3710479736328,LOS ANGELES,LOS ANGELES,-118.37104034423828,33.96669387817383
91929295,2022,2022-11-29,9530,2022-11-02,1650,023030,NA,3,2,9,1900,0,3,5,NA,2,003,GIBSON AVE.,SAN VINCENTE ST.,0,NA,Y,A,-,N,NA,NA,NA,NA,NA,NA,NA,NA,NA,N,4,0,1,2,A,-,12,22450,A,N,D,C,A,A,H,-,B,D,0,NA,NA,NA,NA,Y,NA,A,01,0,0,1,0,0,0,0,0,0,-,-,33.89955139160156,-118.18927764892578,LOS ANGELES,UNINCORPORATED,-118.18927001953124,33.89951705932617
91929300,2022,2022-11-29,9530,2022-11-03,0940,022951,NA,4,1,5,1943,0,1,1,NA,2,210,I-105 W/B (GLENN ANDERSON FWY),LONG BEACH BLVD.,2200,E,N,A,-,Y,LA,NA,105,NA,R,11.99,H,NA,L,Y,4,0,1,3,A,-,03,22350,NA,M,C,C,A,A,H,-,A,D,0,NA,NA,NA,NA,Y,NA,A,01,0,0,1,0,0,0,0,0,0,-,-,33.92205810546875,-118.20330810546876,LOS ANGELES,LYNWOOD,-118.20325469970705,33.922149658203125
91929318,2022,2022-11-29,9535,2022-11-15,1610,022263,NA,2,2,9,1900,0,2,4,NA,2,018,BEVERLY BLVD,GERHART AVE,0,NA,Y,A,-,N,NA,NA,NA,NA,NA,NA,NA,NA,NA,Y,4,0,2,2,A,-,09,21801,A,N,D,C,A,A,H,-,B,A,0,NA,NA,NA,NA,Y,NA,A,01,0,0,2,0,0,0,0,0,0,-,-,34.026371002197266,-118.14414215087892,LOS ANGELES,UNINCORPORATED,-118.14414215087892,34.02651596069336
91929324,2022,2022-11-29,9550,2022-11-04,2335,022600,NA,5,3,3,1964,0,1,1,NA,2,501,INTERSTATE 5 SOUTHBOUND,SHOEMAKER AVENUE,10,S,N,A,-,Y,LA,NA,5,NA,NA,3.035,H,NA,L,Y,3,0,1,3,A,-,03,22350,NA,F,C,C,A,A,H,-,D,D,0,NA,NA,NA,NA,Y,NA,A,01,0,1,0,0,0,0,0,0,0,-,-,33.89847946166992,-118.05567932128906,LOS ANGELES,SANTA FE SPRINGS,-118.05567932128906,33.89848327636719
91929353,2022,2022-11-29,9545,2022-11-17,0548,022910,NA,4,3,6,1950,0,1,3,NA,2,021,SR-14 N/B TO AVENUE N,AVENUE N,0,NA,Y,A,-,Y,NA,NA,NA,NA,NA,NA,NA,NA,NA,Y,4,0,1,2,A,-,09,21802,A,N,D,C,A,A,H,-,B,A,0,NA,NA,NA,NA,Y,NA,A,01,0,0,1,0,0,0,0,0,0,-,-,34.631099700927734,-118.15175628662108,LOS ANGELES,PALMDALE,-118.15299224853516,34.63111877441406
91929360,2022,2022-11-29,9525,2022-11-10,1750,019941,NA,4,2,6,1955,0,1,3,NA,2,605,SR-60 W/B (POMONA FWY),PHILLIPS RANCH ROAD,1848,E,N,B,-,Y,NA,NA,NA,NA,NA,NA,NA,NA,NA,Y,4,0,1,2,A,-,03,22350,NA,N,C,C,A,B,H,-,B,D,0,NA,NA,NA,NA,Y,NA,A,07,0,0,1,0,0,0,0,0,0,-,-,NA,NA,LOS ANGELES,POMONA,-117.76490020751952,34.02401351928711
91929368,2022,2022-11-29,9525,2022-11-12,0205,019707,NA,6,3,5,1990,0,1,3,NA,2,573,SR-57 S/B (ORANGE FWY),PATHFINDER RD.,2200,N,N,A,-,Y,LA,NA,57,NA,R,3.612,H,NA,L,Y,2,0,2,2,A,-,01,23152,A,N,C,E,A,A,D,E,C,D,0,NA,NA,NA,NA,Y,Y,A,01,1,1,0,0,0,0,0,0,0,-,-,33.99095153808594,-117.8428192138672,LOS ANGELES,DIAMOND BAR,-117.84286499023438,33.9909553527832
91929370,2022,2022-11-29,9525,2022-11-17,2135,019890,NA,4,2,6,1955,0,1,3,NA,2,071,SR-71 S/B (CHINO VALLEY FWY),MISSION BLVD.,350,N,N,A,-,Y,LA,NA,71,NA,NA,1.312,H,NA,L,N,4,0,1,2,A,-,07,21658,A,F,B,C,A,A,H,-,D,D,0,NA,NA,NA,NA,Y,NA,-,99,0,0,1,0,0,0,0,0,0,-,-,34.05717086791992,-117.78489685058594,LOS ANGELES,POMONA,-117.78481292724608,34.057228088378906
91929378,2022,2022-11-29,9525,2022-11-18,1700,020687,NA,5,2,9,1900,0,3,5,NA,2,005,MCKINLEY AVE. (1600 BLOCK),FAIRPLEX DR.,2640,W,N,A,-,N,NA,NA,NA,NA,NA,NA,NA,NA,NA,N,3,0,1,1,A,-,03,22350,NA,N,E,I,A,A,H,-,D,D,0,NA,NA,NA,NA,Y,NA,A,07,0,1,0,0,0,0,0,0,0,-,-,34.08926010131836,-117.78456115722656,LOS ANGELES,UNINCORPORATED,-117.78459167480467,34.089229583740234
91929379,2022,2022-11-29,9590,2022-11-10,1335,022431,NA,4,1,7,1942,0,1,1,NA,2,081,I-5 S/B (GOLDEN STATE FREEWAY),BOYLE AVENUE,300,N,N,A,-,Y,NA,NA,NA,NA,NA,NA,NA,NA,NA,N,3,0,1,2,A,-,03,22350,NA,N,C,C,A,A,H,-,A,D,0,NA,NA,NA,NA,Y,NA,D,22,0,1,0,0,0,0,0,0,0,-,-,34.03253936767578,-118.22071075439452,LOS ANGELES,LOS ANGELES,-118.22037506103516,34.03282928466797
91929395,2022,2022-11-29,9550,2022-11-21,1110,017719,NA,1,1,9,1900,0,1,3,NA,2,602,STATE ROUTE 60 (POMONA FREEWAY),NOGALES STREET,2500,E,N,A,-,Y,LA,NA,60,NA,NA,20.907,H,NA,R,Y,3,0,1,2,A,-,03,22350,NA,N,C,C,A,A,A,H,A,D,0,NA,NA,Y,Y,Y,NA,C,02,0,1,0,0,0,0,0,0,1,-,-,33.99467086791992,-117.8803482055664,LOS ANGELES,UNINCORPORATED,-117.8803482055664,33.994659423828125