CASE_ID,ACCIDENT_YEAR,PROC_DATE,JURIS,COLLISION_DATE,COLLISION_TIME,OFFICER_ID,REPORTING_DISTRICT,DAY_OF_WEEK,CHP_SHIFT,POPULATION,CNTY_CITY_LOC,SPECIAL_COND,BEAT_TYPE,CHP_BEAT_TYPE,CITY_DIVISION_LAPD,CHP_BEAT_CLASS,BEAT_NUMBER,PRIMARY_RD,SECONDARY_RD,DISTANCE,DIRECTION,INTERSECTION,WEATHER_1,WEATHER_2,STATE_HWY_IND,CALTRANS_COUNTY,CALTRANS_DISTRICT,STATE_ROUTE,ROUTE_SUFFIX,POSTMILE_PREFIX,POSTMILE,LOCATION_TYPE,RAMP_INTERSECTION,SIDE_OF_HWY,TOW_AWAY,COLLISION_SEVERITY,NUMBER_KILLED,NUMBER_INJURED,PARTY_COUNT,PRIMARY_COLL_FACTOR,PCF_CODE_OF_VIOL,PCF_VIOL_CATEGORY,PCF_VIOLATION,PCF_VIOL_SUBSECTION,HIT_AND_RUN,TYPE_OF_COLLISION,MVIW,PED_ACTION,ROAD_SURFACE,ROAD_COND_1,ROAD_COND_2,LIGHTING,CONTROL_DEVICE,CHP_ROAD_TYPE,PEDESTRIAN_ACCIDENT,BICYCLE_ACCIDENT,MOTORCYCLE_ACCIDENT,TRUCK_ACCIDENT,NOT_PRIVATE_PROPERTY,ALCOHOL_INVOLVED,STWD_VEHTYPE_AT_FAULT,CHP_VEHTYPE_AT_FAULT,COUNT_SEVERE_INJ,COUNT_VISIBLE_INJ,COUNT_COMPLAINT_PAIN,COUNT_PED_KILLED,COUNT_PED_INJURED,COUNT_BICYCLIST_KILLED,COUNT_BICYCLIST_INJURED,COUNT_MC_KILLED,COUNT_MC_INJURED,PRIMARY_RAMP,SECONDARY_RAMP,LATITUDE,LONGITUDE,COUNTY,CITY,POINT_X,POINT_Y
91940845,2022,2022-12-13,9550,2022-09-17,2010,022789,NA,6,2,9,1900,0,2,4,NA,1,041,AZUSA AVE.,PEPPER BROOK WAY,350,S,N,A,-,N,NA,NA,NA,NA,NA,NA,NA,NA,NA,N,2,0,1,2,A,-,11,21954,A,F,G,B,D,A,H,-,C,D,0,Y,NA,NA,NA,Y,NA,N,60,1,0,0,0,1,0,0,0,0,-,-,33.99243927001953,-117.9316177368164,LOS ANGELES,UNINCORPORATED,-117.93175506591795,33.992515563964844
91940848,2022,2022-12-13,9530,2022-12-01,1605,020956,NA,4,2,6,1972,0,1,1,NA,2,400,I-405 N/B FROM ARTESIA BOULEVARD,ARTESIA BOULEVARD,30,N,N,B,-,Y,NA,NA,NA,NA,NA,NA,NA,NA,NA,Y,4,0,3,2,A,-,03,22350,NA,N,A,C,A,A,H,-,B,A,0,NA,NA,NA,NA,Y,NA,D,22,0,0,3,0,0,0,0,0,0,-,-,33.87303161621094,-118.3414306640625,LOS ANGELES,TORRANCE,-118.3414306640625,33.87303161621094
91940856,2022,2022-12-13,9550,2022-12-03,1720,022909,NA,6,2,6,1920,0,1,1,NA,2,501,I-5 NB,BLOOMFIELD AVE,1800,N,N,A,-,Y,LA,NA,5,NA,NA,4.043,H,NA,R,N,4,0,1,2,D,-,00,NA,NA,N,B,C,A,A,H,-,A,D,0,NA,NA,NA,NA,Y,NA,-,-,0,0,1,0,0,0,0,0,0,-,-,33.908599853515625,-118.06851959228516,LOS ANGELES,DOWNEY,-118.0685577392578,33.90857696533203
91940866,2022,2022-12-13,9550,2022-12-05,1005,016237,NA,1,1,9,1900,0,1,3,NA,2,600,SR-60 WESTBOUND,HACIENDA BLVD.,1200,W,N,A,-,Y,NA,NA,NA,NA,NA,NA,NA,NA,NA,Y,4,0,1,2,A,-,08,22107,NA,N,B,C,A,A,H,-,A,D,0,NA,NA,NA,NA,Y,NA,A,01,0,0,1,0,0,0,0,0,0,-,-,34.0105094909668,-117.96842956542967,LOS ANGELES,UNINCORPORATED,-117.96810150146484,34.00814437866211
91940876,2022,2022-12-13,9550,2022-11-29,2050,022924,NA,2,2,6,1920,0,1,1,NA,2,151,I-105 EASTBOUND TO LAKEWOOD BLVD,BARLIN AVE,100,E,N,A,-,Y,LA,NA,105,NA,R,15.558,H,NA,R,Y,3,0,1,1,A,-,01,23152,A,N,E,I,A,C,H,-,C,D,0,NA,NA,NA,NA,Y,Y,A,01,0,1,0,0,0,0,0,0,0,-,-,33.91265106201172,-118.14434051513672,LOS ANGELES,DOWNEY,-118.14434814453124,33.91291046142578
91940908,2022,2022-12-13,9550,2022-12-06,1815,022982,NA,2,2,9,1900,0,3,5,NA,2,002,VALLEY VIEW AVENUE,IMPERIAL HWY.,100,N,N,A,-,N,NA,NA,NA,NA,NA,NA,NA,NA,NA,N,4,0,1,3,A,-,09,21804,A,N,B,C,A,A,H,-,C,D,0,NA,NA,NA,NA,Y,NA,A,07,0,0,1,0,0,0,0,0,0,-,-,33.917579650878906,-118.0293197631836,LOS ANGELES,UNINCORPORATED,-118.02937316894533,33.91730499267578
91940920,2022,2022-12-13,9530,2022-11-17,1440,023038,NA,4,2,9,1900,0,3,5,NA,2,001,HOOPER AVE. (7700 BLOCK),77TH ST.,47,S,N,A,-,N,NA,NA,NA,NA,NA,NA,NA,NA,NA,Y,3,0,1,2,A,-,01,23152,A,N,C,C,A,A,H,-,A,D,0,NA,NA,NA,NA,Y,Y,A,07,0,1,0,0,0,0,0,0,0,-,-,33.96961975097656,-118.25205230712892,LOS ANGELES,UNINCORPORATED,-118.25202178955078,33.96965026855469
91940923,2022,2022-12-13,9535,2022-09-12,2040,022105,NA,1,2,7,1942,0,1,1,NA,2,111,I-10 W/B (SBF) (EXPRESS LANES),SOTO STREET,1450,E,N,A,-,Y,LA,NA,10,NA,NA,19.375,H,NA,L,N,1,1,0,2,A,-,11,21954,A,N,G,B,E,A,H,-,C,D,0,Y,NA,NA,NA,Y,NA,N,60,0,0,0,1,0,0,0,0,0,-,-,34.05588150024414,-118.19767761230467,LOS ANGELES,LOS ANGELES,-118.19765472412108,34.05562210083008
91940930,2022,2022-12-13,9575,2022-12-01,1230,017148,NA,4,1,9,1900,0,2,4,NA,2,023,FAIR OAKS AVE.,E. PALM ST.,0,NA,Y,B,-,N,NA,NA,NA,NA,NA,NA,NA,NA,NA,Y,4,0,1,2,A,-,09,21802,A,N,D,C,A,A,H,-,A,A,0,NA,NA,NA,NA,Y,NA,A,07,0,0,1,0,0,0,0,0,0,-,-,34.196659088134766,-118.14639282226564,LOS ANGELES,UNINCORPORATED,-118.14640045166016,34.196632385253906
91940964,2022,2022-12-13,9565,2022-12-01,0627,022987,NA,4,1,9,1900,0,2,4,NA,2,024,IMPERIAL HIGHWAY W/B,WESTERN AVENUE,50,E,N,A,-,N,NA,NA,NA,NA,NA,NA,NA,NA,NA,N,4,0,1,2,A,-,03,22350,NA,F,C,C,A,A,H,-,A,A,0,NA,NA,NA,NA,Y,NA,-,99,0,0,1,0,0,0,0,0,0,-,-,33.9310302734375,-118.30883026123048,LOS ANGELES,UNINCORPORATED,-118.30897521972656,33.9310188293457
91940992,2022,2022-12-13,9575,2022-12-02,1530,021006,NA,5,2,9,1900,0,2,4,NA,2,012,FOOTHILL BLVD. (2500 BLOCK),ROSEMONT AVENUE,500,E,N,B,-,N,NA,NA,NA,NA,NA,NA,NA,NA,NA,N,4,0,2,2,A,-,03,22350,NA,N,C,C,A,A,H,-,A,A,0,NA,NA,NA,NA,Y,NA,A,01,0,0,2,0,0,0,0,0,0,-,-,34.22080993652344,-118.23448944091795,LOS ANGELES,UNINCORPORATED,-118.23377227783205,34.22037887573242
91940994,2022,2022-12-13,9590,2022-11-17,1312,022357,NA,4,1,7,1942,0,1,2,NA,2,070,US-101 N/B (HOLLYWOOD FREEWAY),CORONADO ST,85,S,N,A,-,Y,LA,NA,101,NA,NA,3.188,H,NA,R,N,3,0,1,1,A,-,08,22107,NA,N,F,A,A,A,H,-,A,D,0,NA,NA,Y,NA,Y,NA,C,02,0,1,0,0,0,0,0,0,1,-,-,34.0743293762207,-118.27175903320313,LOS ANGELES,LOS ANGELES,-118.27178955078124,34.074283599853516
91941040,2022,2022-12-13,9530,2022-07-21,1650,022805,NA,4,2,9,1900,0,3,5,NA,2,004,APRA ST.,ACACIA AVE.,0,NA,Y,A,-,N,NA,NA,NA,NA,NA,NA,NA,NA,NA,Y,3,0,1,1,A,-,01,23152,A,N,E,I,A,A,H,-,A,D,0,NA,NA,NA,NA,Y,Y,A,08,0,1,0,0,0,0,0,0,0,-,-,33.86827087402344,-118.22335052490234,LOS ANGELES,UNINCORPORATED,-118.22370910644533,33.86820602416992
91941073,2022,2022-12-13,9525,2022-12-06,0800,015445,NA,2,1,6,1955,0,1,1,NA,2,119,I-10 W/B (SAN BERNARDINO FWY),WHITE AVE.,2300,W,N,B,-,Y,LA,NA,10,NA,NA,44.826,H,NA,L,Y,4,0,1,4,A,-,03,22350,NA,N,C,C,A,A,H,-,A,D,0,NA,NA,NA,NA,Y,NA,A,01,0,0,1,0,0,0,0,0,0,-,-,34.071590423583984,-117.76737213134766,LOS ANGELES,POMONA,-117.7673797607422,34.071537017822266
91941081,2022,2022-12-13,9670,2022-12-03,0355,022790,NA,6,3,9,1900,0,1,S,NA,2,904,STATE ROUTE 91 EASTBOUND (ARTESIA FREEWAY),BEACH BLVD,1400,W,N,A,-,Y,ORA,NA,91,NA,R,2.345,H,NA,R,N,4,0,1,2,A,-,11,21956,A,N,G,B,E,A,H,-,D,D,0,Y,NA,NA,NA,Y,NA,N,60,0,0,1,0,1,0,0,0,0,-,-,33.85586166381836,-118.0027084350586,LOS ANGELES,UNINCORPORATED,-118.0027084350586,33.855953216552734
91941084,2022,2022-12-13,9525,2022-12-10,0140,022605,NA,6,3,9,1900,0,3,5,NA,2,004,4TH AVE.,DON JULIAN RD.,528,N,N,A,-,N,NA,NA,NA,NA,NA,NA,NA,NA,NA,Y,4,0,4,2,A,-,08,22107,NA,N,B,E,A,A,H,-,C,D,0,NA,NA,NA,NA,Y,NA,A,01,0,0,4,0,0,0,0,0,0,-,-,34.03749084472656,-117.98988342285156,LOS ANGELES,UNINCORPORATED,-117.98998260498048,34.03742980957031
91941089,2022,2022-12-13,9525,2022-12-10,1805,022009,NA,6,2,9,1900,0,2,4,NA,2,022,ARROW HWY (800 BLOCK),LARK ELLEN AVE,175,E,N,B,-,N,NA,NA,NA,NA,NA,NA,NA,NA,NA,Y,4,0,2,3,A,-,03,22350,NA,N,C,C,A,A,H,-,C,D,0,NA,NA,NA,NA,Y,NA,D,22,0,0,2,0,0,0,0,0,0,-,-,34.10712814331055,-117.91578674316406,LOS ANGELES,UNINCORPORATED,-117.916015625,34.107059478759766
91941119,2022,2022-12-13,9550,2022-12-07,0850,018854,NA,3,1,7,1941,0,1,3,NA,2,090,SR-91 W/B,CHERRY AVE.,1000,W,N,A,-,Y,LA,NA,91,NA,R,13.034,H,NA,L,N,4,0,2,3,A,-,03,22350,NA,N,C,C,A,A,H,-,A,D,0,NA,NA,NA,NA,Y,NA,A,07,0,0,2,0,0,0,0,0,0,-,-,33.87635040283203,-118.17005920410156,LOS ANGELES,LONG BEACH,-118.17005157470705,33.876380920410156
91941136,2022,2022-12-13,9550,2022-12-07,0825,022037,NA,3,1,9,1900,0,2,4,NA,1,012,WASHINGTON BLVD (W/B),BROADWAY STREET,700,E,N,A,-,N,NA,NA,NA,NA,NA,NA,NA,NA,NA,N,4,0,3,2,A,-,03,22350,NA,N,C,C,A,A,H,-,A,A,0,NA,NA,NA,NA,Y,NA,E,22,0,0,3,0,0,0,0,0,0,-,-,33.97092056274414,-118.06655120849608,LOS ANGELES,UNINCORPORATED,-118.0666732788086,33.97092056274414
91941138,2022,2022-12-13,9535,2022-07-06,0010,022721,NA,3,3,5,1943,0,1,1,NA,2,075,I-710 SOUTHBOUND (LONG BEACH FREEWAY),ROSECRANS AVENUE,454,N,N,A,-,Y,LA,NA,710,NA,R,15.058,H,NA,L,Y,1,1,0,1,A,-,08,22107,NA,N,E,I,A,A,H,-,C,D,0,NA,NA,NA,NA,Y,NA,A,07,0,0,0,0,0,0,0,0,0,-,-,33.90481185913086,-118.18492889404295,LOS ANGELES,LYNWOOD,-118.18477630615234,33.904701232910156
91941140,2022,2022-12-13,9525,2022-12-11,0115,021967,NA,7,3,6,1955,0,1,1,NA,2,110,I-10 E/B (SAN BERNARDINO FWY),ORANGE GROVE AVENUE,100,W,N,B,C,Y,LA,NA,10,NA,NA,45.839,H,NA,R,Y,4,0,4,2,A,-,03,22350,NA,M,B,C,A,B,H,-,D,D,0,NA,NA,NA,NA,Y,NA,A,01,0,0,4,0,0,0,0,0,0,-,-,34.074440002441406,-117.7506866455078,LOS ANGELES,POMONA,-117.7506866455078,34.07443618774414
91941176,2022,2022-12-13,9525,2022-12-10,0905,018505,NA,6,1,9,1900,0,2,4,NA,2,030,FRANCISQUITO AVE (16800 E),LARK ELLEN AVE,0,NA,Y,A,-,N,NA,NA,NA,NA,NA,NA,NA,NA,NA,Y,4,0,1,2,A,-,12,21453,A,N,D,C,A,A,H,-,A,A,0,NA,NA,NA,NA,Y,NA,A,01,0,0,1,0,0,0,0,0,0,-,-,34.050350189208984,-117.91690063476564,LOS ANGELES,UNINCORPORATED,-117.91687774658205,34.05027770996094
91941236,2022,2022-12-13,9575,2022-12-02,1725,022526,NA,5,2,6,1953,0,1,1,NA,2,064,I-210 W/B (FOOTHILL FREEWAY),ALLEN AVENUE,466,E,N,A,-,Y,LA,NA,210,NA,R,27.52,H,NA,L,N,4,0,1,3,A,-,03,22350,NA,N,C,C,A,A,H,-,C,D,0,NA,NA,NA,NA,Y,NA,A,01,0,0,1,0,0,0,0,0,0,-,-,34.1527099609375,-118.11158752441406,LOS ANGELES,PASADENA,-118.11158752441406,34.152626037597656
91941291,2022,2022-12-13,9530,2022-11-23,0620,023051,NA,3,1,7,1942,0,1,1,NA,2,120,I-110 N/B (HARBOR FREEWAY),HARRY BRIDGES BLVD,1160,S,N,A,-,Y,LA,NA,110,NA,NA,2.556,H,NA,R,Y,4,0,1,2,A,-,21,22106,NA,N,D,C,A,A,H,-,A,D,0,NA,NA,NA,NA,Y,NA,A,01,0,0,1,0,0,0,0,0,0,-,-,33.768760681152344,-118.2810516357422,LOS ANGELES,LOS ANGELES,-118.28111267089844,33.76878356933594
91941292,2022,2022-12-13,9530,2022-11-19,1430,022714,NA,6,2,9,1900,0,1,1,NA,2,120,I-110 N/B (HARBOR FREEWAY),SEPULVEDA BLVD.,2530,S,N,A,-,Y,LA,NA,110,NA,NA,4.978,H,NA,R,N,4,0,1,1,A,-,08,22107,NA,N,E,J,A,A,H,-,A,D,0,NA,NA,NA,NA,Y,NA,A,01,0,0,1,0,0,0,0,0,0,-,-,33.80215835571289,-118.28875732421876,LOS ANGELES,UNINCORPORATED,-118.28888702392578,33.80215835571289
91941293,2022,2022-12-13,9530,2022-09-19,1440,023051,NA,1,2,9,1900,0,3,5,NA,2,006,SEPULVEDA BLVD.,MARIGOLD AVE.,0,NA,Y,A,-,N,NA,NA,NA,NA,NA,NA,NA,NA,NA,N,3,0,2,2,A,-,09,21802,A,N,D,C,A,A,H,-,A,A,0,NA,NA,NA,NA,Y,NA,A,01,0,1,1,0,0,0,0,0,0,-,-,33.81235122680664,-118.29588317871094,LOS ANGELES,UNINCORPORATED,-118.29589080810548,33.812217712402344
91941309,2022,2022-12-13,9530,2022-10-13,1808,022986,NA,4,2,9,1900,0,3,5,NA,2,002,ROSECRANS AVE.(200 BLOCK),MAIN ST.,100,W,N,A,-,N,NA,NA,NA,NA,NA,NA,NA,NA,NA,N,4,0,1,2,A,-,03,22350,NA,M,C,C,A,A,H,-,B,D,0,NA,NA,NA,NA,Y,Y,-,99,0,0,1,0,0,0,0,0,0,-,-,33.90195846557617,-118.2742919921875,LOS ANGELES,UNINCORPORATED,-118.27407836914064,33.90195083618164
91941329,2022,2022-12-13,9550,2022-12-07,1455,022950,NA,3,2,3,1903,0,1,3,NA,2,090,SR-91 WESTBOUND,PIONEER BLVD,350,W,N,A,-,Y,LA,NA,91,NA,R,18.022,H,NA,L,Y,4,0,2,3,A,-,03,22350,NA,N,C,C,A,A,H,-,A,D,0,NA,NA,NA,NA,Y,NA,A,08,0,0,2,0,0,0,0,0,0,-,-,33.87656021118164,-118.08368682861328,LOS ANGELES,ARTESIA,-118.08368682861328,33.876502990722656
91941454,2022,2022-12-13,9580,2022-12-12,1805,021627,NA,1,2,7,1942,0,1,1,NA,2,405,I-405 S/B (SAN DIEGO FWY) TO US-101,US-101 N/B (VENTURA FREEWAY),30,N,N,A,-,Y,NA,NA,NA,NA,NA,NA,NA,NA,NA,N,4,0,1,2,A,-,03,22350,NA,N,C,C,A,A,H,-,D,D,0,NA,NA,NA,NA,Y,NA,A,01,0,0,1,0,0,0,0,0,0,-,-,34.163330078125,-118.47055053710938,LOS ANGELES,LOS ANGELES,-118.47055053710938,34.163330078125
91941455,2022,2022-12-13,9580,2022-12-12,1759,021212,NA,1,2,7,1942,0,1,3,NA,2,116,SR-118 W/B (RONALD REAGAN FWY.),RESEDA BLVD,100,E,N,A,-,Y,LA,NA,118,NA,R,5.953,H,NA,L,Y,4,0,3,2,A,-,03,22350,NA,N,C,C,A,A,H,-,C,D,0,NA,NA,NA,NA,Y,NA,D,22,0,0,3,0,0,0,0,0,0,-,-,34.27595901489258,-118.5339126586914,LOS ANGELES,LOS ANGELES,-118.5339126586914,34.275962829589844
91941456,2022,2022-12-13,9580,2022-12-12,1755,021627,NA,1,2,7,1942,0,1,3,NA,2,117,SR-118 W/B (RONALD REAGAN FWY.),RESEDA BLVD.,100,E,N,A,-,Y,LA,NA,118,NA,R,5.838,H,NA,L,N,4,0,4,2,A,-,03,22350,NA,N,C,C,A,A,H,-,D,D,0,NA,NA,NA,NA,Y,NA,A,01,0,0,4,0,0,0,0,0,0,-,-,34.27534866333008,-118.53582763671876,LOS ANGELES,LOS ANGELES,-118.53581237792967,34.27530288696289
91941460,2022,2022-12-13,9580,2022-12-11,0700,020983,NA,7,1,7,1942,0,1,2,NA,2,103,US-101 S/B (VENTURA FREEWAY),VAN NUYS BLVD,400,N,N,C,-,Y,LA,NA,101,NA,NA,16.223,H,NA,L,N,2,0,1,2,A,-,08,22107,NA,N,B,C,A,B,H,-,A,D,0,NA,NA,NA,NA,Y,NA,A,01,1,0,0,0,0,0,0,0,0,-,-,34.15766143798828,-118.45377349853516,LOS ANGELES,LOS ANGELES,-118.45377349853516,34.15762710571289
91941462,2022,2022-12-13,9580,2022-12-11,0450,021607,NA,7,3,7,1942,0,1,2,NA,2,105,US-101 S/B(VENTURA FREEWAY),WILBBUR AVE,100,N,N,C,-,Y,LA,NA,101,NA,NA,21.793,H,NA,L,Y,4,0,2,2,A,-,03,22350,NA,N,C,C,A,B,F,-,D,D,0,NA,NA,NA,NA,Y,NA,A,07,0,0,2,0,0,0,0,0,0,-,-,34.17340850830078,-118.54527282714844,LOS ANGELES,LOS ANGELES,-118.54527282714844,34.17333221435547
91941464,2022,2022-12-13,9580,2022-12-11,0448,022008,NA,7,3,7,1942,0,1,2,NA,2,105,US-101 S/B (VENTURA FREEWAY),WILBUR AVE,150,N,N,C,-,Y,LA,NA,101,NA,NA,21.803,H,NA,L,Y,4,0,1,1,A,-,03,22350,NA,N,E,I,A,B,F,-,D,D,0,NA,NA,NA,NA,Y,NA,A,07,0,0,1,0,0,0,0,0,0,-,-,34.173439025878906,-118.5454330444336,LOS ANGELES,LOS ANGELES,-118.5454330444336,34.173336029052734
91941465,2022,2022-12-13,9580,2022-12-11,0030,022561,NA,7,3,3,1994,0,1,2,NA,2,108,US-101 N/B (VENTURA FREEWAY),CHESEBRO RD,1584,S,N,C,-,Y,LA,NA,101,NA,NA,33.302,H,NA,R,Y,3,0,2,2,A,-,03,22350,NA,N,C,C,A,B,H,-,C,D,0,NA,NA,NA,NA,Y,NA,A,01,0,1,1,0,0,0,0,0,0,-,-,34.14044189453125,-118.73235321044922,LOS ANGELES,AGOURA HILLS,-118.73233795166016,34.14045715332031
91941481,2022,2022-12-14,9565,2022-12-01,1920,020209,NA,4,2,7,1942,0,1,1,NA,2,062,I-405 S/B (SAN DIEGO FWY),PALMS BOULEVARD,200,S,N,A,-,Y,LA,NA,405,NA,NA,28.491,H,NA,L,N,4,0,1,2,A,-,03,22350,NA,N,C,C,A,A,H,-,A,D,0,NA,NA,NA,NA,Y,NA,A,01,0,0,1,0,0,0,0,0,0,-,-,34.018558502197266,-118.42363739013672,LOS ANGELES,LOS ANGELES,-118.42363739013672,34.01856231689453
91941814,2022,2022-12-14,9530,2022-12-02,1215,022377,NA,5,1,9,1900,0,3,5,NA,2,002,ARANBE AVENUE,HATCHWAY ST.,0,NA,Y,B,-,N,NA,NA,NA,NA,NA,NA,NA,NA,NA,Y,4,0,1,2,A,-,12,22450,A,N,D,C,A,A,H,-,A,A,0,NA,NA,NA,NA,Y,NA,A,01,0,0,1,0,0,0,0,0,0,-,-,33.90851974487305,-118.2331771850586,LOS ANGELES,UNINCORPORATED,-118.23316955566406,33.90848159790039
91941835,2022,2022-12-14,9525,2022-12-08,0147,019707,NA,4,3,5,1990,0,1,3,NA,2,573,SR-57 S/B (ORANGE FWY),SR-60 E/B (POMONA FWY),1500,S,N,A,-,Y,LA,NA,57,NA,R,4.207,H,NA,L,Y,3,0,1,1,A,-,01,23152,A,N,E,I,A,A,H,-,C,D,0,NA,NA,NA,NA,Y,Y,A,01,0,1,0,0,0,0,0,0,0,-,-,33.99848175048828,-117.83814239501952,LOS ANGELES,DIAMOND BAR,-117.83819580078124,33.99851989746094
91941847,2022,2022-12-14,9540,2022-12-07,1815,021124,NA,3,2,9,1900,0,1,3,NA,2,147,SR-14 S/B (ANTELOPE VALLEY FREEWAY),STONECREST ROAD,864,S,N,A,-,Y,LA,NA,14,NA,NA,36.376,H,NA,L,N,4,0,1,2,A,-,07,21658,A,N,B,C,A,A,H,-,D,D,0,NA,NA,NA,NA,Y,NA,A,01,0,0,1,0,0,0,0,0,0,-,-,34.43666076660156,-118.37506103515624,LOS ANGELES,UNINCORPORATED,-118.37506103515624,34.43666458129883
91941857,2022,2023-03-03,9530,2022-12-02,2230,022702,NA,5,3,9,1900,0,3,5,NA,2,002,CENTRAL AVENUE (12700 BLOCK),127TH STREET,140,S,N,B,C,N,NA,NA,NA,NA,NA,NA,NA,NA,NA,Y,3,0,2,6,A,-,03,22350,NA,N,D,C,F,B,H,-,A,D,0,Y,NA,NA,NA,Y,NA,A,01,0,2,0,0,1,0,0,0,0,-,-,33.917179107666016,-118.2543716430664,LOS ANGELES,UNINCORPORATED,-118.25464630126952,33.917789459228516
91941876,2022,2022-12-14,9590,2022-11-05,2200,022750,NA,6,3,7,1942,0,1,1,NA,2,010,SR-110 N/B (ASP) TO I-5 N/B (GSF),I-5 (GOLDEN STATE FREEWAY),270,S,N,A,-,Y,NA,NA,NA,NA,NA,NA,NA,NA,NA,N,4,0,1,2,A,-,03,22350,NA,M,C,C,A,A,H,-,C,D,0,NA,NA,NA,NA,Y,NA,-,99,0,0,1,0,0,0,0,0,0,-,-,34.08243942260742,-118.2282485961914,LOS ANGELES,LOS ANGELES,-118.22455596923828,34.08128356933594
91941882,2022,2022-12-14,9525,2022-12-11,0435,021986,NA,7,3,4,1913,0,1,1,NA,2,210,SR-210 E/B (FOOTHILL FWY),TOWNE AVENUE,2250,W,N,B,C,Y,LA,NA,210,NA,R,48.587,H,NA,R,Y,4,0,1,1,A,-,03,22350,NA,N,E,I,A,B,H,-,D,D,0,NA,NA,NA,NA,Y,NA,A,01,0,0,1,0,0,0,0,0,0,-,-,34.11946105957031,-117.75296020507813,LOS ANGELES,CLAREMONT,-117.75296020507813,34.11939239501953
91941885,2022,2022-12-14,9525,2022-12-11,0450,022605,NA,7,3,5,1906,0,1,1,NA,2,651,I-605 S/B (SAN GABRIEL RIVER FWY),RAMONA BLVD,300,S,N,B,C,Y,LA,NA,605,NA,NA,21.003,H,NA,L,Y,4,0,1,1,A,-,03,22350,NA,N,E,8,A,B,H,-,C,D,0,NA,NA,NA,NA,Y,NA,A,01,0,0,1,0,0,0,0,0,0,-,-,34.076629638671875,-117.9984893798828,LOS ANGELES,BALDWIN PARK,-117.99838256835938,34.07661437988281
91941897,2022,2022-12-14,9550,2022-11-03,0545,020014,NA,4,3,5,1919,0,1,3,NA,2,091,STATE ROUTE 91 WESTBOUND,PIONEER BOULEVARD,900,W,N,A,-,Y,LA,NA,91,NA,R,17.98,H,NA,L,Y,4,0,2,6,A,-,03,22350,NA,N,C,C,A,A,H,-,D,D,0,NA,NA,NA,NA,Y,NA,A,01,0,0,2,0,0,0,0,0,0,-,-,33.87648010253906,-118.08441925048828,LOS ANGELES,CERRITOS,-118.08441925048828,33.876495361328125
91941898,2022,2022-12-14,9530,2022-11-13,0108,022702,NA,7,3,7,1941,0,1,1,NA,2,071,I-710 SOUTHBOUND,ARTESIA BOULEVARD,95,S,N,A,-,Y,LA,NA,710,NA,NA,12.874,H,NA,L,Y,2,0,1,1,A,-,01,23152,A,N,F,A,A,A,H,-,A,D,0,NA,NA,NA,NA,Y,Y,A,07,1,0,0,0,0,0,0,0,0,-,-,33.874088287353516,-118.19361114501952,LOS ANGELES,LONG BEACH,-118.19359588623048,33.874088287353516
91941906,2022,2022-12-14,9550,2022-12-06,1140,023004,NA,2,1,3,1964,0,1,1,NA,2,650,I-605 SB,TELEGRAPH RD,450,N,N,A,-,Y,LA,NA,605,NA,R,10.349,H,NA,L,Y,4,0,1,3,A,-,03,22350,NA,N,C,C,A,A,H,-,A,D,0,NA,NA,NA,Y,Y,NA,A,08,0,0,1,0,0,0,0,0,0,-,-,33.951011657714844,-118.09127807617188,LOS ANGELES,SANTA FE SPRINGS,-118.09131622314452,33.951026916503906
91941915,2022,2022-12-14,9575,2022-12-02,1720,023071,NA,5,2,6,1925,0,1,1,NA,2,062,I-210 E/B TO PENNSYLVANIA AVE.,NEW YORK AVE.,380,E,N,A,-,Y,LA,NA,210,NA,R,16.56,H,NA,R,N,4,0,2,2,A,-,03,22350,NA,N,C,C,A,B,H,-,C,D,0,NA,NA,NA,NA,Y,NA,A,07,0,0,2,0,0,0,0,0,0,-,-,34.22483825683594,-118.25209045410156,LOS ANGELES,GLENDALE,-118.25196838378906,34.2249755859375
91941945,2022,2022-12-14,9545,2022-12-10,0205,022678,NA,6,3,9,1900,0,1,3,NA,2,021,SR-14 N/B,RAYBURN RD.,800,S,N,A,-,Y,LA,NA,14,NA,R,59.002,H,NA,R,Y,4,0,1,2,A,-,01,23152,A,N,C,C,A,A,H,-,D,D,0,NA,NA,NA,NA,Y,Y,A,01,0,0,1,0,0,0,0,0,0,-,-,34.56970977783203,-118.1333465576172,LOS ANGELES,UNINCORPORATED,-118.13337707519533,34.56970977783203
91941966,2022,2022-12-14,9530,2022-11-18,0840,023051,NA,5,1,5,1956,0,1,1,NA,2,400,I-405 N/B (SAN DIEGO FREEWAY),MARINE AVE,500,S,N,A,-,Y,LA,NA,405,NA,NA,18.529,H,NA,R,Y,4,0,1,3,A,-,03,22350,NA,N,C,C,A,A,H,-,A,D,0,NA,NA,NA,NA,Y,NA,A,07,0,0,1,0,0,0,0,0,0,-,-,33.89360809326172,-118.3647918701172,LOS ANGELES,REDONDO BEACH,-118.36483764648438,33.89356231689453
91941984,2022,2022-12-14,9590,2022-11-17,2145,022750,NA,4,2,7,1942,0,1,1,NA,2,053,I-110 S/B (HARBOR FREEWAY),PICO BOULVEARD,100,N,N,A,-,Y,LA,NA,110,NA,NA,21.798,H,NA,L,Y,4,0,1,2,A,-,03,22350,NA,M,C,C,A,A,H,-,C,D,0,NA,NA,NA,NA,Y,NA,A,07,0,0,1,0,0,0,0,0,0,-,-,34.04322814941406,-118.27277374267578,LOS ANGELES,LOS ANGELES,-118.27273559570313,34.043216705322266