CASE_ID,ACCIDENT_YEAR,PROC_DATE,JURIS,COLLISION_DATE,COLLISION_TIME,OFFICER_ID,REPORTING_DISTRICT,DAY_OF_WEEK,CHP_SHIFT,POPULATION,CNTY_CITY_LOC,SPECIAL_COND,BEAT_TYPE,CHP_BEAT_TYPE,CITY_DIVISION_LAPD,CHP_BEAT_CLASS,BEAT_NUMBER,PRIMARY_RD,SECONDARY_RD,DISTANCE,DIRECTION,INTERSECTION,WEATHER_1,WEATHER_2,STATE_HWY_IND,CALTRANS_COUNTY,CALTRANS_DISTRICT,STATE_ROUTE,ROUTE_SUFFIX,POSTMILE_PREFIX,POSTMILE,LOCATION_TYPE,RAMP_INTERSECTION,SIDE_OF_HWY,TOW_AWAY,COLLISION_SEVERITY,NUMBER_KILLED,NUMBER_INJURED,PARTY_COUNT,PRIMARY_COLL_FACTOR,PCF_CODE_OF_VIOL,PCF_VIOL_CATEGORY,PCF_VIOLATION,PCF_VIOL_SUBSECTION,HIT_AND_RUN,TYPE_OF_COLLISION,MVIW,PED_ACTION,ROAD_SURFACE,ROAD_COND_1,ROAD_COND_2,LIGHTING,CONTROL_DEVICE,CHP_ROAD_TYPE,PEDESTRIAN_ACCIDENT,BICYCLE_ACCIDENT,MOTORCYCLE_ACCIDENT,TRUCK_ACCIDENT,NOT_PRIVATE_PROPERTY,ALCOHOL_INVOLVED,STWD_VEHTYPE_AT_FAULT,CHP_VEHTYPE_AT_FAULT,COUNT_SEVERE_INJ,COUNT_VISIBLE_INJ,COUNT_COMPLAINT_PAIN,COUNT_PED_KILLED,COUNT_PED_INJURED,COUNT_BICYCLIST_KILLED,COUNT_BICYCLIST_INJURED,COUNT_MC_KILLED,COUNT_MC_INJURED,PRIMARY_RAMP,SECONDARY_RAMP,LATITUDE,LONGITUDE,COUNTY,CITY,POINT_X,POINT_Y
91943115,2022,2022-12-15,9565,2022-12-03,0555,022923,NA,6,3,7,1942,0,1,S,NA,2,904,I-10 WESTBOUND (SANTA MONICA FWY),GRAND AVENUE,150,W,N,B,-,Y,LA,NA,10,NA,NA,15.271,H,NA,L,N,3,0,2,4,A,-,03,22350,NA,N,C,C,A,B,H,-,B,D,0,NA,NA,NA,NA,Y,NA,A,07,0,1,1,0,0,0,0,0,0,-,-,34.034889221191406,-118.26757049560548,LOS ANGELES,LOS ANGELES,-118.26754760742188,34.0349235534668
91943123,2022,2022-12-15,9540,2022-12-07,0725,018037,NA,3,1,6,1985,0,1,3,NA,1,145,SR-14 S/B (ANTELOPE VALLEY FREEWAY),VIA PRINCESSA WAY U/C,870,N,N,A,-,Y,LA,NA,14,NA,R,31.079,H,NA,L,N,4,0,1,3,A,-,07,21658,A,N,B,C,A,A,H,-,A,D,0,NA,NA,NA,NA,Y,NA,A,01,0,0,1,0,0,0,0,0,0,-,-,34.40406036376953,-118.45258331298828,LOS ANGELES,SANTA CLARITA,-118.45255279541016,34.404022216796875
91943126,2022,2022-12-15,9580,2022-12-13,1504,021236,NA,2,2,7,1942,0,1,3,NA,2,116,SR-118 E/B (RONALD REAGAN FWY.),PORTER RANCH DR,300,E,N,A,-,Y,LA,NA,118,NA,R,3.921,H,NA,R,Y,4,0,1,2,A,-,03,22350,NA,N,C,C,A,A,H,-,A,D,0,NA,NA,NA,NA,Y,NA,D,22,0,0,1,0,0,0,0,0,0,-,-,34.27336120605469,-118.56867980957033,LOS ANGELES,LOS ANGELES,-118.56867980957033,34.27330017089844
91943136,2022,2022-12-15,9540,2022-12-07,1000,018037,NA,3,1,9,1900,0,1,3,NA,1,143,SE-14 S/B (ANTELOPE VALLEY FREEWAY),LOS PINETOS RD. U/C,300,S,N,A,-,Y,LA,NA,14,NA,R,25.919,H,NA,L,N,4,0,2,2,A,-,03,22350,NA,N,C,C,A,A,H,-,A,D,0,NA,NA,NA,NA,Y,NA,A,01,0,0,2,0,0,0,0,0,0,-,-,34.349491119384766,-118.50411987304688,LOS ANGELES,UNINCORPORATED,-118.50415802001952,34.349483489990234
91943152,2022,2022-12-15,9565,2022-12-03,1422,022692,NA,6,2,4,1918,0,1,1,NA,2,061,I-405 S/B (SANTA MONICA FWY.),VENICE BLVD.,725,S,N,A,-,Y,LA,NA,405,NA,NA,27.816,H,NA,L,N,4,0,1,2,A,-,03,22350,NA,N,C,C,A,A,H,-,A,D,0,NA,NA,NA,NA,Y,NA,A,01,0,0,1,0,0,0,0,0,0,-,-,34.01039123535156,-118.41709899902344,LOS ANGELES,CULVER CITY,-118.41712951660156,34.0103759765625
91943153,2022,2022-12-15,9565,2022-12-03,0050,022646,NA,6,3,9,1900,0,1,1,NA,2,010,I-105 W/B (CENTURY FWY),INGLEWOOD AVE,925,E,N,A,-,Y,LA,NA,105,NA,R,2.715,H,NA,L,Y,3,0,3,2,A,-,03,22350,NA,N,C,C,A,A,H,-,D,D,0,NA,NA,NA,NA,Y,NA,A,01,0,1,2,0,0,0,0,0,0,-,-,33.93307876586914,-118.35832214355467,LOS ANGELES,UNINCORPORATED,-118.35831451416016,33.933074951171875
91943159,2022,2022-12-15,9540,2022-12-04,1734,022401,NA,7,2,9,1900,0,1,1,NA,2,507,I-5 SOUTHBOUND (GOLDEN STATE FREEWAY),CALGROVE BLVD,500,N,N,A,-,Y,LA,NA,5,NA,R,49.146,H,NA,L,N,4,0,1,2,A,-,07,21658,A,M,B,C,A,A,H,-,C,D,0,NA,NA,NA,NA,Y,NA,A,07,0,0,1,0,0,0,0,0,0,-,-,34.363651275634766,-118.55579376220705,LOS ANGELES,UNINCORPORATED,-118.55580902099608,34.363643646240234
91943164,2022,2022-12-15,9540,2022-12-05,0235,022533,NA,1,3,9,1900,0,3,5,NA,2,003,COMMERCE CENTER DR,INDUSTRY DR,607,W,N,C,E,N,NA,NA,NA,NA,NA,NA,NA,NA,NA,Y,4,0,1,1,A,-,01,23152,A,N,E,I,A,B,G,-,C,D,0,NA,NA,NA,NA,Y,Y,D,22,0,0,1,0,0,0,0,0,0,-,-,34.447818756103516,-118.62612915039064,LOS ANGELES,UNINCORPORATED,-118.6263427734375,34.4478874206543
91943181,2022,2022-12-15,9535,2022-12-02,2150,022234,NA,5,2,9,1900,0,1,1,NA,2,070,I-710 N/B (LONG BEACH FREEWAY),FLORAL DR.,1660,N,N,A,-,Y,LA,NA,710,NA,NA,25.507,H,NA,R,N,4,0,1,1,A,-,08,22107,NA,N,E,I,A,A,H,-,C,D,0,NA,NA,NA,NA,Y,NA,A,01,0,0,1,0,0,0,0,0,0,-,-,34.04827880859375,-118.16732025146484,LOS ANGELES,UNINCORPORATED,-118.1672134399414,34.0482177734375
91943208,2022,2022-12-15,9540,2022-12-14,0550,022385,NA,3,3,7,1942,0,1,1,NA,1,503,I-5 S/B (GOLDEN STATE FREEWAY),I-210 (FOOTHILL FREEWAY),105,S,N,A,-,Y,LA,NA,5,NA,R,44.048,H,NA,L,N,4,0,1,2,A,-,03,22350,NA,N,C,C,A,A,H,-,D,D,0,NA,NA,NA,NA,Y,NA,A,01,0,0,1,0,0,0,0,0,0,-,-,34.31718063354492,-118.49134063720705,LOS ANGELES,LOS ANGELES,-118.49137878417967,34.31715774536133
91943213,2022,2022-12-15,9525,2022-12-05,0856,022770,NA,1,1,9,1900,0,3,5,NA,2,002,CLYDEBANK AVE,GLADSTONE STREET,0,NA,Y,B,-,N,NA,NA,NA,NA,NA,NA,NA,NA,NA,N,4,0,1,2,A,-,05,21202,A,N,D,G,A,A,H,-,A,A,0,NA,Y,NA,NA,Y,NA,L,04,0,0,1,0,0,0,1,0,0,-,-,34.11423110961914,-117.9207763671875,LOS ANGELES,UNINCORPORATED,-117.92076873779295,34.11431884765625
91943218,2022,2022-12-15,9540,2022-12-13,1415,022087,NA,2,2,9,1900,0,1,3,NA,2,147,SR-14 S/B (ANTELOPE VALLEY FREEWAY),STONECREST RD.,4040,N,N,A,-,Y,LA,NA,14,NA,NA,37.379,H,NA,L,N,4,0,1,1,A,-,08,22107,NA,N,E,I,A,A,H,-,A,D,0,NA,NA,NA,NA,Y,NA,A,07,0,0,1,0,0,0,0,0,0,-,-,34.445980072021484,-118.36212158203124,LOS ANGELES,UNINCORPORATED,-118.36207580566406,34.4459228515625
91943227,2022,2022-12-15,9590,2022-11-14,2316,022384,NA,1,3,7,1942,0,1,S,NA,2,904,I-5 N/B (GOLDEN STATE FREEWAY),OSBORNE STREET,1200,N,N,A,-,Y,LA,NA,5,NA,NA,37.659,H,NA,R,N,4,0,1,2,A,-,08,22107,NA,N,D,C,A,A,H,-,C,D,0,NA,NA,NA,Y,Y,NA,D,22,0,0,1,0,0,0,0,0,0,-,-,34.247459411621094,-118.42494964599608,LOS ANGELES,LOS ANGELES,-118.42508697509766,34.24735641479492
91943236,2022,2022-12-15,9540,2022-12-08,1045,020862,NA,4,1,9,1900,0,1,1,NA,1,503,I-5 SOUTHBOUND,WELDON CNYN,20,N,N,A,-,Y,LA,NA,5,NA,R,46.594,H,NA,L,N,4,0,2,2,A,-,03,22350,NA,F,C,C,A,A,D,E,A,D,0,NA,NA,NA,NA,Y,NA,-,99,0,0,2,0,0,0,0,0,0,-,-,34.340999603271484,-118.52317810058594,LOS ANGELES,UNINCORPORATED,-118.52318572998048,34.3409538269043
91943251,2022,2022-12-15,9540,2022-12-02,1430,022355,NA,5,2,7,1942,0,1,1,NA,1,501,I-5 SB FROM SAN FERNANDO MISSION BLVD,SAN FERNANDO MISSION BLVD,400,N,N,B,C,Y,LA,NA,5,NA,NA,40.309,H,NA,L,Y,4,0,1,1,A,-,03,22350,NA,N,E,I,A,B,H,-,A,D,0,NA,NA,NA,NA,Y,NA,A,07,0,0,1,0,0,0,0,0,0,-,-,34.27730178833008,-118.45382690429688,LOS ANGELES,LOS ANGELES,-118.45369720458984,34.27739715576172
91943260,2022,2022-12-15,9540,2022-12-13,1850,022087,NA,2,2,9,1900,0,1,3,NA,2,146,SR-14 N/B (ANTELOPE VALLEY FREEWAY),PURITAN MINE RD.,350,S,N,A,-,Y,LA,NA,14,NA,NA,45.69,H,NA,R,N,3,0,1,3,A,-,07,21658,A,N,B,C,A,A,H,-,D,D,0,NA,NA,Y,NA,Y,NA,A,01,0,1,0,0,0,0,0,0,1,-,-,34.50471115112305,-118.24624633789064,LOS ANGELES,UNINCORPORATED,-118.24624633789064,34.50471878051758
91943290,2022,2022-12-15,9590,2022-07-03,0320,022691,NA,7,3,7,1942,0,1,2,NA,2,071,UNITED STATES 101 SOUTHBOUND,ALAMEDA STREET,1205,S,N,A,-,Y,LA,NA,101,NA,NA,0.48,H,NA,L,Y,1,1,0,2,A,-,11,21954,A,N,G,B,E,A,H,-,C,A,0,Y,NA,NA,NA,Y,NA,N,60,0,0,0,1,0,0,0,0,0,-,-,34.05363082885742,-118.23381042480467,LOS ANGELES,LOS ANGELES,-118.23381042480467,34.05363082885742
91943297,2022,2022-12-15,9535,2022-12-03,1340,022305,NA,6,1,9,1900,0,1,1,NA,2,070,I-710 N/B (LONG BEACH FREEWAY),FLORAL DR,1584,N,N,A,-,Y,NA,NA,NA,NA,NA,NA,NA,NA,NA,N,4,0,1,3,A,-,07,21658,A,N,C,C,A,A,H,-,A,D,0,NA,NA,NA,NA,Y,NA,A,01,0,0,1,0,0,0,0,0,0,-,-,34.408931732177734,-118.16658782958984,LOS ANGELES,UNINCORPORATED,-118.16744232177734,34.04800796508789
91943322,2022,2022-12-15,9535,2022-12-03,1030,022081,NA,6,1,5,1959,0,1,3,NA,2,621,SR-60 W/B (POMONA FREEWAY),ROSEMEAD BLVD,200,E,N,A,-,Y,LA,NA,60,NA,NA,9.796,H,NA,L,N,3,0,1,3,A,-,03,22350,NA,N,C,C,A,A,H,-,A,B,0,NA,NA,NA,NA,Y,NA,A,01,0,1,0,0,0,0,0,0,0,-,-,34.04119873046875,-118.05924224853516,LOS ANGELES,ROSEMEAD,-118.05924987792967,34.04117202758789
91943329,2022,2022-12-15,9580,2022-12-14,1330,021627,NA,3,1,7,1942,0,1,2,NA,2,105,US-101 S/B (VENTURA FREEWAY),BURBANK BLVD.,80,W,N,A,-,Y,LA,NA,101,NA,NA,21.06,H,NA,L,N,4,0,2,2,A,-,03,22350,NA,N,C,C,A,A,H,-,A,D,0,NA,NA,NA,NA,Y,NA,A,01,0,0,2,0,0,0,0,0,0,-,-,34.172149658203125,-118.53285980224608,LOS ANGELES,LOS ANGELES,-118.5328369140625,34.17219161987305
91943349,2022,2022-12-15,9525,2022-12-08,0815,017506,NA,4,1,9,1900,0,3,5,NA,2,003,AMAR RD.,INDIAN SUMMER AVE.,35,E,N,A,-,N,NA,NA,NA,NA,NA,NA,NA,NA,NA,N,4,0,1,2,A,-,11,21950,B,F,G,B,D,A,H,-,A,A,0,Y,NA,NA,NA,Y,NA,N,60,0,0,1,0,1,0,0,0,0,-,-,34.035858154296875,-117.93032836914064,LOS ANGELES,UNINCORPORATED,-117.92996215820313,34.035953521728516
91943351,2022,2022-12-15,9565,2022-12-04,1800,022780,NA,7,2,9,1900,0,3,5,NA,2,002,94TH STREET,NORMANDIE AVENUE,0,NA,Y,B,C,Y,NA,NA,NA,NA,NA,NA,NA,NA,NA,N,4,0,1,2,A,-,09,21802,A,N,D,C,A,B,H,-,B,A,0,NA,NA,NA,NA,Y,NA,A,01,0,0,1,0,0,0,0,0,0,-,-,33.950950622558594,-118.30023193359376,LOS ANGELES,UNINCORPORATED,-118.30027770996094,33.950950622558594
91943354,2022,2022-12-15,9535,2022-12-04,0625,022017,NA,7,1,5,1901,0,1,1,NA,2,421,INTERSTATE 10 W/B TO ATLANTIC BOULEVARD,ATLANTIC BOULEVARD,300,E,N,B,-,Y,LA,NA,10,NA,NA,23.434,H,NA,L,Y,3,0,1,1,A,-,01,23152,A,N,E,8,A,A,H,-,B,D,0,NA,NA,NA,NA,Y,Y,A,07,0,1,0,0,0,0,0,0,0,-,-,34.07175827026367,-118.13268280029295,LOS ANGELES,ALHAMBRA,-118.13267517089844,34.07168960571289
91943359,2022,2022-12-15,9565,2022-12-03,1030,017648,NA,6,1,7,1942,0,1,1,NA,2,064,I-405 S/B,BEL AIR CREST ROAD,1584,S,N,A,-,Y,LA,NA,405,NA,NA,35.489,H,NA,L,Y,3,0,1,2,A,-,03,22350,NA,N,C,C,A,A,H,-,A,D,0,NA,NA,NA,NA,Y,NA,A,08,0,1,0,0,0,0,0,0,0,-,-,34.10634994506836,-118.47875213623048,LOS ANGELES,LOS ANGELES,-118.4788055419922,34.106319427490234
91943374,2022,2022-12-15,9535,2022-12-04,2313,022840,NA,7,3,9,1900,0,1,3,NA,2,620,SR-60 E/B TO I-605 N/B,I-605,525,W,N,B,-,Y,NA,NA,NA,NA,NA,NA,NA,NA,NA,N,4,0,1,1,A,-,03,22350,NA,N,E,I,A,B,H,-,C,D,0,NA,NA,NA,NA,Y,NA,A,07,0,0,1,0,0,0,0,0,0,-,-,34.034358978271484,-118.02969360351564,LOS ANGELES,UNINCORPORATED,-118.02969360351564,34.034358978271484
91943408,2022,2022-12-15,9535,2022-12-05,1745,021809,NA,1,2,9,1900,0,1,3,NA,2,600,SR-60 W/B TO I-710 S/B,HUMPHREYS AVENUE,600,E,N,A,-,Y,NA,NA,NA,NA,NA,NA,NA,NA,NA,N,4,0,1,2,A,-,03,22350,NA,M,C,C,A,A,H,-,C,D,0,NA,NA,NA,Y,Y,NA,F,25,0,0,1,0,0,0,0,0,0,-,-,34.031700134277344,-118.17131805419922,LOS ANGELES,UNINCORPORATED,NA,NA
91943420,2022,2022-12-15,9535,2022-12-05,1542,022418,NA,1,2,9,1900,0,2,4,NA,2,022,OLYMPIC BOULEVARD,CLELA AVENUE,0,NA,Y,A,-,N,NA,NA,NA,NA,NA,NA,NA,NA,NA,Y,4,0,2,2,A,-,09,21802,A,N,D,C,A,A,H,-,A,A,0,NA,NA,NA,NA,Y,NA,A,07,0,0,2,0,0,0,0,0,0,-,-,34.0171012878418,-118.16194152832033,LOS ANGELES,UNINCORPORATED,-118.1619873046875,34.01702117919922
91943421,2022,2022-12-15,9525,2022-12-12,0912,022927,NA,1,1,6,1975,0,1,1,NA,2,105,I-10 W/B FROM GRAND AVE.,GRAND AVE.,400,W,N,B,-,Y,NA,NA,NA,NA,NA,NA,NA,NA,NA,Y,4,0,1,1,A,-,03,22350,NA,N,E,I,A,B,H,-,A,D,0,NA,NA,NA,NA,Y,NA,A,01,0,0,1,0,0,0,0,0,0,-,-,34.0726318359375,-117.87380981445313,LOS ANGELES,WEST COVINA,-117.87380981445313,34.0726318359375
91943442,2022,2022-12-15,9525,2022-12-13,2340,020230,NA,2,3,6,1955,0,1,3,NA,2,605,SR-60 W/B (POMONA FREEWAY),SR-71 S/B (CHINO VALLEY FWY),2640,W,N,A,-,Y,LA,NA,60,NA,R,28.783,H,NA,L,N,3,0,1,2,A,-,01,23152,A,N,C,C,A,A,H,-,C,D,0,NA,NA,NA,Y,Y,Y,D,22,0,1,0,0,0,0,0,0,0,-,-,34.02505111694336,-117.75823974609376,LOS ANGELES,POMONA,-117.75823974609376,34.02499771118164
91943448,2022,2022-12-15,9565,2022-12-05,0515,017648,NA,1,3,7,1942,0,1,1,NA,2,062,I-405 N/B,EXPOSITION BLVD.,600,S,N,A,-,Y,LA,NA,405,NA,NA,29.82,H,NA,R,Y,4,0,1,2,D,-,00,NA,NA,N,B,C,A,A,H,-,D,D,0,NA,NA,NA,NA,Y,NA,-,-,0,0,1,0,0,0,0,0,0,-,-,34.034339904785156,-118.43692016601564,LOS ANGELES,LOS ANGELES,-118.43699645996094,34.03429412841797
91943494,2022,2022-12-15,9540,2022-12-09,0845,019853,NA,5,1,7,1942,0,1,1,NA,2,406,I-405 N/B (SAN DIEGO FWY.),SR-118,100,N,N,A,-,Y,LA,NA,405,NA,NA,46.879,H,NA,R,N,4,0,1,2,A,-,07,21658,A,N,C,C,A,A,H,-,A,D,0,NA,NA,NA,NA,Y,NA,A,01,0,0,1,0,0,0,0,0,0,-,-,34.266441345214844,-118.47200012207033,LOS ANGELES,LOS ANGELES,-118.4720458984375,34.266441345214844
91943496,2022,2022-12-15,9540,2022-12-04,1050,019853,NA,7,1,7,1942,0,1,1,NA,1,405,I-405 S/B FROM RINALDI ST.,RINALDI ST.,600,S,N,B,C,Y,LA,NA,405,NA,NA,47.642,H,NA,L,N,4,0,2,1,A,-,03,22350,NA,N,E,I,A,B,H,-,A,D,0,NA,NA,NA,NA,Y,NA,A,01,0,0,2,0,0,0,0,0,0,-,-,34.27735137939453,-118.47064971923828,LOS ANGELES,LOS ANGELES,-118.47044372558594,34.27729797363281
91943497,2022,2022-12-15,9525,2022-12-13,1645,022772,NA,2,2,9,1900,0,3,5,NA,2,001,CALIFORNIA AVE.,CAMINO REAL ST.,0,NA,Y,A,-,N,NA,NA,NA,NA,NA,NA,NA,NA,NA,Y,4,0,1,2,A,-,09,21804,A,N,D,C,A,A,H,-,B,A,0,NA,NA,NA,NA,Y,NA,D,22,0,0,1,0,0,0,0,0,0,-,-,34.12160110473633,-117.99803161621094,LOS ANGELES,UNINCORPORATED,-117.99806213378906,34.12146759033203
91943502,2022,2022-12-15,9535,2022-12-05,0925,022243,NA,1,1,5,1952,0,1,1,NA,2,105,I-105 W/B TO I-710 N/B,I-710 N/B (LONG BEACH FREEWAY),950,E,N,A,-,Y,NA,NA,NA,NA,NA,NA,NA,NA,NA,N,4,0,1,2,A,-,03,22350,NA,N,C,C,A,A,H,-,A,D,0,NA,NA,NA,NA,Y,NA,A,01,0,0,1,0,0,0,0,0,0,-,-,33.912498474121094,-118.1767120361328,LOS ANGELES,PARAMOUNT,-118.1767120361328,33.912498474121094
91943519,2022,2022-12-15,9575,2022-12-05,1540,022526,NA,1,2,6,1912,0,1,1,NA,2,051,I-5 S/B (GOLDEN STATE FREEWAY),OLIVE AVENUE,553,N,N,A,-,Y,LA,NA,5,NA,NA,29.275,H,NA,L,N,4,0,1,3,A,-,03,22350,NA,M,C,C,A,A,H,-,A,D,0,NA,NA,NA,NA,Y,NA,A,08,0,0,1,0,0,0,0,0,0,-,-,34.17979049682617,-118.31259155273438,LOS ANGELES,BURBANK,-118.3126220703125,34.17975997924805
91943521,2022,2023-04-03,9530,2022-11-03,0900,016842,NA,4,1,7,1941,0,1,1,NA,2,430,I-405 N/B (SAN DIEGO FREEWAY),PALO VERDE AVE.,105,N,N,A,-,Y,LA,NA,405,NA,NA,1.205,H,NA,R,Y,4,0,1,7,A,-,03,22350,NA,N,C,C,A,A,H,-,A,D,0,NA,NA,NA,NA,Y,NA,A,07,0,0,1,0,0,0,0,0,0,-,-,33.79759979248047,-118.10871124267578,LOS ANGELES,LONG BEACH,-118.10868072509766,33.79762268066406
91943528,2022,2022-12-15,9565,2022-12-03,1735,022057,NA,6,2,7,1942,0,1,1,NA,2,062,I-405 S/B,PICO BLVD,200,S,N,A,-,Y,LA,NA,405,NA,NA,29.763,H,NA,L,N,4,0,1,3,A,-,03,22350,NA,N,C,C,A,A,H,-,C,D,0,NA,NA,NA,NA,Y,NA,A,01,0,0,1,0,0,0,0,0,0,-,-,34.03335952758789,-118.4364776611328,LOS ANGELES,LOS ANGELES,-118.4364013671875,34.03342056274414
91943538,2022,2022-12-15,9565,2022-12-05,1300,023033,NA,1,1,9,1900,0,2,4,NA,1,032,SLAUSON AVENUE,OVERHILL DRIVE,190,W,N,A,-,N,NA,NA,NA,NA,NA,NA,NA,NA,NA,N,4,0,1,2,A,-,03,22350,NA,N,C,C,A,A,H,-,A,D,0,NA,NA,NA,NA,Y,NA,A,01,0,0,1,0,0,0,0,0,0,-,-,33.98876953125,-118.35491943359376,LOS ANGELES,UNINCORPORATED,-118.3547134399414,33.988887786865234
91943543,2022,2022-12-15,9590,2022-12-09,2355,021848,NA,5,3,7,1942,0,1,1,NA,2,050,I-110 N/B (HAF),FLORENCE AVENUE,100,S,N,A,-,Y,LA,NA,110,NA,NA,16.964,H,NA,R,N,3,0,1,3,A,-,01,23152,A,N,C,C,A,A,H,-,D,D,0,NA,NA,NA,NA,Y,Y,A,01,0,1,0,0,0,0,0,0,0,-,-,33.97426986694336,-118.28057098388672,LOS ANGELES,LOS ANGELES,-118.28072357177734,33.97426986694336
91943559,2022,2022-12-15,9525,2022-12-15,0530,018505,NA,4,3,4,1905,0,1,1,NA,2,213,I-210 W/B (FOOTHILL FWY),CERRITOS AVE,350,W,N,A,-,Y,LA,NA,210,NA,R,40,H,NA,L,N,4,0,1,2,A,-,03,22350,NA,N,C,C,A,A,H,-,D,D,0,NA,NA,NA,NA,Y,NA,A,01,0,0,1,0,0,0,0,0,0,-,-,34.12120819091797,-117.90070343017578,LOS ANGELES,AZUSA,-117.90070343017578,34.121185302734375
91943564,2022,2022-12-15,9550,2022-02-23,0215,021986,NA,3,3,9,1900,0,1,3,NA,2,600,STATE ROUTE 60 WESTBOUND,INTERSTATE 605,581,E,N,B,-,Y,LA,NA,60,NA,NA,11.84,H,NA,L,Y,1,1,0,4,C,-,18,NA,NA,N,D,C,E,A,H,-,D,D,0,Y,NA,NA,NA,Y,Y,-,-,0,0,0,1,0,0,0,0,0,-,-,34.03314971923828,-118.02516174316406,LOS ANGELES,UNINCORPORATED,-118.02516174316406,34.033145904541016
91943574,2022,2022-12-15,9590,2022-12-08,1215,016230,NA,4,1,7,1942,0,1,1,NA,2,040,US-101 NB SAF,WHITTIER BLVD,528,N,N,A,-,Y,LA,NA,101,NA,S,0.315,H,NA,R,N,4,0,2,2,A,-,07,21658,A,N,C,C,A,A,H,-,A,D,0,NA,NA,NA,NA,Y,NA,A,01,0,0,2,0,0,0,0,0,0,-,-,34.03852844238281,-118.22142028808594,LOS ANGELES,LOS ANGELES,-118.22146606445313,34.03852844238281
91943594,2022,2022-12-15,9565,2022-12-03,1925,022780,NA,6,2,7,1942,0,1,1,NA,2,060,I-405 N/B (SAN DIEGO FREEWAY),IMPERIAL HIGHWAY,1300,S,N,A,-,Y,LA,NA,405,NA,R,20.947,H,NA,R,Y,4,0,1,4,A,-,07,21658,A,N,C,2,A,A,H,-,C,D,0,NA,NA,NA,NA,Y,NA,A,01,0,0,1,0,0,0,0,0,0,-,-,33.9267692565918,-118.36820220947266,LOS ANGELES,LOS ANGELES,-118.3681869506836,33.9267692565918
91943618,2022,2022-12-15,9535,2022-11-02,1910,022808,NA,3,2,4,1907,0,1,1,NA,2,073,I-710 S/B (LONG BEACH FREEWAY),FLORENCE AVE,213,S,N,A,-,Y,LA,NA,710,NA,NA,19.678,H,NA,L,N,3,0,1,3,A,-,04,21703,NA,N,C,C,A,A,H,-,C,D,0,NA,NA,NA,NA,Y,NA,A,01,0,1,0,0,0,0,0,0,0,-,-,33.96746826171875,-118.16806030273438,LOS ANGELES,BELL,-118.16798400878906,33.96745300292969
91943633,2022,2022-12-15,9525,2022-12-14,0805,018505,NA,3,1,4,1960,0,1,1,NA,2,208,SR-210 E/B (FOOTHILL FWY),SAN DIMAS AVE,500,E,N,A,-,Y,LA,NA,210,NA,R,45.578,H,NA,R,N,4,0,1,3,A,-,03,22350,NA,N,C,C,A,A,H,-,A,D,0,NA,NA,NA,NA,Y,NA,D,22,0,0,1,0,0,0,0,0,0,-,-,34.11967086791992,-117.80529022216795,LOS ANGELES,SAN DIMAS,-117.80529022216795,34.11970901489258
91943648,2022,2022-12-15,9590,2022-12-10,1505,022431,NA,6,2,7,1942,0,1,3,NA,2,031,SR-60 W/B (POMONA FREEWAY),EUCLID AVENUE,100,E,N,B,-,Y,LA,NA,60,NA,R,0.995,H,NA,L,N,4,0,1,2,A,-,03,22350,NA,N,C,C,A,A,H,-,A,D,0,NA,NA,NA,NA,Y,NA,A,01,0,0,1,0,0,0,0,0,0,-,-,34.02838897705078,-118.20835876464844,LOS ANGELES,LOS ANGELES,-118.20835113525392,34.0284423828125
91943658,2022,2022-12-15,9535,2022-12-04,0430,022176,NA,7,3,3,1914,0,1,1,NA,2,500,I-5 N/B TO GARFIELD AVE.,GARFIELD BLVD,913,S,N,A,-,Y,LA,NA,5,NA,NA,10.705,H,NA,R,Y,4,0,1,1,A,-,01,23152,A,N,E,I,A,A,H,-,C,D,0,NA,NA,NA,NA,Y,Y,A,01,0,0,1,0,0,0,0,0,0,-,-,33.98598861694336,-118.1349868774414,LOS ANGELES,COMMERCE,-118.13516235351564,33.98581314086914
91943668,2022,2022-12-15,9590,2022-12-09,0600,016230,NA,5,1,7,1942,0,1,1,NA,2,065,I-10 WB SMF,SANTA FE AVENUE,340,E,N,A,-,Y,LA,NA,10,NA,NA,17.779,H,NA,L,N,4,0,2,4,A,-,07,21658,A,N,B,C,A,A,H,-,C,D,0,NA,NA,NA,NA,Y,NA,A,01,0,0,2,0,0,0,0,0,0,-,-,34.02873992919922,-118.228759765625,LOS ANGELES,LOS ANGELES,-118.22876739501952,34.02875518798828
91943671,2022,2022-12-15,9535,2022-12-05,1820,022418,NA,1,2,9,1900,0,2,4,NA,2,024,WHITTIER BOULEVARD,FORD BOULEVARD,0,NA,Y,A,-,N,NA,NA,NA,NA,NA,NA,NA,NA,NA,N,3,0,1,2,A,-,09,21804,A,N,D,G,A,A,H,-,C,A,0,NA,Y,NA,NA,Y,NA,L,04,0,1,0,0,0,0,1,0,0,-,-,34.02328872680664,-118.17098999023438,LOS ANGELES,UNINCORPORATED,-118.17105102539064,34.023319244384766