CASE_ID,ACCIDENT_YEAR,PROC_DATE,JURIS,COLLISION_DATE,COLLISION_TIME,OFFICER_ID,REPORTING_DISTRICT,DAY_OF_WEEK,CHP_SHIFT,POPULATION,CNTY_CITY_LOC,SPECIAL_COND,BEAT_TYPE,CHP_BEAT_TYPE,CITY_DIVISION_LAPD,CHP_BEAT_CLASS,BEAT_NUMBER,PRIMARY_RD,SECONDARY_RD,DISTANCE,DIRECTION,INTERSECTION,WEATHER_1,WEATHER_2,STATE_HWY_IND,CALTRANS_COUNTY,CALTRANS_DISTRICT,STATE_ROUTE,ROUTE_SUFFIX,POSTMILE_PREFIX,POSTMILE,LOCATION_TYPE,RAMP_INTERSECTION,SIDE_OF_HWY,TOW_AWAY,COLLISION_SEVERITY,NUMBER_KILLED,NUMBER_INJURED,PARTY_COUNT,PRIMARY_COLL_FACTOR,PCF_CODE_OF_VIOL,PCF_VIOL_CATEGORY,PCF_VIOLATION,PCF_VIOL_SUBSECTION,HIT_AND_RUN,TYPE_OF_COLLISION,MVIW,PED_ACTION,ROAD_SURFACE,ROAD_COND_1,ROAD_COND_2,LIGHTING,CONTROL_DEVICE,CHP_ROAD_TYPE,PEDESTRIAN_ACCIDENT,BICYCLE_ACCIDENT,MOTORCYCLE_ACCIDENT,TRUCK_ACCIDENT,NOT_PRIVATE_PROPERTY,ALCOHOL_INVOLVED,STWD_VEHTYPE_AT_FAULT,CHP_VEHTYPE_AT_FAULT,COUNT_SEVERE_INJ,COUNT_VISIBLE_INJ,COUNT_COMPLAINT_PAIN,COUNT_PED_KILLED,COUNT_PED_INJURED,COUNT_BICYCLIST_KILLED,COUNT_BICYCLIST_INJURED,COUNT_MC_KILLED,COUNT_MC_INJURED,PRIMARY_RAMP,SECONDARY_RAMP,LATITUDE,LONGITUDE,COUNTY,CITY,POINT_X,POINT_Y
91944395,2022,2022-12-21,9540,2022-12-02,0636,021132,NA,5,1,7,1942,0,1,1,NA,2,505,I-5 SOUTHBOUND TRUCK LANES,BALBOA BLVD.,2428,N,N,B,C,Y,LA,NA,5,S,C,44.88,H,NA,L,Y,2,0,1,2,A,-,03,22350,NA,N,D,2,A,B,H,-,C,D,0,NA,NA,NA,Y,Y,NA,B,07,1,0,0,0,0,0,0,0,0,-,-,34.32501983642578,-118.50208282470705,LOS ANGELES,LOS ANGELES,-118.5020751953125,34.32501983642578
91944400,2022,2022-12-16,9565,2022-12-07,1820,016074,NA,3,2,7,1942,0,1,1,NA,2,082,I-10 E/B (SANTA MONICA FWY),I-405 FWY,1000,E,N,A,-,Y,LA,NA,10,NA,R,5.828,H,NA,R,N,4,0,1,2,A,-,03,22350,NA,N,C,C,A,A,H,-,D,D,0,NA,NA,NA,NA,Y,NA,A,07,0,0,1,0,0,0,0,0,0,-,-,34.03165054321289,-118.42709350585938,LOS ANGELES,LOS ANGELES,-118.42709350585938,34.03166580200195
91944401,2022,2022-12-16,9590,2022-11-26,0240,022673,NA,6,3,7,1942,0,1,2,NA,2,070,US-101 N/B (HOLLYWOOD FREEWAY),VIRGIL AVENUE,160,S,N,A,-,Y,LA,NA,101,NA,NA,4.057,H,NA,R,Y,3,0,1,2,A,-,03,22350,NA,N,C,C,A,A,H,-,C,D,0,NA,NA,NA,NA,Y,NA,A,01,0,1,0,0,0,0,0,0,0,-,-,34.07823944091797,-118.28620147705078,LOS ANGELES,LOS ANGELES,-118.28619384765624,34.07826232910156
91944440,2022,2022-12-16,9530,2022-12-06,0645,021310,NA,2,1,7,1942,0,1,1,NA,2,200,I-105 W/B (GLENN ANDERSON FWY),HOOVER ST.,100,W,N,A,-,Y,LA,NA,105,NA,R,6.988,H,NA,L,Y,3,0,1,1,A,-,03,22350,NA,N,F,A,A,A,H,-,A,D,0,NA,NA,Y,NA,Y,NA,C,02,0,1,0,0,0,0,0,0,1,-,-,33.92887878417969,-118.28775787353516,LOS ANGELES,LOS ANGELES,-118.28775787353516,33.92885971069336
91944476,2022,2022-12-16,9550,2022-12-09,1310,017719,NA,5,1,9,1900,0,1,3,NA,2,601,STATE ROUTE 60 (POMONA FREEWAY),STIMSON AVENUE,150,W,N,A,-,Y,LA,NA,60,NA,NA,16.286,H,NA,R,Y,3,0,2,2,A,-,08,22107,NA,F,C,C,A,A,H,-,A,D,0,NA,NA,NA,NA,Y,NA,-,99,0,1,1,0,0,0,0,0,0,-,-,34.00524139404297,-117.9588623046875,LOS ANGELES,UNINCORPORATED,-117.95890045166016,34.0051383972168
91944551,2022,2022-12-16,9580,2022-12-10,0218,022492,NA,6,3,7,1942,0,1,2,NA,2,102,US-101 N/B (VENTURA FREEWAY) TO I-405 (SAN DEIGO F,I-405 N/B (SAN DIEGO FWY),625,E,N,A,-,Y,LA,NA,101,NA,NA,17.022,H,NA,R,Y,3,0,1,1,A,-,01,23152,A,N,E,I,A,A,H,-,C,D,0,NA,NA,NA,NA,Y,Y,A,01,0,1,0,0,0,0,0,0,0,-,-,34.16006088256836,-118.4672622680664,LOS ANGELES,LOS ANGELES,-118.46731567382813,34.159950256347656
91944561,2022,2022-12-16,9590,2022-11-17,2110,022984,NA,4,2,7,1942,0,1,1,NA,2,013,SR-110 S/B (ARROYO SECO PARKWAY),AVENUE 26,900,N,N,A,-,Y,LA,NA,110,NA,NA,26.079,H,NA,L,N,4,0,1,2,A,-,03,22350,NA,N,C,C,A,A,H,-,C,D,0,NA,NA,NA,NA,Y,NA,A,01,0,0,1,0,0,0,0,0,0,-,-,34.0848503112793,-118.21929931640624,LOS ANGELES,LOS ANGELES,-118.21932220458984,34.084877014160156
91944570,2022,2022-12-16,9545,2022-10-24,0522,020140,NA,1,3,9,1900,0,3,5,NA,1,005,AVENUE O,170TH STREET EAST,10,E,N,A,-,N,NA,NA,NA,NA,NA,NA,NA,NA,NA,Y,1,1,0,2,A,-,09,21804,A,N,D,C,A,A,H,-,C,D,0,NA,NA,Y,NA,Y,NA,C,02,0,0,0,0,0,0,0,1,0,-,-,34.61655044555664,-117.82665252685548,LOS ANGELES,UNINCORPORATED,-117.82686614990234,34.616539001464844
91944574,2022,2022-12-16,9525,2022-12-14,1730,021545,NA,3,2,9,1900,0,3,5,NA,2,003,GRAND AVE,LORENCITA DR,0,NA,Y,A,-,N,NA,NA,NA,NA,NA,NA,NA,NA,NA,Y,4,0,1,2,A,-,09,21802,B,N,D,C,A,A,H,-,C,A,0,NA,NA,NA,NA,Y,NA,D,22,0,0,1,0,0,0,0,0,0,-,-,34.06290054321289,-117.86843872070313,LOS ANGELES,UNINCORPORATED,-117.8682861328125,34.06283950805664
91944600,2022,2022-12-16,9540,2022-12-15,0730,018037,NA,4,1,9,1900,0,1,3,NA,1,143,SR-14 S/B (ANTELOPE VALLEY FREEWAY),SIERRA HIGHWAY U/C,745,N,N,A,-,Y,LA,NA,14,NA,R,25.293,H,NA,L,N,4,0,1,2,A,-,03,22350,NA,N,C,C,A,A,H,-,A,D,0,NA,NA,NA,NA,Y,NA,D,22,0,0,1,0,0,0,0,0,0,-,-,34.340850830078125,-118.5063934326172,LOS ANGELES,UNINCORPORATED,-118.5063705444336,34.340843200683594
91944618,2022,2022-12-16,9550,2022-12-01,1425,022613,NA,4,2,9,1900,0,1,1,NA,2,650,I-605 NORTHBOUND TO SR-60,SR-60,1320,S,N,B,-,Y,LA,NA,605,NA,R,17.153,H,NA,R,N,2,0,1,2,A,-,07,21658,A,F,B,2,A,A,H,-,A,D,0,NA,NA,NA,NA,Y,NA,-,99,1,0,0,0,0,0,0,0,0,-,-,34.031349182128906,-118.03031158447266,LOS ANGELES,UNINCORPORATED,-118.03036499023438,34.031394958496094
91944626,2022,2022-12-16,9590,2022-12-15,1450,022369,NA,4,2,7,1942,0,1,1,NA,2,052,I-110 N/B,FLOWER STREET,10,S,N,A,-,Y,LA,NA,110,NA,NA,20.757,H,NA,R,Y,4,0,1,3,A,-,03,22350,NA,N,B,C,A,A,H,-,A,D,0,NA,NA,Y,NA,Y,NA,C,02,0,0,1,0,0,0,0,0,1,-,-,34.02830123901367,-118.2742919921875,LOS ANGELES,LOS ANGELES,-118.27430725097656,34.02830123901367
91944637,2022,2022-12-16,9590,2022-11-27,0245,023052,NA,7,3,7,1942,0,1,1,NA,2,012,SR-110 NORTHBOUND (ARROYO SECO PARKWAY),AVENUE 60,480,N,N,A,-,Y,LA,NA,110,NA,NA,28.899,H,NA,R,Y,4,0,1,1,A,-,01,23152,A,N,E,I,A,A,H,-,C,D,0,NA,NA,NA,NA,Y,Y,A,01,0,0,1,0,0,0,0,0,0,-,-,34.10921859741211,-118.1848602294922,LOS ANGELES,LOS ANGELES,-118.18489837646484,34.10922622680664
91944668,2022,2022-12-16,9590,2022-12-06,1820,022136,NA,2,2,7,1942,0,1,2,NA,2,070,US-101 N/B (SANTA ANA FREEWAY),VIGNES ST.,830,S,N,A,-,Y,LA,NA,101,NA,NA,0.145,H,NA,R,N,3,0,1,2,A,-,03,22350,NA,N,C,C,A,A,H,-,C,D,0,NA,NA,NA,NA,Y,NA,A,08,0,1,0,0,0,0,0,0,0,-,-,34.05329895019531,-118.22943115234376,LOS ANGELES,LOS ANGELES,-118.22943878173828,34.053260803222656
91944685,2022,2022-12-16,9530,2022-10-07,2255,022805,NA,5,3,7,1941,0,1,1,NA,2,071,I-710 SOUTHBOUND,CARSON ST.,100,N,N,A,-,Y,LA,NA,710,NA,NA,9.823,H,NA,L,Y,2,0,3,2,A,-,01,23152,A,N,C,E,A,A,H,-,C,D,0,NA,NA,NA,NA,Y,Y,A,01,1,2,0,0,0,0,0,0,0,-,-,33.832420349121094,-118.20905303955078,LOS ANGELES,LONG BEACH,-118.20896911621094,33.832420349121094
91944694,2022,2022-12-16,9590,2022-11-03,1230,017520,NA,4,1,7,1942,0,1,1,NA,2,051,I-110 S/B (HAF),SLAUSON AVE.,400,N,N,A,-,Y,LA,NA,110,NA,NA,18.173,H,NA,L,N,4,0,1,2,A,-,07,21658,A,F,D,C,A,A,H,-,A,D,0,NA,NA,NA,NA,Y,NA,A,01,0,0,1,0,0,0,0,0,0,-,-,33.99169158935547,-118.2808074951172,LOS ANGELES,LOS ANGELES,-118.28057861328124,33.9916877746582
91944697,2022,2022-12-16,9530,2022-12-05,0000,021902,NA,1,3,5,1977,0,1,1,NA,2,410,NB I-405,MCHELEN AVE,10,N,N,B,C,Y,LA,NA,405,NA,NA,8.457,H,NA,R,N,3,0,1,1,A,-,08,22107,NA,N,E,I,A,B,H,-,C,D,0,NA,NA,NA,NA,Y,NA,A,01,0,1,0,0,0,0,0,0,0,-,-,33.82548904418945,-118.22226715087892,LOS ANGELES,CARSON,-118.22227478027344,33.82535171508789
91944702,2022,2022-12-16,9590,2022-11-14,0725,017520,NA,1,1,7,1942,0,1,1,NA,2,051,I-110 S/B (HAF),MANCEHSTER AVE,200,N,N,A,-,Y,LA,NA,110,NA,NA,16.133,H,NA,L,N,3,0,1,2,A,-,07,21658,A,M,B,C,A,A,H,-,A,D,0,NA,NA,NA,NA,Y,NA,-,99,0,1,0,0,0,0,0,0,0,-,-,33.96221923828125,-118.2808837890625,LOS ANGELES,LOS ANGELES,-118.28093719482422,33.96221923828125
91944717,2022,2022-12-16,9575,2022-12-06,1655,021006,NA,2,2,6,1925,0,1,3,NA,2,042,SR-134 E/B (VENTURA FREEWAY),PACIFIC AVENUE,75,W,N,A,-,Y,LA,NA,134,NA,R,6.572,H,NA,R,Y,4,0,1,3,A,-,03,22350,NA,N,C,C,A,A,A,H,B,D,0,NA,NA,NA,NA,Y,NA,A,01,0,0,1,0,0,0,0,0,0,-,-,34.15612030029297,-118.26477813720705,LOS ANGELES,GLENDALE,-118.2647705078125,34.15606689453125
91944724,2022,2022-12-16,9545,2022-12-12,0430,021640,NA,1,3,9,1900,0,3,5,NA,2,002,SR-14 N/B TO PALMDALE BLVD,AVENUE S,0,NA,Y,C,-,Y,NA,NA,NA,NA,NA,NA,NA,NA,NA,Y,4,0,1,2,A,-,03,22350,NA,N,D,C,A,B,H,-,C,A,0,NA,NA,NA,NA,Y,NA,A,01,0,0,1,0,0,0,0,0,0,-,-,34.5578498840332,-118.13316345214844,LOS ANGELES,UNINCORPORATED,-118.13233184814452,34.55792999267578
91944725,2022,2022-12-16,9580,2022-12-11,0637,020681,NA,7,1,7,1942,0,1,2,NA,2,101,US-101 S/B (VENTURA FREEWAY),WHITSETT AVE,500,N,N,C,-,Y,LA,NA,101,NA,NA,13.496,H,NA,L,N,3,0,1,2,A,-,03,22350,NA,N,C,C,A,B,H,-,B,D,0,NA,NA,NA,NA,Y,NA,A,07,0,1,0,0,0,0,0,0,0,-,-,34.15653991699219,-118.40709686279295,LOS ANGELES,LOS ANGELES,-118.40709686279295,34.156612396240234
91944745,2022,2022-12-16,9590,2022-12-12,1200,018345,NA,1,1,7,1942,0,1,1,NA,2,064,I-10 EASTBOUND (SANTA MONICA FREEWAY) TO I-5 NORTH,LOS ANGELES RIVER,40,W,N,A,-,Y,LA,NA,10,NA,NA,17.925,H,NA,R,N,4,0,1,2,A,-,08,22107,NA,N,B,C,A,A,H,-,A,D,0,NA,NA,NA,NA,Y,NA,A,01,0,0,1,0,0,0,0,0,0,-,-,34.02906036376953,-118.2263412475586,LOS ANGELES,LOS ANGELES,-118.2263412475586,34.02907180786133
91944752,2022,2022-12-16,9545,2022-12-15,1555,021814,NA,4,2,9,1900,0,3,5,NA,2,004,165TH ST E,AVENUE W-14,0,NA,Y,B,-,N,NA,NA,NA,NA,NA,NA,NA,NA,NA,Y,3,0,1,2,A,-,09,21801,A,N,A,C,A,A,H,-,A,D,0,NA,NA,NA,NA,Y,NA,A,08,0,1,0,0,0,0,0,0,0,-,-,34.48598861694336,-117.83534240722656,LOS ANGELES,UNINCORPORATED,-117.83534240722656,34.48603057861328
91944758,2022,2022-12-16,9590,2022-12-13,0925,018345,NA,2,1,7,1942,0,1,1,NA,2,061,I-10 WESTBOUND (SANTA MONICA FREEWAY) TO CRENSHAW,10TH AVE.,620,W,N,A,-,Y,LA,NA,10,NA,R,11.571,H,NA,L,N,4,0,1,2,A,-,03,22350,NA,N,C,C,A,A,H,-,A,D,0,NA,NA,NA,NA,Y,NA,A,07,0,0,1,0,0,0,0,0,0,-,-,34.03544998168945,-118.3306121826172,LOS ANGELES,LOS ANGELES,-118.33059692382813,34.03532028198242
91944760,2022,2022-12-16,9590,2022-12-13,0845,018345,NA,2,1,7,1942,0,1,1,NA,2,061,I-10 WESTBOUND (SANTA MONICA FREEWAY),GRAMERCY PL.,400,W,N,A,-,Y,LA,NA,10,NA,R,12.499,H,NA,L,N,4,0,1,3,A,-,03,22350,NA,N,C,C,A,A,H,-,A,D,0,NA,NA,NA,NA,Y,NA,A,01,0,0,1,0,0,0,0,0,0,-,-,34.037071228027344,-118.31459045410156,LOS ANGELES,LOS ANGELES,-118.31459808349608,34.03712844848633
91944770,2022,2022-12-16,9590,2022-12-13,0615,016230,NA,2,1,7,1942,0,1,2,NA,2,043,US-101 SB SAF,1ST STREET,168,N,N,A,-,Y,LA,NA,101,NA,S,0.941,H,NA,L,N,4,0,1,1,A,-,08,22107,NA,N,E,8,A,A,H,-,C,D,0,NA,NA,NA,NA,Y,NA,A,01,0,0,1,0,0,0,0,0,0,-,-,34.047889709472656,-118.22177124023438,LOS ANGELES,LOS ANGELES,-118.22171020507813,34.04790496826172
91944810,2022,2022-12-16,9575,2022-12-06,1930,022513,NA,2,2,9,1900,0,2,4,NA,2,310,BIG TUJUNGA CANYON ROAD,CLEARCREEK TRUCK TRAIL,2006,E,N,A,-,N,NA,NA,NA,NA,NA,NA,NA,NA,NA,N,3,0,1,1,A,-,08,22107,NA,N,F,I,A,A,H,-,D,D,0,NA,NA,NA,NA,Y,NA,A,01,0,1,0,0,0,0,0,0,0,-,-,34.2900505065918,-118.18736267089844,LOS ANGELES,UNINCORPORATED,NA,NA
91944850,2022,2023-02-06,9590,2022-12-06,1750,022569,NA,2,2,7,1942,0,1,1,NA,2,053,I-110 S/B (HARBOR FREEWAY),WASHINGTON BLVD,500,S,N,A,-,Y,LA,NA,110,NA,NA,21.203,H,NA,L,N,4,0,1,3,A,-,03,22350,NA,N,C,C,A,A,H,-,C,D,0,NA,NA,NA,NA,Y,NA,A,01,0,0,1,0,0,0,0,0,0,-,-,34.034828186035156,-118.27483367919922,LOS ANGELES,LOS ANGELES,-118.27458953857422,34.03480529785156
91944857,2022,2022-12-19,9590,2022-11-18,1750,022369,NA,5,2,7,1942,0,1,1,NA,2,010,SR-110 N/B,COLLEGE STREET,700,N,N,A,-,Y,LA,NA,110,NA,NA,24.42,H,NA,R,N,4,0,1,2,A,-,03,22350,NA,N,C,C,A,A,H,-,D,D,0,NA,NA,NA,NA,Y,NA,A,01,0,0,1,0,0,0,0,0,0,-,-,34.06761169433594,-118.2385482788086,LOS ANGELES,LOS ANGELES,-118.2385482788086,34.06761169433594
91944869,2022,2022-12-19,9590,2022-11-05,2046,022369,NA,6,2,7,1942,0,1,1,NA,2,051,I-110 S/B,MANCHESTER AVENUE,400,S,N,A,-,Y,LA,NA,110,NA,NA,15.862,H,NA,L,N,4,0,1,2,A,-,03,22350,NA,N,C,C,A,A,H,-,D,D,0,NA,NA,NA,NA,Y,NA,J,49,0,0,1,0,0,0,0,0,0,-,-,33.958248138427734,-118.28118896484376,LOS ANGELES,LOS ANGELES,-118.28092956542967,33.958248138427734
91944882,2022,2022-12-19,9590,2022-07-30,0251,022552,NA,6,3,7,1942,0,1,1,NA,2,050,INTERSTATE 110 NORTHBOUND,MANCHESTER AVENUE,349,N,N,A,-,Y,LA,NA,110,NA,NA,16.056,H,NA,R,N,1,1,0,2,A,-,03,22350,NA,F,D,C,A,A,H,-,C,D,0,NA,NA,NA,NA,Y,NA,A,01,0,0,0,0,0,0,0,0,0,-,-,33.961151123046875,-118.28058624267578,LOS ANGELES,LOS ANGELES,-118.28072357177734,33.961151123046875
91944883,2022,2022-12-19,9575,2022-12-06,1725,021006,NA,2,2,6,1925,0,1,3,NA,2,090,SR-2 E/B (GLENDALE FREEWAY),CHEVY CHASE DRIVE,110,W,N,A,-,Y,LA,NA,2,NA,R,19.405,H,NA,R,Y,4,0,1,3,A,-,07,21658,A,N,B,C,A,A,H,-,B,D,0,NA,NA,NA,NA,Y,NA,A,01,0,0,1,0,0,0,0,0,0,-,-,34.15509033203125,-118.22406768798828,LOS ANGELES,GLENDALE,-118.22413635253906,34.15509033203125
91945085,2022,2022-12-19,9590,2022-11-20,0130,022404,NA,7,3,7,1942,0,1,1,NA,2,084,I-5 N/B (GOLDEN STATE FREEWAY),COLORADO BLVD,1100,S,N,A,-,Y,LA,NA,5,NA,NA,25.569,H,NA,R,N,4,0,1,2,A,-,01,23152,A,N,C,C,A,A,H,-,C,D,0,NA,NA,NA,NA,Y,Y,A,07,0,0,1,0,0,0,0,0,0,-,-,34.137901306152344,-118.27642059326172,LOS ANGELES,LOS ANGELES,-118.27642059326172,34.13789749145508
91945123,2022,2022-12-19,9590,2022-12-16,1555,022431,NA,5,2,7,1942,0,1,1,NA,2,080,I-5 N/B (GOLDEN STATE FREEWAY),BOYLE AVENUE,300,N,N,A,-,Y,NA,NA,NA,NA,NA,NA,NA,NA,NA,N,4,0,1,3,A,-,03,22350,NA,N,C,C,A,A,H,-,C,D,0,NA,NA,NA,NA,Y,NA,A,01,0,0,1,0,0,0,0,0,0,-,-,34.03385925292969,-118.22010040283205,LOS ANGELES,LOS ANGELES,-118.2206573486328,34.03420639038086
91945128,2022,2022-12-19,9590,2022-09-28,2340,022984,NA,3,3,7,1942,0,1,1,NA,2,020,US-101 S/B (SAF) TO I-10 E/B (SBF) TRANSITION ROAD,CESAR CHAVEZ AVENUE,95,N,N,A,-,Y,LA,NA,10,NA,S,0.078,H,NA,R,Y,4,0,1,1,A,-,01,23152,A,N,A,J,A,A,H,-,C,D,0,NA,NA,NA,NA,Y,Y,A,01,0,0,1,0,0,0,0,0,0,-,-,34.05289077758789,-118.22324371337892,LOS ANGELES,LOS ANGELES,-118.22325134277344,34.05290222167969
91945130,2022,2022-12-19,9590,2022-12-04,0405,022701,NA,7,3,7,1942,0,1,1,NA,2,061,I-10 W/B (SANTA MONICA FREEWAY),GRAMERCY PL,500,E,N,B,-,Y,LA,NA,10,NA,R,12.603,H,NA,L,N,3,0,1,1,A,-,08,22107,NA,N,E,I,A,A,H,-,C,D,0,NA,NA,NA,NA,Y,NA,A,01,0,1,0,0,0,0,0,0,0,-,-,34.03742980957031,-118.31279754638672,LOS ANGELES,LOS ANGELES,-118.3127899169922,34.0372314453125
91945135,2022,2022-12-19,9590,2022-03-24,0215,021122,NA,4,3,7,1942,0,1,2,NA,2,070,INTERSTATE 10 WESTBOUND,6TH AVENUE,71,W,N,A,-,Y,LA,NA,10,NA,R,11.949,H,NA,L,Y,1,1,1,2,A,-,01,23152,A,N,C,C,A,A,H,-,D,D,0,NA,NA,NA,NA,Y,Y,A,01,0,1,0,0,0,0,0,0,0,-,-,34.035858154296875,-118.32405853271484,LOS ANGELES,LOS ANGELES,-118.32406616210938,34.035892486572266
91945136,2022,2022-12-19,9590,2022-12-07,2115,021912,NA,3,2,7,1942,0,1,1,NA,2,062,I-10 E/B (SANTA MONICA FREEWAY),HOOVER STREET,1050,W,N,A,-,Y,LA,NA,10,NA,R,14.043,H,NA,R,N,4,0,2,2,A,-,03,22350,NA,N,C,C,A,A,H,-,C,D,0,NA,NA,NA,NA,Y,NA,A,01,0,0,2,0,0,0,0,0,0,-,-,34.03678894042969,-118.28768157958984,LOS ANGELES,LOS ANGELES,-118.28768157958984,34.03679275512695
91945337,2022,2023-06-09,9580,2022-12-09,1910,022591,NA,5,2,7,1942,0,1,1,NA,2,404,I-405 N/B (SAN DIEGO FWY),SEPULVEDA BLVD,1000,S,N,A,-,Y,LA,NA,405,NA,NA,37.998,H,NA,R,Y,4,0,2,4,D,-,00,NA,NA,N,B,C,A,A,H,-,D,D,0,NA,NA,NA,NA,Y,NA,-,-,0,0,2,0,0,0,0,0,0,-,-,34.13990020751953,-118.47103881835938,LOS ANGELES,LOS ANGELES,-118.47104644775392,34.13990020751953
91945344,2022,2022-12-19,9580,2022-12-16,1110,021522,NA,5,1,7,1942,0,1,1,NA,2,405,I-405 S/B (SAN DIEGO FWY),BURBANK BLVD,300,N,N,A,-,Y,LA,NA,405,NA,NA,40.345,H,NA,L,N,4,0,3,2,A,-,03,22350,NA,N,C,C,A,A,H,-,A,D,0,NA,NA,NA,Y,Y,NA,F,25,0,0,3,0,0,0,0,0,0,-,-,34.173011779785156,-118.46788024902344,LOS ANGELES,LOS ANGELES,-118.46780395507813,34.173011779785156
91945347,2022,2022-12-19,9580,2022-12-15,1750,022535,NA,4,2,7,1942,0,1,3,NA,2,171,SR-170 S/B (HOLLYWOOD FWY),RIVERSIDE DR,70,S,N,A,-,Y,LA,NA,170,NA,R,14.837,H,NA,L,Y,4,0,1,2,A,-,08,22107,NA,N,B,C,A,A,H,-,D,D,0,NA,NA,NA,NA,Y,NA,A,07,0,0,1,0,0,0,0,0,0,-,-,34.1574592590332,-118.37947082519533,LOS ANGELES,LOS ANGELES,-118.37955474853516,34.15743637084961
91945349,2022,2022-12-19,9580,2022-12-11,1200,019544,NA,7,1,3,1989,0,1,2,NA,2,106,US-101 N/B (VENTURA FWY),LAS VIRGENES RD,2112,S,N,A,-,Y,LA,NA,101,NA,NA,30.569,H,NA,R,N,3,0,2,3,A,-,03,22350,NA,N,C,2,A,A,H,-,A,D,0,NA,NA,Y,NA,Y,NA,A,01,0,1,1,0,0,0,0,0,0,-,-,34.15105056762695,-118.69065856933594,LOS ANGELES,CALABASAS,-118.69064331054688,34.15110778808594
91945419,2022,2022-12-19,9530,2022-12-18,0320,022702,NA,7,3,7,1942,0,1,1,NA,2,110,S/B I-110 JNO 190TH STREET,SR-91,1740,N,N,A,-,Y,LA,NA,110,NA,NA,10.216,H,NA,L,Y,3,0,3,2,A,-,01,23152,A,N,C,C,A,A,H,-,A,D,0,NA,NA,NA,NA,Y,Y,A,01,0,3,0,0,0,0,0,0,0,-,-,33.87770080566406,-118.28514099121094,LOS ANGELES,LOS ANGELES,-118.28514099121094,33.87770080566406
91945458,2022,2022-12-27,9540,2022-12-10,2340,021447,NA,6,3,9,1900,0,2,4,NA,2,010,THE OLD RD (24900 BLOCK),SAGECREST CIR,5,S,N,B,C,N,NA,NA,NA,NA,NA,NA,NA,NA,NA,Y,2,0,4,2,A,-,01,23152,A,N,C,C,A,B,H,-,C,A,0,NA,NA,NA,NA,Y,Y,A,01,1,1,2,0,0,0,0,0,0,-,-,34.37154006958008,-118.5615234375,LOS ANGELES,UNINCORPORATED,-118.56779479980467,34.37789535522461
91945462,2022,2022-12-19,9525,2022-12-04,0157,020632,NA,7,3,4,1913,0,1,1,NA,2,210,SR-210 E/B FOOTHILL FRWY,BASELINE RD.,180,E,N,A,-,Y,LA,NA,210,NA,R,51.903,H,NA,R,Y,2,0,1,1,A,-,01,23152,A,N,E,I,A,A,H,-,C,D,0,NA,NA,NA,NA,Y,Y,A,01,1,0,0,0,0,0,0,0,0,-,-,34.1220703125,-117.69568634033205,LOS ANGELES,CLAREMONT,-117.69564056396484,34.12202453613281
91945465,2022,2022-12-19,9540,2022-12-03,1505,022401,NA,6,2,7,1942,0,1,1,NA,2,210,I-210 WESTBOUND (FOOTHILL FREEWAY),FOOTHILL BLVD,250,W,N,A,-,Y,LA,NA,210,NA,R,0.376,H,NA,L,N,3,0,1,1,A,-,08,22107,NA,N,E,I,A,A,D,E,A,D,0,NA,NA,NA,NA,Y,NA,A,07,0,1,0,0,0,0,0,0,0,-,-,34.31882858276367,-118.4855728149414,LOS ANGELES,LOS ANGELES,-118.48535919189452,34.31867980957031
91945471,2022,2022-12-19,9530,2022-12-07,0047,021490,NA,3,3,7,1942,0,1,1,NA,2,110,I-110 S/B,108TH STREET,275,N,N,A,-,Y,LA,NA,110,NA,NA,14.536,H,NA,L,N,2,0,1,2,A,-,03,22350,NA,N,C,C,A,A,H,-,D,D,0,NA,NA,NA,NA,Y,NA,A,01,1,0,0,0,0,0,0,0,0,-,-,33.939090728759766,-118.28028869628906,LOS ANGELES,LOS ANGELES,-118.28018188476564,33.9390869140625
91945480,2022,2022-12-19,9575,2022-12-07,1715,023031,NA,3,2,6,1925,0,1,1,NA,2,050,I-5 S/B (GOLDEN STATE FREEWAY),SONORA AVENUE,400,S,N,A,-,Y,LA,NA,5,NA,NA,27.462,H,NA,L,Y,4,0,3,2,A,-,03,22350,NA,N,C,C,A,A,H,-,D,D,0,NA,NA,NA,NA,Y,NA,A,01,0,0,3,0,0,0,0,0,0,-,-,34.16014099121094,-118.29264831542967,LOS ANGELES,GLENDALE,-118.29271697998048,34.16011428833008
91945491,2022,2022-12-19,9590,2022-10-23,1435,022102,NA,7,2,7,1942,0,1,1,NA,2,060,I-10 E/B (SANTA MONICA FREEWAY),NORMANDIE AVE,250,W,N,A,-,Y,LA,NA,10,NA,R,13.263,H,NA,R,N,4,0,1,3,A,-,03,22350,NA,N,C,C,A,A,H,-,A,D,0,NA,NA,NA,NA,Y,NA,A,01,0,0,1,0,0,0,0,0,0,-,-,34.03696823120117,-118.30130004882813,LOS ANGELES,LOS ANGELES,-118.30130004882813,34.03697967529297