CASE_ID,ACCIDENT_YEAR,PROC_DATE,JURIS,COLLISION_DATE,COLLISION_TIME,OFFICER_ID,REPORTING_DISTRICT,DAY_OF_WEEK,CHP_SHIFT,POPULATION,CNTY_CITY_LOC,SPECIAL_COND,BEAT_TYPE,CHP_BEAT_TYPE,CITY_DIVISION_LAPD,CHP_BEAT_CLASS,BEAT_NUMBER,PRIMARY_RD,SECONDARY_RD,DISTANCE,DIRECTION,INTERSECTION,WEATHER_1,WEATHER_2,STATE_HWY_IND,CALTRANS_COUNTY,CALTRANS_DISTRICT,STATE_ROUTE,ROUTE_SUFFIX,POSTMILE_PREFIX,POSTMILE,LOCATION_TYPE,RAMP_INTERSECTION,SIDE_OF_HWY,TOW_AWAY,COLLISION_SEVERITY,NUMBER_KILLED,NUMBER_INJURED,PARTY_COUNT,PRIMARY_COLL_FACTOR,PCF_CODE_OF_VIOL,PCF_VIOL_CATEGORY,PCF_VIOLATION,PCF_VIOL_SUBSECTION,HIT_AND_RUN,TYPE_OF_COLLISION,MVIW,PED_ACTION,ROAD_SURFACE,ROAD_COND_1,ROAD_COND_2,LIGHTING,CONTROL_DEVICE,CHP_ROAD_TYPE,PEDESTRIAN_ACCIDENT,BICYCLE_ACCIDENT,MOTORCYCLE_ACCIDENT,TRUCK_ACCIDENT,NOT_PRIVATE_PROPERTY,ALCOHOL_INVOLVED,STWD_VEHTYPE_AT_FAULT,CHP_VEHTYPE_AT_FAULT,COUNT_SEVERE_INJ,COUNT_VISIBLE_INJ,COUNT_COMPLAINT_PAIN,COUNT_PED_KILLED,COUNT_PED_INJURED,COUNT_BICYCLIST_KILLED,COUNT_BICYCLIST_INJURED,COUNT_MC_KILLED,COUNT_MC_INJURED,PRIMARY_RAMP,SECONDARY_RAMP,LATITUDE,LONGITUDE,COUNTY,CITY,POINT_X,POINT_Y
91953296,2022,2022-12-27,9550,2022-12-17,1810,022895,NA,6,2,9,1900,0,2,4,NA,1,031,HACIENDA BOULEVARD,SHADYBEND DRIVE,100,S,N,A,-,N,NA,NA,NA,NA,NA,NA,NA,NA,NA,Y,3,0,1,2,A,-,17,21235,G,N,D,C,A,A,H,-,C,D,0,NA,NA,NA,NA,Y,NA,M,94,0,1,0,0,0,0,0,0,0,-,-,34.00904846191406,-117.96376800537108,LOS ANGELES,UNINCORPORATED,-117.9636459350586,34.00908660888672
91953365,2022,2022-12-27,9540,2022-12-16,0659,018513,NA,5,1,9,1900,0,1,3,NA,2,146,SR-14 NB (ANTELOPE VALLEY FREEWAY),AGUA DULCE CYN RD,5280,S,N,A,-,Y,LA,NA,14,NA,NA,38.789,H,NA,R,Y,4,0,1,3,A,-,03,22350,NA,N,C,2,E,A,H,-,A,D,0,Y,NA,NA,NA,Y,NA,A,07,0,0,1,0,1,0,0,0,0,-,-,34.45956039428711,-118.3446807861328,LOS ANGELES,UNINCORPORATED,-118.34465789794922,34.459537506103516
91953377,2022,2022-12-27,9550,2022-12-23,1035,018187,NA,5,1,9,1900,0,3,5,NA,2,002,MILLS AVE,DICKY ST,150,N,N,B,-,N,NA,NA,NA,NA,NA,NA,NA,NA,NA,Y,4,0,1,2,A,-,07,21658,A,N,B,C,A,A,H,-,A,D,0,NA,NA,NA,NA,Y,NA,A,07,0,0,1,0,0,0,0,0,0,-,-,33.94247055053711,-118.02866363525392,LOS ANGELES,UNINCORPORATED,-118.02871704101564,33.9423828125
91953381,2022,2022-12-27,9590,2022-09-11,0102,022720,NA,7,3,7,1942,0,1,2,NA,2,073,US-101 S/B (HOF) TO N. GOWER STREET,N. GOWER. STREET,120,N,N,A,-,Y,NA,NA,NA,NA,NA,NA,NA,NA,NA,N,3,0,1,2,A,-,11,21954,A,N,G,B,E,A,H,-,C,D,0,Y,NA,NA,NA,Y,NA,N,60,0,1,0,0,1,0,0,0,0,-,-,34.10398864746094,-118.32398223876952,LOS ANGELES,LOS ANGELES,-118.32398223876952,34.10398864746094
91953400,2022,2022-12-27,9550,2022-12-18,1520,022895,NA,7,2,9,1900,0,1,3,NA,2,600,SR-60 W/B,WORKMAN MILL ROAD,500,E,N,A,-,Y,LA,NA,60,NA,NA,12.135,H,NA,L,Y,4,0,3,3,A,-,03,22350,NA,F,C,C,A,A,H,-,A,D,0,NA,NA,NA,NA,Y,NA,A,01,0,0,3,0,0,0,0,0,0,-,-,34.03107833862305,-118.02060699462892,LOS ANGELES,UNINCORPORATED,-118.02060699462892,34.03108215332031
91953403,2022,2022-12-27,9525,2022-12-26,0430,022521,NA,1,3,5,1906,0,1,1,NA,2,104,I-10 E/B (SAN BERNARDINO FWY),BALDWIN PARK BLVD,1000,W,N,A,-,Y,LA,NA,10,NA,NA,31.967,H,NA,R,Y,4,0,1,2,A,-,03,22350,NA,N,C,C,A,A,H,-,C,D,0,NA,NA,NA,NA,Y,NA,A,07,0,0,1,0,0,0,0,0,0,-,-,34.066810607910156,-117.98592376708984,LOS ANGELES,BALDWIN PARK,-117.98593902587892,34.066917419433594
91953442,2022,2022-12-27,9590,2022-12-23,1836,022552,NA,5,2,7,1942,0,1,1,NA,2,012,SR-110 N/B (ASP),AVENUE 60,105,S,N,A,-,Y,LA,NA,110,NA,NA,28.738,H,NA,R,N,2,0,2,1,A,-,01,23152,A,N,E,I,A,A,H,-,C,D,0,NA,NA,NA,NA,Y,Y,A,01,1,1,0,0,0,0,0,0,0,-,-,34.10744857788086,-118.18643188476564,LOS ANGELES,LOS ANGELES,-118.18638610839844,34.107418060302734
91953454,2022,2022-12-27,9590,2022-12-22,1710,021492,NA,4,2,7,1942,0,1,1,NA,2,083,I-5 S/B (GOLDEN STATE FREEWAY),RIVERSIDE DR,150,N,N,A,-,Y,LA,NA,5,NA,NA,21.993,H,NA,L,N,4,0,1,2,A,-,07,21658,A,N,B,C,A,A,H,-,C,D,0,NA,NA,Y,NA,Y,NA,A,01,0,0,1,0,0,0,0,0,1,-,-,34.096038818359375,-118.24446868896484,LOS ANGELES,LOS ANGELES,-118.2445068359375,34.09601593017578
91953488,2022,2022-12-27,9575,2022-12-15,1405,021006,NA,4,2,6,1953,0,1,1,NA,2,064,I-210 W/B (FOOTHILL FREEWAY),HILL AVENUE,1500,E,N,A,-,Y,LA,NA,210,NA,R,27.291,H,NA,L,N,4,0,1,2,A,-,03,22350,NA,M,C,C,A,A,H,-,A,D,0,NA,NA,NA,NA,Y,NA,-,99,0,0,1,0,0,0,0,0,0,-,-,34.15250015258789,-118.11556243896484,LOS ANGELES,PASADENA,-118.11556243896484,34.15254592895508
91953507,2022,2022-12-27,9525,2022-12-24,0035,022521,NA,6,3,9,1900,0,3,5,NA,2,001,LIVE OAK AVE.,MAYFLOWER AVE.,215,W,N,A,-,N,NA,NA,NA,NA,NA,NA,NA,NA,NA,Y,2,0,2,2,A,-,01,23152,A,N,B,C,A,A,H,-,C,D,0,NA,NA,Y,NA,Y,Y,C,02,2,0,0,0,0,0,0,0,2,-,-,34.11037063598633,-118.01000213623048,LOS ANGELES,UNINCORPORATED,-118.00978088378906,34.11037826538086
91953518,2022,2022-12-27,9525,2022-12-22,1534,022627,NA,4,2,6,1955,0,1,1,NA,2,110,I-10 E/B (SAN BERNARDINO FWY),TOWNE AVE,125,W,N,B,-,Y,LA,NA,10,NA,NA,46.375,H,NA,R,Y,4,0,1,3,A,-,03,22350,NA,M,C,C,A,A,H,-,A,D,0,NA,NA,NA,NA,Y,NA,A,01,0,0,1,0,0,0,0,0,0,-,-,34.077789306640625,-117.74226379394533,LOS ANGELES,POMONA,-117.74230194091795,34.07786560058594
91953520,2022,2022-12-27,9565,2022-12-14,2140,021951,NA,3,2,6,1933,0,1,1,NA,2,060,I-405 S/B (SAN DIEGO FWY),ARBOR VITAE STREET,750,S,N,A,-,Y,LA,NA,405,NA,NA,22.618,H,NA,L,Y,3,0,1,3,A,-,03,22350,NA,N,B,2,A,A,H,-,C,D,0,NA,NA,NA,NA,Y,NA,A,07,0,1,0,0,0,0,0,0,0,-,-,33.9509391784668,-118.36904907226564,LOS ANGELES,INGLEWOOD,-118.36903381347656,33.95094299316406
91953542,2022,2022-12-27,9590,2022-12-25,1545,021492,NA,7,2,7,1942,0,1,1,NA,2,083,I-5 S/B (GOLDEN STATE FREEWAY),MISSION RD,650,S,N,A,-,Y,LA,NA,5,NA,NA,18.665,H,NA,L,Y,4,0,1,2,A,-,03,22350,NA,N,C,C,A,A,H,-,A,D,0,NA,NA,NA,NA,Y,NA,A,01,0,0,1,0,0,0,0,0,0,-,-,34.05833053588867,-118.21444702148438,LOS ANGELES,LOS ANGELES,-118.21448516845705,34.058326721191406
91953555,2022,2022-12-27,9545,2022-12-20,1745,022093,NA,2,2,9,1900,0,3,5,NA,2,004,90TH STREET EAST,DUNFORD AVENUE,400,S,N,A,-,N,NA,NA,NA,NA,NA,NA,NA,NA,NA,Y,2,0,3,2,A,-,08,22107,NA,N,A,C,A,A,H,-,D,A,0,NA,NA,NA,NA,Y,NA,A,01,2,0,1,0,0,0,0,0,0,-,-,34.55141830444336,-117.97457122802734,LOS ANGELES,UNINCORPORATED,-117.97413635253906,34.55202102661133
91953598,2022,2022-12-27,9530,2022-12-15,1256,018887,NA,4,1,9,1900,0,3,5,NA,2,004,SANTA FE AVENUE (18900 BLOCK),COMPTON CREEK,226,S,N,B,-,N,NA,NA,NA,NA,NA,NA,NA,NA,NA,N,4,0,1,2,A,-,07,21658,A,N,B,C,A,A,H,-,A,D,0,NA,NA,NA,Y,Y,NA,G,26,0,0,1,0,0,0,0,0,0,-,-,33.85988998413086,-118.21614837646484,LOS ANGELES,UNINCORPORATED,-118.2157974243164,33.895999908447266
91953665,2022,2022-12-27,9545,2022-12-13,1727,021173,NA,2,2,6,1950,0,1,3,NA,2,021,SR-14 S/B,AVENUE O,1056,S,N,A,-,Y,LA,NA,14,NA,R,62.558,H,NA,L,Y,4,0,1,4,A,-,03,22350,NA,N,C,C,A,A,H,-,D,D,0,NA,NA,NA,NA,Y,NA,-,-,0,0,1,0,0,0,0,0,0,-,-,34.6150016784668,-118.15352630615234,LOS ANGELES,PALMDALE,-118.15350341796876,34.6150016784668
91953690,2022,2022-12-27,9530,2022-10-18,0620,021004,NA,2,1,9,1900,0,3,5,NA,2,001,FLORENCE AVE,CROCKETT BLVD,0,NA,Y,A,-,N,NA,NA,NA,NA,NA,NA,NA,NA,NA,N,4,0,2,2,A,-,09,21801,A,N,D,C,A,A,H,-,B,A,0,NA,NA,NA,NA,Y,NA,A,01,0,0,2,0,0,0,0,0,0,-,-,33.97467041015625,-118.23680877685548,LOS ANGELES,UNINCORPORATED,-118.23685455322266,33.9747200012207
91953696,2022,2022-12-27,9530,2022-10-18,1210,021004,NA,2,1,9,1900,0,3,5,NA,2,001,HOLMES AVE (7100 BLOCK),FLORENCE AVE,110,N,N,A,-,N,NA,NA,NA,NA,NA,NA,NA,NA,NA,N,3,0,2,3,C,-,18,NA,NA,N,C,C,A,A,H,-,A,D,0,NA,NA,NA,NA,Y,NA,-,-,0,1,1,0,0,0,0,0,0,-,-,33.975101470947266,-118.2412109375,LOS ANGELES,UNINCORPORATED,-118.2412567138672,33.9747314453125
91953968,2022,2022-12-28,9580,2022-12-27,2136,022008,NA,2,2,7,1942,0,1,2,NA,2,103,US-101 S/B (VENTURA FREEWAY),I-405 (SAN DIEGO FREEWAY),1584,N,N,B,-,Y,LA,NA,101,NA,NA,17.472,H,NA,L,N,4,0,1,2,A,-,08,22107,NA,M,B,C,A,B,H,-,E,D,0,NA,NA,NA,NA,Y,NA,-,99,0,0,1,0,0,0,0,0,0,-,-,34.163658142089844,-118.47280120849608,LOS ANGELES,LOS ANGELES,-118.47269439697266,34.163726806640625
91953969,2022,2022-12-28,9580,2022-12-27,1500,018583,NA,2,2,7,1942,0,1,1,NA,2,406,I-405 N/B (SAN DIEGO FWY),PLUMMER STREET,50,N,N,B,C,Y,LA,NA,405,NA,NA,45.241,H,NA,R,N,4,0,1,2,A,-,03,22350,NA,N,C,C,A,B,H,-,A,D,0,NA,NA,NA,NA,Y,NA,D,22,0,0,1,0,0,0,0,0,0,-,-,34.24269104003906,-118.47283935546876,LOS ANGELES,LOS ANGELES,-118.4728775024414,34.24269104003906
91953975,2022,2022-12-28,9540,2022-12-21,2058,021190,NA,3,2,9,1900,0,2,4,NA,2,081,THE OLD ROAD,SILVER ASPEN WAY,440,N,N,A,-,N,NA,NA,NA,NA,NA,NA,NA,NA,NA,Y,4,0,1,2,A,-,09,21801,A,N,D,C,A,A,H,-,C,D,0,NA,NA,NA,NA,Y,NA,D,22,0,0,1,0,0,0,0,0,0,-,-,34.41109085083008,-118.57910919189452,LOS ANGELES,UNINCORPORATED,-118.57924652099608,34.411014556884766
91953981,2022,2022-12-28,9575,2022-12-18,1740,022946,NA,7,2,7,1942,0,1,1,NA,2,053,I-5 N/B (GOLDEN STATE FREEWAY),TERRA BELLA ST,400,N,N,A,-,Y,LA,NA,5,NA,NA,38.053,H,NA,R,Y,4,0,1,2,A,-,03,22350,NA,N,C,C,A,A,H,-,C,D,0,NA,NA,NA,NA,Y,NA,A,07,0,0,1,0,0,0,0,0,0,-,-,34.25175857543945,-118.42949676513672,LOS ANGELES,LOS ANGELES,-118.42963409423828,34.25166702270508
91953982,2022,2022-12-28,9525,2022-12-17,2130,022509,NA,6,2,9,1900,0,1,3,NA,1,024,SR-39 (SAN GABRIEL CANYON RD.),WEST FORK BRIDGE,3168,N,N,A,-,Y,LA,NA,39,NA,NA,27.595,H,NA,R,Y,2,0,1,1,A,-,03,22350,NA,N,E,I,A,A,H,-,D,D,0,NA,NA,NA,NA,Y,NA,A,01,1,0,0,0,0,0,0,0,0,-,-,34.24871063232422,-117.86550903320313,LOS ANGELES,UNINCORPORATED,-117.8654327392578,34.24868392944336
91953995,2022,2022-12-28,9540,2022-12-22,0139,022153,NA,4,3,9,1900,0,1,1,NA,2,513,I-5 S/B,SMOKEY BEAR RD,2030,N,N,A,-,Y,LA,NA,5,NA,R,78.373,H,NA,L,Y,2,0,1,1,A,-,01,23152,A,N,E,I,A,A,H,-,D,D,0,NA,NA,NA,NA,Y,Y,A,07,1,0,0,0,0,0,0,0,0,-,-,34.71337890625,-118.79862213134766,LOS ANGELES,UNINCORPORATED,-118.79850006103516,34.713401794433594
91954000,2022,2022-12-28,9525,2022-12-20,1310,019146,NA,2,1,6,1955,0,1,3,NA,2,072,SR-71 N/B (CHINO VALLEY FWY),SR-60 W/B (POMONA FWY),900,N,N,A,-,Y,LA,NA,71,NA,R,4.218,H,NA,R,N,3,0,3,3,A,-,03,22350,NA,N,C,C,A,A,D,-,A,D,0,NA,NA,NA,NA,Y,NA,D,22,0,1,2,0,0,0,0,0,0,-,-,34.02537155151367,-117.75128173828124,LOS ANGELES,POMONA,-117.75151824951172,34.02519607543945
91954014,2022,2022-12-28,9530,2022-12-15,2320,021902,NA,4,3,7,1941,0,1,1,NA,2,420,I-405 N/B (SAN DIEGO FREEWAY),PACIFIC PL.,100,N,N,A,-,Y,LA,NA,405,NA,NA,7.091,H,NA,R,Y,2,0,1,1,A,-,01,23152,A,N,E,I,A,A,H,-,C,D,0,NA,NA,NA,NA,Y,Y,D,22,1,0,0,0,0,0,0,0,0,-,-,33.823638916015625,-118.1995086669922,LOS ANGELES,LONG BEACH,-118.19947814941406,33.82368469238281
91954022,2022,2022-12-28,9575,2022-12-19,1005,021344,NA,1,1,9,1900,0,1,1,NA,2,062,EB I-210 TO WB SR-2,WALTONIA DRIVE,265,S,N,A,-,Y,NA,NA,NA,NA,NA,NA,NA,NA,NA,Y,4,0,2,2,A,-,07,21658,A,M,B,C,A,A,H,-,A,D,0,NA,NA,NA,Y,Y,NA,A,01,0,0,2,0,0,0,0,0,0,-,-,34.208740234375,-118.22183990478516,LOS ANGELES,UNINCORPORATED,-118.22183990478516,34.208740234375
91954042,2022,2022-12-28,9565,2022-12-15,1758,021706,NA,4,2,9,1900,0,3,5,NA,2,006,SEPULVEDA BLVD,CONSTITUTION AVE,0,NA,Y,B,-,N,NA,NA,NA,NA,NA,NA,NA,NA,NA,Y,3,0,1,2,A,-,12,21453,A,N,D,C,A,A,H,-,C,A,0,NA,NA,NA,NA,Y,NA,A,01,0,1,0,0,0,0,0,0,0,-,-,34.06013107299805,-118.45516204833984,LOS ANGELES,UNINCORPORATED,-118.45504760742188,34.06013870239258
91954071,2022,2022-12-28,9530,2022-12-15,1720,023048,NA,4,2,9,1900,0,3,5,NA,2,002,EL SEGUNDO BLVD.,CENTRAL AVE.,0,NA,Y,A,-,N,NA,NA,NA,NA,NA,NA,NA,NA,NA,N,4,0,1,2,D,-,00,NA,NA,N,D,C,A,A,H,-,C,A,0,NA,NA,NA,NA,Y,NA,-,-,0,0,1,0,0,0,0,0,0,-,-,33.91633987426758,-118.25444793701172,LOS ANGELES,UNINCORPORATED,-118.2543716430664,33.91635513305664
91954082,2022,2022-12-28,9550,2022-12-24,0240,022738,NA,6,3,3,1964,0,1,1,NA,2,500,I-5 NB,FLORENCE AVENUE,335,N,N,A,-,Y,LA,NA,5,NA,NA,6.457,H,NA,R,Y,4,0,1,2,A,-,01,23152,A,F,B,C,A,A,H,-,C,D,0,NA,NA,NA,NA,Y,Y,A,01,0,0,1,0,0,0,0,0,0,-,-,33.93632888793945,-118.09310150146484,LOS ANGELES,SANTA FE SPRINGS,-118.09325408935548,33.936256408691406
91954088,2022,2022-12-28,9530,2022-12-15,1405,023048,NA,4,2,9,1900,0,3,5,NA,2,002,ROSECRANS AVE.,AVALON BLVD.,240,E,N,A,-,N,NA,NA,NA,NA,NA,NA,NA,NA,NA,N,4,0,1,2,A,-,03,22350,NA,N,C,D,A,A,H,-,A,D,0,NA,NA,NA,NA,Y,NA,A,01,0,0,1,0,0,0,0,0,0,-,-,33.90227127075195,-118.26355743408205,LOS ANGELES,UNINCORPORATED,-118.26450347900392,33.90225601196289
91954114,2022,2022-12-28,9565,2022-12-15,1923,022878,NA,4,2,7,1942,0,1,1,NA,2,082,I-10 E/B,BARRINGTON AVENUE,100,W,N,A,-,Y,LA,NA,10,NA,R,4.801,H,NA,R,N,3,0,1,2,A,-,03,22350,NA,M,C,C,A,A,H,-,D,D,0,NA,NA,NA,NA,Y,NA,A,07,0,1,0,0,0,0,0,0,0,-,-,34.029300689697266,-118.44461059570313,LOS ANGELES,LOS ANGELES,-118.44463348388672,34.02936553955078
91954134,2022,2022-12-28,9540,2022-12-24,1000,021349,NA,6,1,7,1942,0,1,1,NA,1,502,I-5 N/B,SR-14,830,S,N,A,-,Y,LA,NA,5,NA,R,45.466,H,NA,R,N,4,0,1,3,A,-,03,22350,NA,N,C,C,A,A,H,-,A,D,0,NA,NA,NA,Y,Y,NA,D,22,0,0,1,0,0,0,0,0,0,-,-,34.33245086669922,-118.50697326660156,LOS ANGELES,LOS ANGELES,-118.5071258544922,34.3323860168457
91954147,2022,2022-12-28,9525,2022-12-25,2220,019890,NA,7,3,6,1955,0,1,3,NA,2,072,SR-71 N/B (CHINO VALLEY FWY),VALLEY BLVD.,1584,S,N,A,-,Y,LA,NA,71,NA,NA,1.226,H,NA,R,Y,4,0,1,1,A,-,08,22107,NA,N,E,I,A,A,H,-,D,D,0,NA,NA,NA,NA,Y,NA,A,01,0,0,1,0,0,0,0,0,0,-,-,34.05799102783203,-117.7856216430664,LOS ANGELES,POMONA,-117.78565216064452,34.05796813964844
91954159,2022,2022-12-28,9550,2022-12-11,0150,022820,NA,7,3,6,1920,0,1,1,NA,2,500,INTERSTATE 5 NORTHBOUND,LAKEWOOD BLVD.,580,N,N,C,-,Y,LA,NA,5,NA,NA,8.432,H,NA,R,Y,4,0,1,2,A,-,08,22107,NA,N,B,C,A,B,H,-,C,D,0,NA,NA,NA,NA,Y,NA,A,07,0,0,1,0,0,0,0,0,0,-,-,33.959190368652344,-118.11331939697266,LOS ANGELES,DOWNEY,-118.11338043212892,33.95913314819336
91954160,2022,2022-12-28,9575,2022-12-19,0834,021344,NA,1,1,9,1900,0,1,1,NA,2,062,EB I-210 FROM PENNSYLVANIA AVENUE,PENNSYLVANIA AVENUE,10,E,N,A,-,Y,NA,NA,NA,NA,NA,NA,NA,NA,NA,Y,3,0,1,1,A,-,03,22350,NA,N,F,A,A,A,H,-,A,A,0,NA,NA,Y,NA,Y,NA,C,02,0,1,0,0,0,0,0,0,1,-,-,34.222450256347656,-118.24859619140624,LOS ANGELES,UNINCORPORATED,-118.24859619140624,34.222450256347656
91954180,2022,2022-12-28,9550,2022-12-04,0245,022820,NA,7,3,5,1919,0,1,1,NA,2,652,INTERSTATE 605 SOUTHBOUND,DEL AMO BOULEVARD,648,N,N,E,-,Y,LA,NA,605,NA,R,3.007,H,NA,L,N,3,0,2,1,A,-,08,22107,NA,N,E,8,A,A,H,-,C,D,0,NA,NA,NA,NA,Y,NA,A,01,0,2,0,0,0,0,0,0,0,-,-,33.8477783203125,-118.09368896484376,LOS ANGELES,CERRITOS,-118.09355926513672,33.84782028198242
91954183,2022,2022-12-28,9535,2022-12-16,2355,022694,NA,5,3,5,1959,0,1,1,NA,2,401,I-10 W/B TO TEMPLE CITY BLVD,I-10 W/B (SAN BERNARDINO FREEWAY),80,N,N,A,-,Y,NA,NA,NA,NA,NA,NA,NA,NA,NA,Y,4,0,1,2,A,-,01,23152,A,F,C,C,A,A,H,-,C,D,0,NA,NA,NA,NA,Y,Y,A,01,0,0,1,0,0,0,0,0,0,-,-,34.072898864746094,-118.0584716796875,LOS ANGELES,ROSEMEAD,-118.0584716796875,34.072898864746094
91954184,2022,2022-12-28,9575,2022-12-19,1820,021006,NA,1,2,6,1953,0,1,1,NA,2,064,I-210 E/B (FOOTHILL FREEWAY),SIERRA MADRE VILLA AVENUE,1000,W,N,A,-,Y,LA,NA,210,NA,R,29,H,NA,R,N,4,0,2,2,A,-,03,22350,NA,N,C,C,A,A,H,-,C,D,0,NA,NA,NA,NA,Y,NA,A,07,0,0,2,0,0,0,0,0,0,-,-,34.14884948730469,-118.08731079101564,LOS ANGELES,PASADENA,-118.08725738525392,34.148902893066406
91954206,2022,2022-12-28,9535,2022-12-10,0235,022822,NA,6,3,9,1900,0,1,S,NA,2,904,I-605 S/B (SAN GABRIEL RIVER FREEWAY),UNION PACIFIC RAILROAD,188,S,N,A,-,Y,LA,NA,605,NA,R,14.738,H,NA,L,N,4,0,2,2,A,-,08,22107,NA,N,B,E,A,A,H,-,D,D,0,NA,NA,NA,Y,Y,NA,A,01,0,0,2,0,0,0,0,0,0,-,-,34.0092887878418,-118.05828094482422,LOS ANGELES,UNINCORPORATED,-118.05816650390624,34.009220123291016
91954217,2022,2022-12-28,9550,2022-12-27,1535,022474,NA,2,2,9,1900,0,1,3,NA,2,602,STATE ROUTE 60 E/B,FAIRWAY DRIVE,340,W,N,B,C,Y,LA,NA,60,NA,R,21.423,H,NA,R,N,4,0,1,2,A,-,03,22350,NA,N,C,C,A,B,H,-,A,D,0,NA,NA,NA,NA,Y,NA,A,01,0,0,1,0,0,0,0,0,0,-,-,33.99605941772461,-117.87149810791016,LOS ANGELES,UNINCORPORATED,-117.87149047851564,33.99602127075195
91954221,2022,2022-12-28,9565,2022-12-16,0304,021951,NA,5,3,5,1928,0,1,1,NA,2,012,I-105 W/B (CENTURY FWY),CRENSHAW BLVD.,1630,W,N,A,-,Y,LA,NA,105,NA,R,4.411,H,NA,L,Y,3,0,1,2,A,-,03,22350,NA,M,C,C,A,A,H,-,C,D,0,NA,NA,Y,NA,Y,NA,C,02,0,1,0,0,0,0,0,0,1,-,-,33.925140380859375,-118.33203125,LOS ANGELES,HAWTHORNE,-118.33202362060548,33.92507553100586
91954255,2022,2022-12-28,9535,2022-12-15,2030,022842,NA,4,2,4,1907,0,1,1,NA,2,073,I-710 S/B (LONG BEACH FREEWAY),FLORENCE AVE,560,N,N,A,-,Y,LA,NA,710,NA,NA,19.844,H,NA,L,N,3,0,1,2,A,-,07,21658,A,F,B,C,A,A,H,-,D,D,0,NA,NA,NA,NA,Y,NA,-,99,0,1,0,0,0,0,0,0,0,-,-,33.9698486328125,-118.16776275634766,LOS ANGELES,BELL,-118.16773986816406,33.969852447509766
91954262,2022,2022-12-28,9575,2022-12-20,0630,015204,NA,2,1,7,1942,0,1,3,NA,2,041,SR-134 WB TO SR-2 W/B,SR-2 E/B (GLENDALE FREEWAY),1056,E,N,A,-,Y,NA,NA,NA,NA,NA,NA,NA,NA,NA,N,4,0,1,4,A,-,03,22350,NA,N,C,C,A,A,H,-,B,D,0,NA,NA,NA,NA,Y,NA,A,01,0,0,1,0,0,0,0,0,0,-,-,34.14598846435547,-118.22202301025392,LOS ANGELES,LOS ANGELES,-118.22202301025392,34.14598846435547
91954274,2022,2022-12-28,9530,2022-12-11,0700,022986,NA,7,1,7,1942,0,1,1,NA,2,110,I-110 S/B (HARBOR FREEWAY),109TH PLACE,110,S,N,C,-,Y,LA,NA,110,NA,NA,14.38,H,NA,L,Y,4,0,1,2,A,-,03,22350,NA,M,C,D,A,B,H,-,A,D,0,NA,NA,NA,NA,Y,Y,-,99,0,0,1,0,0,0,0,0,0,-,-,33.93682861328125,-118.28034210205078,LOS ANGELES,LOS ANGELES,-118.28019714355467,33.93682861328125
91954287,2022,2022-12-28,9565,2022-12-16,0940,017713,NA,5,1,9,1900,0,2,4,NA,2,042,LENNOX BLVD.,CONDON AVE.,20,W,N,A,-,N,NA,NA,NA,NA,NA,NA,NA,NA,NA,N,3,0,1,2,A,-,03,22350,NA,N,C,C,A,A,H,-,A,A,0,NA,NA,NA,NA,Y,NA,A,01,0,1,0,0,0,0,0,0,0,-,-,33.93817138671875,-118.35929107666016,LOS ANGELES,UNINCORPORATED,-118.35921478271484,33.938167572021484
91954323,2022,2022-12-28,9530,2022-12-12,1800,020300,NA,1,2,7,1942,0,1,1,NA,2,400,I-405 S/B (SAN DIEGO FREEWAY),NORMANDIE AVE.,1000,S,N,A,-,Y,LA,NA,405,NA,NA,13.654,H,NA,L,Y,4,0,3,3,A,-,03,22350,NA,N,C,C,A,A,H,-,C,D,0,NA,NA,NA,NA,Y,NA,A,07,0,0,3,0,0,0,0,0,0,-,-,33.859718322753906,-118.29582977294922,LOS ANGELES,LOS ANGELES,-118.29582977294922,33.8597297668457
91954349,2022,2022-12-28,9530,2022-12-13,1540,023038,NA,2,2,9,1900,0,3,5,NA,2,002,EL SEGUNDO BLVD. (1100 BLOCK),CENTRAL AVE.,125,W,N,A,-,N,NA,NA,NA,NA,NA,NA,NA,NA,NA,N,3,0,2,2,A,-,09,21804,A,N,D,C,A,A,H,-,A,D,0,NA,NA,NA,NA,Y,NA,A,07,0,1,1,0,0,0,0,0,0,-,-,33.916419982910156,-118.25496673583984,LOS ANGELES,UNINCORPORATED,-118.25449371337892,33.916358947753906
91954369,2022,2022-12-28,9530,2022-12-09,1915,022585,NA,5,2,7,1941,0,1,3,NA,1,470,SR-47 NB VICENT THOMAS BRIDGE,HARBOR BOULEVARD,2750,N,N,A,-,Y,LA,NA,47,NA,NA,1.309,H,NA,R,N,3,0,1,2,A,-,03,22350,NA,N,C,C,A,A,H,-,C,D,0,NA,NA,NA,NA,Y,NA,A,01,0,1,0,0,0,0,0,0,0,-,-,33.749629974365234,-118.27195739746094,LOS ANGELES,LONG BEACH,-118.27198028564452,33.74952697753906
91954385,2022,2022-12-28,9530,2022-12-11,0850,022696,NA,7,1,7,1942,0,1,1,NA,2,400,NORMANDIE AVE. FROM I-405 N/B,I-405 N/B (SAN DIEGO FREEWAY),265,N,N,B,C,Y,NA,NA,NA,NA,NA,NA,NA,NA,NA,N,2,0,1,3,A,-,03,22350,NA,N,C,C,E,B,H,-,A,D,0,Y,NA,NA,NA,Y,NA,D,22,1,0,0,0,1,0,0,0,0,-,-,33.8607292175293,-118.29847717285156,LOS ANGELES,LOS ANGELES,-118.29924011230467,33.86045837402344