CASE_ID,ACCIDENT_YEAR,PROC_DATE,JURIS,COLLISION_DATE,COLLISION_TIME,OFFICER_ID,REPORTING_DISTRICT,DAY_OF_WEEK,CHP_SHIFT,POPULATION,CNTY_CITY_LOC,SPECIAL_COND,BEAT_TYPE,CHP_BEAT_TYPE,CITY_DIVISION_LAPD,CHP_BEAT_CLASS,BEAT_NUMBER,PRIMARY_RD,SECONDARY_RD,DISTANCE,DIRECTION,INTERSECTION,WEATHER_1,WEATHER_2,STATE_HWY_IND,CALTRANS_COUNTY,CALTRANS_DISTRICT,STATE_ROUTE,ROUTE_SUFFIX,POSTMILE_PREFIX,POSTMILE,LOCATION_TYPE,RAMP_INTERSECTION,SIDE_OF_HWY,TOW_AWAY,COLLISION_SEVERITY,NUMBER_KILLED,NUMBER_INJURED,PARTY_COUNT,PRIMARY_COLL_FACTOR,PCF_CODE_OF_VIOL,PCF_VIOL_CATEGORY,PCF_VIOLATION,PCF_VIOL_SUBSECTION,HIT_AND_RUN,TYPE_OF_COLLISION,MVIW,PED_ACTION,ROAD_SURFACE,ROAD_COND_1,ROAD_COND_2,LIGHTING,CONTROL_DEVICE,CHP_ROAD_TYPE,PEDESTRIAN_ACCIDENT,BICYCLE_ACCIDENT,MOTORCYCLE_ACCIDENT,TRUCK_ACCIDENT,NOT_PRIVATE_PROPERTY,ALCOHOL_INVOLVED,STWD_VEHTYPE_AT_FAULT,CHP_VEHTYPE_AT_FAULT,COUNT_SEVERE_INJ,COUNT_VISIBLE_INJ,COUNT_COMPLAINT_PAIN,COUNT_PED_KILLED,COUNT_PED_INJURED,COUNT_BICYCLIST_KILLED,COUNT_BICYCLIST_INJURED,COUNT_MC_KILLED,COUNT_MC_INJURED,PRIMARY_RAMP,SECONDARY_RAMP,LATITUDE,LONGITUDE,COUNTY,CITY,POINT_X,POINT_Y
91959647,2022,2023-01-04,9575,2022-12-27,1955,022953,NA,2,2,7,1942,0,1,1,NA,2,061,I-210 E/B (FOOTHILL FREEWAY),WHEATLAND AVENUE,2640,E,N,C,-,Y,LA,NA,210,NA,R,9.973,H,NA,R,Y,4,0,2,2,A,-,03,22350,NA,N,E,I,A,B,H,-,C,D,0,NA,NA,NA,NA,Y,NA,A,01,0,0,2,0,0,0,0,0,0,-,-,34.27104187011719,-118.34404754638672,LOS ANGELES,LOS ANGELES,-118.34410095214844,34.27086639404297
91959657,2022,2023-01-04,9535,2022-10-14,0705,022277,NA,5,1,5,1977,0,1,S,NA,2,904,I-405 S/B (SAN DIEGO FREEWAY),MAIN STREET,1742,S,N,A,-,Y,LA,NA,405,NA,NA,12.269,H,NA,L,Y,3,0,1,2,A,-,03,22350,NA,N,C,C,A,A,H,-,B,D,0,NA,NA,NA,NA,Y,NA,A,01,0,1,0,0,0,0,0,0,0,-,-,33.84999084472656,-118.27577972412108,LOS ANGELES,CARSON,-118.2758331298828,33.84994125366211
91959668,2022,2023-01-04,9575,2022-12-27,1934,022110,NA,2,2,3,1991,0,1,1,NA,2,062,I-210 W/B (FOOTHILL FREEWAY),SR-2 E/B TRANSITION TO FOOTHILL BLVD,39,E,N,C,-,Y,LA,NA,210,NA,R,18.901,H,NA,L,Y,4,0,2,1,A,-,03,22350,NA,N,F,I,A,B,H,-,D,D,0,NA,NA,NA,NA,Y,NA,A,01,0,0,2,0,0,0,0,0,0,-,-,34.20766067504883,-118.21707916259766,LOS ANGELES,LA CANADA-FLINTRIDGE,-118.21712493896484,34.20756149291992
91959696,2022,2023-01-04,9525,2022-12-15,0600,018997,NA,4,1,6,1955,0,1,3,NA,2,615,SR-60 W/B (POMONA FWY),RESERVOIR ST.,150,W,N,A,-,Y,LA,NA,60,NA,R,30.303,H,NA,L,N,4,0,1,4,A,-,03,22350,NA,N,C,C,A,A,H,-,A,D,0,NA,NA,NA,NA,Y,NA,A,07,0,0,1,0,0,0,0,0,0,-,-,34.02505111694336,-117.73216247558594,LOS ANGELES,POMONA,-117.73216247558594,34.02512741088867
91959705,2022,2023-01-04,9575,2022-12-27,1350,021394,NA,2,1,7,1942,0,1,3,NA,2,043,SR-134 E/B (VENTURA FREEWAY),RIVERSIDE DR.,2000,E,N,C,-,Y,LA,NA,134,NA,R,5.199,H,NA,R,N,4,0,1,2,A,-,03,22350,NA,N,C,C,A,B,H,-,A,D,0,NA,NA,NA,NA,Y,NA,A,01,0,0,1,0,0,0,0,0,0,-,-,34.15357971191406,-118.28756713867188,LOS ANGELES,LOS ANGELES,-118.28755950927734,34.153594970703125
91959707,2022,2023-01-04,9530,2022-12-22,1915,022687,NA,4,2,9,1900,0,3,5,NA,2,001,FIR AVE (BLOCK 8600),FIRESTONE BLVD.,195,S,N,A,-,N,NA,NA,NA,NA,NA,NA,NA,NA,NA,N,4,0,2,2,A,-,08,22107,NA,N,D,C,A,A,H,-,D,D,0,NA,NA,NA,NA,Y,NA,A,01,0,0,2,0,0,0,0,0,0,-,-,33.95949172973633,-118.23738861083984,LOS ANGELES,UNINCORPORATED,-118.2374267578125,33.9596061706543
91959708,2022,2023-01-04,9535,2022-12-22,1500,022740,NA,4,2,4,1907,0,1,1,NA,2,072,I-710 N/B  (LONG BEACH FREEWAY),FLORENCE AVE,2300,S,N,A,-,Y,LA,NA,710,NA,NA,19.288,H,NA,R,N,4,0,1,2,A,-,07,21658,A,N,B,C,A,A,H,-,A,D,0,NA,NA,NA,NA,Y,NA,A,01,0,0,1,0,0,0,0,0,0,-,-,33.96200942993164,-118.16973114013672,LOS ANGELES,BELL,-118.16973876953124,33.962013244628906
91959715,2022,2023-01-04,9535,2022-12-16,1945,022808,NA,5,2,5,1943,0,1,1,NA,2,105,I-105 WB (CENTURY FREEWAY),ATLANTIC AVE,410,E,N,A,-,Y,LA,NA,105,NA,R,12.952,H,NA,L,N,3,0,1,2,A,-,07,21658,A,N,B,C,A,A,H,-,C,D,0,NA,NA,Y,NA,Y,NA,A,01,0,1,0,0,0,0,0,0,1,-,-,33.91569900512695,-118.18813323974608,LOS ANGELES,LYNWOOD,-118.18810272216795,33.915748596191406
91959762,2022,2023-01-04,9530,2022-12-23,1135,023051,NA,5,1,7,1942,0,1,1,NA,2,110,I-110 S/B (HARBOR FREEWAY),ROSECRANS AVE.,950,S,N,A,-,Y,LA,NA,110,NA,NA,11.697,H,NA,L,Y,4,0,1,3,A,-,03,22350,NA,N,C,C,A,A,H,-,A,D,0,NA,NA,NA,NA,Y,NA,A,07,0,0,1,0,0,0,0,0,0,-,-,33.8991584777832,-118.28688049316406,LOS ANGELES,LOS ANGELES,-118.28675079345705,33.8991584777832
91959775,2022,2023-01-04,9590,2022-12-22,0920,017733,NA,4,1,7,1942,0,1,1,NA,2,082,I-5 N/B (GOLDEN STATE FREEWAY),RIVERSIDE DRIVE,100,S,N,B,-,Y,LA,NA,5,NA,NA,21.903,H,NA,R,N,4,0,1,2,A,-,03,22350,NA,N,C,C,A,A,H,-,A,D,0,NA,NA,NA,NA,Y,NA,A,01,0,0,1,0,0,0,0,0,0,-,-,34.09505081176758,-118.24326324462892,LOS ANGELES,LOS ANGELES,-118.24327850341795,34.095035552978516
91959785,2022,2023-01-04,9530,2022-12-22,1430,023048,NA,4,2,5,1977,0,1,3,NA,2,310,SR-91 W/B (ARTESIA FREEWAY),MAIN ST.,200,E,N,A,-,Y,LA,NA,91,NA,R,7.167,H,NA,L,N,4,0,1,2,A,-,03,22350,NA,N,C,C,A,A,H,-,A,D,0,NA,NA,NA,NA,Y,NA,D,22,0,0,1,0,0,0,0,0,0,-,-,33.87269973754883,-118.27065277099608,LOS ANGELES,CARSON,-118.27065277099608,33.87271499633789
91959790,2022,2023-01-04,9565,2022-12-21,1320,022219,NA,3,1,5,1928,0,1,1,NA,2,012,I-105 W/B (CENTURY FREEWAY),PRAIRIE AVENUE,600,E,N,A,-,Y,LA,NA,105,NA,R,3.734,H,NA,L,Y,3,0,1,1,A,-,03,22350,NA,N,F,A,A,A,H,-,A,D,0,NA,NA,Y,NA,Y,NA,C,02,0,1,0,0,0,0,0,0,1,-,-,33.92918014526367,-118.34217071533205,LOS ANGELES,HAWTHORNE,-118.34227752685548,33.929073333740234
91959796,2022,2023-04-13,9535,2022-12-02,0220,022694,NA,5,3,3,1914,0,1,1,NA,2,501,I-5 S/B (SANTA ANA FREEWAY),WASHINGTON BLVD.,1056,S,N,B,C,Y,LA,NA,5,NA,NA,11.273,H,NA,L,N,4,0,2,2,A,-,03,22350,NA,N,E,I,A,B,H,-,C,D,0,NA,NA,NA,NA,Y,NA,A,01,0,0,2,0,0,0,0,0,0,-,-,33.991981506347656,-118.14183044433594,LOS ANGELES,COMMERCE,-118.14186096191406,33.99195861816406
91959804,2022,2023-01-04,9590,2022-09-18,1015,023052,NA,7,1,7,1942,0,1,3,NA,2,031,SR-60 WESTBOUND (POF),SOTO STREET,100,E,N,A,-,Y,LA,NA,60,NA,NA,0.407,H,NA,L,N,4,0,1,2,A,-,07,21658,A,N,B,C,A,A,H,-,A,D,0,NA,NA,NA,NA,Y,NA,I,11,0,0,1,0,0,0,0,0,0,-,-,34.029640197753906,-118.21804809570313,LOS ANGELES,LOS ANGELES,-118.2180404663086,34.029579162597656
91959863,2022,2023-01-04,9565,2022-12-22,1755,022104,NA,4,2,7,1942,0,1,1,NA,2,063,I-405 S/B,SANTA MONICA BLVD.,150,N,N,A,-,Y,LA,NA,405,NA,NA,30.905,H,NA,L,Y,3,0,2,2,A,-,07,21658,A,N,C,C,A,A,H,-,C,D,0,NA,NA,NA,NA,Y,NA,A,07,0,2,0,0,0,0,0,0,0,-,-,34.047420501708984,-118.4471435546875,LOS ANGELES,LOS ANGELES,-118.44718933105467,34.04738998413086
91959915,2022,2023-01-04,9530,2022-12-05,1405,023051,NA,1,2,9,1900,0,3,5,NA,2,002,EL SEGUNDO BLVD (12700 BLOCK),WILLOWBROOK AVE.,50,E,N,B,-,N,NA,NA,NA,NA,NA,NA,NA,NA,NA,N,3,0,1,2,A,-,01,23152,A,M,B,C,A,A,H,-,A,D,0,NA,NA,NA,NA,Y,Y,A,07,0,1,0,0,0,0,0,0,0,-,-,33.916290283203125,-118.23101806640624,LOS ANGELES,UNINCORPORATED,-118.23155212402344,33.91626739501953
91959929,2022,2023-01-04,9565,2022-12-22,1224,023014,NA,4,1,5,1928,0,1,1,NA,2,060,I-405 N/B TO I-105 E/B,I-105 (CENTURY FWY),200,S,N,A,-,Y,NA,NA,NA,NA,NA,NA,NA,NA,NA,Y,4,0,1,1,A,-,08,22107,NA,N,E,H,A,A,H,-,A,D,0,NA,NA,NA,NA,Y,NA,-,-,0,0,1,0,0,0,0,0,0,-,-,33.92987823486328,-118.36608123779295,LOS ANGELES,HAWTHORNE,-118.36608123779295,33.92987823486328
91959945,2022,2023-01-04,9535,2022-11-19,0250,022812,NA,6,3,5,1969,0,1,1,NA,2,075,I-710 (LONG BEACH FREEWAY) N/B,IMPERIAL HWY,966,N,N,A,-,Y,LA,NA,710,NA,NA,17.287,H,NA,R,Y,2,0,1,1,A,-,01,23152,A,N,E,I,A,A,H,-,D,D,0,NA,NA,NA,NA,Y,Y,A,01,1,0,0,0,0,0,0,0,0,-,-,33.934730529785156,-118.17665863037108,LOS ANGELES,SOUTH GATE,-118.17657470703124,33.93466567993164
91959946,2022,2023-01-04,9565,2022-12-22,1325,022145,NA,4,1,6,1933,0,1,1,NA,2,060,I-405 NORTHBOUND (SAN DIEGO FREEWAY),HILLCREST BOULEVARD,460,S,N,A,-,Y,LA,NA,405,NA,NA,22.907,H,NA,R,N,4,0,2,4,A,-,03,22350,NA,N,C,C,A,A,H,-,A,D,0,NA,NA,NA,NA,Y,NA,A,07,0,0,2,0,0,0,0,0,0,-,-,33.95512008666992,-118.36937713623048,LOS ANGELES,INGLEWOOD,-118.36924743652344,33.95512008666992
91959948,2022,2023-01-04,9565,2022-12-21,0755,017060,NA,3,1,9,1900,0,2,4,NA,2,022,NORMANDE AVE,101ST ST,2,N,N,A,-,N,NA,NA,NA,NA,NA,NA,NA,NA,NA,N,3,0,1,3,A,-,03,22350,NA,F,C,C,A,B,H,-,A,D,0,NA,NA,NA,NA,Y,NA,A,01,0,1,0,0,0,0,0,0,0,-,-,33.94506072998047,-118.30032348632813,LOS ANGELES,UNINCORPORATED,-118.30029296875,33.94499588012695
91959967,2022,2023-01-04,9550,2022-12-27,1855,021100,NA,2,2,9,1900,0,2,4,NA,1,042,COLIMA RD. EB,AZUSA AVE.,787,W,N,C,-,N,NA,NA,NA,NA,NA,NA,NA,NA,NA,N,4,0,3,2,A,-,07,21658,A,N,B,C,A,B,H,-,C,D,0,NA,NA,NA,NA,Y,NA,A,07,0,0,3,0,0,0,0,0,0,-,-,33.990718841552734,-117.933349609375,LOS ANGELES,UNINCORPORATED,-117.93450164794922,33.99080276489258
91959970,2022,2023-01-04,9535,2022-11-18,2320,022812,NA,5,3,3,1914,0,1,1,NA,2,073,I-710 (LONG BEACH FREEWAY) S/B,WASHINGTON BLVD,1034,N,N,A,-,Y,LA,NA,710,NA,NA,22.698,H,NA,L,Y,4,0,1,2,A,-,07,21658,A,F,B,C,A,A,H,-,D,D,0,NA,NA,NA,NA,Y,NA,-,99,0,0,1,0,0,0,0,0,0,-,-,34.00817108154297,-118.17243957519533,LOS ANGELES,COMMERCE,-118.17246246337892,34.00817108154297
91959983,2022,2023-01-04,9530,2022-12-23,1004,023051,NA,5,1,9,1900,0,1,1,NA,2,110,I-110 S/B (HARBOR FREEWAY),190TH. ST.,950,N,N,A,-,Y,LA,NA,110,NA,NA,9.265,H,NA,L,Y,4,0,1,2,A,-,07,21658,A,F,C,C,A,A,H,-,A,D,0,NA,NA,NA,NA,Y,NA,-,99,0,0,1,0,0,0,0,0,0,-,-,33.864078521728516,-118.28497314453124,LOS ANGELES,UNINCORPORATED,-118.2851333618164,33.86409378051758
91959987,2022,2023-01-04,9580,2022-12-26,1150,021079,NA,1,1,9,1900,0,1,3,NA,1,271,SR-27 N/B (TOPANGA CYN. BLVD.),HIGHVALE TRAIL,15,N,N,A,-,Y,LA,NA,27,NA,NA,5.094,H,NA,R,N,4,0,1,1,A,-,08,22107,NA,N,E,I,A,A,H,-,A,D,0,NA,NA,Y,NA,Y,NA,C,02,0,0,1,0,0,0,0,0,1,-,-,34.098289489746094,-118.59944915771484,LOS ANGELES,UNINCORPORATED,-118.59950256347656,34.09831237792969
91960012,2022,2023-01-04,9550,2022-12-25,1425,022613,NA,7,2,5,1919,0,1,3,NA,2,091,SR-91 EASTBOUND,GRIDLEY ROAD,200,W,N,A,-,Y,LA,NA,91,NA,R,17.533,H,NA,R,Y,4,0,1,3,A,-,08,22107,NA,N,E,I,A,A,H,-,A,D,0,NA,NA,NA,NA,Y,NA,A,08,0,0,1,0,0,0,0,0,0,-,-,33.87641906738281,-118.09219360351564,LOS ANGELES,CERRITOS,-118.09219360351564,33.87635803222656
91960016,2022,2023-01-04,9535,2022-10-21,0255,022812,NA,5,3,5,1947,0,1,3,NA,2,621,SR-60 W/B (POMONA FREEWAY),GREENWOOD AVE,300,E,N,A,-,Y,LA,NA,60,NA,R,7.168,H,NA,L,N,3,0,1,2,A,-,07,21658,A,M,B,2,A,A,H,-,D,D,0,NA,NA,NA,Y,Y,NA,-,-,0,1,0,0,0,0,0,0,0,-,-,34.03541946411133,-118.10341644287108,LOS ANGELES,MONTEBELLO,-118.10340881347656,34.03539276123047
91960017,2022,2023-01-04,9590,2022-09-21,0030,022444,NA,3,3,7,1942,0,1,1,NA,2,060,I-10 E/B (SANTA MONICA FREEWAY),REDONDO BOULEVARD.,630,W,N,A,-,Y,LA,NA,10,NA,R,10.007,H,NA,R,N,4,0,1,1,A,-,01,23152,A,N,A,I,A,A,H,-,C,D,0,NA,NA,NA,NA,Y,Y,A,01,0,0,1,0,0,0,0,0,0,-,-,34.033851623535156,-118.35787963867188,LOS ANGELES,LOS ANGELES,-118.35787963867188,34.033836364746094
91960038,2022,2023-01-04,9550,2022-12-21,1640,022900,NA,3,2,9,1900,0,3,5,NA,2,005,GALLIO AVENUE,FIDALGO STREET,130,S,N,A,-,N,NA,NA,NA,NA,NA,NA,NA,NA,NA,N,3,0,1,2,A,-,03,22350,NA,N,B,E,A,A,H,-,C,D,0,NA,NA,NA,NA,Y,NA,A,07,0,1,0,0,0,0,0,0,0,-,-,33.97153091430664,-117.90231323242188,LOS ANGELES,UNINCORPORATED,-117.90235137939452,33.97156524658203
91960062,2022,2023-01-04,9525,2022-12-06,0338,019890,NA,2,3,9,1900,0,3,5,NA,2,003,VALINDA AVE.,MAPLEGROVE ST.,0,NA,Y,A,-,N,NA,NA,NA,NA,NA,NA,NA,NA,NA,Y,3,0,1,2,A,-,12,21453,A,F,D,C,A,A,H,-,C,A,0,NA,NA,NA,NA,Y,NA,A,01,0,1,0,0,0,0,0,0,0,-,-,34.04418182373047,-117.92562866210938,LOS ANGELES,UNINCORPORATED,-117.92570495605467,34.04413986206055
91960091,2022,2023-01-04,9545,2022-11-26,1046,020547,NA,6,1,9,1900,0,3,5,NA,2,004,AVENUE O,130TH STREET EAST,1895,W,N,A,-,N,NA,NA,NA,NA,NA,NA,NA,NA,NA,Y,1,1,1,2,A,-,05,21460,A,N,D,C,A,A,H,-,A,D,0,NA,NA,Y,NA,Y,NA,C,02,1,0,0,0,0,0,0,1,1,-,-,34.61674880981445,-117.91385650634766,LOS ANGELES,UNINCORPORATED,-117.90520477294922,34.616615295410156
91960092,2022,2023-01-04,9530,2022-11-12,1315,022852,NA,6,1,9,1900,0,3,5,NA,2,006,228TH ST.,VERMONT AVE.,60,E,N,A,-,N,NA,NA,NA,NA,NA,NA,NA,NA,NA,Y,4,0,2,4,A,-,03,22350,NA,F,C,C,A,A,H,-,A,A,0,NA,NA,NA,NA,Y,NA,-,99,0,0,2,0,0,0,0,0,0,-,-,33.818939208984375,-118.29009246826172,LOS ANGELES,UNINCORPORATED,-118.29014587402344,33.818939208984375
91960093,2022,2023-01-04,9550,2022-12-21,1900,022947,NA,3,2,3,1964,0,1,1,NA,2,651,I-605 N/B,I-5 N/B,100,N,N,A,-,Y,LA,NA,605,NA,R,9.123,H,NA,R,Y,3,0,2,2,A,-,03,22350,NA,N,C,C,A,A,H,-,B,D,0,NA,NA,NA,NA,Y,NA,A,07,0,1,1,0,0,0,0,0,0,-,-,33.93461990356445,-118.09960174560548,LOS ANGELES,SANTA FE SPRINGS,-118.0998764038086,33.934715270996094
91960111,2022,2023-01-04,9530,2022-10-25,0820,021004,NA,2,1,9,1900,0,3,5,NA,2,002,BROADWAY,135TH ST,0,NA,Y,A,-,N,NA,NA,NA,NA,NA,NA,NA,NA,NA,N,4,0,1,2,A,-,12,21453,A,N,D,C,A,A,H,-,A,A,0,NA,NA,NA,NA,Y,NA,A,01,0,0,1,0,0,0,0,0,0,-,-,33.90911102294922,-118.27837371826172,LOS ANGELES,UNINCORPORATED,-118.27841186523438,33.909156799316406
91960141,2022,2023-01-04,9590,2022-09-25,1350,023052,NA,7,1,7,1942,0,1,1,NA,2,011,SR 110 SOUTHBOUND ARROY0 SECO PARKWAY (ASP),COLLEGE ST.,1100,N,N,A,-,Y,LA,NA,110,NA,NA,24.381,H,NA,L,N,4,0,1,3,A,-,03,22350,NA,M,C,C,A,A,H,-,A,D,0,NA,NA,NA,NA,Y,NA,A,01,0,0,1,0,0,0,0,0,0,-,-,34.06745147705078,-118.23915863037108,LOS ANGELES,LOS ANGELES,-118.23915100097656,34.067440032958984
91960161,2022,2023-01-04,9535,2022-12-06,1908,022172,NA,2,2,6,1922,0,1,1,NA,2,400,I-10 EASTBOUND (SAN BERNARDINO FREEEWAY),SANTA ANITA AVENUE,500,S,N,A,-,Y,LA,NA,10,NA,NA,28.762,H,NA,R,Y,4,0,1,2,A,-,03,22350,NA,N,C,C,A,A,H,-,D,D,0,NA,NA,NA,NA,Y,NA,A,01,0,0,1,0,0,0,0,0,0,-,-,34.06850051879883,-118.04083251953124,LOS ANGELES,EL MONTE,-118.04082489013672,34.06850814819336
91960172,2022,2023-01-04,9525,2022-12-31,0535,022183,NA,6,3,6,1955,0,1,3,NA,2,572,SR 57 NB TO I-10 WB,I-10 W/B (SAN BERNARDINO FWY),35,S,N,B,C,Y,LA,NA,57,NA,R,7.717,H,NA,L,Y,4,0,1,1,A,-,03,22350,NA,N,E,I,A,B,H,-,C,D,0,NA,NA,NA,NA,Y,NA,A,01,0,0,1,0,0,0,0,0,0,-,-,34.065189361572266,-117.80677795410156,LOS ANGELES,POMONA,-117.80667114257813,34.06521224975586
91960176,2023,2023-01-04,9590,2023-01-03,828,016230,NA,2,1,7,1942,0,1,1,NA,2,021,I-10 WB SBF SOTO ST COLLECTOR,I-5 SB GSF,147,W,N,B,C,Y,LA,NA,10,S,NA,18.367,H,NA,L,N,4,0,1,1,A,-,08,22107,NA,N,E,I,A,B,H,-,A,D,0,NA,NA,NA,NA,Y,NA,A,01,0,0,1,0,0,0,0,0,0,-,-,34.05656814575195,-118.21499633789064,LOS ANGELES,LOS ANGELES,-118.21502685546876,34.056663513183594
91960195,2022,2023-01-04,9530,2022-12-05,2025,022454,NA,1,2,9,1900,0,3,5,NA,2,002,ALAMEDA ST. (9200 BLOCK),92ND ST.,22,S,N,B,-,N,NA,NA,NA,NA,NA,NA,NA,NA,NA,N,2,0,1,2,A,-,11,21950,B,F,G,B,B,A,H,-,C,A,0,Y,NA,NA,NA,Y,NA,N,60,1,0,0,0,1,0,0,0,0,-,-,33.95315170288086,-118.23001098632813,LOS ANGELES,UNINCORPORATED,-118.22962951660156,33.953250885009766
91960244,2022,2023-01-04,9550,2022-12-22,1915,020974,NA,4,2,9,1900,0,2,4,NA,1,051,NOGALES ST S/B,PATHFINDER RD,475,N,N,A,-,N,NA,NA,NA,NA,NA,NA,NA,NA,NA,Y,3,0,1,1,A,-,01,23152,A,N,E,I,A,A,H,-,C,D,0,NA,NA,NA,NA,Y,Y,A,07,0,1,0,0,0,0,0,0,0,-,-,33.976688385009766,-117.88834381103516,LOS ANGELES,UNINCORPORATED,-117.88808441162108,33.97661590576172
91960323,2022,2023-01-05,9590,2022-12-22,1445,022690,NA,4,2,7,1942,0,1,2,NA,2,042,US-101 N/B (SAF),4TH STREET,400,N,N,A,-,Y,LA,NA,101,NA,S,0.738,H,NA,R,N,4,0,1,2,A,-,07,21658,A,N,B,C,A,A,H,-,A,D,0,NA,NA,NA,NA,Y,NA,D,22,0,0,1,0,0,0,0,0,0,-,-,34.04475021362305,-118.22103118896484,LOS ANGELES,LOS ANGELES,-118.22103881835938,34.04475021362305
91960333,2022,2023-01-05,9550,2022-12-28,1905,020974,NA,3,2,9,1900,0,1,3,NA,2,601,SR-60 E/B FROM HACIENDA BL N/B,HACIENDA BLVD,700,E,N,A,-,Y,LA,NA,60,NA,NA,16.088,H,NA,R,Y,4,0,1,2,A,-,03,22350,NA,N,C,C,A,A,H,-,C,A,0,NA,NA,NA,NA,Y,NA,A,01,0,0,1,0,0,0,0,0,0,-,-,34.00590133666992,-117.96219635009766,LOS ANGELES,UNINCORPORATED,-117.9621124267578,34.006107330322266
91960338,2022,2023-01-05,9550,2022-12-28,1753,021100,NA,3,2,9,1900,0,1,1,NA,2,650,I-605 SB,SLAUSON AVE.,630,S,N,A,-,Y,LA,NA,605,NA,R,11.493,H,NA,L,Y,4,0,2,3,A,-,07,21658,A,N,B,C,A,A,H,-,A,D,0,NA,NA,NA,NA,Y,NA,A,01,0,0,2,0,0,0,0,0,0,-,-,33.9663200378418,-118.08386993408205,LOS ANGELES,UNINCORPORATED,-118.08385467529295,33.96631622314453
91960339,2022,2023-01-17,9530,2022-12-27,2325,022292,NA,2,3,5,1915,0,1,3,NA,2,310,SR-91 EASTBOUND,CENTRAL AVE,250,W,N,C,-,Y,LA,NA,91,NA,R,8.348,H,NA,R,Y,4,0,2,3,A,-,03,22350,NA,M,C,C,A,B,H,-,C,D,0,NA,NA,NA,NA,Y,NA,-,-,0,0,2,0,0,0,0,0,0,-,-,33.87337875366211,-118.25021362304688,LOS ANGELES,COMPTON,-118.25020599365234,33.87340545654297
91960340,2022,2023-01-05,9590,2022-12-22,1704,022136,NA,4,2,7,1942,0,1,2,NA,2,071,US-101 S/B (HOLLYWOOD FREEWAY),CORONADO ST.,100,S,N,A,-,Y,LA,NA,101,NA,NA,3.185,H,NA,L,N,3,0,1,2,A,-,07,21658,A,N,B,C,A,A,H,-,B,D,0,NA,NA,Y,NA,Y,NA,D,22,0,1,0,0,0,0,0,0,1,-,-,34.074161529541016,-118.27179718017578,LOS ANGELES,LOS ANGELES,-118.27182769775392,34.07412338256836
91960342,2022,2023-01-05,9590,2022-12-22,1800,022136,NA,4,2,7,1942,0,1,2,NA,2,070,US-101 N/B (HOLLYWOOD FREEWAY),SILVERLAKE BLVD.,370,N,N,A,-,Y,LA,NA,101,NA,NA,3.869,H,NA,R,N,3,0,1,2,A,-,03,22350,NA,N,C,C,A,A,H,-,D,D,0,NA,NA,NA,NA,Y,NA,A,07,0,1,0,0,0,0,0,0,0,-,-,34.07761001586914,-118.28289794921876,LOS ANGELES,LOS ANGELES,-118.28292083740234,34.07755661010742
91960344,2022,2023-01-05,9565,2022-12-21,1935,022219,NA,3,2,7,1942,0,1,1,NA,2,010,I-105 W/B (CENTURY FREEWAY),NASH STREET,1000,E,N,A,-,Y,LA,NA,105,NA,R,1.145,H,NA,L,N,4,0,6,3,A,-,03,22350,NA,N,C,C,A,A,H,-,D,D,0,NA,NA,NA,NA,Y,NA,A,01,0,0,6,0,0,0,0,0,0,-,-,33.931251525878906,-118.3849868774414,LOS ANGELES,LOS ANGELES,-118.3849868774414,33.93125915527344
91960348,2022,2023-01-05,9530,2022-12-31,0155,021582,NA,6,3,7,1942,0,1,3,NA,2,310,SR-91 W/B TO I-110 S/B,I-110 S/B (HARBOR FREEWAY),135,W,N,C,-,Y,NA,NA,NA,NA,NA,NA,NA,NA,NA,Y,3,0,1,1,A,-,03,22350,NA,N,E,I,A,B,H,-,D,D,0,NA,NA,NA,Y,Y,NA,G,27,0,1,0,0,0,0,0,0,0,-,-,33.870849609375,-118.28578186035156,LOS ANGELES,LOS ANGELES,-118.28578186035156,33.870849609375
91960350,2023,2023-01-05,9530,2023-01-04,1450,022079,NA,3,2,9,1900,0,3,5,NA,2,001,HOLMES AVE.,82ND ST.,0,NA,Y,C,-,N,NA,NA,NA,NA,NA,NA,NA,NA,NA,N,4,0,1,2,A,-,09,21802,A,N,D,C,A,B,H,-,A,D,0,NA,NA,NA,NA,Y,NA,A,01,0,0,1,0,0,0,0,0,0,-,-,33.96432113647461,-118.24102783203124,LOS ANGELES,UNINCORPORATED,-118.24106597900392,33.9643440246582
91960610,2022,2023-01-05,9590,2022-12-19,1748,022088,NA,1,2,7,1942,0,1,1,NA,2,040,US-101 N/B (SAF),1ST STREET,600,N,N,A,-,Y,LA,NA,101,NA,S,1.006,H,NA,R,N,3,0,1,2,A,-,07,21658,A,N,B,C,A,A,H,-,C,D,0,NA,NA,Y,NA,Y,NA,A,07,0,1,0,0,0,0,0,0,1,-,-,34.04901123046875,-118.22209930419922,LOS ANGELES,LOS ANGELES,-118.22206878662108,34.04902267456055