CASE_ID,ACCIDENT_YEAR,PROC_DATE,JURIS,COLLISION_DATE,COLLISION_TIME,OFFICER_ID,REPORTING_DISTRICT,DAY_OF_WEEK,CHP_SHIFT,POPULATION,CNTY_CITY_LOC,SPECIAL_COND,BEAT_TYPE,CHP_BEAT_TYPE,CITY_DIVISION_LAPD,CHP_BEAT_CLASS,BEAT_NUMBER,PRIMARY_RD,SECONDARY_RD,DISTANCE,DIRECTION,INTERSECTION,WEATHER_1,WEATHER_2,STATE_HWY_IND,CALTRANS_COUNTY,CALTRANS_DISTRICT,STATE_ROUTE,ROUTE_SUFFIX,POSTMILE_PREFIX,POSTMILE,LOCATION_TYPE,RAMP_INTERSECTION,SIDE_OF_HWY,TOW_AWAY,COLLISION_SEVERITY,NUMBER_KILLED,NUMBER_INJURED,PARTY_COUNT,PRIMARY_COLL_FACTOR,PCF_CODE_OF_VIOL,PCF_VIOL_CATEGORY,PCF_VIOLATION,PCF_VIOL_SUBSECTION,HIT_AND_RUN,TYPE_OF_COLLISION,MVIW,PED_ACTION,ROAD_SURFACE,ROAD_COND_1,ROAD_COND_2,LIGHTING,CONTROL_DEVICE,CHP_ROAD_TYPE,PEDESTRIAN_ACCIDENT,BICYCLE_ACCIDENT,MOTORCYCLE_ACCIDENT,TRUCK_ACCIDENT,NOT_PRIVATE_PROPERTY,ALCOHOL_INVOLVED,STWD_VEHTYPE_AT_FAULT,CHP_VEHTYPE_AT_FAULT,COUNT_SEVERE_INJ,COUNT_VISIBLE_INJ,COUNT_COMPLAINT_PAIN,COUNT_PED_KILLED,COUNT_PED_INJURED,COUNT_BICYCLIST_KILLED,COUNT_BICYCLIST_INJURED,COUNT_MC_KILLED,COUNT_MC_INJURED,PRIMARY_RAMP,SECONDARY_RAMP,LATITUDE,LONGITUDE,COUNTY,CITY,POINT_X,POINT_Y
91961641,2022,2023-01-06,9580,2022-12-30,2315,022550,NA,5,3,7,1942,0,1,2,NA,2,105,US-101 S/B (VENTURA FREEWAY),BURBANK BLVD,50,N,N,C,-,Y,LA,NA,101,NA,NA,21.055,H,NA,L,Y,4,0,1,3,A,-,08,22107,NA,M,B,C,A,B,H,-,D,D,0,NA,NA,NA,NA,Y,Y,-,99,0,0,1,0,0,0,0,0,0,-,-,34.17216110229492,-118.53275299072266,LOS ANGELES,LOS ANGELES,-118.53275299072266,34.172157287597656
91961653,2023,2023-01-06,9580,2023-01-01,1400,022567,NA,7,2,7,1942,0,1,3,NA,2,118,SR-118 E/B (RONALD REAGAN FWY.),ROCKY PEAK ROAD,235,E,N,C,-,Y,LA,NA,118,NA,R,0.365,H,NA,R,Y,3,0,1,1,A,-,03,22350,NA,N,E,I,A,B,H,-,A,D,0,NA,NA,NA,NA,Y,NA,A,01,0,1,0,0,0,0,0,0,0,-,-,34.27320098876953,-118.62879943847656,LOS ANGELES,LOS ANGELES,-118.62889099121094,34.27329635620117
91961654,2022,2023-01-06,9575,2022-12-26,2000,022626,NA,1,2,9,1900,0,2,4,NA,2,320,ANGELES FOREST HIGHWAY,CFM 20.28,100,N,N,A,-,N,NA,NA,NA,NA,NA,NA,NA,NA,NA,Y,4,0,1,1,A,-,08,22107,NA,N,E,I,A,A,H,-,D,D,0,NA,NA,NA,NA,Y,NA,A,01,0,0,1,0,0,0,0,0,0,-,-,34.298828125,-118.1516571044922,LOS ANGELES,UNINCORPORATED,NA,NA
91961658,2023,2023-01-06,9580,2023-01-04,2210,018718,NA,3,3,7,1942,0,1,2,NA,2,102,US-101 N/B (VENTURA FREEWAY),I-405 S/B (SAN DIEGO FWY),240,W,N,B,C,Y,NA,NA,NA,NA,NA,NA,NA,NA,NA,N,3,0,3,1,A,-,08,22107,NA,N,E,I,A,B,H,-,D,D,0,NA,NA,NA,NA,Y,NA,A,07,0,3,0,0,0,0,0,0,0,-,-,34.16270065307617,-118.47039794921876,LOS ANGELES,LOS ANGELES,-118.470947265625,34.16223907470703
91961664,2023,2023-01-06,9580,2023-01-05,640,017961,NA,4,1,7,1942,0,1,3,NA,2,117,SR-118 W/B (RONALD REAGAN FWY.),CORBIN AVE,250,W,N,B,C,Y,LA,NA,118,NA,R,4.241,H,NA,L,Y,3,0,1,1,A,-,03,22350,NA,N,F,I,A,B,H,-,D,D,0,NA,NA,NA,NA,Y,NA,A,01,0,1,0,0,0,0,0,0,0,-,-,34.27330017089844,-118.5631103515625,LOS ANGELES,LOS ANGELES,-118.56312561035156,34.27316665649414
91961666,2022,2023-01-06,9565,2022-12-23,0906,017648,NA,5,1,7,1942,0,1,1,NA,2,064,I-405 S/B,SUNSET BLVD.,1000,N,N,A,-,Y,LA,NA,405,NA,NA,33.195,H,NA,L,Y,4,0,1,4,A,-,03,22350,NA,N,C,C,A,A,H,-,A,D,0,NA,NA,NA,NA,Y,NA,A,07,0,0,1,0,0,0,0,0,0,-,-,34.07516860961914,-118.46861267089844,LOS ANGELES,LOS ANGELES,-118.46858978271484,34.07518005371094
91961671,2022,2023-01-06,9575,2022-12-27,0840,018537,NA,2,1,6,1925,0,1,3,NA,2,042,SR-134 W/B (VENTURA FREEWAY),CENTRAL AVENUE,330,W,N,B,-,Y,LA,NA,134,NA,R,6.927,H,NA,L,Y,2,0,2,2,A,-,03,22350,NA,N,C,C,A,A,H,-,A,D,0,NA,NA,NA,NA,Y,NA,D,22,1,1,0,0,0,0,0,0,0,-,-,34.15647888183594,-118.2585906982422,LOS ANGELES,GLENDALE,-118.2585906982422,34.15644836425781
91961674,2022,2023-01-06,9530,2022-12-24,2315,021490,NA,6,3,7,1941,0,1,1,NA,2,072,I-710 N/B (LONG BEACH FREEWAY),I-405,1584,S,N,A,-,Y,LA,NA,710,NA,NA,8.721,H,NA,R,N,3,0,3,2,A,-,03,22350,NA,N,C,C,A,A,H,-,D,D,0,NA,NA,NA,NA,Y,NA,A,01,0,1,2,0,0,0,0,0,0,-,-,33.816429138183594,-118.20684814453124,LOS ANGELES,LONG BEACH,-118.20688629150392,33.816429138183594
91961684,2022,2023-01-06,9565,2022-12-23,1510,022878,NA,5,2,9,1900,0,2,4,NA,1,032,SLAUSON AVENUE W/B,LA CIENEGA BOULEVARD,100,E,N,A,-,N,NA,NA,NA,NA,NA,NA,NA,NA,NA,N,4,0,1,2,A,-,03,22350,NA,N,C,C,A,A,H,-,A,A,0,NA,NA,NA,NA,Y,NA,A,01,0,0,1,0,0,0,0,0,0,-,-,33.98781967163086,-118.36969757080078,LOS ANGELES,UNINCORPORATED,-118.37120819091795,33.98802947998047
91961686,2022,2023-01-06,9540,2022-12-31,0602,021349,NA,6,1,7,1942,0,1,1,NA,1,503,I-5 S/B (GOLDEN STATE FREEWAY),BALBOA BLVD,450,N,N,B,C,Y,LA,NA,5,NA,R,44.525,H,NA,L,Y,2,0,1,3,A,-,03,22350,NA,N,G,B,E,B,H,-,D,D,0,Y,NA,NA,NA,Y,NA,A,01,1,0,0,0,1,0,0,0,0,-,-,34.32164001464844,-118.49756622314452,LOS ANGELES,LOS ANGELES,-118.49758911132813,34.321617126464844
91961723,2022,2023-04-28,9565,2022-12-27,1900,022832,NA,2,2,9,1900,0,3,5,NA,2,005,VIA MARINA,MARQUESAS WAY,0,NA,Y,C,-,N,NA,NA,NA,NA,NA,NA,NA,NA,NA,N,4,0,1,2,A,-,09,21801,A,N,D,C,A,B,H,-,C,A,0,NA,NA,NA,NA,Y,NA,A,07,0,0,1,0,0,0,0,0,0,-,-,33.976409912109375,-118.45903778076172,LOS ANGELES,UNINCORPORATED,-118.4591827392578,33.976402282714844
91961728,2022,2023-01-06,9575,2022-12-27,1825,022110,NA,2,2,6,1925,0,1,3,NA,2,090,SR-2 W/B TO SR-134 W/B,WEST ROAD EDGE OF HARVEY DRIVE,36,E,N,C,-,Y,NA,NA,NA,NA,NA,NA,NA,NA,NA,Y,4,0,1,2,A,-,08,22107,NA,M,B,C,A,B,H,-,D,D,0,NA,NA,NA,NA,Y,NA,-,99,0,0,1,0,0,0,0,0,0,-,-,34.148780822753906,-118.22805786132813,LOS ANGELES,GLENDALE,-118.22805786132813,34.148780822753906
91961733,2022,2023-01-06,9575,2022-12-28,1603,022110,NA,3,2,9,1900,0,3,5,NA,2,003,LITTLE TUJUNGA CANYON ROAD,CFM 18.26,58,S,N,B,-,N,NA,NA,NA,NA,NA,NA,NA,NA,NA,Y,4,0,1,1,A,-,08,22107,NA,N,E,I,A,A,H,-,A,D,0,NA,NA,NA,NA,Y,NA,D,22,0,0,1,0,0,0,0,0,0,-,-,34.29465103149414,-118.35812377929688,LOS ANGELES,UNINCORPORATED,NA,NA
91961773,2022,2023-01-06,9530,2022-12-26,1345,023038,NA,1,1,9,1900,0,3,5,NA,2,001,GAGE AVE.,PARMELEE AVE.,0,NA,Y,A,-,N,NA,NA,NA,NA,NA,NA,NA,NA,NA,N,3,0,4,3,A,-,09,21801,A,N,D,C,A,A,H,-,A,A,0,NA,NA,NA,NA,Y,NA,A,01,0,4,0,0,0,0,0,0,0,-,-,33.98202896118164,-118.24990081787108,LOS ANGELES,UNINCORPORATED,-118.24990844726564,33.98207473754883
91961777,2022,2023-01-06,9575,2022-12-29,0520,022489,NA,4,3,6,1925,0,1,3,NA,2,042,"SR-134 W/B, TO I-5",SAN FERNANDO RD.,600,W,N,A,-,Y,LA,NA,134,NA,R,5.815,H,NA,L,Y,4,0,1,2,A,-,07,21658,A,N,C,C,A,A,H,-,C,D,0,NA,NA,NA,NA,Y,NA,A,08,0,0,1,0,0,0,0,0,0,-,-,34.15367126464844,-118.27767181396484,LOS ANGELES,GLENDALE,-118.277587890625,34.1534309387207
91961796,2022,2023-01-06,9530,2022-12-09,1040,022852,NA,5,1,9,1900,0,1,1,NA,2,120,I-110 N/B (HARBOR FREEWAY),I-405,100,N,N,A,-,Y,LA,NA,110,NA,NA,8.831,H,NA,R,N,2,0,1,3,A,-,07,21658,A,N,B,C,A,A,H,-,A,D,0,NA,NA,Y,Y,Y,NA,C,02,1,0,0,0,0,0,0,0,1,-,-,33.85768127441406,-118.28456878662108,LOS ANGELES,UNINCORPORATED,-118.28453826904295,33.8576774597168
91961798,2022,2023-01-06,9575,2022-12-29,1435,021006,NA,4,2,9,1900,0,2,4,NA,2,023,FAIR OAKS AVENUE (2900 BLOCK),ALTADENA DRIVE,0,NA,Y,B,-,N,NA,NA,NA,NA,NA,NA,NA,NA,NA,Y,4,0,2,2,A,-,12,21453,A,N,D,C,A,A,H,-,A,A,0,NA,NA,NA,NA,Y,NA,A,07,0,0,2,0,0,0,0,0,0,-,-,34.194580078125,-118.14733123779295,LOS ANGELES,UNINCORPORATED,-118.14736938476564,34.19456481933594
91961805,2022,2023-01-06,9565,2022-12-23,1755,022145,NA,5,2,9,1900,0,3,5,NA,2,004,BUFORD AVENUE,111TH STREET,0,NA,Y,A,-,N,NA,NA,NA,NA,NA,NA,NA,NA,NA,N,3,0,2,3,A,-,10,21950,A,F,G,B,B,A,H,-,C,D,0,Y,NA,NA,NA,Y,NA,-,99,0,1,1,0,2,0,0,0,0,-,-,33.93452835083008,-118.36334228515624,LOS ANGELES,UNINCORPORATED,-118.36341094970705,33.93456268310547
91961813,2022,2023-01-06,9550,2022-12-23,1635,022950,NA,5,2,9,1900,0,1,3,NA,2,091,SR-91 WESTBOUND,CLARK,450,E,N,A,-,Y,LA,NA,91,NA,R,15.408,H,NA,L,N,4,0,1,2,A,-,08,22107,NA,N,B,C,A,A,H,-,B,D,0,NA,NA,NA,NA,Y,NA,A,07,0,0,1,0,0,0,0,0,0,-,-,33.87623977661133,-118.12904357910156,LOS ANGELES,UNINCORPORATED,-118.12904357910156,33.87627410888672
91961828,2022,2023-01-06,9530,2022-12-27,1150,021089,NA,2,1,9,1900,0,3,5,NA,2,003,ATLANTIC AVE (15000 BLOCK),ROSE ST.,75,S,N,B,-,N,NA,NA,NA,NA,NA,NA,NA,NA,NA,Y,4,0,1,4,A,-,07,21658,A,N,B,C,A,A,H,-,A,D,0,NA,NA,NA,NA,Y,NA,-,-,0,0,1,0,0,0,0,0,0,-,-,33.89400100708008,-118.19322967529295,LOS ANGELES,UNINCORPORATED,-118.19327545166016,33.89403533935547
91961857,2022,2023-01-06,9565,2022-12-23,1145,022923,NA,5,1,9,1900,0,3,5,NA,2,003,CENTINELA AVENUE,GARTH AVENUE,150,E,N,A,-,N,NA,NA,NA,NA,NA,NA,NA,NA,NA,N,3,0,1,2,A,-,09,21804,A,N,D,C,A,A,H,-,A,D,0,NA,NA,NA,NA,Y,NA,A,01,0,1,0,0,0,0,0,0,0,-,-,33.97740936279297,-118.37512969970705,LOS ANGELES,UNINCORPORATED,-118.3752212524414,33.97737503051758
91961858,2023,2023-01-06,9540,2023-01-05,740,020400,NA,4,1,6,1985,0,1,3,NA,1,144,SR-14 N/B,VIA PRINCESSA,2000,N,N,C,-,Y,LA,NA,14,NA,R,32.008,H,NA,R,Y,4,0,1,1,A,-,03,22350,NA,N,E,I,A,B,H,-,A,D,0,NA,NA,NA,NA,Y,NA,A,01,0,0,1,0,0,0,0,0,0,-,-,34.415008544921875,-118.44390106201172,LOS ANGELES,SANTA CLARITA,-118.44385528564452,34.41498565673828
91961863,2022,2023-01-06,9540,2022-12-31,1255,021349,NA,6,1,7,1942,0,1,1,NA,2,500,I-5 N/B (GOLDEN STATE FREEWAY),SAN FERNANDO MISSION BLVD,4594,N,N,B,C,Y,LA,NA,5,NA,NA,41.132,H,NA,R,Y,4,0,2,3,A,-,08,22107,NA,N,E,I,A,B,H,-,A,D,0,NA,NA,NA,Y,Y,NA,A,01,0,0,2,0,0,0,0,0,0,-,-,34.28675079345703,-118.4624481201172,LOS ANGELES,LOS ANGELES,-118.46240997314452,34.28679656982422
91961869,2022,2023-01-06,9535,2022-12-23,1439,022418,NA,5,2,9,1900,0,2,4,NA,2,022,OLYMPIC BOULEVARD (3900 BLOCK),INDIANA STREET,82,E,N,A,-,N,NA,NA,NA,NA,NA,NA,NA,NA,NA,N,4,0,1,2,A,-,03,22350,NA,F,C,C,A,A,H,-,A,A,0,NA,NA,NA,NA,Y,NA,-,99,0,0,1,0,0,0,0,0,0,-,-,34.0188102722168,-118.19193267822266,LOS ANGELES,UNINCORPORATED,-118.19197845458984,34.018863677978516
91961885,2022,2023-01-06,9590,2022-12-25,1530,022417,NA,7,2,7,1942,0,1,2,NA,2,071,US-101 S/B (SANTA ANA FREEWAY),ALAMEDA STREET,200,S,N,A,-,Y,LA,NA,101,NA,NA,0.738,H,NA,L,N,4,0,2,2,A,-,03,22350,NA,N,C,C,A,A,H,-,A,D,0,NA,NA,NA,NA,Y,NA,A,01,0,0,2,0,0,0,0,0,0,-,-,34.05400085449219,-118.2375717163086,LOS ANGELES,LOS ANGELES,-118.23758697509766,34.05397033691406
91961891,2022,2023-01-06,9590,2022-10-02,0350,022497,NA,7,3,7,1942,0,1,1,NA,2,013,SR-110 S/B (ARROYO SECO PARKWAY),AVENUE 43,210,N,N,A,-,Y,LA,NA,110,NA,NA,27.16,H,NA,L,N,2,0,1,1,A,-,01,23152,A,N,E,I,A,A,H,-,C,D,0,NA,NA,NA,NA,Y,Y,A,01,1,0,0,0,0,0,0,0,0,-,-,34.093910217285156,-118.20633697509766,LOS ANGELES,LOS ANGELES,-118.20631408691406,34.09390640258789
91961906,2022,2023-01-06,9590,2022-12-24,1319,022357,NA,6,1,7,1942,0,1,2,NA,2,072,US-101 N/B (HOLLYWOOD FREEWAY),SANTA MONICA BLVD,340,S,N,A,-,Y,LA,NA,101,NA,NA,5.479,H,NA,R,N,3,0,1,2,A,-,08,22107,NA,F,B,C,A,A,H,-,A,D,0,NA,NA,NA,NA,Y,NA,A,01,0,1,0,0,0,0,0,0,0,-,-,34.08985900878906,-118.30577087402344,LOS ANGELES,LOS ANGELES,-118.30580139160156,34.089847564697266
91961909,2022,2023-01-06,9530,2022-12-11,0950,022951,NA,7,1,5,1943,0,1,1,NA,2,210,I-105 E/B (GLENN ANDERSON FWY),ALAMEDA ST.,561,W,N,C,-,Y,LA,NA,105,NA,R,10.47,H,NA,R,Y,3,0,1,2,A,-,03,22350,NA,N,B,C,A,B,H,-,A,D,0,NA,NA,NA,NA,Y,NA,A,01,0,1,0,0,0,0,0,0,0,-,-,33.92898941040039,-118.2274932861328,LOS ANGELES,LYNWOOD,-118.22747039794922,33.9289436340332
91961930,2022,2023-01-06,9590,2022-10-02,0115,022444,NA,7,3,7,1942,0,1,1,NA,2,041,I-5 S/B (SANTA ANA FREEWAY),LORENA STREET,670,S,N,A,-,Y,LA,NA,5,NA,NA,15.511,H,NA,L,N,4,0,1,2,A,-,07,21658,A,F,B,C,A,A,H,-,C,D,0,NA,NA,NA,NA,Y,NA,-,99,0,0,1,0,0,0,0,0,0,-,-,34.0234489440918,-118.20108032226564,LOS ANGELES,LOS ANGELES,-118.20111846923828,34.02338409423828
91961939,2023,2023-01-06,9590,2023-01-03,1545,021492,NA,2,2,7,1942,0,1,3,NA,2,095,SR-2 W/B TO I-5 S/B,RIPPLE ST,450,E,N,B,-,Y,LA,NA,2,NA,NA,15.421,H,NA,L,N,4,0,1,2,A,-,03,22350,NA,N,C,C,A,A,H,-,A,D,0,NA,NA,NA,NA,Y,NA,A,07,0,0,1,0,0,0,0,0,0,-,-,34.1065788269043,-118.25006103515624,LOS ANGELES,LOS ANGELES,-118.24981689453124,34.10657501220703
91961943,2022,2023-01-06,9530,2022-12-15,1008,022951,NA,4,1,9,1900,0,1,1,NA,2,200,I-105 W/B (GLENN ANDERSON FWY),VERMONT AVE.,225,W,N,A,-,Y,LA,NA,105,NA,R,6.823,H,NA,L,Y,3,0,1,3,A,-,07,21658,A,N,C,D,A,A,H,-,A,D,0,NA,NA,Y,NA,Y,NA,A,01,0,1,0,0,0,0,0,0,1,-,-,33.928871154785156,-118.29061126708984,LOS ANGELES,UNINCORPORATED,-118.29061126708984,33.92889404296875
91961944,2023,2023-01-06,9590,2023-01-04,1120,016230,NA,3,1,7,1942,0,1,3,NA,2,030,SR-60 EB POF,EUCLID AVE,538,W,N,B,C,Y,LA,NA,60,NA,R,0.854,H,NA,R,N,4,0,1,2,A,-,02,22400,A,N,C,C,A,B,H,-,A,D,0,NA,NA,NA,NA,Y,NA,A,08,0,0,1,0,0,0,0,0,0,-,-,34.02838134765625,-118.21085357666016,LOS ANGELES,LOS ANGELES,-118.21085357666016,34.02836990356445
91961950,2022,2023-01-06,9530,2022-12-22,0840,022696,NA,4,1,7,1942,0,1,1,NA,2,400,I-405 N/B (SAN DIEGO FREEWAY),NORMANDIE AVE.,1300,N,N,A,-,Y,LA,NA,405,NA,NA,14.12,H,NA,R,N,3,0,1,3,A,-,07,21658,A,N,B,C,A,A,H,-,A,D,0,NA,NA,NA,NA,Y,NA,A,01,0,1,0,0,0,0,0,0,0,-,-,33.859920501708984,-118.3039779663086,LOS ANGELES,LOS ANGELES,-118.3039779663086,33.85991287231445
91961970,2022,2023-01-06,9530,2022-12-28,1330,021380,NA,3,1,9,1900,0,3,5,NA,2,006,835 W. CARSON ST.,VERMONT AVENUE,125,E,N,A,-,N,NA,NA,NA,NA,NA,NA,NA,NA,NA,N,3,0,1,2,B,-,22,NA,NA,F,G,B,F,A,H,-,A,D,0,Y,NA,NA,NA,Y,Y,-,99,0,1,0,0,1,0,0,0,0,-,-,33.83176040649414,-118.28974151611328,LOS ANGELES,UNINCORPORATED,-118.28987121582033,33.831600189208984
91961973,2023,2023-01-06,9590,2023-01-04,1057,019008,NA,3,1,7,1942,0,1,2,NA,2,071,US-101 SOUTHBOUND (SANTA ANA FREEWAY),ALAMEDA ST,250,S,N,C,-,Y,LA,NA,101,NA,NA,0.694,H,NA,L,N,4,0,1,2,A,-,03,22350,NA,N,C,C,A,B,H,-,A,D,0,NA,NA,NA,NA,Y,NA,A,01,0,0,1,0,0,0,0,0,0,-,-,34.05379867553711,-118.23697662353516,LOS ANGELES,LOS ANGELES,-118.23698425292967,34.05378723144531
91961978,2022,2023-01-06,9540,2022-12-21,1625,021179,NA,3,2,9,1900,0,1,1,NA,2,507,I-5 S/B,MAGIC MOUNTAIN PARKWAY,2640,S,N,A,-,Y,LA,NA,5,NA,R,53.031,H,NA,L,N,4,0,1,2,A,-,03,22350,NA,F,C,C,A,A,H,-,A,D,0,NA,NA,NA,NA,Y,NA,-,99,0,0,1,0,0,0,0,0,0,-,-,34.416011810302734,-118.57971954345705,LOS ANGELES,UNINCORPORATED,-118.57972717285156,34.41600799560547
91961982,2022,2023-01-06,9590,2022-12-29,0840,017733,NA,4,1,7,1942,0,1,1,NA,2,014,SR-110 N/B (ARROYO SECO PARKWAY),AVENUE 52,50,N,N,B,C,Y,LA,NA,110,NA,NA,28.06,H,NA,R,Y,4,0,1,1,A,-,03,22350,NA,N,E,I,A,B,H,-,A,D,0,NA,NA,NA,NA,Y,NA,A,01,0,0,1,0,0,0,0,0,0,-,-,34.10295104980469,-118.19609832763672,LOS ANGELES,LOS ANGELES,-118.19610595703124,34.102882385253906
91962049,2022,2023-01-06,9525,2022-12-27,1630,022609,NA,2,2,6,1955,0,1,1,NA,2,109,I-10 W/B (SAN BERNARDINO FWY),TOWNE AVENUE,1056,E,N,B,-,Y,LA,NA,10,NA,NA,46.685,H,NA,L,Y,3,0,1,1,A,-,01,23152,A,N,E,I,A,B,H,-,A,D,0,NA,NA,NA,NA,Y,Y,A,01,0,1,0,0,0,0,0,0,0,-,-,34.0802001953125,-117.73747253417967,LOS ANGELES,POMONA,-117.73738098144533,34.08005142211914
91962056,2022,2023-01-06,9550,2022-12-22,1605,021100,NA,4,2,5,1954,0,1,1,NA,2,650,I-605 SB TO WASHINGTON BLVD. WEST,WASHINGTON BLVD.,60,N,N,A,-,Y,NA,NA,NA,NA,NA,NA,NA,NA,NA,N,4,0,1,2,A,-,21,22106,NA,F,C,C,A,A,H,-,A,D,0,NA,NA,NA,NA,Y,NA,-,99,0,0,1,0,0,0,0,0,0,-,-,33.974891662597656,-118.0814971923828,LOS ANGELES,PICO RIVERA,-118.0814971923828,33.974891662597656
91962065,2022,2023-01-06,9590,2022-12-19,1855,022088,NA,1,2,7,1942,0,1,1,NA,2,021,I-10 WESTBOUND (SBF) TO I-5 NORTHBOUND (GOLDEN STA,STATE STREET,165,W,N,A,-,Y,LA,NA,10,NA,NA,18.487,H,NA,L,N,4,0,1,3,C,-,18,NA,NA,N,C,2,E,A,H,-,D,D,0,Y,NA,NA,NA,Y,NA,-,-,0,0,1,0,1,0,0,0,0,-,-,34.0554313659668,-118.2124481201172,LOS ANGELES,LOS ANGELES,-118.2125244140625,34.055206298828125
91962085,2022,2023-01-06,9540,2022-12-27,0705,021349,NA,2,1,9,1900,0,1,1,NA,2,513,I-5 S/B,SMOKEY BEAR RD,7392,S,N,B,-,Y,LA,NA,5,NA,R,76.543,H,NA,L,Y,4,0,6,3,A,-,01,23152,A,F,B,2,A,A,H,-,A,D,0,NA,NA,NA,NA,Y,Y,A,01,0,0,6,0,0,0,0,0,0,-,-,34.688560485839844,-118.78716278076172,LOS ANGELES,UNINCORPORATED,-118.78712463378906,34.68857955932617
91962088,2023,2023-01-06,9580,2023-01-03,1105,019097,NA,2,1,7,1942,0,1,2,NA,2,102,US-101 N/B (VENTURA FREEWAY),HAYVENHURST AVE,1056,S,N,B,C,Y,LA,NA,101,NA,NA,18.032,H,NA,R,Y,3,0,1,1,A,-,03,22350,NA,N,E,I,A,B,H,-,A,D,0,NA,NA,NA,NA,Y,NA,A,01,0,1,0,0,0,0,0,0,0,-,-,34.165531158447266,-118.48223114013672,LOS ANGELES,LOS ANGELES,-118.48223114013672,34.16539764404297
91962089,2022,2023-01-06,9590,2022-11-11,1400,022984,NA,5,2,7,1942,0,1,1,NA,2,010,SR-110 N/B (ARROYO SECO PARKWAY),SUNSET BOULEVARD,115,S,N,A,-,Y,LA,NA,110,NA,NA,23.796,H,NA,R,N,4,0,1,2,A,-,07,21658,A,N,B,C,A,A,H,-,A,D,0,NA,NA,NA,NA,Y,NA,-,-,0,0,1,0,0,0,0,0,0,-,-,34.063358306884766,-118.24787139892578,LOS ANGELES,LOS ANGELES,-118.24787902832033,34.0633659362793
91962094,2022,2023-01-06,9590,2022-11-17,0845,017733,NA,4,1,7,1942,0,1,3,NA,2,095,SR-2 W/B (GLENDALE FREEWAY),AVENUE 42 PEDESTRIAN O/C,25,W,N,A,-,Y,LA,NA,2,NA,R,17.515,H,NA,L,Y,4,0,1,2,A,-,03,22350,NA,N,C,C,A,A,H,-,A,D,0,NA,NA,NA,NA,Y,NA,D,22,0,0,1,0,0,0,0,0,0,-,-,34.128231048583984,-118.22868347167967,LOS ANGELES,LOS ANGELES,-118.228759765625,34.12821960449219
91962103,2022,2023-01-06,9590,2022-11-18,1800,022683,NA,5,2,7,1942,0,1,1,NA,2,064,I-10 E/B (SMF) TO I-5 S/B (SAF),SOTO STREET,1000,E,N,A,-,Y,LA,NA,60,NA,R,0.56,H,NA,R,N,3,0,1,2,A,-,03,22350,NA,M,C,C,A,A,H,-,C,D,0,NA,NA,NA,NA,Y,NA,-,99,0,1,0,0,0,0,0,0,0,-,-,34.02888870239258,-118.2158203125,LOS ANGELES,LOS ANGELES,-118.21582794189452,34.02906036376953
91962116,2022,2023-01-06,9550,2022-12-26,0600,023053,NA,1,1,9,1900,0,2,4,NA,1,042,FULLERTON ROAD,COLIMA ROAD,50,N,N,A,-,N,NA,NA,NA,NA,NA,NA,NA,NA,NA,N,3,0,1,2,A,-,11,21954,A,N,G,B,D,A,H,-,B,D,0,Y,NA,NA,NA,Y,NA,N,60,0,1,0,0,1,0,0,0,0,-,-,33.98876190185547,-117.90574645996094,LOS ANGELES,UNINCORPORATED,-117.90567779541016,33.98849868774414
91962122,2022,2023-01-06,9590,2022-11-21,0525,017733,NA,1,3,7,1942,0,1,2,NA,2,072,US-101 N/B (HOLLYWOOD FREEWAY),PILGRIMAGE BRIDGE O/C,318,S,N,A,-,Y,LA,NA,101,NA,NA,7.983,H,NA,R,Y,4,0,1,3,A,-,03,22350,NA,N,D,C,A,A,H,-,C,D,0,NA,NA,NA,NA,Y,NA,A,01,0,0,1,0,0,0,0,0,0,-,-,34.113651275634766,-118.33602905273438,LOS ANGELES,LOS ANGELES,-118.33602142333984,34.113651275634766
91962124,2022,2023-01-06,9590,2022-12-19,1121,023035,NA,1,1,7,1942,0,1,1,NA,2,084,I-5 N/B (GSF),COLORADO ST.,500,S,N,A,-,Y,LA,NA,5,NA,NA,25.414,H,NA,R,N,4,0,1,2,A,-,07,21658,A,N,B,C,A,A,H,-,A,D,0,NA,NA,NA,Y,Y,NA,G,25,0,0,1,0,0,0,0,0,0,-,-,34.13568878173828,-118.2757568359375,LOS ANGELES,LOS ANGELES,-118.27578735351564,34.135684967041016
91962127,2022,2023-01-06,9590,2022-12-23,1818,022569,NA,5,2,7,1942,0,1,2,NA,2,070,US-101 N/B (SANTA ANA FREEWAY),ALAMEDA ST,300,S,N,A,-,Y,LA,NA,101,NA,NA,0.471,H,NA,R,N,4,0,1,3,A,-,03,22350,NA,N,C,C,A,A,H,-,C,D,0,NA,NA,NA,NA,Y,NA,A,07,0,0,1,0,0,0,0,0,0,-,-,34.053829193115234,-118.23367309570313,LOS ANGELES,LOS ANGELES,-118.23368072509766,34.05379104614258
91962132,2022,2023-01-06,9530,2022-12-28,2350,022676,NA,3,3,9,1900,0,1,1,NA,2,120,N/B I-110 (HARBOR FREEWAY),CARSON ST,1457,N,N,C,-,Y,LA,NA,110,NA,NA,7.301,H,NA,R,Y,4,0,2,2,A,-,03,22350,NA,N,C,C,A,B,H,-,C,D,0,NA,NA,NA,NA,Y,NA,A,01,0,0,2,0,0,0,0,0,0,-,-,33.835750579833984,-118.28729248046876,LOS ANGELES,UNINCORPORATED,-118.2872314453125,33.83574676513672