CASE_ID,ACCIDENT_YEAR,PROC_DATE,JURIS,COLLISION_DATE,COLLISION_TIME,OFFICER_ID,REPORTING_DISTRICT,DAY_OF_WEEK,CHP_SHIFT,POPULATION,CNTY_CITY_LOC,SPECIAL_COND,BEAT_TYPE,CHP_BEAT_TYPE,CITY_DIVISION_LAPD,CHP_BEAT_CLASS,BEAT_NUMBER,PRIMARY_RD,SECONDARY_RD,DISTANCE,DIRECTION,INTERSECTION,WEATHER_1,WEATHER_2,STATE_HWY_IND,CALTRANS_COUNTY,CALTRANS_DISTRICT,STATE_ROUTE,ROUTE_SUFFIX,POSTMILE_PREFIX,POSTMILE,LOCATION_TYPE,RAMP_INTERSECTION,SIDE_OF_HWY,TOW_AWAY,COLLISION_SEVERITY,NUMBER_KILLED,NUMBER_INJURED,PARTY_COUNT,PRIMARY_COLL_FACTOR,PCF_CODE_OF_VIOL,PCF_VIOL_CATEGORY,PCF_VIOLATION,PCF_VIOL_SUBSECTION,HIT_AND_RUN,TYPE_OF_COLLISION,MVIW,PED_ACTION,ROAD_SURFACE,ROAD_COND_1,ROAD_COND_2,LIGHTING,CONTROL_DEVICE,CHP_ROAD_TYPE,PEDESTRIAN_ACCIDENT,BICYCLE_ACCIDENT,MOTORCYCLE_ACCIDENT,TRUCK_ACCIDENT,NOT_PRIVATE_PROPERTY,ALCOHOL_INVOLVED,STWD_VEHTYPE_AT_FAULT,CHP_VEHTYPE_AT_FAULT,COUNT_SEVERE_INJ,COUNT_VISIBLE_INJ,COUNT_COMPLAINT_PAIN,COUNT_PED_KILLED,COUNT_PED_INJURED,COUNT_BICYCLIST_KILLED,COUNT_BICYCLIST_INJURED,COUNT_MC_KILLED,COUNT_MC_INJURED,PRIMARY_RAMP,SECONDARY_RAMP,LATITUDE,LONGITUDE,COUNTY,CITY,POINT_X,POINT_Y
91973650,2022,2023-01-23,9575,2022-10-25,1805,022513,NA,2,2,7,1942,0,1,1,NA,2,060,I-210 W/B (FOOTHILL FREEWAY),PAXTON ST.,528,E,N,A,-,Y,LA,NA,210,NA,R,6.125,H,NA,L,N,4,0,1,2,A,-,07,21658,A,M,B,C,A,A,H,-,B,D,0,NA,NA,NA,NA,Y,NA,-,99,0,0,1,0,0,0,0,0,0,-,-,34.28641891479492,-118.4056396484375,LOS ANGELES,LOS ANGELES,-118.40565490722656,34.286407470703125
91973655,2023,2023-08-07,9565,2023-01-02,102,022728,NA,1,3,4,1918,0,1,1,NA,2,061,I-405 S/B (SAN DIEGO FREEWAY),VENICE BLVD,125,S,N,A,-,Y,LA,NA,405,NA,NA,27.929,H,NA,L,Y,2,0,3,3,A,-,03,22350,NA,N,C,C,A,A,H,-,D,D,0,NA,NA,NA,NA,Y,NA,A,08,1,1,1,0,0,0,0,0,0,-,-,34.01171875,-118.4182586669922,LOS ANGELES,CULVER CITY,-118.418212890625,34.01174545288086
91973658,2022,2023-01-23,9565,2022-12-09,2345,022615,NA,5,3,7,1942,0,1,1,NA,2,062,I-405 NORTHBOUND,I-10,500,N,N,A,-,Y,LA,NA,405,NA,NA,29.675,H,NA,R,N,4,0,2,3,A,-,03,22350,NA,M,C,C,A,A,H,-,C,D,0,NA,NA,NA,NA,Y,NA,-,99,0,0,2,0,0,0,0,0,0,-,-,34.03281021118164,-118.43524932861328,LOS ANGELES,LOS ANGELES,-118.43523406982422,34.03282928466797
91973662,2022,2023-01-23,9575,2022-11-07,1115,021394,NA,1,1,7,1942,0,1,1,NA,2,052,I-5 S/B (GOLDEN STATE FREEWAY),SUNLAND BLVD.,775,N,N,B,C,Y,LA,NA,5,NA,NA,33.837,H,NA,L,Y,3,0,3,2,A,-,03,22350,NA,F,C,C,A,B,H,-,A,D,0,NA,NA,NA,NA,Y,NA,A,01,0,1,2,0,0,0,0,0,0,-,-,34.2222785949707,-118.36943817138672,LOS ANGELES,LOS ANGELES,-118.36945343017578,34.22224044799805
91973696,2023,2023-02-07,9525,2023-01-16,138,022745,NA,1,3,9,1900,0,1,1,NA,2,105,I-10 W/B (SAN BERNARDINO FWY),HOLT AVE,2640,E,N,C,-,Y,LA,NA,10,NA,NA,39.557,H,NA,L,Y,4,0,2,2,A,-,03,22350,NA,N,C,C,A,B,H,-,C,D,0,NA,NA,NA,NA,Y,NA,A,07,0,0,2,0,0,0,0,0,0,-,-,34.06842041015625,-117.85521697998048,LOS ANGELES,UNINCORPORATED,-117.85520935058594,34.068321228027344
91973704,2023,2023-01-23,9525,2023-01-20,8,020891,NA,5,3,5,1990,0,1,3,NA,2,604,SR-60 E/B (POMONA FWY),GRAND AVE.,1320,E,N,B,-,Y,LA,NA,60,NA,R,24.708,H,NA,R,Y,4,0,1,1,A,-,01,23152,A,N,E,I,A,A,H,-,C,D,0,NA,NA,NA,NA,Y,Y,A,01,0,0,1,0,0,0,0,0,0,-,-,34.012821197509766,-117.82028198242188,LOS ANGELES,DIAMOND BAR,-117.82041168212892,34.01290512084961
91973705,2023,2023-01-23,9525,2023-01-20,1430,021545,NA,5,2,5,1990,0,1,3,NA,2,602,SR-60 E/B TO GRAND AVE,GRAND AVE,5,W,N,A,-,Y,NA,NA,NA,NA,NA,NA,NA,NA,NA,N,4,0,1,2,A,-,21,22106,NA,N,C,C,A,A,H,-,A,A,0,NA,NA,NA,NA,Y,NA,A,01,0,0,1,0,0,0,0,0,0,-,-,34.00925064086914,-117.82334136962892,LOS ANGELES,DIAMOND BAR,-117.82334136962892,34.00925064086914
91973707,2023,2023-01-23,9525,2023-01-20,1840,022617,NA,5,2,5,1926,0,1,1,NA,2,206,I-210 E/B (FOOTHILL FWY),GRAND AVE,2500,W,N,A,-,Y,LA,NA,210,NA,R,41.126,H,NA,R,N,4,0,1,2,A,-,03,22350,NA,N,C,C,A,A,H,-,D,D,0,NA,NA,NA,NA,Y,NA,A,01,0,0,1,0,0,0,0,0,0,-,-,34.120819091796875,-117.88107299804688,LOS ANGELES,GLENDORA,-117.88107299804688,34.12090301513672
91973716,2023,2023-01-23,9525,2023-01-19,2000,021545,NA,4,2,9,1900,0,3,5,NA,2,003,MAPLEGROVE ST,ECHELON AVE,0,NA,Y,A,-,N,NA,NA,NA,NA,NA,NA,NA,NA,NA,N,4,0,1,2,A,-,09,21800,A,N,D,C,A,A,H,-,C,A,0,NA,NA,NA,NA,Y,NA,A,01,0,0,1,0,0,0,0,0,0,-,-,34.044708251953125,-117.9343719482422,LOS ANGELES,UNINCORPORATED,-117.93437957763672,34.04467010498047
91973723,2022,2023-01-23,9565,2022-12-01,0626,022764,NA,4,1,9,1900,0,3,5,NA,2,002,101ST ST,VERMONT AVE,255,W,N,B,-,N,NA,NA,NA,NA,NA,NA,NA,NA,NA,Y,4,0,1,3,A,-,01,23152,A,N,B,4,A,A,H,-,B,D,0,NA,NA,NA,NA,Y,Y,A,07,0,0,1,0,0,0,0,0,0,-,-,33.94501876831055,-118.29277801513672,LOS ANGELES,UNINCORPORATED,-118.2927474975586,33.94497299194336
91973728,2022,2023-01-23,9565,2022-12-02,1730,020209,NA,5,2,7,1942,0,1,1,NA,2,062,I-405 S/B (SAN DIEGO FREEWAY),OLYMPIC BOULEVARD,50,S,N,B,-,Y,LA,NA,405,NA,NA,30.181,H,NA,L,N,4,0,3,4,A,-,03,22350,NA,N,C,C,A,A,H,-,C,D,0,NA,NA,NA,NA,Y,NA,A,01,0,0,3,0,0,0,0,0,0,-,-,34.0388298034668,-118.43978881835938,LOS ANGELES,LOS ANGELES,-118.43984985351564,34.03880310058594
91973845,2022,2023-01-23,9575,2022-11-13,1655,022946,NA,7,2,7,1942,0,1,1,NA,2,053,I-5 N/B (GOLDEN STATE FREEWAY),BRANFORD ST,800,N,N,A,-,Y,LA,NA,5,NA,NA,37.029,H,NA,R,Y,3,0,1,2,A,-,02,22400,A,N,C,2,A,A,H,-,C,D,0,NA,NA,NA,Y,Y,NA,A,01,0,1,0,0,0,0,0,0,0,-,-,34.2406005859375,-118.41767120361328,LOS ANGELES,LOS ANGELES,-118.41781616210938,34.2404899597168
91973846,2023,2023-01-23,9575,2023-01-14,845,022626,NA,6,1,7,1942,0,1,3,NA,2,041,SR-134 E/B TO FIGUEROA ST.,FIGUEROA ST.,350,E,N,B,-,Y,NA,NA,NA,NA,NA,NA,NA,NA,NA,Y,3,0,1,1,A,-,08,22107,NA,N,E,I,A,A,H,-,A,D,0,NA,NA,NA,NA,Y,NA,A,07,0,1,0,0,0,0,0,0,0,-,-,34.141700744628906,-118.18495178222656,LOS ANGELES,LOS ANGELES,-118.18495178222656,34.141700744628906
91973847,2023,2023-01-23,9575,2023-01-11,1330,023072,NA,3,1,6,1912,0,1,3,NA,2,044,SR-134 W/B (VENTURA FREEWAY),THE LOS ANGELES RIVER,488,W,N,A,-,Y,LA,NA,134,NA,NA,3.36,H,NA,L,N,4,0,1,2,A,-,03,22350,NA,N,C,C,A,A,H,-,A,D,0,NA,NA,NA,NA,Y,NA,A,01,0,0,1,0,0,0,0,0,0,-,-,34.15522003173828,-118.3185806274414,LOS ANGELES,BURBANK,-118.3185806274414,34.15516662597656
91973848,2023,2023-01-23,9575,2023-01-11,1825,023072,NA,3,2,6,1912,0,1,3,NA,2,044,SR-134 E/B (VENTURA FREEWAY),ALAMEDA AVE.,157,W,N,B,-,Y,LA,NA,134,NA,NA,1.967,H,NA,R,Y,4,0,1,3,A,-,03,22350,NA,N,C,C,A,A,H,-,D,D,0,NA,NA,NA,NA,Y,NA,A,07,0,0,1,0,0,0,0,0,0,-,-,34.15378952026367,-118.34243774414064,LOS ANGELES,BURBANK,-118.34243011474608,34.15383529663086
91973850,2023,2023-01-23,9575,2023-01-12,1505,023072,NA,4,2,7,1942,0,1,1,NA,2,053,I-5 N/B (GOLDEN STATE FREEWAY),BRANDFORD ST.,548,N,N,A,-,Y,LA,NA,5,NA,NA,36.988,H,NA,R,N,4,0,2,2,A,-,03,22350,NA,M,C,C,A,A,H,-,A,D,0,NA,NA,NA,NA,Y,NA,A,01,0,0,2,0,0,0,0,0,0,-,-,34.240028381347656,-118.41734313964844,LOS ANGELES,LOS ANGELES,-118.41732788085938,34.24003601074219
91973922,2023,2023-01-23,9580,2023-01-15,56,022550,NA,7,3,7,1942,0,1,3,NA,2,170,SR-170 N/B (HOLLYWOOD FWY.),BURBANK BLVD,250,N,N,C,-,Y,LA,NA,170,NA,R,16.092,H,NA,R,Y,4,0,1,3,C,-,18,NA,NA,N,C,C,A,B,H,-,D,D,0,NA,NA,NA,NA,Y,NA,-,-,0,0,1,0,0,0,0,0,0,-,-,34.172821044921875,-118.38979339599608,LOS ANGELES,LOS ANGELES,-118.38977813720705,34.17283248901367
91973923,2023,2023-01-23,9580,2023-01-16,333,022566,NA,1,3,7,1942,0,1,2,NA,2,101,US-101 S/B (VENTURA FREEWAY),COLDWATER CANYON AVE,1950,S,N,C,-,Y,LA,NA,101,NA,NA,13.879,H,NA,L,Y,3,0,1,1,A,-,03,22350,NA,N,E,I,A,B,H,-,D,D,0,NA,NA,NA,NA,Y,NA,A,01,0,1,0,0,0,0,0,0,0,-,-,34.15665054321289,-118.41368865966795,LOS ANGELES,LOS ANGELES,-118.41368865966795,34.156639099121094
91973926,2023,2023-01-23,9580,2023-01-18,1745,023097,NA,3,2,7,1942,0,1,3,NA,2,116,SR-118 E/B (RONALD REAGAN FWY.),TAMPA AVE,1320,W,N,A,-,Y,LA,NA,118,NA,R,4.465,H,NA,R,N,4,0,1,2,A,-,03,22350,NA,N,C,C,A,A,H,-,C,A,0,NA,NA,NA,NA,Y,NA,A,01,0,0,1,0,0,0,0,0,0,-,-,34.27260971069336,-118.55914306640624,LOS ANGELES,LOS ANGELES,-118.55914306640624,34.2725715637207
91973931,2023,2023-01-23,9565,2023-01-10,1840,022832,NA,2,2,9,1900,0,3,5,NA,2,003,SLAUSON AVENUE,DEANE AVENUE,0,NA,Y,A,-,N,NA,NA,NA,NA,NA,NA,NA,NA,NA,Y,3,0,3,3,A,-,09,21801,A,N,D,C,A,A,H,-,C,A,0,NA,NA,NA,NA,Y,NA,A,01,0,1,2,0,0,0,0,0,0,-,-,33.98889923095703,-118.33780670166016,LOS ANGELES,UNINCORPORATED,-118.33782196044922,33.988975524902344
91974067,2023,2023-01-23,9525,2023-01-10,1510,023085,NA,2,2,9,1900,0,2,4,NA,2,022,ARROW HIGHWAY BLOCK 800,CITRUS AVE,175,W,N,B,-,N,NA,NA,NA,NA,NA,NA,NA,NA,NA,Y,3,0,1,2,A,-,09,21804,A,N,D,C,A,A,H,-,A,D,0,NA,NA,NA,NA,Y,NA,A,01,0,1,0,0,0,0,0,0,0,-,-,34.106788635253906,-117.89118194580078,LOS ANGELES,UNINCORPORATED,-117.8908462524414,34.1068115234375
91974069,2023,2023-01-23,9525,2023-01-13,835,019421,NA,5,1,9,1900,0,2,4,NA,2,030,AMAR RD,GRAND VIEW LN,0,NA,Y,A,-,N,NA,NA,NA,NA,NA,NA,NA,NA,NA,N,3,0,2,2,A,-,12,21453,A,N,D,C,A,A,H,-,A,A,0,NA,NA,NA,NA,Y,NA,A,01,0,2,0,0,0,0,0,0,0,-,-,34.03533172607422,-117.9221420288086,LOS ANGELES,UNINCORPORATED,-117.92208099365234,34.03537368774414
91974076,2023,2023-01-23,9525,2023-01-14,1905,022959,NA,6,2,9,1900,0,3,5,NA,2,002,VALLEY CENTER AVE,CIENEGA AVE,0,NA,Y,C,-,N,NA,NA,NA,NA,NA,NA,NA,NA,NA,Y,4,0,1,2,A,-,12,22450,A,N,D,C,A,B,H,-,C,A,0,NA,NA,NA,NA,Y,NA,A,01,0,0,1,0,0,0,0,0,0,-,-,34.10308837890625,-117.83763885498048,LOS ANGELES,UNINCORPORATED,-117.83763885498048,34.10306167602539
91974082,2023,2023-01-23,9580,2023-01-13,1605,022591,NA,5,2,7,1942,0,1,1,NA,2,405,I-405 S/B (SAN DIEGO FWY),BURBANK BLVD,2300,N,N,A,-,Y,LA,NA,405,NA,NA,40.761,H,NA,L,Y,4,0,1,3,A,-,08,22107,NA,N,B,C,A,A,H,-,A,D,0,NA,NA,NA,NA,Y,NA,A,01,0,0,1,0,0,0,0,0,0,-,-,34.1788215637207,-118.46939086914064,LOS ANGELES,LOS ANGELES,-118.46946716308594,34.17877960205078
91974085,2023,2023-01-23,9580,2023-01-14,2150,022573,NA,6,2,7,1942,0,1,2,NA,2,103,US-101 S/B (VENTURA FWY) TO I-405 S/B (SAN DIEGO F,VENTURA BOULEVARD,1320,N,N,A,-,Y,LA,NA,405,NA,NA,39.275,H,NA,L,N,4,0,1,2,A,-,08,22107,NA,M,B,C,A,B,H,-,C,D,0,NA,NA,NA,NA,Y,NA,-,99,0,0,1,0,0,0,0,0,0,-,-,34.15776824951172,-118.46958160400392,LOS ANGELES,LOS ANGELES,-118.4693603515625,34.157806396484375
91974088,2023,2023-01-23,9580,2023-01-14,2155,022573,NA,6,2,7,1942,0,1,1,NA,2,405,I-405 S/B (SAN DIEGO FWY),VENTURA BLVD,1056,N,N,A,-,Y,LA,NA,405,NA,NA,39.245,H,NA,L,N,3,0,1,2,A,-,03,22350,NA,M,C,C,A,B,H,-,C,D,0,NA,NA,NA,NA,Y,NA,-,-,0,1,0,0,0,0,0,0,0,-,-,34.15740966796875,-118.46917724609376,LOS ANGELES,LOS ANGELES,-118.46924591064452,34.15739440917969
91974092,2023,2023-01-23,9580,2023-01-20,20,022572,NA,5,3,7,1942,0,1,3,NA,2,117,SR-118 W/B TO DE SOTO AVE,DE SOTO AVE,10,E,N,A,-,Y,NA,NA,NA,NA,NA,NA,NA,NA,NA,Y,4,0,1,3,A,-,03,22350,NA,N,D,C,A,A,H,-,C,D,0,NA,NA,NA,NA,Y,NA,A,01,0,0,1,0,0,0,0,0,0,-,-,34.27436065673828,-118.59063720703124,LOS ANGELES,LOS ANGELES,-118.59063720703124,34.27436065673828
91974095,2023,2023-01-23,9525,2023-01-09,1255,022194,NA,1,1,6,1955,0,1,1,NA,2,109,I-10 W/B,DUDLEY ST.,1000,E,N,C,-,Y,LA,NA,10,NA,NA,44.259,H,NA,L,Y,3,0,1,3,A,-,07,21658,NA,N,B,C,A,B,H,-,A,D,0,NA,NA,NA,NA,Y,NA,D,22,0,1,0,0,0,0,0,0,0,-,-,34.07292175292969,-117.77706146240234,LOS ANGELES,POMONA,-117.77706146240234,34.072906494140625
91974100,2023,2023-01-23,9535,2023-01-10,1550,022808,NA,2,2,9,1900,0,3,5,NA,2,002,VANCOUVER AVE,6TH ST,0,NA,Y,C,-,N,NA,NA,NA,NA,NA,NA,NA,NA,NA,N,3,0,1,2,A,-,10,21950,A,N,G,B,B,B,H,-,A,A,0,Y,NA,NA,NA,Y,NA,D,22,0,1,0,0,1,0,0,0,0,-,-,34.02524185180664,-118.15798950195313,LOS ANGELES,UNINCORPORATED,-118.157958984375,34.02531051635742
91974124,2023,2023-01-23,9540,2023-01-18,1515,021464,NA,3,2,7,1942,0,1,1,NA,1,503,I-5 SB (GOLDEN STATE FREEWAY),WELDON CANYON RD,739,N,N,A,-,Y,LA,NA,5,NA,R,46.697,H,NA,L,N,3,0,1,3,A,-,03,22350,NA,N,C,C,A,A,H,-,A,D,0,NA,NA,NA,NA,Y,NA,A,01,0,1,0,0,0,0,0,0,0,-,-,34.34117126464844,-118.52500152587892,LOS ANGELES,LOS ANGELES,-118.52499389648438,34.341182708740234
91974136,2023,2023-01-23,9540,2023-01-19,1842,015576,NA,4,2,9,1900,0,1,1,NA,2,511,I-5 SB,VISTA DEL LAGO RD,13200,S,N,A,-,Y,LA,NA,5,NA,R,71.96,H,NA,L,Y,4,0,2,3,A,-,03,22350,NA,N,C,C,A,A,H,-,D,D,0,NA,NA,NA,Y,Y,NA,A,01,0,0,2,0,0,0,0,0,0,-,-,34.6368408203125,-118.74301147460938,LOS ANGELES,UNINCORPORATED,-118.74302673339844,34.63682174682617
91974151,2022,2023-01-23,9590,2022-12-11,0637,021835,NA,7,1,7,1942,0,1,1,NA,2,053,I-110 S/B (HAF),11TH STREET,25,S,N,C,-,Y,LA,NA,110,NA,NA,21.997,H,NA,L,N,3,0,1,1,A,-,08,22107,NA,N,E,I,A,B,H,-,B,D,0,NA,NA,NA,NA,Y,NA,A,01,0,1,0,0,0,0,0,0,0,-,-,34.04547882080078,-118.27069854736328,LOS ANGELES,LOS ANGELES,-118.27068328857422,34.04546356201172
91974163,2022,2023-01-23,9590,2022-09-06,0720,023035,NA,2,1,7,1942,0,1,2,NA,2,070,US-101 N/B (HOF) TO SILVER LAKE BLVD.,SILVER LAKE BLVD. OFFRAMP,0,NA,Y,A,-,Y,NA,NA,NA,NA,NA,NA,NA,NA,NA,N,2,0,1,2,A,-,03,22350,NA,N,C,C,A,A,H,-,A,D,0,NA,NA,Y,NA,Y,NA,C,02,1,0,0,0,0,0,0,0,1,-,-,34.07725143432617,-118.28021240234376,LOS ANGELES,LOS ANGELES,-118.2812957763672,34.077186584472656
91974177,2022,2023-01-23,9535,2022-11-30,2040,022142,NA,3,2,9,1900,0,2,4,NA,2,022,OLYMPIC BLVD.,CLELA AVE.,0,NA,Y,A,-,N,NA,NA,NA,NA,NA,NA,NA,NA,NA,Y,3,0,2,2,A,-,09,21801,A,N,D,C,A,A,H,-,C,D,0,NA,NA,NA,NA,Y,NA,A,01,0,2,0,0,0,0,0,0,0,-,-,34.01707077026367,-118.16195678710938,LOS ANGELES,UNINCORPORATED,-118.1619873046875,34.01702117919922
91974187,2023,2023-01-23,9540,2023-01-14,1130,020400,NA,6,1,9,1900,0,1,1,NA,2,509,I-5 SOUTHBOUND,CHP RD,2640,S,N,C,-,Y,LA,NA,5,NA,R,61.87,H,NA,L,Y,4,0,2,1,A,-,03,22350,NA,N,E,I,A,B,H,-,A,D,0,NA,NA,NA,NA,Y,NA,D,22,0,0,2,0,0,0,0,0,0,-,-,34.525909423828125,-118.64282989501952,LOS ANGELES,UNINCORPORATED,-118.64276123046876,34.52593231201172
91974190,2023,2023-01-23,9590,2023-01-10,1940,022689,NA,2,2,7,1942,0,1,1,NA,2,085,I-5 SOUTHBOUND (GOLDEN STATE FREEWAY),COLORADO BLVD,100,S,N,A,-,Y,LA,NA,5,NA,NA,25.757,H,NA,L,Y,4,0,1,2,A,-,07,21658,A,N,B,C,A,A,H,-,C,D,0,NA,NA,NA,Y,Y,NA,A,01,0,0,1,0,0,0,0,0,0,-,-,34.14046859741211,-118.27771759033205,LOS ANGELES,LOS ANGELES,-118.27764892578124,34.1404914855957
91974199,2023,2023-01-23,9540,2023-01-13,1623,021190,NA,5,2,7,1942,0,1,1,NA,2,210,I-210 W/B,POLK STREET,150,W,N,A,-,Y,LA,NA,210,NA,R,3.244,H,NA,L,Y,4,0,4,5,A,-,03,22350,NA,N,C,C,A,A,H,-,A,D,0,NA,NA,NA,NA,Y,NA,D,22,0,0,4,0,0,0,0,0,0,-,-,34.316890716552734,-118.44033813476564,LOS ANGELES,LOS ANGELES,-118.44031524658205,34.31690979003906
91974203,2022,2023-01-23,9590,2022-12-18,1109,021835,NA,7,1,7,1942,0,1,1,NA,2,500,I-110 N/B (HAF) EXPRESS LANES,43RD STREET,50,N,N,A,-,Y,LA,NA,110,NA,NA,19.15,H,NA,R,Y,3,0,1,2,A,-,08,22107,NA,N,B,C,A,A,H,-,A,D,0,NA,NA,NA,NA,Y,NA,A,01,0,1,0,0,0,0,0,0,0,-,-,34.00584030151367,-118.28103637695313,LOS ANGELES,LOS ANGELES,-118.28099822998048,34.00584030151367
91974207,2022,2023-01-23,9535,2022-12-29,1810,022159,NA,4,2,5,1901,0,1,1,NA,2,421,I-10 W/B (SAN BERNARDINO FREEWAY),FREMONT AVE.,2005,E,N,B,-,Y,LA,NA,10,NA,NA,22.702,H,NA,L,Y,3,0,2,3,A,-,08,22107,NA,N,B,C,A,A,H,-,A,D,0,NA,NA,NA,NA,Y,NA,A,01,0,1,1,0,0,0,0,0,0,-,-,34.07160949707031,-118.14550018310548,LOS ANGELES,ALHAMBRA,-118.14549255371094,34.07158660888672
91974227,2023,2023-01-23,9540,2023-01-21,650,022385,NA,6,1,9,1900,0,1,3,NA,2,127,SR-126 E/B FROM COMMERCE CENTER DR.,HENRY MAYO DR.,55,N,N,A,-,Y,NA,NA,NA,NA,NA,NA,NA,NA,NA,Y,4,0,1,1,A,-,03,22350,NA,N,E,I,A,A,H,-,A,D,0,NA,NA,NA,NA,Y,NA,A,01,0,0,1,0,0,0,0,0,0,-,-,34.43400955200195,-118.61775207519533,LOS ANGELES,UNINCORPORATED,-118.61775207519533,34.43400955200195
91974248,2022,2023-01-23,9590,2022-12-23,1500,022690,NA,5,2,7,1942,0,1,1,NA,2,083,I-5 S/B (GSF) TO I-10 E/B (SBF),MISSION RD,100,S,N,A,-,Y,LA,NA,5,NA,NA,18.763,H,NA,L,N,4,0,1,2,A,-,03,22350,NA,N,C,C,A,A,H,-,A,D,0,NA,NA,NA,NA,Y,NA,A,01,0,0,1,0,0,0,0,0,0,-,-,34.05963134765625,-118.21501922607422,LOS ANGELES,LOS ANGELES,-118.2148666381836,34.05966567993164
91974266,2023,2023-01-23,9525,2023-01-14,2020,023049,NA,6,2,1,1934,0,1,1,NA,2,652,I-605 N/B TO I-210 E/B,I-210,528,S,N,C,-,Y,LA,NA,605,NA,NA,25.559,H,NA,R,N,3,0,1,1,A,-,08,22107,NA,N,F,I,A,B,H,-,C,D,0,NA,NA,NA,NA,Y,NA,A,01,0,1,0,0,0,0,0,0,0,-,-,34.13077926635742,-117.95951080322266,LOS ANGELES,IRWINDALE,-117.95955657958984,34.13080978393555
91974289,2023,2023-01-23,9525,2023-01-15,605,023154,NA,7,1,6,1955,0,1,3,NA,2,071,SR-71 S/B (CHINO VALLEY FWY),PEYTON DRIVE,1373,N,N,B,-,Y,LA,NA,71,NA,R,4.596,H,NA,R,Y,3,0,1,1,A,-,08,22107,NA,N,F,I,A,B,H,-,C,D,0,NA,NA,NA,NA,Y,NA,A,01,0,1,0,0,0,0,0,0,0,-,-,34.02119064331055,-117.74752044677734,LOS ANGELES,POMONA,-117.74736785888672,34.021305084228516
91974294,2023,2023-01-23,9550,2023-01-10,1235,022597,NA,2,1,9,1900,0,1,3,NA,2,602,STATE ROUTE 60 (POMONA FREEWAY),FULLERTON ROAD,0,NA,Y,B,C,Y,LA,NA,60,NA,NA,19.47,H,NA,R,Y,4,0,1,2,A,-,03,22350,NA,N,C,C,A,B,H,-,A,D,0,NA,NA,NA,Y,Y,NA,D,22,0,0,1,0,0,0,0,0,0,-,-,33.99406051635742,-117.90534973144533,LOS ANGELES,UNINCORPORATED,-117.90534973144533,33.994056701660156
91974296,2023,2023-01-23,9525,2023-01-03,1150,018761,NA,2,1,9,1900,0,2,4,NA,2,022,ARROW HWY,LARK ELLEN AVE,3,E,N,C,-,N,NA,NA,NA,NA,NA,NA,NA,NA,NA,N,4,0,1,2,A,-,12,21453,A,N,D,G,A,B,H,-,A,A,0,NA,Y,NA,NA,Y,NA,L,04,0,0,1,0,0,0,1,0,0,-,-,34.10696029663086,-117.91648864746094,LOS ANGELES,UNINCORPORATED,-117.91658020019533,34.107059478759766
91974297,2022,2023-01-23,9530,2022-09-23,1055,021004,NA,5,1,9,1900,0,3,5,NA,2,001,ALAMEDA ST (7900 BLOCK),NADEAU ST,781,N,N,A,-,N,NA,NA,NA,NA,NA,NA,NA,NA,NA,N,3,0,1,2,A,-,08,22107,NA,N,B,J,A,A,H,-,A,D,0,NA,NA,NA,NA,Y,NA,J,41,0,1,0,0,0,0,0,0,0,-,-,33.96628189086914,-118.23300933837892,LOS ANGELES,UNINCORPORATED,-118.23370361328124,33.96955490112305
91974308,2023,2023-01-23,9530,2023-01-10,545,016842,NA,2,3,7,1941,0,1,1,NA,2,430,I-405 S/B (SAN DIEGO FREEWAY),CHERRY AVE.,120,S,N,B,C,Y,LA,NA,405,NA,NA,4.843,H,NA,L,N,4,0,1,2,A,-,08,22107,NA,N,D,C,A,B,H,-,D,D,0,NA,NA,NA,NA,Y,NA,A,01,0,0,1,0,0,0,0,0,0,-,-,33.81317138671875,-118.16710662841795,LOS ANGELES,LONG BEACH,-118.16707611083984,33.81325149536133
91974321,2023,2023-01-23,9550,2023-01-12,500,022722,NA,4,3,6,1949,0,1,1,NA,2,651,I-605 NB TO I-105 WB,ROSECRANS AVENUE,500,S,N,A,-,Y,LA,NA,605,NA,R,6.802,H,NA,R,Y,4,0,1,1,A,-,01,23152,A,N,E,I,A,A,H,-,C,D,0,NA,NA,NA,NA,Y,Y,A,01,0,0,1,0,0,0,0,0,0,-,-,33.90169143676758,-118.10487365722656,LOS ANGELES,NORWALK,-118.10504913330078,33.90167999267578
91974359,2023,2023-01-23,9550,2023-01-13,1445,023193,NA,5,2,9,1900,0,2,4,NA,1,041,STIMSON AVENUE,GALE AVENUE,8,S,N,A,-,N,NA,NA,NA,NA,NA,NA,NA,NA,NA,N,4,0,1,2,A,-,09,21804,A,N,H,G,A,A,H,-,A,A,0,NA,Y,NA,NA,Y,NA,M,91,0,0,1,0,0,0,1,0,0,-,-,34.00883102416992,-117.95620727539064,LOS ANGELES,UNINCORPORATED,-117.95606994628906,34.008670806884766
91974401,2023,2023-01-23,9535,2023-01-14,2005,022142,NA,6,2,1,1932,0,1,1,NA,2,650,I-605 NORTHBOUND (SAN GABRIEL RIVER FREEWAY),SAN JOSE BRIDGE,165,N,N,C,-,Y,LA,NA,605,NA,R,17.756,H,NA,R,Y,2,0,2,3,A,-,07,21658,A,F,B,C,A,B,H,-,D,D,0,NA,NA,NA,NA,Y,NA,-,99,2,0,0,0,0,0,0,0,0,-,-,34.03767013549805,-118.02237701416016,LOS ANGELES,INDUSTRY,-118.02233123779295,34.037628173828125