CASE_ID,ACCIDENT_YEAR,PROC_DATE,JURIS,COLLISION_DATE,COLLISION_TIME,OFFICER_ID,REPORTING_DISTRICT,DAY_OF_WEEK,CHP_SHIFT,POPULATION,CNTY_CITY_LOC,SPECIAL_COND,BEAT_TYPE,CHP_BEAT_TYPE,CITY_DIVISION_LAPD,CHP_BEAT_CLASS,BEAT_NUMBER,PRIMARY_RD,SECONDARY_RD,DISTANCE,DIRECTION,INTERSECTION,WEATHER_1,WEATHER_2,STATE_HWY_IND,CALTRANS_COUNTY,CALTRANS_DISTRICT,STATE_ROUTE,ROUTE_SUFFIX,POSTMILE_PREFIX,POSTMILE,LOCATION_TYPE,RAMP_INTERSECTION,SIDE_OF_HWY,TOW_AWAY,COLLISION_SEVERITY,NUMBER_KILLED,NUMBER_INJURED,PARTY_COUNT,PRIMARY_COLL_FACTOR,PCF_CODE_OF_VIOL,PCF_VIOL_CATEGORY,PCF_VIOLATION,PCF_VIOL_SUBSECTION,HIT_AND_RUN,TYPE_OF_COLLISION,MVIW,PED_ACTION,ROAD_SURFACE,ROAD_COND_1,ROAD_COND_2,LIGHTING,CONTROL_DEVICE,CHP_ROAD_TYPE,PEDESTRIAN_ACCIDENT,BICYCLE_ACCIDENT,MOTORCYCLE_ACCIDENT,TRUCK_ACCIDENT,NOT_PRIVATE_PROPERTY,ALCOHOL_INVOLVED,STWD_VEHTYPE_AT_FAULT,CHP_VEHTYPE_AT_FAULT,COUNT_SEVERE_INJ,COUNT_VISIBLE_INJ,COUNT_COMPLAINT_PAIN,COUNT_PED_KILLED,COUNT_PED_INJURED,COUNT_BICYCLIST_KILLED,COUNT_BICYCLIST_INJURED,COUNT_MC_KILLED,COUNT_MC_INJURED,PRIMARY_RAMP,SECONDARY_RAMP,LATITUDE,LONGITUDE,COUNTY,CITY,POINT_X,POINT_Y
91978636,2023,2023-01-26,9530,2023-01-14,1130,022866,NA,6,1,9,1900,0,3,5,NA,2,001,70TH ST,HOOPER AVE.,0,NA,Y,B,C,N,NA,NA,NA,NA,NA,NA,NA,NA,NA,N,4,0,2,2,A,-,09,21802,A,N,D,C,A,B,H,-,A,A,0,NA,NA,NA,NA,Y,NA,A,01,0,0,2,0,0,0,0,0,0,-,-,33.976741790771484,-118.25208282470705,LOS ANGELES,UNINCORPORATED,-118.25206756591795,33.97669219970703
91978645,2023,2023-01-26,9525,2023-01-13,1330,023085,NA,5,1,6,1955,0,1,1,NA,2,107,I-10 W/B (SAN BERNARDINO FWY),KELLOGG DR.,170,W,N,A,-,Y,LA,NA,10,NA,NA,42.147,H,NA,L,Y,2,0,3,2,A,-,17,23114,A,N,E,J,A,A,H,-,A,D,0,NA,NA,NA,NA,Y,NA,D,22,1,2,0,0,0,0,0,0,0,-,-,34.06415939331055,-117.81166076660156,LOS ANGELES,POMONA,-117.81165313720705,34.06410598754883
91978676,2022,2023-01-26,9590,2022-12-16,1530,022552,NA,5,2,7,1942,0,1,1,NA,2,050,I-110 N/B (HAF),54TH STREET,500,S,N,A,-,Y,LA,NA,110,NA,NA,18.189,H,NA,R,N,4,0,1,2,A,-,07,21658,A,N,B,C,A,A,H,-,A,D,0,NA,NA,NA,NA,Y,NA,A,01,0,0,1,0,0,0,0,0,0,-,-,33.99190139770508,-118.28032684326172,LOS ANGELES,LOS ANGELES,-118.28042602539064,33.99189758300781
91978679,2023,2023-01-26,9530,2023-01-14,330,022380,NA,6,3,9,1900,0,3,5,NA,2,001,NADEAU ST. (1600 BLOCK),MAIE AVE.,10,E,N,A,-,N,NA,NA,NA,NA,NA,NA,NA,NA,NA,Y,4,0,1,1,A,-,01,23152,F,N,E,I,A,A,H,-,C,A,0,NA,NA,NA,NA,Y,NA,A,01,0,0,1,0,0,0,0,0,0,-,-,33.96752166748047,-118.24439239501952,LOS ANGELES,UNINCORPORATED,-118.2444305419922,33.9674186706543
91978681,2022,2023-01-26,9535,2022-09-29,1520,022842,NA,4,2,5,1952,0,1,1,NA,2,074,I-710 N/B (LONG BEACH FREEWAY),ROSECRANS AVENUE,1848,S,N,A,-,Y,LA,NA,710,NA,NA,14.589,H,NA,R,Y,3,0,1,2,A,-,07,21658,A,F,B,C,A,A,H,-,A,D,0,NA,NA,NA,NA,Y,NA,A,01,0,1,0,0,0,0,0,0,0,-,-,33.89833068847656,-118.18720245361328,LOS ANGELES,PARAMOUNT,-118.18711090087892,33.898319244384766
91978701,2022,2023-01-26,9535,2022-09-28,1805,022842,NA,3,2,9,1900,0,3,5,NA,2,002,VANCOUVER AVENUE,HUBBARD STREET,0,NA,Y,A,-,N,NA,NA,NA,NA,NA,NA,NA,NA,NA,Y,3,0,1,2,A,-,12,22450,A,F,D,C,A,A,H,-,A,A,0,NA,NA,NA,NA,Y,NA,A,01,0,1,0,0,0,0,0,0,0,-,-,34.023040771484375,-118.15859985351564,LOS ANGELES,UNINCORPORATED,-118.15865325927734,34.02305221557617
91978711,2023,2023-01-26,9590,2023-01-18,2255,022497,NA,3,3,7,1942,0,1,1,NA,2,064,I-10 E/B (SANTA MONICA FREEWAY),SANTA FE AVENUE,230,E,N,A,-,Y,LA,NA,10,NA,NA,17.758,H,NA,R,N,4,0,1,2,A,-,03,22350,NA,F,C,C,A,A,H,-,C,D,0,NA,NA,NA,NA,Y,NA,-,99,0,0,1,0,0,0,0,0,0,-,-,34.02846145629883,-118.22913360595705,LOS ANGELES,LOS ANGELES,-118.22913360595705,34.02847671508789
91978716,2023,2023-01-26,9580,2023-01-23,720,017961,NA,1,1,7,1942,0,1,3,NA,2,116,SR-118 E/B (RONALD REAGAN FWY.),BALBOA BLVD,500,W,N,A,-,Y,LA,NA,118,NA,R,7.747,H,NA,R,Y,4,0,2,5,A,-,03,22350,NA,N,C,C,A,A,H,-,A,D,0,NA,NA,NA,NA,Y,NA,D,22,0,0,2,0,0,0,0,0,0,-,-,34.27799987792969,-118.50308990478516,LOS ANGELES,LOS ANGELES,-118.50308990478516,34.27797317504883
91978727,2023,2023-01-26,9525,2023-01-18,550,015445,NA,3,3,9,1900,0,3,5,NA,2,003,AZUSA AVE.,GEMINI ST.,0,NA,Y,A,-,N,NA,NA,NA,NA,NA,NA,NA,NA,NA,Y,3,0,2,2,A,-,12,21453,A,N,D,C,A,A,H,-,C,A,0,NA,NA,NA,NA,Y,NA,-,-,0,1,1,0,0,0,0,0,0,-,-,34.01860809326172,-117.91995239257813,LOS ANGELES,UNINCORPORATED,-117.92015075683594,34.01862335205078
91978739,2023,2023-01-26,9535,2023-01-13,1905,022277,NA,5,2,9,1900,0,2,4,NA,2,014,CESAR E. CHAVEZ AVE.,MEDNIK AVE.,0,NA,Y,A,-,N,NA,NA,NA,NA,NA,NA,NA,NA,NA,N,4,0,1,2,D,-,00,NA,NA,N,D,C,A,A,H,-,C,A,0,NA,NA,NA,NA,Y,NA,-,-,0,0,1,0,0,0,0,0,0,-,-,34.04064178466797,-118.16185760498048,LOS ANGELES,UNINCORPORATED,-118.16188049316406,34.040611267089844
91978742,2023,2023-01-26,9550,2023-01-14,1350,022167,NA,6,1,5,1908,0,1,3,NA,2,090,SR-91 W/B,CLARK AVENUE,1230,W,N,B,C,Y,LA,NA,91,NA,R,14.887,H,NA,L,N,4,0,2,2,A,-,03,22350,NA,N,C,C,A,B,H,-,A,D,0,NA,NA,NA,NA,Y,NA,A,01,0,0,2,0,0,0,0,0,0,-,-,33.87730026245117,-118.137939453125,LOS ANGELES,BELLFLOWER,-118.137939453125,33.877288818359375
91978743,2023,2023-01-26,9525,2023-01-19,915,015445,NA,4,1,6,1975,0,1,1,NA,2,105,I-10 W/B (SAN BERNARDINO FWY),LARK ELLEN AVE.,400,W,N,A,-,Y,LA,NA,10,NA,NA,35.887,H,NA,L,Y,4,0,1,4,A,-,03,22350,NA,N,C,C,A,A,H,-,A,D,0,NA,NA,NA,NA,Y,NA,D,22,0,0,1,0,0,0,0,0,0,-,-,34.072330474853516,-117.9182586669922,LOS ANGELES,WEST COVINA,-117.9182586669922,34.072322845458984
91978744,2023,2023-01-26,9550,2023-01-14,1500,022587,NA,6,2,9,1900,0,2,4,NA,1,051,COLIMA ROAD W/B,NOGALES STREET,340,W,N,C,-,N,NA,NA,NA,NA,NA,NA,NA,NA,NA,N,4,0,1,2,A,-,05,21650,NA,N,B,G,A,B,H,-,A,D,0,NA,Y,NA,NA,Y,NA,L,04,0,0,1,0,0,0,1,0,0,-,-,33.987430572509766,-117.89063262939452,LOS ANGELES,UNINCORPORATED,-117.8904266357422,33.98760223388672
91978746,2023,2023-01-26,9550,2023-01-13,2345,022952,NA,5,3,6,1949,0,1,1,NA,2,501,I-5 NORTHBOUND,SHOEMAKER AVE,800,S,N,A,-,Y,LA,NA,5,NA,NA,3.14,H,NA,R,Y,4,0,1,3,A,-,03,22350,NA,N,C,C,A,A,H,-,D,D,0,NA,NA,NA,NA,Y,NA,A,01,0,0,1,0,0,0,0,0,0,-,-,33.899681091308594,-118.05699920654295,LOS ANGELES,NORWALK,-118.0571746826172,33.89945602416992
91978766,2022,2023-01-26,9590,2022-12-11,2335,022984,NA,7,3,7,1942,0,1,1,NA,2,013,SR-110 S/B FROM AVENUE 43,AVENUE 43,240,N,N,C,-,Y,LA,NA,110,NA,NA,27.172,H,NA,L,N,4,0,1,2,A,-,03,22350,NA,F,C,C,A,B,H,-,C,D,0,NA,NA,NA,NA,Y,NA,-,99,0,0,1,0,0,0,0,0,0,-,-,34.094120025634766,-118.20644378662108,LOS ANGELES,LOS ANGELES,-118.2062759399414,34.09408950805664
91978778,2022,2023-01-26,9590,2022-12-10,1600,023052,NA,6,2,7,1942,0,1,1,NA,2,085,I-5 SOUTHBOUND (GOLDEN STATE FREEWAY),FLETCHER BLVD,90,N,N,B,-,Y,LA,NA,5,NA,NA,23.009,H,NA,L,N,4,0,1,2,A,-,03,22350,NA,N,C,C,A,A,H,-,A,D,0,NA,NA,NA,NA,Y,NA,A,01,0,0,1,0,0,0,0,0,0,-,-,34.1068115234375,-118.25617980957033,LOS ANGELES,LOS ANGELES,-118.25620269775392,34.10678482055664
91978793,2023,2023-01-26,9535,2023-01-19,1550,022342,NA,4,2,5,1952,0,1,1,NA,2,074,I-710 N/B (LONG BEACH FWY),ROSECRANS AVE,1000,S,N,A,-,Y,LA,NA,710,NA,NA,14.518,H,NA,R,N,3,0,1,2,A,-,03,22350,NA,N,C,C,A,A,H,-,D,D,0,NA,NA,NA,NA,Y,NA,A,01,0,1,0,0,0,0,0,0,0,-,-,33.89728927612305,-118.1872787475586,LOS ANGELES,PARAMOUNT,-118.1872787475586,33.89728927612305
91978795,2023,2023-01-26,9535,2023-01-19,1435,022740,NA,4,2,3,1914,0,1,1,NA,2,500,I-5 N/B (SANTA ANA FREEWAY),WASHINGTON BLVD,50,S,N,A,-,Y,LA,NA,5,NA,NA,11.549,H,NA,R,N,4,0,1,2,A,-,03,22350,NA,N,C,C,A,A,H,-,A,D,0,NA,NA,NA,NA,Y,NA,A,07,0,0,1,0,0,0,0,0,0,-,-,33.99497985839844,-118.14462280273438,LOS ANGELES,COMMERCE,-118.14459228515624,33.9949951171875
91978805,2021,2023-01-26,9550,2021-12-17,0409,022208,NA,5,3,5,1919,0,1,3,NA,2,092,STATE ROUTE 91 EASTBOUND,ARTESIA BOULEVARD,16,W,N,A,-,Y,NA,NA,91,NA,NA,NA,NA,NA,E,Y,1,1,0,3,C,-,18,NA,NA,N,C,C,E,A,H,-,D,D,0,Y,NA,NA,Y,Y,NA,-,-,0,0,0,1,0,0,0,0,0,-,-,33.87314987182617,-118.06038665771484,LOS ANGELES,CERRITOS,-118.0603256225586,33.87324523925781
91978816,2022,2023-01-26,9590,2022-11-25,1918,022102,NA,5,2,7,1942,0,1,1,NA,2,061,I-10 W/B (SANTA MONICA FREEWAY),LA BREA AVE,500,E,N,A,-,Y,LA,NA,10,NA,R,10.571,H,NA,L,N,4,0,1,2,A,-,03,22350,NA,F,C,C,A,A,H,-,C,D,0,NA,NA,NA,NA,Y,NA,A,08,0,0,1,0,0,0,0,0,0,-,-,34.034751892089844,-118.34797668457033,LOS ANGELES,LOS ANGELES,-118.34796142578124,34.03448486328125
91978823,2023,2023-01-26,9535,2023-01-17,1325,021795,NA,2,1,9,1900,0,1,1,NA,2,071,I-710 S/B (LONG BEACH FREEWAY),WHITTIER BLVD.,40,S,N,A,-,Y,LA,NA,710,NA,NA,23.763,H,NA,L,N,4,0,1,2,A,-,03,22350,NA,N,C,C,A,A,H,-,A,D,0,NA,NA,NA,NA,Y,NA,A,01,0,0,1,0,0,0,0,0,0,-,-,34.023441314697266,-118.1727294921875,LOS ANGELES,UNINCORPORATED,-118.17281341552734,34.02345657348633
91978840,2023,2023-01-26,9590,2023-01-26,1445,021492,NA,4,2,7,1942,0,1,1,NA,2,082,I-5 N/B (GOLDEN STATE FREEWAY),NEWELL ST,400,N,N,A,-,Y,LA,NA,5,NA,NA,22.355,H,NA,R,Y,4,0,1,2,A,-,03,22350,NA,N,C,C,A,A,H,-,A,D,0,NA,NA,NA,NA,Y,NA,A,01,0,0,1,0,0,0,0,0,0,-,-,34.10029983520508,-118.2480697631836,LOS ANGELES,LOS ANGELES,-118.24801635742188,34.10032272338867
91978855,2023,2023-01-26,9525,2023-01-20,910,023132,NA,5,1,5,1906,0,1,1,NA,2,651,I-605 S/B (SAN GABRIEL RIVER FWY),RAMONA  BLVD.,880,S,N,A,-,Y,LA,NA,605,NA,NA,20.913,H,NA,L,N,4,0,1,2,A,-,03,22350,NA,N,C,C,A,A,H,-,A,D,0,NA,NA,NA,Y,Y,NA,G,25,0,0,1,0,0,0,0,0,0,-,-,34.07535171508789,-117.99877166748048,LOS ANGELES,BALDWIN PARK,-117.99871826171876,34.07533645629883
91978859,2023,2023-01-26,9590,2023-01-25,1800,021492,NA,3,2,7,1942,0,1,1,NA,2,084,I-5 N/B (GOLDEN STATE FREEWAY),GLENDALE BLVD,1500,S,N,A,-,Y,LA,NA,5,NA,NA,23.35,H,NA,R,Y,4,0,3,5,A,-,03,22350,NA,N,C,C,A,A,H,-,C,D,0,NA,NA,NA,NA,Y,NA,A,07,0,0,3,0,0,0,0,0,0,-,-,34.109500885009766,-118.26123809814452,LOS ANGELES,LOS ANGELES,-118.26121520996094,34.109535217285156
9197962,2021,2021-02-04,1951,2021-01-06,0838,738,1951,3,5,3,1951,0,0,0,NA,0,001,PASEO DEL MAR,PALOS VERDES DR W,92,W,N,A,-,N,NA,NA,NA,NA,NA,NA,NA,NA,NA,N,3,0,1,2,A,-,09,21800,A,N,D,G,A,A,H,-,A,A,0,NA,Y,NA,NA,Y,NA,L,04,0,1,0,0,0,0,1,0,0,-,-,NA,NA,LOS ANGELES,PALOS VERDES EST,-118.41072082519533,33.788509368896484
9197966,2021,2021-02-04,1902,2021-01-30,1742,800,19,6,5,5,1902,0,0,0,NA,0,004,HUNTINGTON DR,HOLLY AV,0,NA,Y,A,-,N,NA,NA,NA,NA,NA,NA,NA,NA,NA,N,4,0,1,2,D,-,00,NA,NA,N,G,B,D,A,H,-,C,A,0,Y,NA,NA,NA,Y,NA,-,-,0,0,1,0,1,0,0,0,0,-,-,NA,NA,LOS ANGELES,ARCADIA,-118.04592895507813,34.13153839111328
9197977,2021,2021-02-05,1902,2021-01-04,1146,638,15,1,5,5,1902,0,0,0,NA,0,003,HUNGTINTON DR,LA CADENA DR,70,E,N,A,-,N,NA,NA,NA,NA,NA,NA,NA,NA,NA,Y,3,0,2,3,A,-,00,21703,A,N,C,C,A,A,H,-,A,A,0,NA,NA,NA,NA,Y,NA,A,07,0,1,1,0,0,0,0,0,0,-,-,NA,NA,LOS ANGELES,ARCADIA,-118.04931640625,34.1318244934082
91979858,2022,2023-01-26,9590,2022-11-13,1520,022552,NA,7,2,7,1942,0,1,1,NA,2,051,I-110 S/B (HAF),SLAUSON AVENUE,1200,S,N,A,-,Y,LA,NA,110,NA,NA,17.756,H,NA,L,N,4,0,2,2,A,-,03,22350,NA,F,C,C,A,A,H,-,A,D,0,NA,NA,NA,NA,Y,NA,-,99,0,0,2,0,0,0,0,0,0,-,-,33.98575973510742,-118.28061676025392,LOS ANGELES,LOS ANGELES,-118.28062438964844,33.98575973510742
91979874,2023,2023-01-27,9550,2023-01-17,1701,023164,NA,2,2,9,1900,0,2,4,NA,1,023,MULBERRY DRIVE SOUTH FRONTAGE ROAD,BEN HUR AVENUE,0,NA,Y,A,-,N,NA,NA,NA,NA,NA,NA,NA,NA,NA,Y,4,0,1,2,A,-,09,21800,B,N,A,C,A,A,H,-,C,D,0,NA,NA,NA,NA,Y,NA,A,01,0,0,1,0,0,0,0,0,0,-,-,33.944061279296875,-118.02953338623048,LOS ANGELES,UNINCORPORATED,NA,NA
91979875,2023,2023-01-27,9590,2023-01-24,918,017733,NA,2,1,7,1942,0,1,1,NA,2,084,I-5 N/B (GOLDEN STATE FREEWAY),FLETCHER DRIVE,100,S,N,A,-,Y,LA,NA,5,NA,NA,22.958,H,NA,R,N,4,0,1,2,A,-,03,22350,NA,N,C,C,A,A,H,-,A,D,0,NA,NA,NA,NA,Y,NA,A,01,0,0,1,0,0,0,0,0,0,-,-,34.10649871826172,-118.25533294677734,LOS ANGELES,LOS ANGELES,-118.25531768798828,34.10651779174805
91979877,2023,2023-01-27,9590,2023-01-21,18,022690,NA,6,3,7,1942,0,1,2,NA,2,071,US-101 S/B (HOF),GLENDALE BLVD,15,N,N,A,-,Y,LA,NA,101,NA,NA,2.515,H,NA,L,N,4,0,1,2,A,-,03,22350,NA,N,C,C,A,A,H,-,C,D,0,NA,NA,NA,NA,Y,NA,A,01,0,0,1,0,0,0,0,0,0,-,-,34.06964874267578,-118.26139068603516,LOS ANGELES,LOS ANGELES,-118.26137542724608,34.06967544555664
91979881,2023,2023-01-27,9590,2023-01-21,2250,023035,NA,6,3,7,1942,0,1,1,NA,2,052,I-110 N/B,6TH STRET,300,S,N,A,-,Y,LA,NA,110,NA,NA,22.587,H,NA,R,N,4,0,1,2,A,-,03,22350,NA,N,C,C,A,A,H,-,D,D,0,NA,NA,NA,NA,Y,NA,A,01,0,0,1,0,0,0,0,0,0,-,-,34.050498962402344,-118.26213836669922,LOS ANGELES,LOS ANGELES,-118.2621612548828,34.05052185058594
91979883,2023,2023-01-27,9545,2023-01-19,532,023153,NA,4,3,9,1900,0,3,5,NA,2,003,SIERRA HWY,CROWN VALLEY RD,1056,E,N,A,-,N,NA,NA,NA,NA,NA,NA,NA,NA,NA,Y,4,0,1,2,A,-,03,22350,NA,N,C,C,A,A,H,-,D,D,0,NA,NA,NA,NA,Y,NA,A,07,0,0,1,0,0,0,0,0,0,-,-,34.49333953857422,-118.19432067871094,LOS ANGELES,UNINCORPORATED,-118.19419860839844,34.492652893066406
91979887,2022,2023-01-27,9590,2022-11-18,2040,022552,NA,5,2,7,1942,0,1,2,NA,2,073,US-101 S/B (HOF),MELROSE AVENUE,1200,N,N,A,-,Y,LA,NA,101,NA,NA,5.232,H,NA,L,N,4,0,1,2,A,-,03,22350,NA,F,C,C,A,A,H,-,C,D,0,NA,NA,NA,NA,Y,NA,-,99,0,0,1,0,0,0,0,0,0,-,-,34.08681869506836,-118.30355072021484,LOS ANGELES,LOS ANGELES,-118.30354309082033,34.086830139160156
91979892,2023,2023-01-27,9545,2023-01-25,540,016523,NA,3,3,9,1900,0,3,5,NA,2,004,PEARBLOSSOM HWY,SMALL RD,686,E,N,A,-,N,NA,NA,NA,NA,NA,NA,NA,NA,NA,N,4,0,1,2,A,-,03,22350,NA,N,C,C,A,A,H,-,D,D,0,NA,NA,NA,NA,Y,NA,D,22,0,0,1,0,0,0,0,0,0,-,-,34.530418395996094,-118.09015655517578,LOS ANGELES,UNINCORPORATED,-118.09021759033205,34.53034973144531
91979894,2022,2023-01-27,9565,2022-11-26,1755,022780,NA,6,2,5,1928,0,1,1,NA,2,012,I-105 W/B (CENTURY FREEWAY),CRENSHAW BOULEVARD,300,W,N,A,-,Y,LA,NA,105,NA,R,4.362,H,NA,L,Y,4,0,1,2,A,-,03,22350,NA,F,C,C,A,A,H,-,C,D,0,NA,NA,NA,NA,Y,NA,-,99,0,0,1,0,0,0,0,0,0,-,-,33.92510986328125,-118.33289337158205,LOS ANGELES,HAWTHORNE,-118.33289337158205,33.925045013427734
91980121,2023,2023-01-27,9580,2023-01-19,1520,022492,NA,4,2,7,1942,0,1,2,NA,2,103,US-101 S/B (VENTURA FREEWAY),HASKELL AVE,400,N,N,C,-,Y,LA,NA,101,NA,NA,17.669,H,NA,L,N,4,0,1,2,D,-,00,NA,NA,N,B,C,A,B,H,-,A,D,0,NA,NA,NA,NA,Y,NA,-,-,0,0,1,0,0,0,0,0,0,-,-,34.165218353271484,-118.47601318359376,LOS ANGELES,LOS ANGELES,-118.47601318359376,34.16521453857422
91980123,2023,2023-01-27,9575,2023-01-14,1942,023029,NA,6,2,6,1912,0,1,1,NA,2,051,I-5 S/B (GOLDEN STATE FREEWAY),BURBANK BOULEVARD,355,N,N,B,C,Y,LA,NA,5,NA,NA,29.879,H,NA,L,Y,4,0,2,1,A,-,03,22350,NA,N,E,8,A,B,H,-,C,D,0,NA,NA,NA,NA,Y,NA,A,07,0,0,2,0,0,0,0,0,0,-,-,34.18600845336914,-118.3195571899414,LOS ANGELES,BURBANK,-118.31941986083984,34.186241149902344
91980138,2023,2023-01-27,9535,2023-01-17,1855,022808,NA,2,2,5,1943,0,1,1,NA,2,075,I-710 SB (LONG BEACH FWY) TO I-105 WB (CENTURY FWY,I-105 WB (CENTURY FREEWAY),543,N,N,A,-,Y,NA,NA,NA,NA,NA,NA,NA,NA,NA,N,3,0,1,3,A,-,04,21703,NA,N,C,C,A,A,H,-,C,D,0,NA,NA,NA,NA,Y,NA,D,22,0,1,0,0,0,0,0,0,0,-,-,33.9151496887207,-118.1811065673828,LOS ANGELES,LYNWOOD,-118.1811065673828,33.9151496887207
91980149,2023,2023-01-27,9530,2023-01-16,245,022674,NA,1,3,9,1900,0,1,1,NA,2,210,I-105 E/B (GLENN ANDERSON FWY),W/O ALAMEDA ST,424,W,N,C,-,Y,LA,NA,105,NA,R,10.493,H,NA,R,Y,3,0,1,1,A,-,03,22350,NA,N,E,I,A,B,H,-,C,D,0,NA,NA,NA,NA,Y,NA,A,01,0,1,0,0,0,0,0,0,0,-,-,33.92900848388672,-118.22708892822266,LOS ANGELES,UNINCORPORATED,-118.2270965576172,33.92903518676758
91980153,2023,2023-01-27,9550,2023-01-17,1440,023164,NA,2,2,9,1900,0,2,4,NA,1,013,NORWALK BOULEVARD,BROADWAY AVENUE,15,N,N,A,-,N,NA,NA,NA,NA,NA,NA,NA,NA,NA,Y,3,0,1,1,A,-,08,22107,NA,N,E,8,A,A,H,-,A,D,0,NA,NA,NA,NA,Y,NA,A,07,0,1,0,0,0,0,0,0,0,-,-,33.96828079223633,-118.07125091552734,LOS ANGELES,UNINCORPORATED,-118.07119750976564,33.96824645996094
91980154,2023,2023-01-27,9550,2023-01-19,1440,020861,NA,4,2,9,1900,0,1,1,NA,2,650,I-605 S/B (SAN GABRIEL RIVER FREEWAY),SARAGOSA STREET,900,N,N,B,-,Y,LA,NA,605,NA,R,12.597,H,NA,L,Y,4,0,1,2,A,-,08,22107,NA,N,C,C,A,A,H,-,A,D,0,NA,NA,NA,Y,Y,NA,A,01,0,0,1,0,0,0,0,0,0,-,-,33.98073959350586,-118.07588958740234,LOS ANGELES,UNINCORPORATED,-118.07593536376952,33.980770111083984
91980155,2023,2023-01-27,9575,2023-01-17,1440,023031,NA,2,2,9,1900,0,3,5,NA,2,008,OAK AVENUE (6800 BLOCK),DUARTE ROAD,0,NA,Y,A,-,N,NA,NA,NA,NA,NA,NA,NA,NA,NA,N,4,0,1,2,D,-,00,NA,NA,N,G,G,A,A,H,-,A,A,0,NA,Y,NA,NA,Y,NA,-,-,0,0,1,0,0,0,1,0,0,-,-,34.12403106689453,-118.06812286376952,LOS ANGELES,UNINCORPORATED,-118.06816864013672,34.12409210205078
91980160,2022,2023-01-27,9535,2022-12-04,0135,022234,NA,7,3,3,1914,0,1,1,NA,2,501,I-5 S/B (SANTA ANA FREEWAY),GREENWOOD AVE.,497,N,N,A,-,Y,LA,NA,5,NA,NA,10.245,H,NA,L,N,4,0,1,2,A,-,07,21658,A,M,B,C,A,A,H,-,C,D,0,NA,NA,NA,NA,Y,NA,-,99,0,0,1,0,0,0,0,0,0,-,-,33.98078918457031,-118.12985229492188,LOS ANGELES,COMMERCE,-118.1298828125,33.98076629638672
91980162,2023,2023-01-27,9530,2023-01-25,1420,020300,NA,3,2,9,1900,0,3,5,NA,2,001,COMPTON AVE. (6100 BLOCK),62ND ST.,34,N,N,A,-,N,NA,NA,NA,NA,NA,NA,NA,NA,NA,N,2,0,1,2,A,-,01,23152,A,N,B,E,A,A,H,-,A,D,0,NA,NA,NA,Y,Y,Y,A,08,1,0,0,0,0,0,0,0,0,-,-,33.984031677246094,-118.2476806640625,LOS ANGELES,UNINCORPORATED,-118.24774169921876,33.98351287841797
91980163,2022,2023-01-27,9535,2022-11-04,2055,022719,NA,5,2,9,1900,0,1,1,NA,2,421,I-10 W/B (SAN BERNARDINO FREEWAY),EASTERN AVE.,975,W,N,A,-,Y,LA,NA,10,NA,NA,20.658,H,NA,L,N,4,0,1,1,A,-,08,22107,NA,N,F,I,A,A,H,-,C,D,0,NA,NA,NA,NA,Y,NA,A,01,0,0,1,0,0,0,0,0,0,-,-,34.059268951416016,-118.17639923095705,LOS ANGELES,UNINCORPORATED,-118.17642974853516,34.059322357177734
91980180,2023,2023-01-27,9575,2023-01-16,1525,023126,NA,1,2,6,1925,0,1,3,NA,2,042,SR-134 EB FROM SAN FERNANDO RD.,PACIFIC AVE,2482,W,N,A,-,Y,LA,NA,134,NA,R,6.095,H,NA,R,N,4,0,1,2,A,-,21,22106,NA,N,C,C,A,A,H,-,A,A,0,NA,NA,NA,NA,Y,NA,D,22,0,0,1,0,0,0,0,0,0,-,-,34.154109954833984,-118.27271270751952,LOS ANGELES,GLENDALE,-118.27278900146484,34.15434646606445
91980185,2023,2023-01-27,9535,2023-01-15,2215,022225,NA,7,3,5,1943,0,1,1,NA,2,075,I-710 S/B FROM IMPERIAL HIGHWAY E/B,I-710,307,W,N,B,C,Y,NA,NA,NA,NA,NA,NA,NA,NA,NA,N,4,0,1,2,A,-,03,22350,NA,N,D,C,A,B,H,-,D,D,0,NA,NA,NA,NA,Y,NA,A,01,0,0,1,0,0,0,0,0,0,-,-,33.930240631103516,-118.18009948730467,LOS ANGELES,LYNWOOD,-118.18009948730467,33.930240631103516
91980228,2023,2023-01-27,9540,2023-01-15,110,022182,NA,7,3,9,1900,0,1,1,NA,2,510,I-5 N/B,RESERVIOR ROAD,6864,S,N,A,-,Y,LA,NA,5,NA,R,72.15,H,NA,R,Y,4,0,1,2,A,-,08,22107,NA,N,E,I,A,A,H,-,D,D,0,NA,NA,NA,Y,Y,Y,A,01,0,0,1,0,0,0,0,0,0,-,-,34.63835906982422,-118.7454833984375,LOS ANGELES,UNINCORPORATED,-118.7454833984375,34.63835144042969
91980229,2023,2023-01-27,9575,2023-01-15,2110,023071,NA,7,2,6,1953,0,1,1,NA,2,063,I-210 W/B (FOOTHILL FREEWAY),ARROYO BLVD.,200,W,N,C,-,Y,LA,NA,210,NA,R,22.443,H,NA,L,Y,3,0,1,1,A,-,03,22350,NA,N,A,I,A,B,H,-,C,D,0,NA,NA,NA,NA,Y,NA,A,01,0,1,0,0,0,0,0,0,0,-,-,34.181819915771484,-118.169677734375,LOS ANGELES,PASADENA,-118.16973876953124,34.18172836303711