CASE_ID,ACCIDENT_YEAR,PROC_DATE,JURIS,COLLISION_DATE,COLLISION_TIME,OFFICER_ID,REPORTING_DISTRICT,DAY_OF_WEEK,CHP_SHIFT,POPULATION,CNTY_CITY_LOC,SPECIAL_COND,BEAT_TYPE,CHP_BEAT_TYPE,CITY_DIVISION_LAPD,CHP_BEAT_CLASS,BEAT_NUMBER,PRIMARY_RD,SECONDARY_RD,DISTANCE,DIRECTION,INTERSECTION,WEATHER_1,WEATHER_2,STATE_HWY_IND,CALTRANS_COUNTY,CALTRANS_DISTRICT,STATE_ROUTE,ROUTE_SUFFIX,POSTMILE_PREFIX,POSTMILE,LOCATION_TYPE,RAMP_INTERSECTION,SIDE_OF_HWY,TOW_AWAY,COLLISION_SEVERITY,NUMBER_KILLED,NUMBER_INJURED,PARTY_COUNT,PRIMARY_COLL_FACTOR,PCF_CODE_OF_VIOL,PCF_VIOL_CATEGORY,PCF_VIOLATION,PCF_VIOL_SUBSECTION,HIT_AND_RUN,TYPE_OF_COLLISION,MVIW,PED_ACTION,ROAD_SURFACE,ROAD_COND_1,ROAD_COND_2,LIGHTING,CONTROL_DEVICE,CHP_ROAD_TYPE,PEDESTRIAN_ACCIDENT,BICYCLE_ACCIDENT,MOTORCYCLE_ACCIDENT,TRUCK_ACCIDENT,NOT_PRIVATE_PROPERTY,ALCOHOL_INVOLVED,STWD_VEHTYPE_AT_FAULT,CHP_VEHTYPE_AT_FAULT,COUNT_SEVERE_INJ,COUNT_VISIBLE_INJ,COUNT_COMPLAINT_PAIN,COUNT_PED_KILLED,COUNT_PED_INJURED,COUNT_BICYCLIST_KILLED,COUNT_BICYCLIST_INJURED,COUNT_MC_KILLED,COUNT_MC_INJURED,PRIMARY_RAMP,SECONDARY_RAMP,LATITUDE,LONGITUDE,COUNTY,CITY,POINT_X,POINT_Y
91980880,2023,2023-01-30,9565,2023-01-16,1503,023014,NA,1,2,9,1900,0,3,5,NA,2,003,ANGELES VISTA BLVD,MULLEN AVE,50,S,N,A,-,N,NA,NA,NA,NA,NA,NA,NA,NA,NA,Y,2,0,1,1,C,-,18,NA,NA,N,E,8,A,A,H,-,B,D,0,NA,NA,NA,NA,Y,NA,-,-,1,0,0,0,0,0,0,0,0,-,-,33.996219635009766,-118.33830261230467,LOS ANGELES,UNINCORPORATED,-118.33905029296876,33.99584197998047
91980881,2023,2023-01-30,9540,2023-01-16,755,021349,NA,1,1,9,1900,0,1,3,NA,2,147,SR-14 S/B (ANTELOPE VALLEY FREEWAY),ESCONDIDO CYN RD,6019,S,N,B,C,Y,LA,NA,14,NA,NA,42.141,H,NA,L,Y,4,0,1,2,A,-,03,22350,NA,N,B,2,A,B,H,-,A,D,0,NA,NA,NA,NA,Y,NA,A,01,0,0,1,0,0,0,0,0,0,-,-,34.48025894165039,-118.29450225830078,LOS ANGELES,UNINCORPORATED,-118.29450225830078,34.480262756347656
91980884,2022,2023-01-30,9590,2022-11-08,2135,023052,NA,2,2,7,1942,0,1,1,NA,2,063,I-10 W/B (SANTA MONICA FREEWAY),TOBERMAN ST,1000,E,N,C,-,Y,LA,NA,10,NA,NA,14.714,H,NA,R,N,4,0,1,2,A,-,03,22350,NA,N,B,C,A,B,H,-,C,D,0,NA,NA,NA,NA,Y,NA,A,01,0,0,1,0,0,0,0,0,0,-,-,34.038028717041016,-118.27635192871094,LOS ANGELES,LOS ANGELES,-118.27635192871094,34.03804016113281
91980893,2023,2023-02-08,9550,2023-01-25,1410,020551,NA,3,2,6,1920,0,1,1,NA,2,500,I-5 NORTHBOUND,FLORENCE AVE.,1000,S,N,A,-,Y,LA,NA,5,NA,NA,6.046,H,NA,R,Y,4,0,1,3,A,-,03,22350,NA,N,C,C,A,A,H,-,A,D,0,NA,NA,NA,NA,Y,NA,A,07,0,0,1,0,0,0,0,0,0,-,-,33.93115997314453,-118.089599609375,LOS ANGELES,DOWNEY,-118.0896453857422,33.93113708496094
91980894,2023,2023-01-30,9530,2023-01-23,1615,022079,NA,1,2,7,1941,0,1,1,NA,2,072,I-710 N/B (LONG BEACH FREEWAY),I-405 (SAN DIEGO FREEWAY),1000,N,N,A,-,Y,LA,NA,710,NA,NA,9.605,H,NA,R,N,4,0,1,3,A,-,03,22350,NA,N,C,C,A,A,H,-,A,D,0,NA,NA,NA,NA,Y,NA,A,01,0,0,1,0,0,0,0,0,0,-,-,33.829280853271484,-118.2082290649414,LOS ANGELES,LONG BEACH,-118.2082061767578,33.82928466796875
91981130,2023,2023-01-30,9525,2023-01-01,440,022546,NA,7,3,5,1906,0,1,1,NA,2,104,I-10 E/B (SAN BERNARDINO FWY),BALDWIN PARK BLVD,500,W,N,B,C,Y,LA,NA,10,NA,NA,32.106,H,NA,R,N,4,0,1,2,A,-,03,22350,NA,F,C,2,A,B,H,-,C,D,0,NA,NA,NA,NA,Y,NA,A,01,0,0,1,0,0,0,0,0,0,-,-,34.06718826293945,-117.98370361328124,LOS ANGELES,BALDWIN PARK,-117.98371124267578,34.06722640991211
91981136,2023,2023-01-30,9590,2023-01-15,400,023035,NA,7,3,7,1942,0,1,2,NA,2,071,US-101 S/B (HOF) TO I-110 S/B (HAF),TEMPLE ST.,100,N,N,C,-,Y,NA,NA,NA,NA,NA,NA,NA,NA,NA,N,4,0,1,2,A,-,07,21658,A,N,B,C,A,B,H,-,D,D,0,NA,NA,NA,NA,Y,NA,A,01,0,0,1,0,0,0,0,0,0,-,-,34.06269836425781,-118.24964141845705,LOS ANGELES,LOS ANGELES,-118.24964141845705,34.06269836425781
91981137,2023,2023-01-30,9590,2023-01-16,158,022720,NA,1,3,7,1942,0,1,2,NA,2,071,US-101 S/B (SANTA ANA FREEWAY),LOS ANGELES ST.,100,S,N,C,-,Y,LA,NA,101,NA,NA,0.839,H,NA,L,Y,4,0,1,3,A,-,08,22107,NA,N,D,C,A,B,H,-,C,D,0,NA,NA,NA,NA,Y,NA,A,01,0,0,1,0,0,0,0,0,0,-,-,34.054779052734375,-118.239013671875,LOS ANGELES,LOS ANGELES,-118.23902130126952,34.054771423339844
91981141,2023,2023-01-30,9525,2023-01-23,1135,020687,NA,1,1,1,1934,0,1,1,NA,2,203,I-210 W/B (FOOTHILL FWY),I-605 S/B (SAN GABRIEL RIVER FWY),1584,E,N,A,-,Y,LA,NA,210,NA,R,36.735,H,NA,L,Y,4,0,1,2,A,-,03,22350,NA,N,C,C,A,A,H,-,A,D,0,NA,NA,NA,NA,Y,NA,A,01,0,0,1,0,0,0,0,0,0,-,-,34.132999420166016,-117.95214080810548,LOS ANGELES,IRWINDALE,-117.95213317871094,34.13301086425781
91981152,2023,2023-01-30,9525,2023-01-22,1620,022770,NA,7,2,1,1934,0,1,1,NA,2,203,I-210 W/B FROM IRWINDALE AVENUE,IRWINDALE AVE,446,W,N,A,-,Y,LA,NA,210,NA,R,37.766,H,NA,L,Y,4,0,1,2,A,-,03,22350,NA,M,C,C,A,A,H,-,A,D,0,NA,NA,Y,NA,Y,NA,C,02,0,0,1,0,0,0,0,0,1,-,-,34.129730224609375,-117.93534088134766,LOS ANGELES,IRWINDALE,-117.93526458740234,34.1295166015625
91981156,2023,2023-01-30,9525,2023-01-27,1545,021545,NA,5,2,5,1990,0,1,3,NA,2,574,SR-57 N/B TO SR-60 E/B,GOLDEN SPRINGS DR,100,N,N,A,-,Y,LA,NA,60,NA,R,23.707,H,NA,R,N,4,0,1,2,A,-,03,22350,NA,N,C,C,A,A,H,-,A,D,0,NA,NA,NA,NA,Y,NA,A,01,0,0,1,0,0,0,0,0,0,-,-,34.00225067138672,-117.83273315429688,LOS ANGELES,DIAMOND BAR,-117.83283233642578,34.0024299621582
91981157,2023,2023-01-30,9525,2023-01-19,1008,023176,NA,4,1,6,1955,0,1,3,NA,2,613,SR-60 W/B (POMONA FWY),GOLDEN SPRINGS RD,739,E,N,A,-,Y,LA,NA,60,NA,R,26.688,H,NA,L,Y,4,0,1,2,A,-,03,22350,NA,N,B,C,A,A,H,-,A,D,0,NA,NA,NA,NA,Y,NA,A,01,0,0,1,0,0,0,0,0,0,-,-,34.02742004394531,-117.79353332519533,LOS ANGELES,POMONA,-117.7935028076172,34.02750778198242
91981158,2023,2023-01-30,9590,2023-01-20,1905,022569,NA,5,2,7,1942,0,1,2,NA,2,073,US-101 S/B (HOLLYWOOD FREEWAY),BARHAM BLVD.,1000,N,N,A,-,Y,LA,NA,101,NA,NA,9.611,H,NA,L,N,4,0,1,2,A,-,03,22350,NA,N,C,C,A,A,H,-,C,D,0,NA,NA,NA,NA,Y,NA,A,01,0,0,1,0,0,0,0,0,0,-,-,34.13264846801758,-118.35189056396484,LOS ANGELES,LOS ANGELES,-118.35179138183594,34.13279724121094
91981159,2022,2023-01-30,9590,2022-11-09,0905,022313,NA,3,1,7,1942,0,1,1,NA,2,082,I-5 N/B (GOLDEN STATE FREEWAY),NEWELL STREET,900,S,N,A,-,Y,LA,NA,5,NA,NA,22.175,H,NA,R,N,4,0,1,2,A,-,07,21658,A,N,B,C,A,A,H,-,A,D,0,NA,NA,NA,NA,Y,NA,A,07,0,0,1,0,0,0,0,0,0,-,-,34.09811019897461,-118.24630737304688,LOS ANGELES,LOS ANGELES,-118.24628448486328,34.09812545776367
91981165,2023,2023-01-30,9590,2023-01-25,1400,018538,NA,3,2,7,1942,0,1,1,NA,2,051,I-110 S/B (HARBOR FWY.),MARTIN LUTHER KING JR BLVD,500,N,N,A,-,Y,LA,NA,110,NA,NA,19.641,H,NA,L,N,4,0,2,3,A,-,03,22350,NA,N,C,C,A,A,H,-,A,D,0,NA,NA,NA,NA,Y,NA,A,07,0,0,2,0,0,0,0,0,0,-,-,34.01313018798828,-118.28121948242188,LOS ANGELES,LOS ANGELES,-118.28110504150392,34.01313018798828
91981296,2023,2023-01-30,9575,2023-01-18,630,022998,NA,3,1,9,1900,0,2,4,NA,2,320,ANGELES FOREST HIGHWAY,BIG TUJUNGA NARROWS BRIDGE,3379,S,N,A,-,N,NA,NA,NA,NA,NA,NA,NA,NA,NA,Y,3,0,1,1,A,-,03,22350,NA,N,E,I,A,C,H,-,A,D,0,NA,NA,NA,NA,Y,NA,A,01,0,1,0,0,0,0,0,0,0,-,-,34.30767822265625,-118.15049743652344,LOS ANGELES,UNINCORPORATED,NA,NA
91981303,2023,2023-01-30,9575,2023-01-25,30,022477,NA,3,3,7,1942,0,1,1,NA,2,052,INTERSTATE 5 S/B FROM SUNLAND BLVD.,SUNLAND BOULEVARD,225,S,N,A,-,Y,LA,NA,5,NA,NA,33.632,H,NA,L,N,4,0,1,2,A,-,07,21658,A,M,B,C,A,A,H,-,C,D,0,NA,NA,NA,NA,Y,NA,-,99,0,0,1,0,0,0,0,0,0,-,-,34.221649169921875,-118.36591339111328,LOS ANGELES,LOS ANGELES,-118.36589050292967,34.22188949584961
91981327,2023,2023-01-30,9575,2023-01-27,1110,019538,NA,5,1,7,1942,0,1,3,NA,2,043,SR-134 E/B (VENTURA FREEWAY),RIVERSIDE DR.,350,E,N,A,-,Y,LA,NA,134,NA,NA,4.886,H,NA,R,N,4,0,1,3,A,-,03,22350,NA,N,C,C,A,A,H,-,A,D,0,NA,NA,NA,NA,Y,NA,A,01,0,0,1,0,0,0,0,0,0,-,-,34.155269622802734,-118.29266357421876,LOS ANGELES,LOS ANGELES,-118.29266357421876,34.155235290527344
91981338,2023,2023-01-30,9580,2023-01-21,2143,022572,NA,6,2,7,1942,0,1,2,NA,2,100,US-101 S/B (VENTURA FREEWAY),LAUREL CANYON BLVD,2640,N,N,A,-,Y,LA,NA,101,NA,NA,13.417,H,NA,L,N,4,0,1,2,A,-,08,22107,NA,N,B,C,A,A,H,-,C,D,0,NA,NA,NA,NA,Y,NA,-,-,0,0,1,0,0,0,0,0,0,-,-,34.156639099121094,-118.40573120117188,LOS ANGELES,LOS ANGELES,-118.40573120117188,34.1566047668457
91981339,2023,2023-01-30,9580,2023-01-20,2158,022572,NA,5,2,7,1942,0,1,2,NA,2,100,US-101 N/B (VENTURA FREEWAY),LAUREL CANYON,1000,N,N,A,-,Y,LA,NA,101,NA,NA,13.12,H,NA,R,N,4,0,1,2,A,-,01,23152,F,N,B,C,A,A,H,-,C,D,0,NA,NA,NA,NA,Y,NA,A,07,0,0,1,0,0,0,0,0,0,-,-,34.155670166015625,-118.40081787109376,LOS ANGELES,LOS ANGELES,-118.40084838867188,34.15563201904297
91981340,2023,2023-01-30,9580,2023-01-26,620,021607,NA,4,1,7,1942,0,1,3,NA,2,171,SR-170 (HOLLYWOOD FREEWAY) SOUTHBOUND,BURBANK BLVD,792,N,N,B,-,Y,LA,NA,170,NA,R,16.191,H,NA,L,Y,4,0,1,3,A,-,03,22350,NA,N,C,C,A,A,H,-,B,D,0,NA,NA,NA,NA,Y,NA,A,01,0,0,1,0,0,0,0,0,0,-,-,34.173789978027344,-118.39147186279295,LOS ANGELES,LOS ANGELES,-118.39151000976564,34.17375564575195
91981342,2023,2023-01-30,9580,2023-01-27,720,021607,NA,5,1,7,1942,0,1,3,NA,2,171,SR-170 (HOLLYWOOD FREEWAY) SOUTHBOUND TO RIVERSIDE,RIVERSIDE DR,528,N,N,A,-,Y,LA,NA,170,NA,R,14.96,H,NA,L,Y,4,0,1,4,A,-,03,22350,NA,N,C,C,A,A,H,-,A,A,0,NA,NA,NA,NA,Y,NA,D,22,0,0,1,0,0,0,0,0,0,-,-,34.15919876098633,-118.38052368164064,LOS ANGELES,LOS ANGELES,-118.3803482055664,34.15925216674805
91981345,2023,2023-01-30,9580,2023-01-28,1900,020879,NA,6,2,7,1942,0,1,2,NA,2,105,US-101 SB (VENTURA FWY),SR-27 (TOPAGNA CYN.),528,N,N,A,-,Y,LA,NA,101,NA,NA,25.503,H,NA,L,N,4,0,2,2,A,-,03,22350,NA,N,C,C,A,A,H,-,D,D,0,NA,NA,NA,NA,Y,NA,A,08,0,0,2,0,0,0,0,0,0,-,-,34.17070007324219,-118.60845947265624,LOS ANGELES,LOS ANGELES,-118.6084442138672,34.170631408691406
91981506,2023,2023-01-30,9525,2023-01-22,1035,019146,NA,7,1,6,1955,0,1,3,NA,2,605,SR-60 W/B TO SR-71 S/B,SR-71 S/B (CHINO VALLEY FWY),750,W,N,A,-,Y,NA,NA,NA,NA,NA,NA,NA,NA,NA,N,4,0,1,1,A,-,08,22107,NA,N,E,I,A,A,H,-,A,D,0,NA,NA,NA,NA,Y,NA,A,07,0,0,1,0,0,0,0,0,0,-,-,34.02450180053711,-117.75324249267578,LOS ANGELES,POMONA,-117.75324249267578,34.02450180053711
91981516,2023,2023-01-30,9530,2023-01-18,2025,017860,NA,3,2,7,1941,0,1,1,NA,2,420,I-405 N/B (SAN DIEGO FREEWAY),I-710,88,S,N,A,-,Y,LA,NA,405,NA,NA,7.599,H,NA,R,Y,4,0,1,2,A,-,03,22350,NA,N,C,C,A,A,H,-,D,D,0,NA,NA,NA,NA,Y,NA,D,22,0,0,1,0,0,0,0,0,0,-,-,33.82659149169922,-118.20752716064452,LOS ANGELES,LONG BEACH,-118.20753479003906,33.82655334472656
91981520,2023,2023-01-30,9580,2023-01-22,2140,022572,NA,7,2,7,1942,0,1,3,NA,2,170,SR-170 N/B (HOLLYWOOD FWY.),VANOWEN ST,450,S,N,A,-,Y,LA,NA,170,NA,R,17.667,H,NA,R,Y,3,0,2,2,A,-,01,23152,A,N,C,C,A,A,H,-,D,D,0,NA,NA,NA,NA,Y,Y,A,01,0,2,0,0,0,0,0,0,0,-,-,34.19247817993164,-118.40209197998048,LOS ANGELES,LOS ANGELES,-118.4021453857422,34.192474365234375
91981526,2023,2023-01-30,9530,2023-01-18,1715,017860,NA,3,2,7,1941,0,1,1,NA,2,430,I-405 S/B (SAN DIEGO FREEWAY),SAN GABRIEL RIVER,90,N,N,A,-,Y,LA,NA,405,NA,NA,0.098,H,NA,L,Y,4,0,1,2,A,-,03,22350,NA,N,C,C,A,A,H,-,D,D,0,NA,NA,NA,NA,Y,NA,A,01,0,0,1,0,0,0,0,0,0,-,-,33.78683090209961,-118.09442138671876,LOS ANGELES,LONG BEACH,-118.09447479248048,33.786773681640625
91981535,2023,2023-01-30,9580,2023-01-21,238,022551,NA,6,3,7,1942,0,1,3,NA,2,116,SR-118 E/B (RONALD REAGAN FWY.),TAMPA AVE,510,W,N,A,-,Y,LA,NA,118,NA,R,4.525,H,NA,R,Y,3,0,1,1,A,-,01,23152,A,M,E,I,A,A,H,-,D,D,0,NA,NA,NA,NA,Y,Y,A,01,0,1,0,0,0,0,0,0,0,-,-,34.272361755371094,-118.55809783935548,LOS ANGELES,LOS ANGELES,-118.5580825805664,34.2724609375
91981540,2023,2023-01-30,9565,2023-01-18,1745,021706,NA,3,2,7,1942,0,1,1,NA,2,083,I-10 W/B (SANTA MONICA FREEWAY),MOTOR AVE,500,E,N,A,-,Y,LA,NA,10,NA,R,6.865,H,NA,L,N,3,0,1,2,A,-,03,22350,NA,N,C,C,A,A,H,-,B,D,0,NA,NA,NA,NA,Y,NA,D,22,0,1,0,0,0,0,0,0,0,-,-,34.03036880493164,-118.40933990478516,LOS ANGELES,LOS ANGELES,-118.40935516357422,34.03031921386719
91981541,2023,2023-01-30,9590,2023-01-15,35,022661,NA,7,3,7,1942,0,1,1,NA,2,053,I-110 S/B (HARBOR FREEWAY),7TH STREET,500,S,N,C,-,Y,LA,NA,110,NA,NA,22.649,H,NA,L,Y,3,0,1,2,A,-,03,22350,NA,N,C,C,A,B,H,-,D,D,0,NA,NA,NA,NA,Y,NA,A,01,0,1,0,0,0,0,0,0,0,-,-,34.05121994018555,-118.26148223876952,LOS ANGELES,LOS ANGELES,-118.2614288330078,34.05116271972656
91981548,2023,2023-02-09,9580,2023-01-21,1730,022492,NA,6,2,7,1942,0,1,3,NA,2,170,SR-170 N/B (HOLLYWOOD FWY.) TO VICTORY BLVD EAST,VICTORY BLVD,600,S,N,A,-,Y,NA,NA,NA,NA,NA,NA,NA,NA,NA,N,2,0,1,1,A,-,01,23152,A,N,E,I,A,A,H,-,A,D,0,NA,NA,NA,NA,Y,Y,A,01,1,0,0,0,0,0,0,0,0,-,-,34.18495178222656,-118.39964294433594,LOS ANGELES,LOS ANGELES,-118.39964294433594,34.18495178222656
91981555,2023,2023-01-30,9590,2023-01-14,345,022661,NA,6,3,7,1942,0,1,2,NA,2,071,US-101 S/B (SAF) TO I-10 E/B (SBF),MISSION ROAD,750,E,N,C,-,Y,LA,NA,10,NA,S,0.019,H,NA,R,Y,4,0,1,2,A,-,03,22350,NA,F,B,2,A,B,H,-,D,D,0,NA,NA,NA,NA,Y,NA,A,01,0,0,1,0,0,0,0,0,0,-,-,34.05247116088867,-118.2241668701172,LOS ANGELES,LOS ANGELES,-118.2241668701172,34.05246353149414
91981613,2023,2023-01-30,9530,2023-01-18,1308,021004,NA,3,1,9,1900,0,3,5,NA,2,001,COMPTON AVE,58TH PL,0,NA,Y,A,-,N,NA,NA,NA,NA,NA,NA,NA,NA,NA,N,4,0,4,2,A,-,09,21802,A,N,D,C,A,A,H,-,A,A,0,NA,NA,NA,NA,Y,NA,D,22,0,0,4,0,0,0,0,0,0,-,-,33.98862075805664,-118.24783325195313,LOS ANGELES,UNINCORPORATED,-118.2477569580078,33.98859786987305
91981625,2023,2023-01-30,9530,2023-01-18,808,018887,NA,3,1,9,1900,0,3,5,NA,2,003,PANNES AVENUE (15900 BLOCK),ELIZABETH STREET (3800 BLOCK),0,NA,Y,A,-,N,NA,NA,NA,NA,NA,NA,NA,NA,NA,Y,4,0,3,2,A,-,12,22450,A,N,D,C,A,A,D,-,A,A,0,NA,NA,NA,NA,Y,NA,A,07,0,0,3,0,0,0,0,0,0,-,-,33.8878288269043,-118.20207977294922,LOS ANGELES,UNINCORPORATED,-118.20209503173828,33.88782501220703
91981651,2023,2023-01-30,9530,2023-01-18,645,022427,NA,3,1,7,1941,0,1,1,NA,2,420,I-405 N/B (SAN DIEGO FREEWAY),SANTA FE AVE,800,S,N,A,-,Y,LA,NA,405,NA,NA,7.919,H,NA,R,N,4,0,1,3,A,-,07,21658,A,N,B,C,A,A,H,-,A,D,0,NA,NA,NA,NA,Y,NA,A,01,0,0,1,0,0,0,0,0,0,-,-,33.82600021362305,-118.21304321289064,LOS ANGELES,LONG BEACH,-118.21306610107422,33.826072692871094
91981663,2023,2023-01-30,9540,2023-01-25,915,022385,NA,3,1,7,1942,0,1,1,NA,1,503,I-5 S/B (GOLDEN STATE FREEWAY),SAN FERNANDO RD,920,S,N,A,-,Y,LA,NA,5,NA,R,43.653,H,NA,L,Y,4,0,1,3,A,-,03,22350,NA,N,C,C,A,A,H,-,A,D,0,NA,NA,NA,NA,Y,NA,D,22,0,0,1,0,0,0,0,0,0,-,-,34.312259674072266,-118.48793792724608,LOS ANGELES,LOS ANGELES,-118.48778533935548,34.31233596801758
91981665,2023,2023-01-30,9530,2023-01-18,725,023038,NA,3,1,7,1942,0,1,1,NA,2,110,I-110 S/B (HARBOR FREEWAY),108 TH ST,950,N,N,A,-,Y,LA,NA,110,NA,NA,14.658,H,NA,L,N,3,0,2,2,A,-,07,21658,A,M,B,C,A,A,H,-,A,D,0,NA,NA,NA,NA,Y,Y,-,99,0,2,0,0,0,0,0,0,0,-,-,33.94089889526367,-118.28018188476564,LOS ANGELES,LOS ANGELES,-118.28012847900392,33.94089889526367
91981670,2023,2023-01-30,9590,2023-01-13,1940,022369,NA,5,2,7,1942,0,1,1,NA,2,051,I-110 S/B,GAGE AVENUE,100,N,N,A,-,Y,LA,NA,110,NA,NA,17.543,H,NA,L,N,4,0,3,3,A,-,07,21658,A,N,B,C,A,A,H,-,D,D,0,NA,NA,NA,NA,Y,NA,A,01,0,0,3,0,0,0,0,0,0,-,-,33.98271179199219,-118.28076171875,LOS ANGELES,LOS ANGELES,-118.2807159423828,33.98270797729492
91981691,2023,2023-01-30,9565,2023-01-18,755,017060,NA,3,1,7,1942,0,1,1,NA,2,060,I-405 SOUTHBOUND (SAN DIEGO FREEWAY),LA TIJERA BLVD.,70,S,N,A,-,Y,LA,NA,405,NA,NA,24.06,H,NA,L,N,3,0,1,2,A,-,03,22350,NA,N,C,C,A,A,H,-,A,D,0,NA,NA,NA,NA,Y,NA,A,01,0,1,0,0,0,0,0,0,0,-,-,33.97016143798828,-118.37483978271484,LOS ANGELES,LOS ANGELES,-118.37487030029295,33.970115661621094
91981733,2023,2023-01-30,9575,2023-01-18,2100,023134,NA,3,2,7,1942,0,1,1,NA,2,052,I-5 N/B (GOLDEN STATE FREEWAY),SUNLAND BLVD.,200,S,N,A,-,Y,LA,NA,5,NA,NA,33.494,H,NA,R,Y,4,0,1,1,C,-,18,NA,NA,N,F,I,A,A,H,-,C,D,0,NA,NA,NA,NA,Y,NA,-,-,0,0,1,0,0,0,0,0,0,-,-,34.22209167480469,-118.36337280273438,LOS ANGELES,LOS ANGELES,-118.36338043212892,34.221927642822266
91981750,2023,2023-01-30,9540,2023-01-27,2136,022182,NA,5,2,9,1900,0,1,1,NA,2,509,I-5 S/B,HASLEY CANYON ROAD,3960,N,N,A,-,Y,LA,NA,5,NA,R,57.372,H,NA,L,Y,4,0,1,2,A,-,03,22350,NA,N,C,C,A,A,D,-,D,D,0,NA,NA,NA,Y,Y,NA,A,01,0,0,1,0,0,0,0,0,0,-,-,34.46697998046875,-118.61685943603516,LOS ANGELES,UNINCORPORATED,-118.61678314208984,34.466983795166016
91981757,2023,2023-01-30,9550,2023-01-29,1435,022950,NA,7,2,4,1936,0,1,1,NA,2,501,I-5 S/B,KNOTT AVENUE,180,N,N,A,-,Y,LA,NA,5,NA,NA,0.038,H,NA,L,N,4,0,1,2,A,-,08,22107,NA,N,B,C,A,A,H,-,A,D,0,NA,NA,NA,NA,Y,NA,A,01,0,0,1,0,0,0,0,0,0,-,-,33.87495040893555,-118.01201629638672,LOS ANGELES,LA MIRADA,-118.0120086669922,33.87496566772461
91981839,2023,2023-01-30,9575,2023-01-07,2325,022629,NA,6,3,6,1953,0,1,1,NA,2,063,I-210 E/B TO HOWARD STREET,LINCOLN AVENUE,528,W,N,A,-,Y,NA,NA,NA,NA,NA,NA,NA,NA,NA,Y,3,0,1,1,C,-,18,NA,NA,N,A,I,A,A,H,-,C,D,0,NA,NA,NA,NA,Y,NA,-,-,0,1,0,0,0,0,0,0,0,-,-,34.17496109008789,-118.16150665283205,LOS ANGELES,PASADENA,-118.16150665283205,34.17496109008789
91981842,2023,2023-01-30,9550,2023-01-21,1345,021656,NA,6,1,5,1919,0,1,3,NA,2,091,STATE ROUTE 91 E/B TO INTERSTATE 605 S/B,INTERSTATE 605,300,W,N,A,-,Y,NA,NA,NA,NA,NA,NA,NA,NA,NA,Y,4,0,3,3,A,-,03,22350,NA,N,C,C,A,A,H,-,A,D,0,NA,NA,NA,NA,Y,NA,A,07,0,0,3,0,0,0,0,0,0,-,-,33.87369155883789,-118.10263061523438,LOS ANGELES,CERRITOS,-118.10263061523438,33.87369155883789
91981843,2023,2023-01-30,9545,2023-01-21,423,021819,NA,6,3,6,1992,0,1,3,NA,2,011,SR-14 N/B S/O AVENUE K-8,AVENUE K-8,706,S,N,A,-,Y,LA,NA,14,NA,R,66.047,H,NA,R,Y,3,0,1,1,A,-,08,22107,NA,N,E,J,A,A,H,-,C,D,0,NA,NA,NA,NA,Y,NA,D,22,0,1,0,0,0,0,0,0,0,-,-,34.665611267089844,-118.1531219482422,LOS ANGELES,LANCASTER,-118.15322875976564,34.665611267089844
91981851,2023,2023-01-30,9590,2023-01-18,2240,022741,NA,3,3,7,1942,0,1,1,NA,2,061,I-10 W/B (SANTA MONICA FREEWAY),WESTERN AVENUE,545,E,N,A,-,Y,LA,NA,10,NA,R,12.932,H,NA,L,Y,4,0,1,3,A,-,08,22107,NA,N,B,C,A,A,H,-,D,D,0,NA,NA,NA,NA,Y,NA,A,01,0,0,1,0,0,0,0,0,0,-,-,34.03718948364258,-118.30706024169922,LOS ANGELES,LOS ANGELES,-118.30706024169922,34.0372428894043
91981857,2022,2023-01-30,9535,2022-12-06,1823,021931,NA,2,2,9,1900,0,3,5,NA,2,006,GRAVES AVENUE (8000 BLOCK),KELBURN AVENUE,43,E,N,B,-,N,NA,NA,NA,NA,NA,NA,NA,NA,NA,Y,1,1,0,2,A,-,11,21954,A,N,G,B,D,A,H,-,C,D,0,Y,NA,NA,NA,Y,NA,N,60,0,0,0,1,0,0,0,0,0,-,-,34.05453872680664,-118.09442901611328,LOS ANGELES,UNINCORPORATED,-118.0949935913086,34.05464172363281
91981866,2023,2023-01-30,9535,2023-01-22,1724,022285,NA,7,2,9,1900,0,2,4,NA,2,025,ATLANTIC BLVD. (460 BLOCK),EAGLE ST,120,N,N,A,-,N,NA,NA,NA,NA,NA,NA,NA,NA,NA,N,4,0,1,2,A,-,03,22350,NA,N,C,C,A,A,H,-,C,A,0,NA,NA,NA,NA,Y,NA,A,01,0,0,1,0,0,0,0,0,0,-,-,34.02764129638672,-118.1551513671875,LOS ANGELES,UNINCORPORATED,-118.15514373779295,34.027469635009766
91981876,2022,2023-01-30,9590,2022-12-22,0333,021346,NA,4,3,7,1942,0,1,1,NA,2,064,INTERSTATE 10 EASTBOUND,SAN PEDRO STREET,690,E,N,A,-,Y,LA,NA,10,NA,NA,16.152,H,NA,R,N,1,1,1,2,A,-,11,21954,A,N,G,B,E,A,H,-,C,D,0,Y,NA,NA,NA,Y,Y,N,60,0,1,0,1,0,0,0,0,0,-,-,34.028541564941406,-118.25440216064452,LOS ANGELES,LOS ANGELES,-118.2543716430664,34.0285758972168
91981907,2022,2023-01-30,9530,2022-08-23,0154,022586,NA,2,3,9,1900,0,3,5,NA,2,002,COMPTON AVENUE,I-105,8,S,N,A,-,N,NA,NA,NA,NA,NA,NA,NA,NA,NA,N,1,1,0,2,A,-,11,21954,A,F,G,B,E,A,H,-,D,D,0,Y,NA,NA,NA,Y,NA,N,60,0,0,0,1,0,0,0,0,0,-,-,33.928428649902344,-118.24620056152344,LOS ANGELES,UNINCORPORATED,-118.24626922607422,33.929046630859375