CASE_ID,ACCIDENT_YEAR,PROC_DATE,JURIS,COLLISION_DATE,COLLISION_TIME,OFFICER_ID,REPORTING_DISTRICT,DAY_OF_WEEK,CHP_SHIFT,POPULATION,CNTY_CITY_LOC,SPECIAL_COND,BEAT_TYPE,CHP_BEAT_TYPE,CITY_DIVISION_LAPD,CHP_BEAT_CLASS,BEAT_NUMBER,PRIMARY_RD,SECONDARY_RD,DISTANCE,DIRECTION,INTERSECTION,WEATHER_1,WEATHER_2,STATE_HWY_IND,CALTRANS_COUNTY,CALTRANS_DISTRICT,STATE_ROUTE,ROUTE_SUFFIX,POSTMILE_PREFIX,POSTMILE,LOCATION_TYPE,RAMP_INTERSECTION,SIDE_OF_HWY,TOW_AWAY,COLLISION_SEVERITY,NUMBER_KILLED,NUMBER_INJURED,PARTY_COUNT,PRIMARY_COLL_FACTOR,PCF_CODE_OF_VIOL,PCF_VIOL_CATEGORY,PCF_VIOLATION,PCF_VIOL_SUBSECTION,HIT_AND_RUN,TYPE_OF_COLLISION,MVIW,PED_ACTION,ROAD_SURFACE,ROAD_COND_1,ROAD_COND_2,LIGHTING,CONTROL_DEVICE,CHP_ROAD_TYPE,PEDESTRIAN_ACCIDENT,BICYCLE_ACCIDENT,MOTORCYCLE_ACCIDENT,TRUCK_ACCIDENT,NOT_PRIVATE_PROPERTY,ALCOHOL_INVOLVED,STWD_VEHTYPE_AT_FAULT,CHP_VEHTYPE_AT_FAULT,COUNT_SEVERE_INJ,COUNT_VISIBLE_INJ,COUNT_COMPLAINT_PAIN,COUNT_PED_KILLED,COUNT_PED_INJURED,COUNT_BICYCLIST_KILLED,COUNT_BICYCLIST_INJURED,COUNT_MC_KILLED,COUNT_MC_INJURED,PRIMARY_RAMP,SECONDARY_RAMP,LATITUDE,LONGITUDE,COUNTY,CITY,POINT_X,POINT_Y
91987461,2023,2023-02-06,9550,2023-01-29,2310,022982,NA,7,3,6,1920,0,1,1,NA,2,501,I-5 SB,I-605,1100,N,N,C,-,Y,LA,NA,5,NA,NA,7.169,H,NA,L,N,4,0,3,2,A,-,03,22350,NA,N,C,C,A,B,H,-,D,D,0,NA,NA,NA,NA,Y,NA,A,01,0,0,3,0,0,0,0,0,0,-,-,33.94517135620117,-118.09945678710938,LOS ANGELES,DOWNEY,-118.0993881225586,33.9452018737793
91987462,2023,2023-02-06,9530,2023-01-25,620,021004,NA,3,1,9,1900,0,3,5,NA,2,002,BROADWAY,132ND ST,0,NA,Y,A,-,N,NA,NA,NA,NA,NA,NA,NA,NA,NA,N,4,0,1,2,A,-,09,21801,A,N,A,C,A,A,H,-,B,A,0,NA,NA,NA,NA,Y,NA,A,01,0,0,1,0,0,0,0,0,0,-,-,33.91231155395508,-118.2783432006836,LOS ANGELES,UNINCORPORATED,-118.27838897705078,33.912288665771484
91987483,2022,2023-02-06,9590,2022-11-15,2340,023052,NA,2,3,7,1942,0,1,1,NA,2,084,I-5 NORTHBOUND (GOLDEN STATE FREEWAY),LOS FELIZ BLVD,880,N,N,A,-,Y,LA,NA,5,NA,NA,24.761,H,NA,R,Y,4,0,2,1,A,-,01,23152,A,N,E,I,A,A,H,-,C,D,0,NA,NA,NA,NA,Y,Y,A,07,0,0,2,0,0,0,0,0,0,-,-,34.126380920410156,-118.27326202392578,LOS ANGELES,LOS ANGELES,-118.2731475830078,34.126399993896484
91987511,2022,2023-02-06,9550,2022-11-30,1735,022924,NA,3,2,9,1900,0,2,4,NA,1,022,LEFFINGWELL RD,MEYER RD,0,NA,Y,A,-,N,NA,NA,NA,NA,NA,NA,NA,NA,NA,N,3,0,1,2,A,-,05,21650,NA,F,A,G,A,A,H,-,C,A,0,NA,Y,NA,NA,Y,NA,L,04,0,1,0,0,0,0,1,0,0,-,-,33.920711517333984,-118.037841796875,LOS ANGELES,UNINCORPORATED,-118.03800964355467,33.920875549316406
91987516,2022,2023-02-06,9550,2022-12-25,1525,022924,NA,7,2,9,1900,0,2,4,NA,1,022,LEFFINGWELL ROAD,GLADHILL ROAD,100,W,N,A,-,N,NA,NA,NA,NA,NA,NA,NA,NA,NA,Y,3,0,1,1,A,-,08,22107,NA,N,E,8,A,A,H,-,A,D,0,NA,NA,NA,NA,Y,NA,A,01,0,1,0,0,0,0,0,0,0,-,-,33.92850112915039,-118.00405883789064,LOS ANGELES,UNINCORPORATED,-118.00382232666016,33.928611755371094
91987540,2022,2023-02-06,9580,2022-10-24,0355,022550,NA,1,3,7,1942,0,1,3,NA,2,171,SR-170 S/B (HOLLYWOOD FWY.) TO SR-134 E/B (VENTURA,US-101 N/B (VENTURA FREEWAY),76,S,N,A,-,Y,LA,NA,101,NA,NA,11.825,H,NA,R,Y,1,1,0,1,A,-,03,22350,NA,N,E,I,A,A,H,-,D,D,0,NA,NA,NA,NA,Y,Y,A,01,0,0,0,0,0,0,0,0,0,-,-,34.15428161621094,-118.3781509399414,LOS ANGELES,LOS ANGELES,-118.37808990478516,34.15453338623047
91987545,2023,2023-02-06,9530,2023-01-25,830,021871,NA,3,1,9,1900,0,3,5,NA,2,005,CRENSHAW BOULEVARD,EL CAMINO COLLEGE,0,NA,Y,A,-,N,NA,NA,NA,NA,NA,NA,NA,NA,NA,Y,3,0,2,2,A,-,09,21801,A,N,D,C,A,A,H,-,A,A,0,NA,NA,NA,NA,Y,NA,A,01,0,1,1,0,0,0,0,0,0,-,-,33.88542175292969,-118.32665252685548,LOS ANGELES,UNINCORPORATED,-118.3265380859375,33.8854866027832
91987580,2023,2023-02-06,9575,2023-01-28,1405,023072,NA,6,2,9,1900,0,2,4,NA,2,082,HUNTINGTON DR.,ROSEMEAD BLVD.,0,NA,Y,A,-,N,NA,NA,NA,NA,NA,NA,NA,NA,NA,Y,4,0,4,2,A,-,09,21800,D,N,A,C,A,A,H,-,A,B,0,NA,NA,NA,NA,Y,NA,A,01,0,0,4,0,0,0,0,0,0,-,-,34.1302604675293,-118.07327270507813,LOS ANGELES,UNINCORPORATED,-118.0731201171875,34.130287170410156
91987599,2022,2023-02-06,9590,2022-07-04,1902,022088,NA,1,2,7,1942,0,1,1,NA,2,085,INTERSTATE 5 SOUTHBOUND (GOLDEN STATE FREEWAY),FLETCHER DRIVE,20,N,N,A,-,Y,NA,NA,NA,NA,NA,NA,NA,NA,NA,N,4,0,3,2,A,-,03,22350,NA,F,C,C,A,A,H,-,A,A,0,NA,NA,NA,NA,Y,NA,-,99,0,0,3,0,0,0,0,0,0,-,-,34.03704833984375,-118.27528381347656,LOS ANGELES,LOS ANGELES,-118.2559051513672,34.10660171508789
91987604,2023,2023-02-06,9530,2023-01-25,850,020355,NA,3,1,7,1942,0,1,1,NA,2,120,I-110 N/B (HARBOR FREEWAY),LOMITA BLVD,100,N,N,A,-,Y,LA,NA,110,NA,NA,4.672,H,NA,R,N,4,0,1,2,A,-,07,21658,A,N,B,C,A,A,H,-,A,D,0,NA,NA,NA,NA,Y,NA,D,22,0,0,1,0,0,0,0,0,0,-,-,33.79808044433594,-118.2869873046875,LOS ANGELES,LOS ANGELES,-118.28699493408205,33.79807662963867
91987632,2022,2023-02-06,9590,2022-12-19,0448,022720,NA,1,3,7,1942,0,1,2,NA,2,072,US-101 N/B (HOLLYWOOD FREEWAY),BARHAM BLVD.,60,N,N,A,-,Y,LA,NA,101,NA,NA,9.237,H,NA,R,Y,3,0,2,2,A,-,03,22350,NA,N,D,C,A,A,H,-,C,D,0,NA,NA,NA,NA,Y,NA,A,01,0,1,1,0,0,0,0,0,0,-,-,34.128990173339844,-118.34718322753906,LOS ANGELES,LOS ANGELES,-118.34710693359376,34.12904357910156
91987678,2022,2023-02-06,9590,2022-11-19,1625,022369,NA,6,2,7,1942,0,1,1,NA,2,050,I-110 N/B,43RD STREET,100,N,N,A,-,Y,LA,NA,110,NA,NA,19.165,H,NA,R,Y,4,0,3,2,A,-,03,22350,NA,N,C,C,A,A,H,-,A,D,0,NA,NA,NA,NA,Y,NA,A,01,0,0,3,0,0,0,0,0,0,-,-,34.00606155395508,-118.28092193603516,LOS ANGELES,LOS ANGELES,-118.28099822998048,34.00606155395508
91987705,2023,2023-02-06,9535,2023-01-26,735,021795,NA,4,1,5,1952,0,1,1,NA,2,105,I-105 TO I-710 SB,I-105 (CENTURY FREEWAY),1500,S,N,A,-,Y,NA,NA,NA,NA,NA,NA,NA,NA,NA,N,4,0,1,2,A,-,03,22350,NA,N,C,C,A,A,H,-,A,D,0,NA,NA,NA,NA,Y,NA,A,01,0,0,1,0,0,0,0,0,0,-,-,33.90909957885742,-118.18202209472656,LOS ANGELES,PARAMOUNT,NA,NA
91987718,2023,2023-02-06,9535,2023-01-28,2240,022330,NA,6,3,9,1900,0,2,4,NA,2,025,ATLANTIC BLVD. (1300 BLOCK),UNION PACIFIC AVE.,115,S,N,A,-,N,NA,NA,NA,NA,NA,NA,NA,NA,NA,N,3,0,1,2,A,-,11,21954,A,N,G,B,D,A,H,-,C,D,0,Y,NA,NA,NA,Y,Y,N,60,0,1,0,0,1,0,0,0,0,-,-,34.01367950439453,-118.15924835205078,LOS ANGELES,UNINCORPORATED,-118.15928649902344,34.01381301879883
91987719,2023,2023-02-06,9550,2023-02-02,1555,020861,NA,4,2,3,1964,0,1,1,NA,2,650,I-605 N/B,RIVERA ROAD,100,S,N,A,-,Y,LA,NA,605,NA,R,11.414,H,NA,R,N,4,0,1,2,A,-,03,22350,NA,N,C,C,A,A,H,-,A,D,0,NA,NA,NA,NA,Y,NA,A,01,0,0,1,0,0,0,0,0,0,-,-,33.96519088745117,-118.0841827392578,LOS ANGELES,SANTA FE SPRINGS,-118.08407592773438,33.96516036987305
91987735,2022,2023-02-06,9530,2022-12-02,2230,022805,NA,5,3,9,1900,0,3,5,NA,2,001,HILL ST. (2400 BLOCK),SANTA FE AVE.,350,E,N,A,-,N,NA,NA,NA,NA,NA,NA,NA,NA,NA,Y,4,0,1,5,A,-,08,22107,NA,N,A,C,A,A,H,-,B,D,0,NA,NA,NA,NA,Y,NA,A,01,0,0,1,0,0,0,0,0,0,-,-,33.96775817871094,-118.22757720947266,LOS ANGELES,UNINCORPORATED,-118.22910308837892,33.9678955078125
91987738,2023,2023-02-06,9550,2023-01-31,830,022597,NA,2,1,9,1900,0,1,3,NA,2,091,STATE ROUTE-91 WESTBOUND,PIONEER BLVD.,2200,W,N,A,-,Y,LA,NA,91,NA,R,17.675,H,NA,L,Y,4,0,1,3,A,-,03,22350,NA,F,C,C,A,A,H,-,A,D,0,NA,NA,NA,NA,Y,NA,-,99,0,0,1,0,0,0,0,0,0,-,-,33.876609802246094,-118.08972930908205,LOS ANGELES,UNINCORPORATED,-118.08972930908205,33.87646484375
91987740,2022,2023-02-06,9590,2022-11-18,0810,022313,NA,5,1,7,1942,0,1,1,NA,2,082,I-5 N/B (GOLDEN STATE FREEWAY),LOS ANGELES RIVER,900,N,N,A,-,Y,LA,NA,5,NA,NA,21.008,H,NA,R,N,4,0,2,3,A,-,03,22350,NA,N,C,C,A,A,H,-,A,D,0,NA,NA,NA,NA,Y,NA,A,01,0,0,2,0,0,0,0,0,0,-,-,34.0860595703125,-118.23223876953124,LOS ANGELES,LOS ANGELES,-118.23226165771484,34.08603286743164
91987753,2023,2023-02-06,9545,2023-02-04,315,021640,NA,6,3,9,1900,0,3,5,NA,2,002,15TH ST W,AVENUE O,350,N,N,A,-,N,NA,NA,NA,NA,NA,NA,NA,NA,NA,N,4,0,1,1,A,-,01,23152,A,N,E,J,A,A,H,-,D,D,0,NA,NA,NA,NA,Y,Y,A,01,0,0,1,0,0,0,0,0,0,-,-,34.61756134033203,-118.1566925048828,LOS ANGELES,UNINCORPORATED,-118.1566162109375,34.61748123168945
91987769,2023,2023-02-06,9565,2023-01-25,25,022117,NA,3,3,7,1942,0,1,1,NA,2,061,I-405 S/B TO LA TIJERA BLVD.,LA TIJERA BLVD.,95,N,N,A,-,Y,NA,NA,NA,NA,NA,NA,NA,NA,NA,Y,3,0,1,2,A,-,01,23152,A,M,C,C,A,A,H,-,C,D,0,NA,NA,NA,NA,Y,Y,A,07,0,1,0,0,0,0,0,0,0,-,-,33.97174835205078,-118.37872314453124,LOS ANGELES,LOS ANGELES,-118.37872314453124,33.97174835205078
91987784,2023,2023-02-06,9550,2023-01-26,1225,018187,NA,4,1,9,1900,0,3,5,NA,2,001,DANBY AVE,LOCH LOMOND DR,200,S,N,A,-,N,NA,NA,NA,NA,NA,NA,NA,NA,NA,N,4,0,2,2,A,-,08,22107,NA,N,B,E,A,A,H,-,A,D,0,NA,NA,NA,NA,Y,NA,A,01,0,0,2,0,0,0,0,0,0,-,-,33.9899787902832,-118.07196044921876,LOS ANGELES,UNINCORPORATED,-118.07195281982422,33.98981857299805
91987805,2023,2023-02-06,9550,2023-01-28,615,022167,NA,6,1,5,1919,0,1,3,NA,2,092,SR-91 W/B,BLOOMFIELD AVENUE,460,W,N,A,-,Y,LA,NA,91,NA,R,19.069,H,NA,L,N,3,0,1,2,A,-,07,21658,A,N,C,C,A,A,H,-,B,D,0,NA,NA,NA,Y,Y,NA,F,26,0,1,0,0,0,0,0,0,0,-,-,33.876060485839844,-118.06549835205078,LOS ANGELES,CERRITOS,-118.06549835205078,33.87605667114258
91987823,2023,2023-02-06,9590,2023-01-29,1250,021762,NA,7,1,7,1942,0,1,2,NA,2,071,US-101 S/B (HOLLYWOOD FREEWAY),VIRGIL AVENUE,430,N,N,A,-,Y,LA,NA,101,NA,NA,4.179,H,NA,L,N,4,0,5,3,A,-,03,22350,NA,N,C,C,A,A,H,-,A,D,0,NA,NA,NA,NA,Y,NA,A,01,0,0,5,0,0,0,0,0,0,-,-,34.07828903198242,-118.28826904296876,LOS ANGELES,LOS ANGELES,-118.28827667236328,34.078243255615234
91987835,2022,2023-02-06,9590,2022-11-29,0041,022444,NA,2,3,7,1942,0,1,1,NA,2,061,I-10 W/B (SANTA MONICA FREEWAY),WESTERN AVENUE,618,E,N,A,-,Y,LA,NA,10,NA,R,12.946,H,NA,L,Y,2,0,3,2,A,-,01,23152,A,F,D,C,A,A,H,-,C,D,0,NA,NA,NA,NA,Y,Y,A,01,1,1,1,0,0,0,0,0,0,-,-,34.03717041015625,-118.30680847167967,LOS ANGELES,LOS ANGELES,-118.30680847167967,34.03723907470703
91987846,2022,2023-03-06,9550,2022-12-01,1530,022947,NA,4,2,9,1900,0,2,4,NA,1,011,WORKMAN MILL ROAD,MISSION MILL ROAD,0,NA,Y,A,-,N,NA,NA,NA,NA,NA,NA,NA,NA,NA,N,4,0,1,2,A,-,12,21453,A,F,D,C,A,A,H,-,A,A,0,NA,NA,NA,NA,Y,NA,A,01,0,0,1,0,0,0,0,0,0,-,-,34.01538848876953,-118.04409027099608,LOS ANGELES,UNINCORPORATED,-118.04402923583984,34.01534652709961
91987850,2022,2023-02-06,9590,2022-11-27,2215,023052,NA,7,3,7,1942,0,1,1,NA,2,083,I-5 SOUTHBOUND (GOLDEN STATE FREEWAY),PASADENA AVE.,240,S,N,A,-,Y,LA,NA,5,NA,NA,19.82,H,NA,L,N,4,0,1,2,A,-,03,22350,NA,M,C,C,A,A,H,-,C,D,0,NA,NA,NA,NA,Y,NA,-,99,0,0,1,0,0,0,0,0,0,-,-,34.0743293762207,-118.219482421875,LOS ANGELES,LOS ANGELES,-118.2195053100586,34.0743293762207
91987858,2023,2023-02-06,9590,2023-01-06,1821,022444,NA,5,2,7,1942,0,1,1,NA,2,062,I-10 E/B (SMF) TO I-110 S/B (HAF),OAK STREET,258,W,N,A,-,Y,NA,NA,NA,NA,NA,NA,NA,NA,NA,N,4,0,1,2,A,-,01,23152,A,N,C,C,A,A,H,-,C,D,0,NA,NA,NA,NA,Y,Y,A,01,0,0,1,0,0,0,0,0,0,-,-,34.03765106201172,-118.27806091308594,LOS ANGELES,LOS ANGELES,-118.27806091308594,34.03765106201172
91987941,2023,2023-02-06,9525,2023-01-28,1430,021779,NA,6,2,9,1900,0,3,5,NA,2,003,FAIRGROVE AVE,DEL VALLE AVE,0,NA,Y,A,-,N,NA,NA,NA,NA,NA,NA,NA,NA,NA,Y,3,0,3,2,A,-,09,21802,A,N,D,C,A,A,H,-,A,A,0,NA,NA,NA,NA,Y,NA,A,01,0,3,0,0,0,0,0,0,0,-,-,34.04167938232422,-117.94286346435548,LOS ANGELES,UNINCORPORATED,-117.94285583496094,34.04167175292969
91987943,2023,2023-02-06,9550,2023-01-11,1500,023157,NA,3,2,9,1900,0,2,4,NA,1,031,BATSON AVENUE,COLIMA ROAD,1056,S,N,B,-,N,NA,NA,NA,NA,NA,NA,NA,NA,NA,N,2,0,1,3,A,-,01,23152,A,N,D,E,A,A,H,-,A,D,0,NA,NA,NA,NA,Y,Y,A,01,1,0,0,0,0,0,0,0,0,-,-,33.98596954345703,-117.90389251708984,LOS ANGELES,UNINCORPORATED,-117.90392303466795,33.98537826538086
91987947,2022,2023-02-06,9590,2022-12-11,1030,023035,NA,7,1,7,1942,0,1,1,NA,2,013,SR-110 S/B (ASP) TO I-5 S/B (GSF),AVENUE 26,1170,N,N,C,-,Y,LA,NA,110,NA,NA,26.129,H,NA,L,N,3,0,1,1,A,-,03,22350,NA,N,E,I,A,B,H,-,A,D,0,NA,NA,NA,NA,Y,NA,A,07,0,1,0,0,0,0,0,0,0,-,-,34.08531188964844,-118.21859741210938,LOS ANGELES,LOS ANGELES,-118.21854400634766,34.085205078125
91987958,2023,2023-02-06,9545,2023-01-27,530,023153,NA,5,3,9,1900,0,3,5,NA,2,003,SIERRA HIGHWAY,SR-14 SOUTHBOUND TO SIERRA HIGHWAY,0,NA,Y,A,-,Y,NA,NA,NA,NA,NA,NA,NA,NA,NA,N,4,0,1,2,A,-,09,21802,A,M,B,C,A,A,H,-,C,A,0,NA,NA,NA,NA,Y,NA,-,99,0,0,1,0,0,0,0,0,0,-,-,34.487281799316406,-118.14404296875,LOS ANGELES,UNINCORPORATED,-118.12741088867188,34.64015579223633
91987962,2023,2023-02-06,9550,2023-01-27,2345,022982,NA,5,3,9,1900,0,3,5,NA,2,002,COLIMA ROAD,MYSTIC ST.,145,S,N,A,-,N,NA,NA,NA,NA,NA,NA,NA,NA,NA,Y,4,0,1,2,A,-,08,22107,NA,N,B,E,A,A,H,-,D,D,0,NA,NA,NA,NA,Y,NA,A,07,0,0,1,0,0,0,0,0,0,-,-,33.93122863769531,-118.01976013183594,LOS ANGELES,UNINCORPORATED,-118.019775390625,33.931243896484375
91987969,2022,2023-02-06,9590,2022-11-22,0455,022444,NA,2,3,7,1942,0,1,1,NA,2,041,I-5 S/B (SANTA ANA FREEWAY),ESPERANZA STREET,500,N,N,A,-,Y,LA,NA,5,NA,NA,15.396,H,NA,L,N,4,0,1,2,A,-,07,21658,A,N,B,C,A,A,H,-,D,D,0,NA,NA,NA,NA,Y,NA,A,01,0,0,1,0,0,0,0,0,0,-,-,34.02259063720703,-118.19934844970705,LOS ANGELES,LOS ANGELES,-118.19933319091795,34.02261734008789
91987970,2023,2023-02-06,9530,2023-02-03,1315,022951,NA,5,1,9,1900,0,3,5,NA,2,001,CROCKETT BLVD.,81ST ST,0,NA,Y,A,-,N,NA,NA,NA,NA,NA,NA,NA,NA,NA,Y,3,0,2,1,A,-,01,23152,A,F,E,I,A,A,H,-,A,D,0,NA,NA,NA,NA,Y,Y,A,01,0,2,0,0,0,0,0,0,0,-,-,33.965301513671875,-118.23709106445313,LOS ANGELES,UNINCORPORATED,-118.2369384765625,33.96519088745117
91987972,2023,2023-02-06,9545,2023-02-03,1805,022753,NA,5,2,9,1900,0,3,5,NA,2,001,30TH ST W,AVENUE A,582,S,N,A,-,N,NA,NA,NA,NA,NA,NA,NA,NA,NA,N,2,0,1,1,A,-,03,22350,NA,N,F,A,A,A,H,-,D,D,0,NA,NA,Y,NA,Y,NA,C,03,1,0,0,0,0,0,0,0,1,-,-,34.81809997558594,-118.18480682373048,LOS ANGELES,UNINCORPORATED,-118.18477630615234,34.81877517700195
91988006,2023,2023-02-06,9590,2023-01-31,2000,022710,NA,2,2,7,1942,0,1,1,NA,2,013,SR-110 S/B (ASP) FROM AVENUE 52,AVE. 52,250,S,N,A,-,Y,LA,NA,110,NA,NA,27.989,H,NA,L,N,4,0,1,2,A,-,03,22350,NA,N,C,C,A,A,H,-,D,D,0,NA,NA,NA,NA,Y,NA,A,01,0,0,1,0,0,0,0,0,0,-,-,34.10293960571289,-118.1974868774414,LOS ANGELES,LOS ANGELES,-118.19745635986328,34.10286331176758
91988056,2023,2023-02-06,9590,2023-01-30,10,022384,NA,1,3,7,1942,0,1,1,NA,2,084,I-5 N/B (GOLDEN STATE FREEWAY),GRIFFITH PARK DRIVE OFF-RAMP OVERCROSSING,420,S,N,C,-,Y,LA,NA,5,NA,NA,24.518,H,NA,R,Y,3,0,2,1,A,-,03,22350,NA,N,E,I,A,B,H,-,C,D,0,NA,NA,NA,NA,Y,NA,A,01,0,1,1,0,0,0,0,0,0,-,-,34.12303924560547,-118.27207183837892,LOS ANGELES,LOS ANGELES,-118.27216339111328,34.123016357421875
91988072,2022,2023-02-06,9590,2022-12-11,0300,022497,NA,7,3,7,1942,0,1,1,NA,2,085,I-5 S/B (GOLDEN STATE FREEWAY),FLETCHER BOULEVARD,1580,N,N,C,-,Y,LA,NA,5,NA,NA,23.331,H,NA,L,Y,3,0,1,1,A,-,08,22107,NA,N,E,I,A,B,H,-,C,D,0,NA,NA,NA,NA,Y,NA,A,01,0,1,0,0,0,0,0,0,0,-,-,34.109169006347656,-118.26097106933594,LOS ANGELES,LOS ANGELES,-118.26097106933594,34.10917282104492
91988077,2023,2023-02-06,9590,2023-01-26,2159,022690,NA,4,2,7,1942,0,1,1,NA,2,062,I-10 E/B (SMF),FIGUEROA ST.,300,W,N,A,-,Y,LA,NA,10,NA,NA,14.923,H,NA,R,Y,4,0,1,1,A,-,01,23152,A,N,E,I,A,A,H,-,C,D,0,NA,NA,NA,NA,Y,Y,A,01,0,0,1,0,0,0,0,0,0,-,-,34.03786087036133,-118.2726821899414,LOS ANGELES,LOS ANGELES,-118.27271270751952,34.03779983520508
91988080,2023,2023-02-07,9590,2023-01-29,335,022698,NA,7,3,7,1942,0,1,2,NA,2,070,US-101 N/B (HOLLYWOOD FREEWAY),SILVER LAKE BOULEVARD,405,N,N,B,-,Y,LA,NA,101,NA,NA,3.882,H,NA,R,Y,3,0,1,1,A,-,01,23152,A,N,E,I,A,A,H,-,C,D,0,NA,NA,NA,NA,Y,Y,A,01,0,1,0,0,0,0,0,0,0,-,-,34.07754135131836,-118.28317260742188,LOS ANGELES,LOS ANGELES,-118.28314971923828,34.077606201171875
91988085,2023,2023-03-20,9565,2023-01-27,1415,023091,NA,5,2,5,1928,0,1,1,NA,2,012,I-105 E/B,CRENSHAW BOULEVARD,20,W,N,A,-,Y,LA,NA,105,NA,R,4.712,H,NA,R,Y,3,0,1,2,A,-,08,22107,NA,N,C,C,A,A,H,-,A,D,0,NA,NA,Y,NA,Y,NA,A,01,0,1,0,0,0,0,0,0,1,-,-,33.925079345703125,-118.32672119140624,LOS ANGELES,HAWTHORNE,-118.32671356201172,33.92499923706055
91988088,2023,2023-02-07,9565,2023-01-26,1140,022902,NA,4,1,7,1942,0,1,3,NA,2,070,SR-90,I-405,200,W,N,A,-,Y,LA,NA,90,NA,NA,2.386,H,NA,R,N,4,0,1,2,A,-,03,22350,NA,N,C,C,A,A,H,-,A,D,0,NA,NA,NA,NA,Y,NA,A,07,0,0,1,0,0,0,0,0,0,-,-,33.98788070678711,-118.40348052978516,LOS ANGELES,LOS ANGELES,-118.40345764160156,33.98805236816406
91988089,2021,2023-02-07,9530,2021-09-12,1715,022427,NA,7,2,7,1942,0,1,1,NA,2,200,I-105 W/B (GLENN ANDERSON FWY),STANFORD AVE.,1000,E,N,A,-,Y,NA,NA,105,NA,NA,NA,NA,NA,W,Y,3,0,1,1,A,-,08,22107,NA,N,E,8,A,A,H,-,A,D,0,NA,NA,NA,NA,Y,NA,A,01,0,1,0,0,0,0,0,0,0,-,-,33.927818298339844,-118.2585906982422,LOS ANGELES,LOS ANGELES,-118.25858306884766,33.927703857421875
91988092,2021,2023-02-07,9530,2021-09-12,1810,022702,NA,7,2,9,1900,0,3,5,NA,2,005,REDONDO BEACH BLVD. (3900 BLOCK),PRAIRE AVE.,300,E,N,A,-,N,NA,NA,NA,NA,NA,NA,NA,NA,NA,N,3,0,1,1,A,-,03,22350,NA,N,H,J,A,A,H,-,A,A,0,NA,NA,Y,NA,Y,NA,C,02,0,1,0,0,0,0,0,0,1,-,-,33.877960205078125,-118.34188842773438,LOS ANGELES,UNINCORPORATED,-118.34291839599608,33.877601623535156
91988094,2023,2023-02-07,9590,2023-02-05,1910,022417,NA,7,2,7,1942,0,1,2,NA,2,073,US-101 S/B (HOLLYWOOD FREEWAY),VERMONT AVE,100,N,N,A,-,Y,LA,NA,101,NA,NA,4.471,H,NA,L,N,4,0,2,2,A,-,03,22350,NA,N,C,C,A,A,H,-,C,D,0,NA,NA,NA,NA,Y,NA,A,01,0,0,2,0,0,0,0,0,0,-,-,34.080020904541016,-118.29287719726564,LOS ANGELES,LOS ANGELES,-118.29288482666016,34.080013275146484
91988098,2021,2023-02-07,9530,2021-09-14,2120,021582,NA,2,2,7,1942,0,1,3,NA,2,310,SR-91 W/B TO I-110,MAIN ST.,220,W,N,A,-,Y,NA,NA,NA,NA,NA,NA,NA,NA,NA,Y,3,0,1,2,A,-,07,21658,A,F,E,0,A,A,H,-,D,D,0,NA,NA,Y,NA,Y,NA,-,99,0,1,0,0,0,0,0,0,1,-,-,33.87289047241211,-118.2764129638672,LOS ANGELES,LOS ANGELES,-118.27460479736328,33.953758239746094
91988101,2021,2023-02-07,9530,2021-09-18,0317,022674,NA,6,3,7,1942,0,1,1,NA,2,110,I-110 S/B (HARBOR FREEWAY),135TH ST.,1100,N,N,A,-,Y,NA,NA,110,NA,NA,NA,NA,NA,S,Y,4,0,1,2,A,-,03,22350,NA,M,C,C,A,A,H,-,D,D,0,NA,NA,NA,NA,Y,NA,A,01,0,0,1,0,0,0,0,0,0,-,-,33.9111213684082,-118.2868194580078,LOS ANGELES,LOS ANGELES,-118.28670501708984,33.91111755371094
91988105,2021,2023-02-07,9530,2021-09-21,0239,022687,NA,2,3,9,1900,0,1,1,NA,2,120,I-110 S/B (HARBOR FREEWAY),CARSON ST.,1320,N,N,A,-,Y,NA,NA,110,NA,NA,NA,NA,NA,S,Y,3,0,1,1,A,-,08,22107,NA,N,F,A,A,A,H,-,D,D,0,NA,NA,NA,NA,Y,NA,A,01,0,1,0,0,0,0,0,0,0,-,-,33.835330963134766,-118.28759002685548,LOS ANGELES,UNINCORPORATED,-118.28746032714844,33.83533477783203
91988109,2021,2023-02-07,9530,2021-09-26,0240,022636,NA,7,3,7,1941,0,1,1,NA,2,072,I-710 S/B (LONG BEACH FREEWAY),WARDLOW RD.,196,N,N,A,-,Y,NA,NA,NA,NA,NA,NA,NA,NA,NA,Y,3,0,1,1,A,-,08,22107,NA,N,E,I,A,A,H,-,C,D,0,NA,NA,NA,NA,Y,NA,A,01,0,1,0,0,0,0,0,0,0,-,-,33.49203872680664,-118.1225814819336,LOS ANGELES,LONG BEACH,-118.20704650878906,33.822086334228516
91988112,2021,2023-02-07,9530,2021-10-04,2055,022669,NA,1,2,9,1900,0,3,5,NA,2,002,MAIN ST.,121ST ST.,0,NA,Y,C,-,N,NA,NA,NA,NA,NA,NA,NA,NA,NA,N,3,0,1,2,A,-,12,22450,A,F,D,G,A,B,H,-,C,A,0,NA,Y,NA,NA,Y,NA,L,04,0,1,0,0,0,0,1,0,0,-,-,33.922508239746094,-118.27398681640624,LOS ANGELES,UNINCORPORATED,-118.2739715576172,33.92251205444336