CASE_ID,ACCIDENT_YEAR,PROC_DATE,JURIS,COLLISION_DATE,COLLISION_TIME,OFFICER_ID,REPORTING_DISTRICT,DAY_OF_WEEK,CHP_SHIFT,POPULATION,CNTY_CITY_LOC,SPECIAL_COND,BEAT_TYPE,CHP_BEAT_TYPE,CITY_DIVISION_LAPD,CHP_BEAT_CLASS,BEAT_NUMBER,PRIMARY_RD,SECONDARY_RD,DISTANCE,DIRECTION,INTERSECTION,WEATHER_1,WEATHER_2,STATE_HWY_IND,CALTRANS_COUNTY,CALTRANS_DISTRICT,STATE_ROUTE,ROUTE_SUFFIX,POSTMILE_PREFIX,POSTMILE,LOCATION_TYPE,RAMP_INTERSECTION,SIDE_OF_HWY,TOW_AWAY,COLLISION_SEVERITY,NUMBER_KILLED,NUMBER_INJURED,PARTY_COUNT,PRIMARY_COLL_FACTOR,PCF_CODE_OF_VIOL,PCF_VIOL_CATEGORY,PCF_VIOLATION,PCF_VIOL_SUBSECTION,HIT_AND_RUN,TYPE_OF_COLLISION,MVIW,PED_ACTION,ROAD_SURFACE,ROAD_COND_1,ROAD_COND_2,LIGHTING,CONTROL_DEVICE,CHP_ROAD_TYPE,PEDESTRIAN_ACCIDENT,BICYCLE_ACCIDENT,MOTORCYCLE_ACCIDENT,TRUCK_ACCIDENT,NOT_PRIVATE_PROPERTY,ALCOHOL_INVOLVED,STWD_VEHTYPE_AT_FAULT,CHP_VEHTYPE_AT_FAULT,COUNT_SEVERE_INJ,COUNT_VISIBLE_INJ,COUNT_COMPLAINT_PAIN,COUNT_PED_KILLED,COUNT_PED_INJURED,COUNT_BICYCLIST_KILLED,COUNT_BICYCLIST_INJURED,COUNT_MC_KILLED,COUNT_MC_INJURED,PRIMARY_RAMP,SECONDARY_RAMP,LATITUDE,LONGITUDE,COUNTY,CITY,POINT_X,POINT_Y
91991759,2022,2023-02-10,9530,2022-11-26,2300,021842,NA,6,3,9,1900,0,3,5,NA,2,001,FIRESTONE BLVD. (1800 BLOCK),ELM ST.,50,W,N,A,-,N,NA,NA,NA,NA,NA,NA,NA,NA,NA,N,2,0,1,2,A,-,11,21954,A,F,G,B,D,A,H,-,C,D,0,Y,NA,NA,NA,Y,NA,N,60,1,0,0,0,1,0,0,0,0,-,-,33.96009063720703,-118.23876953125,LOS ANGELES,UNINCORPORATED,-118.23870086669922,33.960140228271484
91991770,2023,2023-02-10,9540,2023-02-06,1020,020400,NA,1,1,9,1900,0,1,3,NA,2,147,SR-14 SOUTHBOUND,ESCONDIDO CANYON RD,750,N,N,A,-,Y,LA,NA,14,NA,NA,43.663,H,NA,L,N,4,0,2,2,A,-,03,22350,NA,N,C,C,A,A,H,-,A,D,0,NA,NA,NA,NA,Y,NA,A,01,0,0,2,0,0,0,0,0,0,-,-,34.494659423828125,-118.27787017822266,LOS ANGELES,UNINCORPORATED,-118.27784729003906,34.494625091552734
91991791,2023,2023-02-10,9535,2023-02-06,935,021970,NA,1,1,9,1900,0,1,1,NA,2,651,I-605 S/B,I-10,500,S,N,A,-,Y,LA,NA,605,NA,R,20.062,H,NA,L,N,4,0,1,3,A,-,03,22350,NA,N,C,C,A,A,H,-,A,D,0,NA,NA,NA,NA,Y,NA,A,01,0,0,1,0,0,0,0,0,0,-,-,34.06327819824219,-118.00032043457033,LOS ANGELES,UNINCORPORATED,-118.00035095214844,34.06328582763672
91991802,2023,2023-02-10,9550,2023-02-03,1215,019808,NA,5,1,9,1900,0,1,1,NA,2,650,I-605 SOUTHBOUND,ROSE HILLS ROAD,1500,N,N,A,-,Y,LA,NA,605,NA,R,15.858,H,NA,L,N,3,0,1,4,A,-,03,22350,NA,N,C,C,A,A,H,-,A,D,0,NA,NA,NA,NA,Y,NA,A,01,0,1,0,0,0,0,0,0,0,-,-,34.02054977416992,-118.04875183105467,LOS ANGELES,UNINCORPORATED,-118.04875946044922,34.02056121826172
91991829,2022,2023-02-10,9575,2022-11-16,1820,020542,NA,3,2,9,1900,0,2,4,NA,2,023,FAIR OAKS AVENUE (3200 BLOCK),MARATHON ROAD,20,S,N,A,-,N,NA,NA,NA,NA,NA,NA,NA,NA,NA,N,1,1,0,2,A,-,11,21950,B,N,G,B,D,A,H,-,E,D,0,Y,NA,NA,NA,Y,NA,N,60,0,0,0,1,0,0,0,0,0,-,-,34.20058822631836,-118.14459991455078,LOS ANGELES,UNINCORPORATED,-118.1445541381836,34.20060729980469
91991905,2023,2023-02-10,9590,2023-01-28,555,021762,NA,6,3,7,1942,0,1,2,NA,2,071,US-101 S/B (HOLLYWOOD FREEWAY),GLENDALE BOULEVARD,25,N,N,A,-,Y,LA,NA,101,NA,NA,2.518,H,NA,L,N,4,0,1,4,A,-,07,21658,A,F,F,A,A,A,H,-,D,D,0,NA,NA,Y,NA,Y,NA,-,99,0,0,1,0,0,0,0,0,1,-,-,34.06972122192383,-118.26142120361328,LOS ANGELES,LOS ANGELES,-118.2614288330078,34.06969451904297
91991910,2021,2023-02-10,9530,2021-10-22,1740,022674,NA,5,2,9,1900,0,3,5,NA,2,002,WEST WILLOWBROOK AVE. (13200 BLOCK),LUCIEN ST.,260,S,N,A,-,N,NA,NA,NA,NA,NA,NA,NA,NA,NA,Y,3,0,1,3,A,-,08,22107,NA,N,B,E,A,A,H,-,C,D,0,NA,NA,NA,NA,Y,NA,A,01,0,1,0,0,0,0,0,0,0,-,-,33.91297912597656,-118.2300033569336,LOS ANGELES,UNINCORPORATED,-118.22930908203124,33.91170120239258
91991918,2023,2023-02-10,9575,2023-01-22,2101,023029,NA,7,2,7,1942,0,1,3,NA,2,043,SR-134 E/B (VENTURA FREEWAY),CAHUENGA BOULEVARD,470,E,N,A,-,Y,LA,NA,134,NA,NA,0.961,H,NA,R,N,4,0,2,2,A,-,03,22350,NA,M,C,C,A,A,H,-,D,D,0,NA,NA,NA,NA,Y,NA,D,22,0,0,2,0,0,0,0,0,0,-,-,34.15290832519531,-118.3598175048828,LOS ANGELES,LOS ANGELES,-118.35980987548828,34.15304183959961
91991922,2023,2023-02-10,9575,2023-02-03,1125,023009,NA,5,1,7,1942,0,1,1,NA,2,053,I-5 NORTHBOUND TO BRANFORD STREET,BRANFORD STREET,20,S,N,A,-,Y,NA,NA,NA,NA,NA,NA,NA,NA,NA,N,4,0,1,2,A,-,03,22350,NA,N,C,C,A,A,H,-,A,A,0,NA,NA,NA,NA,Y,NA,J,48,0,0,1,0,0,0,0,0,0,-,-,34.239009857177734,-118.41561126708984,LOS ANGELES,LOS ANGELES,-118.41561126708984,34.239009857177734
91991923,2023,2023-02-10,9590,2023-02-08,1425,023084,NA,3,2,7,1942,0,1,1,NA,2,062,I-10 E/B (SANTA MONICA FREEWAY),NORMANDIE AVENUE,500,E,N,A,-,Y,LA,NA,10,NA,R,13.402,H,NA,R,N,4,0,1,2,A,-,03,22350,NA,N,C,C,A,A,H,-,A,D,0,NA,NA,NA,NA,Y,NA,A,01,0,0,1,0,0,0,0,0,0,-,-,34.036930084228516,-118.29888916015624,LOS ANGELES,LOS ANGELES,-118.29888916015624,34.03695297241211
91991952,2023,2023-02-10,9530,2023-02-01,1025,021089,NA,3,1,9,1900,0,3,5,NA,2,001,77TH PL.,HOOPER AVE.,0,NA,Y,A,-,N,NA,NA,NA,NA,NA,NA,NA,NA,NA,Y,4,0,1,2,A,-,09,21801,A,N,D,C,A,A,H,-,A,D,0,NA,NA,NA,NA,Y,NA,A,01,0,0,1,0,0,0,0,0,0,-,-,33.968711853027344,-118.25200653076172,LOS ANGELES,UNINCORPORATED,-118.25202178955078,33.96890640258789
91991964,2023,2023-02-10,9525,2023-01-25,805,014593,NA,3,1,5,1990,0,1,3,NA,2,611,SR60 WB POMONA FREEWAY,GRAND AVE,375,W,N,A,-,Y,LA,NA,60,NA,R,24.391,H,NA,L,Y,2,0,1,2,A,-,03,22350,NA,N,C,2,A,A,H,-,A,A,0,NA,NA,Y,NA,Y,NA,C,02,1,0,0,0,0,0,0,0,1,-,-,34.009559631347656,-117.8239974975586,LOS ANGELES,DIAMOND BAR,-117.82410430908205,34.009647369384766
91991975,2023,2023-02-10,9525,2023-01-29,1245,023132,NA,7,1,4,1905,0,1,1,NA,2,206,I-210 E/B (FOOTHILL FWY) FROM,CITRUS AVE,112,W,N,B,-,Y,LA,NA,210,NA,R,40.583,H,NA,R,Y,3,0,1,3,A,-,03,22350,NA,N,D,C,A,B,H,-,A,D,0,NA,NA,NA,NA,Y,NA,A,01,0,1,0,0,0,0,0,0,0,-,-,34.12071990966797,-117.89054107666016,LOS ANGELES,AZUSA,-117.89054107666016,34.12080764770508
91992002,2023,2023-02-10,9525,2023-01-31,1000,016450,NA,2,1,6,1975,0,1,S,NA,2,113,I-10 W/B (SAN BERNARDINO FWY),PACIFIC AVE,528,E,N,A,-,Y,NA,NA,NA,NA,NA,NA,NA,NA,NA,N,2,0,1,2,A,-,03,22350,NA,N,C,C,A,A,H,-,A,D,0,NA,NA,NA,NA,Y,NA,A,01,1,0,0,0,0,0,0,0,0,-,-,NA,NA,LOS ANGELES,WEST COVINA,-117.94126892089844,34.07244873046875
91992020,2023,2023-02-10,9525,2023-02-03,1325,021545,NA,5,1,9,1900,0,2,4,NA,2,045,VALLEY BLVD (1300 BLOCK),SAN ANGELO AVE,300,W,N,A,-,N,NA,NA,NA,NA,NA,NA,NA,NA,NA,N,4,0,1,2,A,-,09,21801,A,N,D,C,A,A,H,-,A,D,0,NA,NA,NA,NA,Y,NA,A,08,0,0,1,0,0,0,0,0,0,-,-,34.05244827270508,-118.00118255615234,LOS ANGELES,UNINCORPORATED,-118.00089263916016,34.05229568481445
91992091,2023,2023-02-10,9525,2023-01-21,1505,023085,NA,6,2,9,1900,0,1,3,NA,2,573,SR-57 S/B (ORANGE FWY),BREA CANYON RD,1848,N,N,A,-,Y,LA,NA,57,NA,R,1.25,H,NA,L,Y,3,0,2,3,A,-,03,22350,NA,N,C,C,A,A,H,-,A,D,0,NA,NA,Y,NA,Y,NA,C,02,0,2,0,0,0,0,0,0,2,-,-,33.960350036621094,-117.85613250732422,LOS ANGELES,UNINCORPORATED,-117.85610961914064,33.9603157043457
91992115,2023,2023-02-13,9565,2023-01-31,1720,023177,NA,2,2,9,1900,0,1,1,NA,2,012,I-105 W/B TO I-405 N/B,INGLEWOOD AVE,1950,W,N,A,-,Y,NA,NA,NA,NA,NA,NA,NA,NA,NA,N,4,0,1,2,A,-,03,22350,NA,N,C,C,A,A,C,-,D,D,0,NA,NA,NA,NA,Y,NA,A,07,0,0,1,0,0,0,0,0,0,-,-,33.9328498840332,-118.36753082275392,LOS ANGELES,UNINCORPORATED,-118.36753082275392,33.9328498840332
91992132,2023,2023-02-13,9565,2023-01-31,1052,017713,NA,2,1,7,1942,0,1,1,NA,2,061,I-405 N/B (SAN DIEGO FREEWAY),HOWARD HUGHES PKWY.,300,N,N,A,-,Y,LA,NA,405,NA,NA,24.832,H,NA,R,Y,3,0,2,4,A,-,03,22350,NA,N,C,C,A,A,H,-,A,D,0,NA,NA,NA,NA,Y,NA,A,01,0,1,1,0,0,0,0,0,0,-,-,33.976219177246094,-118.38622283935548,LOS ANGELES,LOS ANGELES,-118.3862075805664,33.97624206542969
91992163,2023,2023-02-13,9565,2023-01-31,1735,023033,NA,2,2,9,1900,0,3,5,NA,2,003,LA BREA AVENUE,SLAUSON AVENUE,280,S,N,A,-,N,NA,NA,NA,NA,NA,NA,NA,NA,NA,Y,3,0,1,2,A,-,08,22103,NA,N,D,C,A,A,H,-,C,D,0,NA,NA,NA,NA,Y,NA,A,07,0,1,0,0,0,0,0,0,0,-,-,33.98762893676758,-118.35845184326172,LOS ANGELES,UNINCORPORATED,-118.35845947265624,33.987796783447266
91992289,2023,2023-02-13,9565,2023-01-31,1745,021759,NA,2,2,7,1942,0,1,1,NA,2,062,I-405 N/B,PALMS BOULEVARD,1109,N,N,A,-,Y,LA,NA,405,NA,NA,28.726,H,NA,R,Y,4,0,1,3,A,-,01,23152,F,F,C,C,A,A,H,-,C,D,0,NA,NA,NA,NA,Y,NA,A,01,0,0,1,0,0,0,0,0,0,-,-,34.021480560302734,-118.42568969726564,LOS ANGELES,LOS ANGELES,-118.42567443847656,34.021488189697266
91992299,2023,2023-02-13,9565,2023-01-31,1746,021759,NA,2,2,7,1942,0,1,1,NA,2,062,I-405 N/B,NATIONAL BOULEVARD,2300,S,N,A,-,Y,LA,NA,405,NA,NA,28.958,H,NA,R,Y,3,0,1,3,A,-,01,23152,F,N,B,C,A,A,H,-,C,D,0,NA,NA,NA,NA,Y,NA,A,01,0,1,0,0,0,0,0,0,0,-,-,34.0242805480957,-118.4279327392578,LOS ANGELES,LOS ANGELES,-118.42789459228516,34.02429962158203
91992301,2022,2023-02-13,9575,2022-11-09,0045,023071,NA,3,3,6,1925,0,1,1,NA,2,062,I-210 E/B (FOOTHILL FREEWAY),NEW YORK AVENUE,100,W,N,B,C,Y,LA,NA,210,NA,R,16.46,H,NA,R,N,4,0,1,2,A,-,03,22350,NA,M,C,C,A,B,H,-,D,D,0,NA,NA,NA,NA,Y,NA,D,22,0,0,1,0,0,0,0,0,0,-,-,34.22576904296875,-118.2534408569336,LOS ANGELES,GLENDALE,-118.25337982177734,34.22583770751953
91992304,2023,2023-02-13,9575,2023-01-23,1745,023071,NA,1,2,7,1942,0,1,1,NA,2,052,I-5 N/B (GOLDEN STATE FREEWAY),GLENOAKS BLVD.,550,S,N,A,-,Y,LA,NA,5,NA,NA,33.174,H,NA,R,N,4,0,1,2,A,-,03,22350,NA,M,C,C,A,A,H,-,C,D,0,NA,NA,NA,NA,Y,NA,A,07,0,0,1,0,0,0,0,0,0,-,-,34.22084045410156,-118.35803985595705,LOS ANGELES,LOS ANGELES,-118.35801696777344,34.22087097167969
91992313,2022,2023-02-13,9575,2022-11-20,1534,022502,NA,7,2,6,1912,0,1,1,NA,2,051,I-5 S/B (GOLDEN STATE FREEWAY),VERDUGO AVENUE,700,S,N,A,-,Y,LA,NA,5,NA,NA,28.799,H,NA,L,Y,3,0,1,1,A,-,03,22350,NA,N,E,I,A,A,H,-,A,D,0,NA,NA,NA,NA,Y,NA,A,01,0,1,0,0,0,0,0,0,0,-,-,34.174888610839844,-118.30684661865234,LOS ANGELES,BURBANK,-118.30696868896484,34.174861907958984
91992345,2023,2023-10-26,9590,2023-01-31,730,022173,NA,2,1,7,1942,0,1,2,NA,2,071,US-101 S/B (SANTA ANA FREEWAY),COMMERICAL STREET,50,N,N,A,-,Y,LA,NA,101,NA,NA,0.525,H,NA,L,N,4,0,1,3,A,-,03,22350,NA,N,C,C,A,A,H,-,A,D,0,NA,NA,NA,NA,Y,NA,A,01,0,0,1,0,0,0,0,0,0,-,-,34.05345916748047,-118.23448944091795,LOS ANGELES,LOS ANGELES,-118.23448181152344,34.053672790527344
91992351,2023,2023-02-13,9590,2023-02-09,730,021835,NA,4,1,7,1942,0,1,1,NA,2,050,I-110 N/B (HAF),SLAUSON AVE,270,S,N,A,-,Y,LA,NA,110,NA,NA,17.935,H,NA,R,N,4,0,3,2,A,-,03,22350,NA,N,C,C,A,A,H,-,A,D,0,NA,NA,NA,NA,Y,NA,D,22,0,0,3,0,0,0,0,0,0,-,-,33.98836135864258,-118.2803192138672,LOS ANGELES,LOS ANGELES,-118.28040313720705,33.98836135864258
91992352,2022,2023-05-29,9525,2022-08-28,0055,022509,NA,7,3,6,1975,0,1,1,NA,2,105,W/B INTERSTATE 10 TO VINCENT AVENUE,VINCENT AVENUE,298,E,N,A,-,Y,NA,NA,NA,NA,NA,NA,NA,NA,NA,Y,1,2,0,1,A,-,03,22350,NA,N,F,8,A,A,H,-,C,D,0,NA,NA,NA,NA,Y,Y,A,01,0,0,0,0,0,0,0,0,0,-,-,34.072879791259766,-117.92549896240234,LOS ANGELES,WEST COVINA,-117.92549896240234,34.072879791259766
91992353,2023,2023-02-13,9590,2023-02-06,645,022252,NA,1,1,7,1942,0,1,1,NA,2,052,I-110 N/B (HARBOR FREEWAY),1ST STREET,150,N,N,A,-,Y,LA,NA,110,NA,NA,23.389,H,NA,R,N,4,0,1,2,A,-,03,22350,NA,M,C,C,A,A,H,-,A,D,0,NA,NA,NA,NA,Y,NA,-,99,0,0,1,0,0,0,0,0,0,-,-,34.058998107910156,-118.2528076171875,LOS ANGELES,LOS ANGELES,-118.25289154052734,34.05906295776367
91992355,2023,2023-02-13,9590,2023-02-09,1845,023151,NA,4,2,7,1942,0,1,1,NA,2,082,I-5 N/B (GOLDEN STATE FREEWAY),MAIN STREET,650,N,N,A,-,Y,LA,NA,5,NA,NA,19.338,H,NA,R,N,4,0,1,2,A,-,03,22350,NA,N,C,C,A,A,H,-,B,D,0,NA,NA,NA,NA,Y,NA,A,07,0,0,1,0,0,0,0,0,0,-,-,34.067928314208984,-118.2165298461914,LOS ANGELES,LOS ANGELES,-118.21642303466795,34.067955017089844
91992365,2023,2023-02-13,9590,2023-02-05,1800,022431,NA,7,2,7,1942,0,1,3,NA,2,031,SR-60 W/B (POMONA FREEWAY),WHITTIER BOULEVARD,100,W,N,A,-,Y,LA,NA,60,NA,R,1.237,H,NA,L,N,4,0,2,2,A,-,03,22350,NA,F,C,C,A,A,H,-,C,D,0,NA,NA,NA,NA,Y,NA,-,99,0,0,2,0,0,0,0,0,0,-,-,34.02888107299805,-118.20407104492188,LOS ANGELES,LOS ANGELES,-118.20407104492188,34.02887725830078
91992371,2023,2023-02-13,9525,2023-02-06,1420,021779,NA,1,2,1,1934,0,1,1,NA,2,204,I-210 E/B (FOOTHILL FWY),IRWINDALE AVE.,1056,E,N,A,-,Y,LA,NA,210,NA,R,38.557,H,NA,R,N,4,0,1,2,A,-,03,22350,NA,N,C,C,A,A,H,-,A,D,0,NA,NA,NA,NA,Y,NA,A,01,0,0,1,0,0,0,0,0,0,-,-,34.128658294677734,-117.92221832275392,LOS ANGELES,IRWINDALE,-117.92221069335938,34.1286735534668
91992376,2023,2023-02-13,9525,2023-02-05,1815,023049,NA,7,2,9,1900,0,3,5,NA,2,003,VALINDA AVE.,AMAR RD.,0,NA,Y,A,-,N,NA,NA,NA,NA,NA,NA,NA,NA,NA,Y,4,0,4,2,D,-,00,NA,NA,N,D,C,A,A,H,-,C,A,0,NA,NA,NA,NA,Y,NA,-,-,0,0,4,0,0,0,0,0,0,-,-,34.03567123413086,-117.92632293701172,LOS ANGELES,UNINCORPORATED,-117.92633819580078,34.03569412231445
91992379,2023,2023-02-13,9525,2023-02-06,25,022546,NA,1,3,6,1955,0,1,3,NA,2,071,SR-71 S/B (CHINO VALLEY FWY),RIO RANCHO RD,700,N,N,A,-,Y,LA,NA,71,NA,NA,3.466,H,NA,L,Y,4,0,1,1,A,-,08,22107,NA,N,F,A,A,A,H,-,D,D,0,NA,NA,NA,NA,Y,NA,A,01,0,0,1,0,0,0,0,0,0,-,-,34.03335189819336,-117.76016235351564,LOS ANGELES,POMONA,-117.75992584228516,34.03351974487305
91992386,2023,2023-02-13,9590,2023-02-01,1910,023083,NA,3,2,7,1942,0,1,1,NA,2,063,I-10 W/B (SANTA MONICA FREEWAY),TOBERMAN ST,680,E,N,A,-,Y,LA,NA,10,NA,NA,14.69,H,NA,L,N,3,0,1,1,A,-,08,22107,NA,N,E,I,A,A,H,-,C,D,0,NA,NA,Y,NA,Y,NA,C,02,0,1,0,0,0,0,0,0,1,-,-,34.038429260253906,-118.27655029296876,LOS ANGELES,LOS ANGELES,-118.27654266357422,34.038368225097656
91992391,2023,2023-02-13,9525,2023-02-07,420,019707,NA,2,3,5,1990,0,1,3,NA,2,603,SR-60 W/B (POMONA FWY),DIAMOND BAR BLVD,300,W,N,A,-,Y,LA,NA,60,NA,R,25.445,H,NA,L,Y,4,0,1,1,C,-,18,NA,NA,N,E,J,A,A,C,-,C,D,0,NA,NA,NA,NA,Y,NA,-,-,0,0,1,0,0,0,0,0,0,-,-,34.02212142944336,-117.81336212158205,LOS ANGELES,DIAMOND BAR,-117.81333160400392,34.02210235595703
91992392,2023,2023-02-13,9525,2023-02-07,952,016677,NA,2,1,5,1906,0,1,1,NA,2,103,I-10 WB (SAN BERNARDINO FREEWAY),ATHOL ST,250,E,N,A,-,Y,LA,NA,10,NA,NA,31.585,H,NA,L,Y,4,0,1,3,A,-,03,22350,NA,N,B,C,A,A,H,-,A,D,0,NA,NA,NA,NA,Y,NA,A,07,0,0,1,0,0,0,0,0,0,-,-,34.06629943847656,-117.99266052246094,LOS ANGELES,BALDWIN PARK,-117.99263763427734,34.06617736816406
91992399,2023,2023-02-13,9590,2023-02-04,2325,022750,NA,6,3,7,1942,0,1,1,NA,2,062,I-10 E/B (SANTA MONICA FREEWAY),VERMONT AVENUE,100,E,N,A,-,Y,LA,NA,10,NA,R,13.844,H,NA,R,N,4,0,2,2,A,-,03,22350,NA,N,C,C,A,A,H,-,C,D,0,NA,NA,NA,NA,Y,NA,A,01,0,0,2,0,0,0,0,0,0,-,-,34.03683853149414,-118.29116058349608,LOS ANGELES,LOS ANGELES,-118.29116058349608,34.036834716796875
91992404,2023,2023-02-13,9590,2023-02-11,1515,022417,NA,6,2,7,1942,0,1,2,NA,2,073,US-101 S/B (HOLLYWOOD FREEWAY),HOLLYWOOD BLVD,200,S,N,A,-,Y,LA,NA,101,NA,NA,6.446,H,NA,L,N,4,0,1,2,A,-,03,22350,NA,N,C,C,A,A,H,-,A,D,0,NA,NA,NA,NA,Y,NA,A,01,0,0,1,0,0,0,0,0,0,-,-,34.100730895996094,-118.31617736816406,LOS ANGELES,LOS ANGELES,-118.316162109375,34.100738525390625
91992413,2023,2023-02-13,9525,2023-02-03,2355,022546,NA,5,3,5,1990,0,1,3,NA,2,602,SR-60 E/B (POMONA FWY),BREA CANYON RD,800,W,N,A,-,Y,LA,NA,60,NA,R,22.841,H,NA,R,Y,4,0,1,2,A,-,07,21658,A,N,B,2,A,A,H,-,C,D,0,NA,NA,NA,NA,Y,NA,A,01,0,0,1,0,0,0,0,0,0,-,-,33.9999885559082,-117.84725952148438,LOS ANGELES,DIAMOND BAR,-117.84725952148438,33.9999885559082
91992650,2023,2023-02-13,9550,2023-02-07,430,022778,NA,2,3,7,1941,0,1,3,NA,2,090,STATE ROUTE 91 WESTBOUND,CHERRY AVENUE,100,W,N,A,-,Y,LA,NA,91,NA,R,13.082,H,NA,L,Y,4,0,2,1,A,-,08,22107,NA,N,E,I,A,A,H,-,C,D,0,NA,NA,NA,NA,Y,NA,D,22,0,0,2,0,0,0,0,0,0,-,-,33.876338958740234,-118.1692123413086,LOS ANGELES,LONG BEACH,-118.1692352294922,33.87623977661133
91992653,2023,2023-02-13,9580,2023-02-05,1630,023181,NA,7,2,7,1942,0,1,1,NA,2,404,I-405 N/B (SAN DIEGO FWY),VENTURA BLVD,3323,S,N,A,-,Y,LA,NA,405,NA,NA,38.131,H,NA,R,Y,3,0,2,2,A,-,08,22107,NA,N,D,C,A,A,H,-,A,D,0,NA,NA,NA,NA,Y,NA,A,07,0,1,1,0,0,0,0,0,0,-,-,34.14181900024414,-118.47125244140624,LOS ANGELES,LOS ANGELES,-118.47126770019533,34.14181900024414
91992654,2023,2024-01-30,9590,2023-01-18,1650,022710,NA,3,2,7,1942,0,1,2,NA,2,070,US-101 N/B (SANTA ANA FREEWAY),GRAND AVE.,375,S,N,A,-,Y,LA,NA,101,NA,NA,1.24,H,NA,R,N,4,0,1,2,A,-,03,22350,NA,F,C,C,A,A,H,-,A,D,0,NA,NA,NA,NA,Y,NA,-,99,0,0,1,0,0,0,0,0,0,-,-,34.05841827392578,-118.24447631835938,LOS ANGELES,LOS ANGELES,-118.24447631835938,34.05842208862305
91992655,2023,2023-02-13,9580,2023-02-01,2135,022275,NA,3,2,7,1942,0,1,2,NA,2,103,US-101 S/B (VENTURA FREEWAY),TAMPA AVE,700,S,N,A,-,Y,LA,NA,101,NA,NA,22.128,H,NA,L,Y,4,0,1,2,A,-,03,22350,NA,N,C,C,A,A,H,-,C,D,0,NA,NA,NA,NA,Y,NA,A,01,0,0,1,0,0,0,0,0,0,-,-,34.17338180541992,-118.55108642578124,LOS ANGELES,LOS ANGELES,-118.55108642578124,34.17342758178711
91992670,2023,2023-02-13,9545,2023-02-06,1310,022679,NA,1,1,9,1900,0,3,5,NA,2,001,AVENUE J,110TH STREET WEST,0,NA,Y,A,-,N,NA,NA,NA,NA,NA,NA,NA,NA,NA,Y,3,0,2,2,A,-,03,22350,NA,N,D,C,A,A,H,-,A,A,0,NA,NA,NA,NA,Y,NA,A,07,0,1,1,0,0,0,0,0,0,-,-,34.689239501953125,-118.32428741455078,LOS ANGELES,UNINCORPORATED,-118.32424926757813,34.6892204284668
91992680,2023,2023-02-13,9540,2023-02-09,810,022385,NA,4,1,7,1942,0,1,1,NA,2,213,I-210 E/B (FOOTHILL FREEWAY),HUBBARD ST.,43,E,N,A,-,Y,LA,NA,210,NA,R,4.144,H,NA,R,N,4,0,1,2,A,-,03,22350,NA,N,C,C,A,A,H,-,A,D,0,NA,NA,NA,NA,Y,NA,A,01,0,0,1,0,0,0,0,0,0,-,-,34.30781173706055,-118.42906951904295,LOS ANGELES,LOS ANGELES,-118.42905426025392,34.307823181152344
91992682,2022,2023-02-13,9590,2022-12-31,0720,023035,NA,6,1,7,1942,0,1,1,NA,2,020,SR-110 N/B (ASP) TO AVE 43,AVENUE 43,200,S,N,C,-,Y,LA,NA,110,NA,NA,27.075,H,NA,R,N,4,0,2,1,A,-,01,23153,A,N,E,I,A,B,H,-,B,D,0,NA,NA,NA,NA,Y,Y,A,01,0,0,2,0,0,0,0,0,0,-,-,34.09260940551758,-118.2061004638672,LOS ANGELES,LOS ANGELES,-118.20623779296876,34.092613220214844
91992697,2023,2023-04-14,9530,2023-01-30,410,022380,NA,1,3,9,1900,0,1,3,NA,2,310,SR-91 W/B TO I-110 S/B,FIGUEROA ST.,1056,W,N,A,-,Y,NA,NA,NA,NA,NA,NA,NA,NA,NA,Y,4,0,2,3,A,-,03,22350,NA,N,E,C,A,B,H,-,C,D,0,NA,NA,NA,NA,Y,NA,A,01,0,0,2,0,0,0,0,0,0,-,-,33.869930267333984,-118.28575897216795,LOS ANGELES,UNINCORPORATED,-118.2853546142578,33.872840881347656
91992699,2023,2023-02-13,9530,2023-01-31,725,022951,NA,2,1,9,1900,0,3,5,NA,2,006,VERMONT AVE.,245TH ST.,0,NA,Y,A,-,N,NA,NA,NA,NA,NA,NA,NA,NA,NA,Y,4,0,1,2,A,-,12,21453,A,N,D,C,A,A,H,-,A,A,0,NA,NA,NA,NA,Y,NA,A,01,0,0,1,0,0,0,0,0,0,-,-,33.802490234375,-118.29048919677734,LOS ANGELES,UNINCORPORATED,-118.29045867919922,33.80252456665039
91992702,2023,2023-02-13,9590,2023-01-26,2200,022966,NA,4,3,7,1942,0,1,1,NA,2,052,I-110 N/B (HARBOR FREEWAY),11TH STREET,245,N,N,A,-,Y,LA,NA,110,NA,NA,21.942,H,NA,R,N,4,0,1,2,A,-,01,23152,A,N,C,C,A,A,H,-,D,D,0,NA,NA,NA,NA,Y,Y,A,01,0,0,1,0,0,0,0,0,0,-,-,34.0447998046875,-118.27114868164064,LOS ANGELES,LOS ANGELES,-118.27116394042967,34.04480743408203
91992706,2023,2023-02-13,9565,2023-02-01,1040,022902,NA,3,1,9,1900,0,2,4,NA,2,022,NORMANDIE AVE,124TH ST,0,NA,Y,A,-,N,NA,NA,NA,NA,NA,NA,NA,NA,NA,N,4,0,2,2,A,-,09,21802,A,N,D,C,A,A,H,-,A,A,0,NA,NA,NA,NA,Y,NA,D,22,0,0,2,0,0,0,0,0,0,-,-,33.920188903808594,-118.3003387451172,LOS ANGELES,UNINCORPORATED,-118.30039978027344,33.92020797729492