CASE_ID,ACCIDENT_YEAR,PROC_DATE,JURIS,COLLISION_DATE,COLLISION_TIME,OFFICER_ID,REPORTING_DISTRICT,DAY_OF_WEEK,CHP_SHIFT,POPULATION,CNTY_CITY_LOC,SPECIAL_COND,BEAT_TYPE,CHP_BEAT_TYPE,CITY_DIVISION_LAPD,CHP_BEAT_CLASS,BEAT_NUMBER,PRIMARY_RD,SECONDARY_RD,DISTANCE,DIRECTION,INTERSECTION,WEATHER_1,WEATHER_2,STATE_HWY_IND,CALTRANS_COUNTY,CALTRANS_DISTRICT,STATE_ROUTE,ROUTE_SUFFIX,POSTMILE_PREFIX,POSTMILE,LOCATION_TYPE,RAMP_INTERSECTION,SIDE_OF_HWY,TOW_AWAY,COLLISION_SEVERITY,NUMBER_KILLED,NUMBER_INJURED,PARTY_COUNT,PRIMARY_COLL_FACTOR,PCF_CODE_OF_VIOL,PCF_VIOL_CATEGORY,PCF_VIOLATION,PCF_VIOL_SUBSECTION,HIT_AND_RUN,TYPE_OF_COLLISION,MVIW,PED_ACTION,ROAD_SURFACE,ROAD_COND_1,ROAD_COND_2,LIGHTING,CONTROL_DEVICE,CHP_ROAD_TYPE,PEDESTRIAN_ACCIDENT,BICYCLE_ACCIDENT,MOTORCYCLE_ACCIDENT,TRUCK_ACCIDENT,NOT_PRIVATE_PROPERTY,ALCOHOL_INVOLVED,STWD_VEHTYPE_AT_FAULT,CHP_VEHTYPE_AT_FAULT,COUNT_SEVERE_INJ,COUNT_VISIBLE_INJ,COUNT_COMPLAINT_PAIN,COUNT_PED_KILLED,COUNT_PED_INJURED,COUNT_BICYCLIST_KILLED,COUNT_BICYCLIST_INJURED,COUNT_MC_KILLED,COUNT_MC_INJURED,PRIMARY_RAMP,SECONDARY_RAMP,LATITUDE,LONGITUDE,COUNTY,CITY,POINT_X,POINT_Y
92000395,2023,2023-02-22,9530,2023-02-15,905,020816,NA,3,1,9,1900,0,3,5,NA,2,002,120TH ST. (1600 BLOCK),COMPTON AVE.,465,E,N,A,-,N,NA,NA,NA,NA,NA,NA,NA,NA,NA,N,4,0,2,2,D,-,00,NA,NA,N,B,C,A,A,H,-,A,D,0,NA,NA,NA,NA,Y,NA,-,-,0,0,2,0,0,0,0,0,0,-,-,33.924251556396484,-118.24472808837892,LOS ANGELES,UNINCORPORATED,-118.24486541748048,33.924129486083984
92000402,2023,2023-02-22,9535,2023-02-12,2008,022243,NA,7,2,5,1943,0,1,1,NA,2,105,I-105 W/B (CENTURY FREEWAY),I-710 S/B (LONG BEACH FREEWAY),1100,W,N,A,-,Y,LA,NA,105,NA,R,13.233,H,NA,L,N,4,0,1,2,A,-,03,22350,NA,F,C,C,A,A,H,-,D,D,0,NA,NA,NA,NA,Y,NA,-,99,0,0,1,0,0,0,0,0,0,-,-,33.91419982910156,-118.18370056152344,LOS ANGELES,LYNWOOD,-118.18367004394533,33.91425323486328
92000410,2023,2023-02-22,9580,2023-02-22,810,017961,NA,3,1,7,1942,0,1,3,NA,2,117,SR-118 W/B (RONALD REAGAN FWY.),HASKELL AVE,300,W,N,A,-,Y,LA,NA,118,NA,R,9.512,H,NA,L,N,3,0,1,3,A,-,03,22350,NA,N,C,C,A,A,H,-,A,D,0,NA,NA,NA,NA,Y,NA,A,01,0,1,0,0,0,0,0,0,0,-,-,34.266109466552734,-118.47731018066406,LOS ANGELES,LOS ANGELES,-118.47731018066406,34.26612854003906
92000418,2023,2023-02-22,9580,2023-02-11,1550,022591,NA,6,2,7,1942,0,1,2,NA,2,103,US-101 N/B (VENTURA FREEWAY),I-405 N/B (SAN DIEGO FWY),100,N,N,A,-,Y,LA,NA,101,NA,NA,17.207,H,NA,R,N,4,0,1,2,A,-,08,22107,NA,M,C,C,A,A,H,-,A,D,0,NA,NA,NA,NA,Y,NA,-,99,0,0,1,0,0,0,0,0,0,-,-,34.16143035888672,-118.47013092041016,LOS ANGELES,LOS ANGELES,-118.47012329101564,34.16143798828125
92000444,2023,2023-02-22,9575,2023-02-16,1820,020542,NA,4,2,9,1900,0,1,3,NA,2,081,ROSEMEAD BLVD. (00 BLOCK),GREEN ST.,20,N,N,B,-,N,NA,NA,NA,NA,NA,NA,NA,NA,NA,Y,4,0,1,4,A,-,03,22350,NA,N,C,C,A,A,H,-,C,A,0,NA,NA,NA,NA,Y,NA,A,01,0,0,1,0,0,0,0,0,0,-,-,34.1456184387207,-118.07331085205078,LOS ANGELES,UNINCORPORATED,-118.07331848144533,34.145484924316406
92000455,2023,2023-02-22,9580,2023-02-14,1230,019097,NA,2,1,7,1942,0,1,2,NA,2,104,US-101 N/B (VENTURA FWY) TO SR-27 (TOPANGA CYN BLV,SR-27 (TOPANGA CANYON BLVD),242,S,N,A,-,Y,LA,NA,101,NA,NA,25.288,H,NA,R,Y,4,0,4,3,A,-,03,22350,NA,N,C,C,A,A,H,-,A,D,0,NA,NA,NA,NA,Y,NA,A,07,0,0,4,0,0,0,0,0,0,-,-,34.1709098815918,-118.6047592163086,LOS ANGELES,LOS ANGELES,-118.60480499267578,34.170677185058594
92000459,2023,2023-02-22,9525,2023-02-21,1545,021542,NA,2,2,6,1955,0,1,1,NA,2,118,I-10 E/B (SAN BERNARDINO FWY),SR-57 N/B (ORANGE FWY),150,E,N,A,-,Y,LA,NA,10,NA,NA,43.064,H,NA,R,N,4,0,1,2,A,-,03,22350,NA,N,C,C,A,A,H,-,A,D,0,NA,NA,NA,NA,Y,NA,A,01,0,0,1,0,0,0,0,0,0,-,-,34.06953811645508,-117.79689025878906,LOS ANGELES,POMONA,-117.79686737060548,34.06949996948242
92000462,2023,2023-02-22,9525,2023-02-17,1925,022645,NA,5,2,6,1955,0,1,3,NA,2,071,SR-71 S/B (CHINO VALLEY FWY),VALLEY BLVD,1478,N,N,A,-,Y,LA,NA,71,NA,R,1.11,H,NA,L,N,4,0,1,3,A,-,03,22350,NA,M,C,C,A,A,H,-,C,D,0,NA,NA,NA,NA,Y,NA,-,99,0,0,1,0,0,0,0,0,0,-,-,34.06401824951172,-117.79517364501952,LOS ANGELES,POMONA,-117.79511260986328,34.06413269042969
92000465,2023,2023-02-22,9565,2023-02-10,1807,023014,NA,5,2,7,1942,0,1,1,NA,2,083,I-10 E/B,MANNING AVE,600,W,N,A,-,Y,LA,NA,10,NA,R,6.969,H,NA,R,Y,4,0,1,2,A,-,03,22350,NA,N,C,C,A,A,H,-,D,D,0,NA,NA,NA,NA,Y,NA,A,01,0,0,1,0,0,0,0,0,0,-,-,34.03001022338867,-118.40757751464844,LOS ANGELES,LOS ANGELES,-118.40758514404295,34.02995300292969
92000468,2023,2023-02-23,9525,2023-02-19,845,019966,NA,7,1,9,1900,0,2,4,NA,2,045,VALLEY BLVD,TEMPLE AVE.,0,NA,Y,B,-,N,NA,NA,NA,NA,NA,NA,NA,NA,NA,Y,4,0,1,2,A,-,12,21453,A,N,D,2,A,A,H,-,A,A,0,NA,NA,NA,NA,Y,NA,A,07,0,0,1,0,0,0,0,0,0,-,-,34.053218841552734,-118.00218963623048,LOS ANGELES,UNINCORPORATED,-117.81234741210938,34.048423767089844
92000469,2023,2023-02-23,9565,2023-02-10,1000,022923,NA,5,1,9,1900,0,2,4,NA,2,023,WESTERN AVENUE,108TH STREET,0,NA,Y,A,-,N,NA,NA,NA,NA,NA,NA,NA,NA,NA,N,4,0,2,2,A,-,12,21453,A,N,D,C,A,A,H,-,A,A,0,NA,NA,NA,NA,Y,NA,-,-,0,0,2,0,0,0,0,0,0,-,-,33.938270568847656,-118.30901336669922,LOS ANGELES,UNINCORPORATED,-118.30902862548828,33.938209533691406
92000482,2023,2023-02-23,9565,2023-02-10,500,022902,NA,5,3,7,1942,0,1,1,NA,2,061,I-405 S/B (SAN DIEGO FREEWAY),WASHINGTON PL,300,N,N,A,-,Y,LA,NA,405,NA,NA,27.686,H,NA,L,Y,4,0,1,3,A,-,03,22350,NA,M,C,C,A,A,H,-,C,D,0,NA,NA,NA,NA,Y,NA,A,01,0,0,1,0,0,0,0,0,0,-,-,34.008758544921875,-118.41593933105467,LOS ANGELES,LOS ANGELES,-118.41587829589844,34.008792877197266
92000489,2023,2023-02-23,9525,2023-02-21,900,017506,NA,2,1,4,1913,0,1,1,NA,2,209,SR-210 W/B (FOOTHILL FWY),BASELINE AVE.,800,E,N,A,-,Y,LA,NA,210,NA,R,52.143,H,NA,L,Y,4,0,1,2,A,-,03,22350,NA,N,C,C,A,A,H,-,A,D,0,NA,NA,NA,NA,Y,NA,A,01,0,0,1,0,0,0,0,0,0,-,-,34.12456130981445,-117.69248199462892,LOS ANGELES,CLAREMONT,-117.69245147705078,34.12453079223633
92000495,2023,2023-02-23,9565,2023-02-09,1845,022692,NA,4,2,4,1918,0,1,1,NA,2,061,I-405 S/B (SAN DIEGO FWY.),WASHINGTON BOULEVARD,235,N,N,A,-,Y,LA,NA,405,NA,NA,27.507,H,NA,L,N,4,0,1,2,A,-,01,23152,A,F,B,2,A,A,H,-,C,D,0,NA,NA,NA,NA,Y,Y,A,01,0,0,1,0,0,0,0,0,0,-,-,34.00651931762695,-118.414306640625,LOS ANGELES,CULVER CITY,-118.41415405273438,34.0066032409668
92000953,2023,2023-02-23,9590,2023-02-13,220,022384,NA,1,3,7,1942,0,1,1,NA,2,082,I-5 N/B (GOLDEN STATE FREEWAY),SR-2 E/B (GLENDALE FREEWAY),150,S,N,A,-,Y,LA,NA,5,NA,NA,22.507,H,NA,R,N,3,0,2,2,A,-,03,22350,NA,F,C,C,A,A,H,-,C,D,0,NA,NA,NA,NA,Y,Y,-,99,0,1,1,0,0,0,0,0,0,-,-,34.102210998535156,-118.24939727783205,LOS ANGELES,LOS ANGELES,-118.24945068359376,34.1021728515625
92000959,2023,2023-02-23,9590,2023-02-13,221,022384,NA,1,3,7,1942,0,1,1,NA,2,082,I-5 N/B (GOLDEN STATE FREEWAY),SR-2 W/B (GLENDALE FREEWAY),15,S,N,A,-,Y,LA,NA,5,NA,NA,22.547,H,NA,R,N,3,0,2,3,A,-,03,22350,NA,N,A,2,E,A,H,-,C,D,0,Y,NA,NA,NA,Y,NA,A,01,0,1,1,0,1,0,0,0,0,-,-,34.1025390625,-118.24999237060548,LOS ANGELES,LOS ANGELES,-118.24990844726564,34.102603912353516
92000961,2023,2023-03-08,9580,2023-02-13,1845,021966,NA,1,2,7,1942,0,1,1,NA,2,404,I-405 N/B (SAN DIEGO FWY),SEPULVEDA BLVD,2300,S,N,B,-,Y,LA,NA,405,NA,NA,38.16,H,NA,R,N,4,0,3,3,A,-,03,22350,NA,M,C,C,A,A,H,-,D,D,0,NA,NA,NA,NA,Y,NA,A,01,0,0,3,0,0,0,0,0,0,-,-,34.142250061035156,-118.4712371826172,LOS ANGELES,LOS ANGELES,-118.47127532958984,34.142250061035156
92000966,2023,2023-02-23,9575,2023-01-31,1838,020711,NA,2,2,6,1925,0,1,1,NA,2,050,I-5 S/B (GOLDEN STATE FREEWAY),SONORA AVE,300,S,N,A,-,Y,LA,NA,5,NA,NA,27.481,H,NA,L,N,4,0,1,2,A,-,07,21658,A,M,B,C,A,A,H,-,D,D,0,NA,NA,NA,NA,Y,NA,D,22,0,0,1,0,0,0,0,0,0,-,-,34.16033172607422,-118.2929229736328,LOS ANGELES,GLENDALE,-118.29285430908205,34.16035461425781
92000970,2023,2023-02-23,9575,2023-02-10,1602,023029,NA,5,2,9,1900,0,1,3,NA,2,300,SR-2 (ANGELES CREST HIGHWAY),MILE POST MARKER 29.70,58,E,N,A,-,Y,LA,NA,2,NA,NA,29.698,H,NA,R,N,2,0,1,1,A,-,08,22107,NA,N,E,8,A,A,H,-,A,D,0,NA,NA,Y,NA,Y,NA,C,02,1,0,0,0,0,0,0,0,1,-,-,34.253990173339844,-118.19837951660156,LOS ANGELES,UNINCORPORATED,-118.1983642578125,34.2540397644043
92000977,2023,2023-02-23,9530,2023-02-08,1555,022852,NA,3,2,9,1900,0,3,5,NA,2,001,70TH ST,COMPTON AVE.,5,E,N,A,-,N,NA,NA,NA,NA,NA,NA,NA,NA,NA,N,4,0,1,2,A,-,09,21804,A,N,B,G,A,A,H,-,A,A,0,NA,Y,NA,Y,Y,NA,L,04,0,0,1,0,0,0,1,0,0,-,-,33.97642135620117,-118.2475814819336,LOS ANGELES,UNINCORPORATED,-118.24767303466795,33.97639083862305
92000984,2023,2023-02-23,9540,2023-02-16,1635,021179,NA,4,2,9,1900,0,2,4,NA,2,010,THE OLD ROAD,STEVENSON RANCH PARKWAY,0,NA,Y,A,-,N,NA,NA,NA,NA,NA,NA,NA,NA,NA,N,3,0,2,2,A,-,12,21453,A,N,D,C,A,A,H,-,A,A,0,NA,NA,NA,NA,Y,NA,A,01,0,1,1,0,0,0,0,0,0,-,-,34.39345932006836,-118.57463073730467,LOS ANGELES,UNINCORPORATED,-118.57459259033205,34.393463134765625
92000995,2023,2023-02-23,9575,2023-02-13,1540,020711,NA,1,2,6,1912,0,1,1,NA,2,051,I-5 S/B (GOLDEN STATE FREEWAY),FLOWER ST,100,N,N,A,-,Y,LA,NA,5,NA,NA,28.77,H,NA,L,Y,4,0,2,2,A,-,08,22107,NA,N,B,C,A,A,H,-,A,D,0,NA,NA,NA,NA,Y,NA,I,10,0,0,2,0,0,0,0,0,0,-,-,34.174468994140625,-118.3067626953125,LOS ANGELES,BURBANK,-118.3068389892578,34.17445373535156
92001003,2023,2023-02-23,9590,2023-02-13,2120,022417,NA,1,2,7,1942,0,1,2,NA,2,071,US-101 S/B (HOLLYWOOD FREEWAY),GLENDALE BLVD,200,S,N,A,-,Y,LA,NA,101,NA,NA,2.409,H,NA,L,N,4,0,1,2,A,-,08,22107,NA,N,B,C,A,A,H,-,C,D,0,NA,NA,NA,NA,Y,NA,A,01,0,0,1,0,0,0,0,0,0,-,-,34.06911849975586,-118.25966644287108,LOS ANGELES,LOS ANGELES,-118.25968933105467,34.0690803527832
92001035,2023,2023-02-23,9525,2023-02-19,440,022509,NA,7,3,6,1955,0,1,1,NA,2,110,I-10 E/B (SAN BERNARDINO FWY),INDIAN HILL BLVD,2640,W,N,A,-,Y,LA,NA,10,NA,NA,47.009,H,NA,R,N,4,0,1,2,A,-,03,22350,NA,M,C,C,A,A,H,-,C,D,0,NA,NA,NA,NA,Y,NA,-,99,0,0,1,0,0,0,0,0,0,-,-,34.081539154052734,-117.73210906982422,LOS ANGELES,POMONA,-117.73209381103516,34.08144760131836
92001094,2023,2023-02-23,9545,2023-02-16,1550,021814,NA,4,2,9,1900,0,1,3,NA,1,012,SR-138,90TH STREET WEST,0,NA,Y,A,-,Y,LA,NA,138,NA,NA,30.075,H,NA,R,Y,4,0,1,2,A,-,09,21802,A,N,D,C,A,A,H,-,A,A,0,NA,NA,NA,Y,Y,NA,A,01,0,0,1,0,0,0,0,0,0,-,-,34.77640914916992,-118.29020690917967,LOS ANGELES,UNINCORPORATED,-118.29020690917967,34.776432037353516
92001108,2023,2023-02-23,9530,2023-02-14,540,021089,NA,2,3,9,1900,0,3,5,NA,2,006,CARSON ST. (900 BLOCK),VERMONT AVE.,100,W,N,A,-,N,NA,NA,NA,NA,NA,NA,NA,NA,NA,N,4,0,1,2,A,-,21,22106,NA,N,H,C,A,A,H,-,C,D,0,NA,NA,NA,Y,Y,NA,G,25,0,0,1,0,0,0,0,0,0,-,-,33.83158874511719,-118.29158782958984,LOS ANGELES,UNINCORPORATED,-118.29061126708984,33.83159637451172
92001120,2022,2023-02-23,9530,2022-12-25,2020,022995,NA,7,2,7,1941,0,1,1,NA,2,071,I-710 N/B (LONG BEACH FREEWAY),ATLANTIC AVE.,710,S,N,A,-,Y,LA,NA,710,NA,NA,13.517,H,NA,R,N,3,0,1,1,A,-,03,22350,NA,N,F,A,A,A,H,-,C,D,0,NA,NA,Y,NA,Y,NA,C,02,0,1,0,0,0,0,0,0,1,-,-,33.8831787109375,-118.19104766845705,LOS ANGELES,LONG BEACH,-118.19113159179688,33.88319396972656
92001121,2023,2023-02-23,9535,2023-02-10,2337,022343,NA,5,3,5,1959,0,1,1,NA,2,401,I-10 (SAN BERNARDINO FREEWAY) W/B,TEMPLE CITY BLVD,1930,W,N,A,-,Y,LA,NA,10,NA,NA,27.32,H,NA,L,Y,4,0,2,7,A,-,04,21703,NA,N,C,C,A,A,H,-,C,D,0,NA,NA,NA,NA,Y,NA,A,01,0,0,2,0,0,0,0,0,0,-,-,34.072479248046875,-118.06497955322266,LOS ANGELES,ROSEMEAD,-118.06497955322266,34.0724983215332
92001122,2023,2023-02-23,9575,2023-02-13,1420,023029,NA,1,2,6,1925,0,1,3,NA,2,090,SR-2 W/B (GLENDALE FREEWAY),COLORADO BOULEVARD,81,E,N,A,-,Y,LA,NA,2,NA,R,18.557,H,NA,L,Y,3,0,2,2,A,-,08,22107,NA,N,B,C,A,A,H,-,A,D,0,NA,NA,NA,NA,Y,NA,A,07,0,1,1,0,0,0,0,0,0,-,-,34.143089294433594,-118.22747039794922,LOS ANGELES,GLENDALE,-118.2274932861328,34.14309310913086
92001132,2023,2023-02-23,9580,2023-02-14,1322,021966,NA,2,1,7,1942,0,1,2,NA,2,102,US-101 N/B (VENTURA FREEWAY),BALBOA BLVD,1060,E,N,A,-,Y,LA,NA,101,NA,NA,19.019,H,NA,R,N,4,0,1,3,A,-,03,22350,NA,N,C,C,A,A,H,-,A,D,0,NA,NA,NA,NA,Y,NA,A,01,0,0,1,0,0,0,0,0,0,-,-,34.168819427490234,-118.49815368652344,LOS ANGELES,LOS ANGELES,-118.49813079833984,34.16883850097656
92001142,2023,2023-02-23,9580,2023-02-14,1510,021966,NA,2,2,7,1942,0,1,1,NA,2,404,I-405 N/B (SAN DIEGO FWY),VANOWEN ST,50,N,N,B,-,Y,LA,NA,405,NA,NA,41.895,H,NA,R,N,4,0,1,2,A,-,03,22350,NA,N,C,C,A,A,H,-,A,D,0,NA,NA,NA,NA,Y,NA,D,22,0,0,1,0,0,0,0,0,0,-,-,34.194190979003906,-118.47422027587892,LOS ANGELES,LOS ANGELES,-118.47418975830078,34.194190979003906
92001146,2022,2023-02-23,9530,2022-10-18,2030,022951,NA,2,2,9,1900,0,3,5,NA,2,001,LAUREL ST. (9400 BLOCK),95TH STREET,143,N,N,A,-,N,NA,NA,NA,NA,NA,NA,NA,NA,NA,N,4,0,1,2,A,-,08,22107,NA,N,C,E,A,A,H,-,C,D,0,NA,NA,Y,NA,Y,NA,C,02,0,0,1,0,0,0,0,0,1,-,-,33.95098114013672,-118.23056793212892,LOS ANGELES,UNINCORPORATED,-118.23063659667967,33.950931549072266
92001155,2023,2023-02-23,9580,2023-02-19,840,023142,NA,7,1,7,1942,0,1,2,NA,2,103,US-101 S/B (VENTURA FREEWAY),HAYVENHURST AVE,275,S,N,A,-,Y,LA,NA,101,NA,NA,18.558,H,NA,L,N,4,0,3,3,A,-,07,21658,A,M,B,C,A,A,H,-,A,D,0,NA,NA,NA,NA,Y,NA,-,99,0,0,3,0,0,0,0,0,0,-,-,34.16511917114258,-118.49137115478516,LOS ANGELES,LOS ANGELES,-118.49136352539064,34.16514587402344
92001165,2023,2023-02-23,9580,2023-02-19,1240,023142,NA,7,1,7,1942,0,1,2,NA,2,102,US-101 N/B (VENTURA FREEWAY),HAYVENHURST AVE,0,NA,N,A,-,Y,LA,NA,101,NA,NA,18.65,H,NA,R,N,3,0,1,1,A,-,03,22350,NA,N,F,A,A,A,H,-,A,D,0,NA,NA,Y,NA,Y,NA,C,02,0,1,0,0,0,0,0,0,1,-,-,34.16566848754883,-118.4929428100586,LOS ANGELES,LOS ANGELES,-118.49292755126952,34.16569519042969
92001210,2023,2023-02-23,9575,2023-02-16,835,023126,NA,4,1,6,1953,0,1,3,NA,2,040,SR-134 E/B (VENTURA FREEWAY),SAN RAFAEL AVE,898,E,N,A,-,Y,LA,NA,134,NA,R,12.529,H,NA,R,N,4,0,1,3,A,-,03,22350,NA,N,C,C,A,A,H,-,A,D,0,NA,NA,NA,NA,Y,NA,A,01,0,0,1,0,0,0,0,0,0,-,-,34.144561767578125,-118.16790008544922,LOS ANGELES,PASADENA,-118.16793823242188,34.14459991455078
92001216,2023,2023-02-23,9575,2023-02-16,1020,023126,NA,4,1,6,1912,0,1,1,NA,2,051,I-5 S/B (GOLDEN STATE FREEWAY),BURBANK BLVD,82,S,N,A,-,Y,NA,NA,NA,NA,NA,NA,NA,NA,NA,N,4,0,1,2,A,-,03,22350,NA,N,C,C,A,A,H,-,A,D,0,NA,NA,NA,NA,Y,NA,A,01,0,0,1,0,0,0,0,0,0,-,-,34.18471145629883,-118.31748199462892,LOS ANGELES,BURBANK,-118.31720733642578,34.185089111328125
92001239,2023,2023-02-23,9535,2023-02-11,1320,022719,NA,6,1,5,1906,0,1,1,NA,2,651,I-605 S/B (SAN GABRIEL RIVER FWY),VALLEY BLVD,1500,N,N,A,-,Y,NA,NA,NA,NA,NA,NA,NA,NA,NA,N,4,0,1,3,A,-,03,22350,NA,N,C,C,A,A,H,-,A,D,0,NA,NA,NA,NA,Y,NA,D,22,0,0,1,0,0,0,0,0,0,-,-,34.04584884643555,-118.0644073486328,LOS ANGELES,BALDWIN PARK,-118.00225067138672,34.058162689208984
92001240,2023,2023-02-23,9535,2023-02-10,1220,021795,NA,5,1,9,1900,0,2,4,NA,2,024,WHITTIER BOULEVARD (6000 BLOCK),HENDRICKS AVENUE,20,W,N,A,-,N,NA,NA,NA,NA,NA,NA,NA,NA,NA,N,3,0,1,2,A,-,11,21954,A,F,G,B,B,A,H,-,A,A,0,Y,NA,NA,NA,Y,NA,N,60,0,1,0,0,1,0,0,0,0,-,-,34.016868591308594,-118.1402587890625,LOS ANGELES,UNINCORPORATED,-118.14020538330078,34.01679229736328
92001253,2023,2023-02-23,9590,2023-02-14,1310,016230,NA,2,1,7,1942,0,1,1,NA,2,083,I-5 SB GSF,DORIS PLACE,240,N,N,A,-,Y,LA,NA,5,NA,NA,21.514,H,NA,L,N,4,0,1,3,A,-,03,22350,NA,N,C,C,A,A,H,-,A,D,0,NA,NA,NA,NA,Y,NA,A,07,0,0,1,0,0,0,0,0,0,-,-,34.09062957763672,-118.23916625976564,LOS ANGELES,LOS ANGELES,-118.23922729492188,34.09059143066406
92001256,2023,2023-02-23,9550,2023-01-07,320,022639,NA,6,3,1,1932,0,1,1,NA,2,650,INTERSTATE 605 NORTHBOUND TO STATE ROUTE 60,STATE ROUTE 60 (POMONA FREEWAY),150,S,N,A,-,Y,NA,NA,NA,NA,NA,NA,NA,NA,NA,Y,1,1,0,1,A,-,03,22350,NA,N,E,I,A,A,H,-,C,D,0,NA,NA,NA,NA,Y,NA,A,01,0,0,0,0,0,0,0,0,0,-,-,34.033119201660156,-118.0268096923828,LOS ANGELES,INDUSTRY,-118.0268096923828,34.033119201660156
92001260,2023,2023-02-23,9545,2023-02-21,2137,020547,NA,2,2,9,1900,0,1,3,NA,2,021,SR-14 N/B,TECHNOLOGY DRIVE,5,N,N,B,C,Y,LA,NA,14,NA,R,60.718,H,NA,R,Y,4,0,1,1,A,-,03,22350,NA,N,E,I,A,B,H,-,C,D,0,NA,NA,NA,NA,Y,NA,A,01,0,0,1,0,0,0,0,0,0,-,-,34.59455108642578,-118.13450622558594,LOS ANGELES,UNINCORPORATED,-118.134521484375,34.594547271728516
92001378,2023,2023-02-23,9540,2023-01-31,951,018759,NA,2,1,9,1900,0,1,1,NA,2,509,I-5 S/B (GOLDEN STATE FREEWAY),CASTAIC RD.,7180,N,N,A,-,Y,LA,NA,5,NA,R,61.386,H,NA,L,N,1,1,0,1,A,-,08,22107,NA,N,E,I,A,A,H,-,A,D,0,NA,NA,NA,NA,Y,NA,A,01,0,0,0,0,0,0,0,0,0,-,-,34.51996994018555,-118.63835144042967,LOS ANGELES,UNINCORPORATED,-118.63845825195313,34.51991653442383
92001395,2023,2023-02-23,9575,2023-02-18,1307,019538,NA,6,1,6,1925,0,1,3,NA,2,042,I-5 FROM SR-134 W/B,SAN FERNANDO RD.,500,E,N,A,-,Y,LA,NA,134,NA,R,6.025,H,NA,L,N,4,0,2,2,A,-,03,22350,NA,N,C,C,A,A,H,-,A,D,0,NA,NA,NA,NA,Y,NA,B,08,0,0,2,0,0,0,0,0,0,-,-,34.154361724853516,-118.27398681640624,LOS ANGELES,GLENDALE,-118.27396392822266,34.15428161621094
92001405,2023,2023-02-23,9565,2023-02-11,715,022878,NA,6,1,7,1942,0,1,1,NA,2,060,I-405 N/B,LA TIJERA BOULEVARD,1267,S,N,A,-,Y,LA,NA,405,NA,NA,24.026,H,NA,R,Y,4,0,1,3,A,-,03,22350,NA,N,C,C,A,A,H,-,A,D,0,NA,NA,NA,NA,Y,NA,A,01,0,0,1,0,0,0,0,0,0,-,-,33.97013854980469,-118.37419891357422,LOS ANGELES,LOS ANGELES,-118.37425231933594,33.970062255859375
92001428,2023,2023-02-23,9575,2023-02-19,1204,022998,NA,7,1,6,1953,0,1,1,NA,2,065,I-210 E/B (FOOTHILL FREEWAY),ROSEMEAD BOULEVARD,264,W,N,A,-,Y,LA,NA,210,NA,L,29.75,H,NA,R,N,4,0,2,2,A,-,08,22107,NA,M,B,C,A,A,H,-,A,D,0,NA,NA,NA,NA,Y,NA,-,99,0,0,2,0,0,0,0,0,0,-,-,34.14802169799805,-118.07434844970705,LOS ANGELES,PASADENA,-118.07435607910156,34.14806365966797
92001437,2023,2023-02-23,9565,2023-02-13,1444,023014,NA,1,2,7,1942,0,1,1,NA,2,062,I-405 N/B TO I-10 W/B,NATIONAL BLVD,300,S,N,A,-,Y,LA,NA,405,NA,NA,29.096,H,NA,R,Y,4,0,1,2,A,-,03,22350,NA,N,C,C,A,A,H,-,A,D,0,NA,NA,NA,NA,Y,NA,A,01,0,0,1,0,0,0,0,0,0,-,-,34.02602005004883,-118.42912292480467,LOS ANGELES,LOS ANGELES,-118.42921447753906,34.02596664428711
92001439,2023,2023-02-23,9565,2023-02-11,1616,021706,NA,6,2,7,1942,0,1,1,NA,2,064,I-405 S/B (SAN DIEGO FREEWAY),GETTY CENTER DR,1500,N,N,A,-,Y,LA,NA,405,NA,NA,34.508,H,NA,L,N,4,0,2,2,A,-,03,22350,NA,N,C,C,A,A,H,-,A,D,0,NA,NA,NA,NA,Y,NA,A,01,0,0,2,0,0,0,0,0,0,-,-,34.092750549316406,-118.47608947753906,LOS ANGELES,LOS ANGELES,-118.47606658935548,34.092750549316406
92001441,2023,2023-02-23,9590,2023-01-14,555,021823,NA,6,3,7,1942,0,1,1,NA,2,064,I-10 E/B (SANTA MONICA FREEWAY),LEMON ST,100,E,N,A,-,Y,LA,NA,10,NA,NA,17.511,H,NA,R,Y,4,0,1,2,A,-,03,22350,NA,N,B,C,A,A,H,-,C,D,0,NA,NA,NA,Y,Y,NA,A,01,0,0,1,0,0,0,0,0,0,-,-,34.02714157104492,-118.2331085205078,LOS ANGELES,LOS ANGELES,-118.23310089111328,34.027130126953125
92001444,2023,2023-02-23,9590,2023-02-10,1951,022569,NA,5,2,7,1942,0,1,1,NA,2,040,US-101 N/B (SANTA ANA FREEWAY),MISSION RD,50,S,N,A,-,Y,LA,NA,101,NA,S,1.295,H,NA,R,N,4,0,1,2,A,-,03,22350,NA,N,C,C,A,A,H,-,C,D,0,NA,NA,NA,NA,Y,NA,A,01,0,0,1,0,0,0,0,0,0,-,-,34.05270004272461,-118.22586059570313,LOS ANGELES,LOS ANGELES,-118.22586059570313,34.052711486816406