CASE_ID,ACCIDENT_YEAR,PROC_DATE,JURIS,COLLISION_DATE,COLLISION_TIME,OFFICER_ID,REPORTING_DISTRICT,DAY_OF_WEEK,CHP_SHIFT,POPULATION,CNTY_CITY_LOC,SPECIAL_COND,BEAT_TYPE,CHP_BEAT_TYPE,CITY_DIVISION_LAPD,CHP_BEAT_CLASS,BEAT_NUMBER,PRIMARY_RD,SECONDARY_RD,DISTANCE,DIRECTION,INTERSECTION,WEATHER_1,WEATHER_2,STATE_HWY_IND,CALTRANS_COUNTY,CALTRANS_DISTRICT,STATE_ROUTE,ROUTE_SUFFIX,POSTMILE_PREFIX,POSTMILE,LOCATION_TYPE,RAMP_INTERSECTION,SIDE_OF_HWY,TOW_AWAY,COLLISION_SEVERITY,NUMBER_KILLED,NUMBER_INJURED,PARTY_COUNT,PRIMARY_COLL_FACTOR,PCF_CODE_OF_VIOL,PCF_VIOL_CATEGORY,PCF_VIOLATION,PCF_VIOL_SUBSECTION,HIT_AND_RUN,TYPE_OF_COLLISION,MVIW,PED_ACTION,ROAD_SURFACE,ROAD_COND_1,ROAD_COND_2,LIGHTING,CONTROL_DEVICE,CHP_ROAD_TYPE,PEDESTRIAN_ACCIDENT,BICYCLE_ACCIDENT,MOTORCYCLE_ACCIDENT,TRUCK_ACCIDENT,NOT_PRIVATE_PROPERTY,ALCOHOL_INVOLVED,STWD_VEHTYPE_AT_FAULT,CHP_VEHTYPE_AT_FAULT,COUNT_SEVERE_INJ,COUNT_VISIBLE_INJ,COUNT_COMPLAINT_PAIN,COUNT_PED_KILLED,COUNT_PED_INJURED,COUNT_BICYCLIST_KILLED,COUNT_BICYCLIST_INJURED,COUNT_MC_KILLED,COUNT_MC_INJURED,PRIMARY_RAMP,SECONDARY_RAMP,LATITUDE,LONGITUDE,COUNTY,CITY,POINT_X,POINT_Y
92008843,2023,2023-03-03,9550,2023-02-24,1035,020025,NA,5,1,9,1900,0,3,5,NA,2,005,PATHFINDER ROAD,ALEXDALE LANE,150,E,N,C,-,N,NA,NA,NA,NA,NA,NA,NA,NA,NA,N,4,0,1,2,A,-,03,22350,NA,N,C,C,A,B,H,-,A,D,0,NA,NA,NA,NA,Y,NA,A,01,0,0,1,0,0,0,0,0,0,-,-,33.976009368896484,-117.88233184814452,LOS ANGELES,UNINCORPORATED,-117.88233947753906,33.97603225708008
92008844,2023,2023-03-03,9530,2023-02-10,948,022805,NA,5,1,7,1941,0,1,1,NA,2,072,I-710 NORTHBOUND,WARDLOW RD.,350,S,N,A,-,Y,LA,NA,710,NA,NA,8.963,H,NA,R,Y,2,0,1,2,A,-,03,22350,NA,N,C,C,A,A,H,-,A,D,0,NA,NA,NA,Y,Y,NA,D,22,1,0,0,0,0,0,0,0,0,-,-,33.81993865966797,-118.20686340332033,LOS ANGELES,LONG BEACH,-118.20687866210938,33.81993865966797
92008857,2023,2023-03-03,9545,2023-02-25,250,023153,NA,6,3,9,1900,0,1,3,NA,2,021,SR-14 N/B,MOUNTAIN SPRINGS ROAD,3062,S,N,B,D,Y,LA,NA,14,NA,R,53.212,H,NA,R,Y,4,0,4,2,A,-,03,22350,NA,N,C,E,A,C,H,-,D,D,0,NA,NA,NA,NA,Y,NA,A,01,0,0,4,0,0,0,0,0,0,-,-,34.49530029296875,-118.1247787475586,LOS ANGELES,UNINCORPORATED,-118.1247787475586,34.49530029296875
92008864,2023,2023-03-03,9550,2023-02-24,1347,018187,NA,5,1,9,1900,0,2,4,NA,1,022,LEFFINGWELL RD (EASTBOUND),LOMA DR,290,E,N,B,C,N,NA,NA,NA,NA,NA,NA,NA,NA,NA,Y,3,0,1,3,A,-,03,22350,NA,N,C,E,A,B,H,-,A,D,0,NA,NA,NA,NA,Y,NA,A,01,0,1,0,0,0,0,0,0,0,-,-,33.92195129394531,-118.03260040283205,LOS ANGELES,UNINCORPORATED,-118.03264617919922,33.921966552734375
92008871,2023,2023-03-03,9540,2023-02-18,255,022415,NA,6,3,9,1900,0,1,1,NA,2,512,I-5 N/B,TEMPLIN HWY,1200,N,N,A,-,Y,LA,NA,5,NA,R,66.321,H,NA,R,Y,3,0,1,3,A,-,01,23152,A,N,B,C,A,A,H,-,D,D,0,NA,NA,NA,Y,Y,Y,A,01,0,1,0,0,0,0,0,0,0,-,-,34.57286834716797,-118.69223022460938,LOS ANGELES,UNINCORPORATED,-118.69219970703124,34.572933197021484
92008879,2023,2023-03-03,9565,2023-02-18,1951,023014,NA,6,2,7,1942,0,1,1,NA,2,083,I-10 E/B,OVERLAND AVE,100,E,N,A,-,Y,LA,NA,10,NA,R,6.43,H,NA,R,N,4,0,1,4,A,-,03,22350,NA,N,C,C,A,A,H,-,D,D,0,NA,NA,NA,NA,Y,NA,A,01,0,0,1,0,0,0,0,0,0,-,-,34.031768798828125,-118.4165496826172,LOS ANGELES,LOS ANGELES,-118.4165496826172,34.03166961669922
92008894,2023,2023-03-03,9575,2023-02-24,830,023126,NA,5,1,6,1925,0,1,3,NA,2,090,SR-2 E/B (GLENDALE FREEWAY),FERN LN,20,W,N,B,C,Y,LA,NA,2,NA,R,21.593,H,NA,R,N,4,0,1,1,A,-,03,22350,NA,N,E,I,A,B,H,-,A,D,0,NA,NA,NA,NA,Y,NA,A,01,0,0,1,0,0,0,0,0,0,-,-,34.185699462890625,-118.217529296875,LOS ANGELES,GLENDALE,-118.21736907958984,34.18570327758789
92008899,2023,2023-03-03,9525,2023-02-24,345,022609,NA,5,3,4,1946,0,1,1,NA,2,202,I-210 E/B (FOOTHILL FWY),HUNTINGTON DRIVE,100,E,N,C,-,Y,LA,NA,210,NA,R,32.944,H,NA,R,N,4,0,1,1,A,-,03,22350,NA,N,E,I,A,B,H,-,C,D,0,NA,NA,NA,Y,Y,NA,G,25,0,0,1,0,0,0,0,0,0,-,-,34.1398811340332,-118.01643371582033,LOS ANGELES,MONROVIA,-118.01638793945313,34.13990783691406
92008905,2023,2023-03-03,9590,2023-02-26,20,022673,NA,7,3,7,1942,0,1,1,NA,2,084,I-5 N/B (GOLDEN STATE FREEWAY),COLORADO STREET,1000,S,N,B,-,Y,LA,NA,5,NA,NA,24.953,H,NA,R,Y,3,0,3,2,A,-,03,22350,NA,N,C,C,A,B,H,-,C,D,0,NA,NA,NA,NA,Y,NA,A,01,0,3,0,0,0,0,0,0,0,-,-,34.129119873046875,-118.2739486694336,LOS ANGELES,LOS ANGELES,-118.27391815185548,34.129127502441406
92008906,2023,2023-03-03,9545,2023-02-22,735,019816,NA,3,1,9,1900,0,3,5,NA,2,002,AVENUE M,MILE POST MARKER 4.18,21.5,E,N,A,-,N,NA,NA,NA,NA,NA,NA,NA,NA,NA,Y,2,0,2,2,A,-,08,22107,NA,N,D,C,A,A,H,-,A,D,0,NA,NA,NA,Y,Y,NA,A,01,1,1,0,0,0,0,0,0,0,-,-,34.64656066894531,-118.20413208007813,LOS ANGELES,UNINCORPORATED,-118.33871459960938,34.147796630859375
92008909,2023,2023-03-03,9565,2023-02-18,1430,023033,NA,6,2,9,1900,0,3,5,NA,2,002,98TH STREET,BUDLONG AVENUE,0,NA,Y,A,-,N,NA,NA,NA,NA,NA,NA,NA,NA,NA,Y,2,0,1,2,A,-,09,21802,A,N,D,2,A,A,H,-,A,A,0,NA,NA,NA,NA,Y,NA,-,-,1,0,0,0,0,0,0,0,0,-,-,33.946861267089844,-118.29591369628906,LOS ANGELES,UNINCORPORATED,-118.29592895507813,33.94683074951172
92008910,2023,2023-03-03,9550,2023-02-24,2220,021934,NA,5,3,9,1900,0,1,3,NA,2,600,SR-60 WB,CROSSROADS PARKWAY,3300,E,N,C,-,Y,LA,NA,60,NA,NA,13.278,H,NA,L,Y,4,0,1,1,A,-,03,22350,NA,N,E,I,A,B,H,-,D,D,0,NA,NA,NA,NA,Y,NA,D,22,0,0,1,0,0,0,0,0,0,-,-,34.02859115600586,-118.00132751464844,LOS ANGELES,UNINCORPORATED,-118.00133514404295,34.028564453125
92008915,2023,2023-05-23,9575,2023-02-24,1210,023134,NA,5,1,6,1925,0,1,3,NA,2,090,SR-2 W/B (GLENDALE FREEWAY),SHERER LN.,1735,E,N,B,C,Y,LA,NA,2,NA,R,20.927,H,NA,L,N,4,0,1,2,A,-,07,21658,A,N,B,C,A,B,H,-,A,D,0,NA,NA,NA,NA,Y,NA,A,01,0,0,1,0,0,0,0,0,0,-,-,34.17660140991211,-118.22116088867188,LOS ANGELES,GLENDALE,-118.22117614746094,34.176605224609375
92008916,2023,2023-03-03,9535,2023-02-19,1634,023022,NA,7,2,9,1900,0,2,4,NA,2,018,3RD ST. (4500 BLOCK),FORD BLVD.,190,E,N,A,-,N,NA,NA,NA,NA,NA,NA,NA,NA,NA,Y,4,0,1,4,A,-,01,23152,A,N,B,C,A,A,H,-,A,A,0,NA,NA,NA,NA,Y,Y,D,22,0,0,1,0,0,0,0,0,0,-,-,34.03340148925781,-118.16838836669922,LOS ANGELES,UNINCORPORATED,-118.16855621337892,34.03322982788086
92008918,2023,2023-03-03,9565,2023-02-19,1500,022832,NA,7,2,7,1942,0,1,1,NA,2,062,I-405 SOUTHBOUND,VENICE BOULEVARD,260,N,N,A,-,Y,LA,NA,405,NA,NA,28.017,H,NA,L,N,3,0,1,3,A,-,08,22107,NA,N,B,C,A,A,H,-,A,D,0,NA,NA,Y,NA,Y,NA,D,22,0,1,0,0,0,0,0,0,1,-,-,34.012821197509766,-118.41903686523438,LOS ANGELES,LOS ANGELES,-118.41907501220705,34.01279830932617
92008922,2023,2023-03-03,9575,2023-02-27,1610,022582,NA,1,2,7,1942,0,1,3,NA,2,041,SR-134 E/B (VENTURA FREEWAY),ARBOR DELL ROAD,45,E,N,B,-,Y,LA,NA,134,NA,R,10.991,H,NA,R,Y,4,0,2,2,A,-,03,22350,NA,N,C,C,A,B,H,-,A,D,0,NA,NA,NA,NA,Y,NA,A,01,0,0,2,0,0,0,0,0,0,-,-,34.14596939086914,-118.19239807128906,LOS ANGELES,LOS ANGELES,-118.1924285888672,34.14592361450195
92008952,2023,2023-03-03,9540,2023-02-09,2319,023124,NA,4,3,6,1985,0,1,3,NA,1,144,SR-14 N/B,I-5 N/B,3432,N,N,A,-,Y,LA,NA,14,NA,R,25.438,H,NA,R,Y,2,0,3,3,A,-,01,23152,A,N,C,C,E,A,H,-,C,D,0,Y,NA,NA,NA,Y,Y,D,22,1,1,1,0,1,0,0,0,0,-,-,34.34288024902344,-118.50515747070313,LOS ANGELES,SANTA CLARITA,-118.50522613525392,34.342899322509766
92008965,2023,2023-03-03,9545,2023-02-25,2000,020462,NA,6,2,9,1900,0,3,5,NA,2,003,SR-14 N/B,WARD RD,1000,N,N,D,-,Y,LA,NA,14,NA,NA,46.94,H,NA,R,Y,4,0,1,2,A,-,03,22350,NA,N,C,C,A,C,H,-,D,D,0,NA,NA,NA,Y,Y,NA,D,22,0,0,1,0,0,0,0,0,0,-,-,34.49977111816406,-118.2250518798828,LOS ANGELES,UNINCORPORATED,-118.22503662109376,34.49980545043945
92008968,2023,2023-03-03,9525,2023-02-27,1540,019188,NA,1,2,9,1900,0,3,5,NA,2,002,GLADSTONE ST.,BARRANCA AVE,0,NA,Y,C,-,N,NA,NA,NA,NA,NA,NA,NA,NA,NA,Y,4,0,2,2,A,-,09,21801,A,N,D,C,A,B,H,-,A,A,0,NA,NA,NA,NA,Y,NA,A,07,0,0,2,0,0,0,0,0,0,-,-,34.114051818847656,-117.88143157958984,LOS ANGELES,UNINCORPORATED,-117.88146209716795,34.11406707763672
92008978,2023,2023-03-03,9530,2023-02-14,1825,022995,NA,2,2,7,1941,0,1,1,NA,2,073,I-710 S/B (LONG BEACH FREEWAY),GERALD DESMOND BRIDGE,1130,W,N,A,-,Y,LA,NA,710,NA,R,3.583,H,NA,L,Y,4,0,1,3,A,-,01,23152,A,N,C,C,A,A,H,-,C,D,0,NA,NA,NA,NA,Y,Y,A,07,0,0,1,0,0,0,0,0,0,-,-,33.759071350097656,-118.23661041259766,LOS ANGELES,LONG BEACH,-118.23661041259766,33.75906753540039
92008981,2023,2023-03-03,9565,2023-02-21,1500,022219,NA,2,2,7,1942,0,1,1,NA,2,083,I-10 E/B (SANTA MONICA FREEWAY),MANNING AVE.,400,E,N,B,-,Y,LA,NA,10,NA,R,7.379,H,NA,R,N,4,0,1,3,A,-,03,22350,NA,F,C,C,A,A,H,-,A,D,0,NA,NA,NA,NA,Y,NA,A,01,0,0,1,0,0,0,0,0,0,-,-,34.02935028076172,-118.40048217773438,LOS ANGELES,LOS ANGELES,-118.40048217773438,34.02931213378906
92009064,2023,2023-03-03,9575,2023-02-20,425,022469,NA,1,3,6,1912,0,1,3,NA,2,044,SR-134 WESTBOUND (VENTURA FREEWAY),PASS AVENUE,400,W,N,A,-,Y,LA,NA,134,NA,NA,1.735,H,NA,L,Y,3,0,2,2,A,-,01,23152,A,N,B,2,A,A,H,-,C,D,0,NA,NA,NA,NA,Y,Y,A,01,0,1,1,0,0,0,0,0,0,-,-,34.15415954589844,-118.34654235839844,LOS ANGELES,BURBANK,-118.34653472900392,34.15407943725586
92009080,2023,2023-03-03,9535,2023-02-20,1850,021308,NA,1,2,9,1900,0,1,3,NA,2,621,SR-60 W/B (POMONA FWY),I-605,500,W,N,A,-,Y,LA,NA,60,NA,NA,11.497,H,NA,L,N,4,0,1,4,A,-,03,22350,NA,M,C,C,A,A,H,-,C,D,0,NA,NA,NA,Y,Y,NA,-,99,0,0,1,0,0,0,0,0,0,-,-,34.03565979003906,-118.0302963256836,LOS ANGELES,UNINCORPORATED,-118.03035736083984,34.03556823730469
92009130,2023,2023-03-03,9540,2023-03-03,740,018024,NA,5,1,9,1900,0,1,3,NA,2,149,SR-14 SOUTHBOUND,SAND CANYON RD,5280,S,N,A,-,Y,LA,NA,14,NA,NA,32.531,H,NA,L,N,4,0,1,2,A,-,03,22350,NA,N,C,C,A,A,H,-,A,D,0,NA,NA,NA,NA,Y,NA,D,22,0,0,1,0,0,0,0,0,0,-,-,34.41891860961914,-118.43740081787108,LOS ANGELES,UNINCORPORATED,-118.43743133544922,34.41896057128906
92009132,2023,2023-03-03,9565,2023-02-19,1730,023190,NA,7,2,9,1900,0,3,5,NA,2,003,CENTINELA AVE. FRONTAGE ROAD,ALVERN ST.,0,NA,Y,A,-,N,NA,NA,NA,NA,NA,NA,NA,NA,NA,N,4,0,1,2,A,-,12,22450,A,N,D,C,A,A,H,-,A,A,0,NA,NA,NA,NA,Y,NA,A,01,0,0,1,0,0,0,0,0,0,-,-,33.97719955444336,-118.37683868408205,LOS ANGELES,UNINCORPORATED,NA,NA
92009147,2023,2023-03-03,9590,2023-03-03,840,021762,NA,5,1,7,1942,0,1,2,NA,2,073,US-101 S/B (HOLLYWOOD FREEWAY),MELROSE AVENUE,400,N,N,A,-,Y,LA,NA,101,NA,NA,4.97,H,NA,L,N,4,0,1,2,A,-,03,22350,NA,N,C,C,A,A,H,-,A,D,0,NA,NA,NA,NA,Y,NA,A,01,0,0,1,0,0,0,0,0,0,-,-,34.08436965942383,-118.30001068115234,LOS ANGELES,LOS ANGELES,-118.30001068115234,34.084373474121094
92009154,2023,2023-03-03,9535,2023-02-21,2140,022059,NA,2,2,6,1922,0,1,1,NA,2,400,I-10 E/B (SAN BERNARDINO FREEWAY),SANTA ANITA AVE,1500,W,N,A,-,Y,LA,NA,10,NA,NA,28.389,H,NA,R,Y,4,0,2,3,A,-,07,21658,A,N,B,2,A,A,H,-,C,D,0,NA,NA,NA,Y,Y,NA,A,01,0,0,2,0,0,0,0,0,0,-,-,34.069950103759766,-118.0471420288086,LOS ANGELES,EL MONTE,-118.0470962524414,34.07002639770508
92009156,2023,2023-04-18,9535,2023-02-20,805,020551,NA,1,1,9,1900,0,1,1,NA,2,501,I-5 SOUTHBOUND,DITMAN AVE.,500,N,N,A,-,Y,LA,NA,5,NA,NA,14.949,H,NA,L,Y,3,0,1,4,A,-,08,22107,NA,N,E,I,A,A,H,-,A,D,0,NA,NA,NA,NA,Y,NA,A,01,0,1,0,0,0,0,0,0,0,-,-,34.020050048828125,-118.192138671875,LOS ANGELES,UNINCORPORATED,-118.19213104248048,34.02012634277344
92009163,2023,2023-03-03,9545,2023-03-01,653,019816,NA,3,1,9,1900,0,3,5,NA,2,004,90TH ST  E,AVENUE P,266,N,N,C,-,N,NA,NA,NA,NA,NA,NA,NA,NA,NA,N,4,0,1,1,A,-,08,22107,NA,N,A,I,A,B,H,-,A,D,0,NA,NA,NA,NA,Y,NA,D,22,0,0,1,0,0,0,0,0,0,-,-,34.60274887084961,-118.9694595336914,LOS ANGELES,UNINCORPORATED,-117.9695053100586,34.602657318115234
92009186,2023,2023-03-03,9590,2023-02-25,2356,023035,NA,6,3,7,1942,0,1,1,NA,2,053,I-110 S/B (HARBOR FREEWAY),EXPOSITON BLVD.,200,N,N,A,-,Y,LA,NA,110,NA,NA,20.311,H,NA,L,N,3,0,1,3,A,-,03,22350,NA,N,C,C,A,A,H,-,E,D,0,NA,NA,NA,NA,Y,NA,A,01,0,1,0,0,0,0,0,0,0,-,-,34.02241897583008,-118.27761840820313,LOS ANGELES,LOS ANGELES,-118.27747344970705,34.022369384765625
92009187,2023,2023-03-03,9545,2023-03-01,2010,020244,NA,3,2,9,1900,0,1,3,NA,2,021,SR-14 N/B TO AVENUE M,AVENUE M,225,S,N,A,-,Y,NA,NA,NA,NA,NA,NA,NA,NA,NA,N,3,0,1,2,C,-,18,NA,NA,N,C,C,A,A,H,-,D,D,0,NA,NA,NA,NA,Y,NA,-,-,0,1,0,0,0,0,0,0,0,-,-,34.64501953125,-118.15184020996094,LOS ANGELES,UNINCORPORATED,-118.15184020996094,34.64501953125
92009244,2023,2023-03-03,9550,2023-02-19,150,022947,NA,7,3,5,1908,0,1,3,NA,2,091,SR-91 E/B,BELLFLOWER BOULEVARD,400,E,N,A,-,Y,LA,NA,91,NA,R,15.637,H,NA,R,Y,2,0,1,2,A,-,01,23152,A,N,B,C,A,A,H,-,D,D,0,NA,NA,Y,NA,Y,Y,-,-,1,0,0,0,0,0,0,0,1,-,-,33.87617111206055,-118.1250228881836,LOS ANGELES,BELLFLOWER,-118.1250228881836,33.87614059448242
92009250,2023,2023-03-03,9535,2023-02-21,1905,021931,NA,2,2,6,1922,0,1,1,NA,2,400,I-10 E/B,SANTA ANITA AVENUE,2112,W,N,B,-,Y,LA,NA,10,NA,NA,28.353,H,NA,R,Y,4,0,1,3,A,-,03,22350,NA,N,C,C,A,A,H,-,D,D,0,NA,NA,NA,NA,Y,NA,A,07,0,0,1,0,0,0,0,0,0,-,-,34.07027816772461,-118.0476531982422,LOS ANGELES,EL MONTE,-118.0476531982422,34.07027053833008
92009251,2023,2023-03-03,9590,2023-01-01,2327,023035,NA,7,3,7,1942,0,1,1,NA,2,501,I-110 S/B (HARBOR FREEWAY) EXPRESS LANES,MANCHESTER AVE.,520,N,N,A,-,Y,LA,NA,110,NA,NA,16.449,H,NA,L,N,3,0,1,1,A,-,01,23152,A,N,B,I,A,A,H,-,D,D,0,NA,NA,NA,NA,Y,Y,A,01,0,1,0,0,0,0,0,0,0,-,-,33.96672058105469,-118.28085327148438,LOS ANGELES,LOS ANGELES,-118.28093719482422,33.96672058105469
92009291,2023,2023-03-03,9550,2023-02-25,645,022167,NA,6,1,5,1976,0,1,1,NA,2,650,I-605 N/B,WHITTIER BOULEVARD,915,S,N,B,C,Y,LA,NA,605,NA,R,13.382,H,NA,R,Y,4,0,1,1,A,-,03,22350,NA,N,E,I,A,B,H,-,A,D,0,NA,NA,NA,NA,Y,NA,D,22,0,0,1,0,0,0,0,0,0,-,-,33.99073028564453,-118.06979370117188,LOS ANGELES,WHITTIER,-118.0697784423828,33.990726470947266
92009319,2023,2023-03-03,9530,2023-02-23,40,021582,NA,4,3,7,1941,0,1,1,NA,2,430,I-405 S/B (SAN DIEGO FREEWAY),TEMPLE AVE.,528,S,N,A,-,Y,LA,NA,405,NA,NA,4.196,H,NA,L,N,4,0,1,1,A,-,08,22107,NA,N,E,I,A,A,H,-,D,D,0,NA,NA,NA,NA,Y,NA,A,01,0,0,1,0,0,0,0,0,0,-,-,33.808868408203125,-118.15721893310548,LOS ANGELES,LONG BEACH,-118.15713500976564,33.80896759033203
92009320,2023,2023-03-03,9430,2023-02-24,110,018681,NA,5,3,9,1900,0,1,1,NA,2,051,I-5 N/B (GOLDEN STATE FREEWAY),FRAZIER MOUNTAIN PARK ROAD UNDER CROSS,2640,S,N,B,D,Y,LA,NA,5,NA,R,88.067,H,NA,R,Y,4,0,2,1,A,-,03,22350,NA,N,E,I,A,C,H,-,D,D,0,NA,NA,NA,NA,Y,NA,A,01,0,0,2,0,0,0,0,0,0,-,-,34.810768127441406,-118.88421630859376,LOS ANGELES,UNINCORPORATED,-118.88434600830078,34.81074523925781
92009324,2023,2023-03-03,9530,2023-02-10,2120,022676,NA,5,2,7,1941,0,1,1,NA,2,071,S/B I-710 (LONG BEACH FREEWAY),SR-91 (ARTESIA FREEWAY),1672,S,N,A,-,Y,LA,NA,710,NA,NA,13.306,H,NA,R,Y,4,0,1,2,A,-,07,21658,A,N,B,C,A,A,H,-,C,D,0,NA,NA,NA,NA,Y,NA,A,01,0,0,1,0,0,0,0,0,0,-,-,33.88029861450195,-118.19212341308594,LOS ANGELES,LONG BEACH,-118.19187927246094,33.8802604675293
92009327,2023,2023-03-03,9530,2023-02-17,1705,022716,NA,5,2,9,1900,0,3,5,NA,2,001,HOOPER AVE. (1250 BLOCK),66TH ST.,15,S,N,A,-,N,NA,NA,NA,NA,NA,NA,NA,NA,NA,N,3,0,1,2,A,-,21,22106,NA,N,D,C,A,A,H,-,A,D,0,NA,NA,Y,NA,Y,NA,A,08,0,1,0,0,0,0,0,0,1,-,-,33.97993087768555,-118.25202178955078,LOS ANGELES,UNINCORPORATED,-118.2520751953125,33.97998046875
92009362,2023,2023-03-03,9580,2023-02-18,1100,021306,NA,6,1,9,1900,0,1,3,NA,2,171,SR-170 S/B (HOLLYWOOD FWY.) TO BURBANK BLVD,BURBANK BLVD,200,N,N,A,-,Y,NA,NA,NA,NA,NA,NA,NA,NA,NA,N,3,0,1,1,A,-,08,22107,NA,N,E,9,A,A,H,-,A,D,0,NA,NA,NA,NA,Y,NA,A,01,0,1,0,0,0,0,0,0,0,-,-,34.17280960083008,-118.35044860839844,LOS ANGELES,UNINCORPORATED,-118.38959503173828,34.1724739074707
92009363,2023,2023-03-03,9580,2023-02-24,2135,022762,NA,5,2,7,1942,0,1,2,NA,2,103,US-101 S/B (VENTURA FREEWAY),KESTER AVE,500,S,N,C,-,Y,LA,NA,101,NA,NA,16.349,H,NA,L,N,4,0,1,1,A,-,03,22350,NA,N,E,I,A,B,H,-,C,D,0,NA,NA,NA,NA,Y,NA,A,01,0,0,1,0,0,0,0,0,0,-,-,34.15795135498047,-118.4559326171875,LOS ANGELES,LOS ANGELES,-118.4559326171875,34.15795135498047
92009369,2023,2023-03-03,9580,2023-02-24,2305,022550,NA,5,3,7,1942,0,1,3,NA,2,170,SR-170 N/B (HOLLYWOOD FWY.),ROSCOE BLVD,500,S,N,C,-,Y,LA,NA,170,NA,R,19.637,H,NA,R,Y,4,0,1,1,A,-,08,22107,NA,N,F,I,A,B,H,-,D,D,0,NA,NA,NA,NA,Y,NA,A,07,0,0,1,0,0,0,0,0,0,-,-,34.22023010253906,-118.40978240966795,LOS ANGELES,LOS ANGELES,-118.40965270996094,34.220252990722656
92009397,2023,2023-03-03,9580,2023-03-02,1225,016413,NA,4,1,7,1942,0,1,1,NA,2,405,I-405 S/B (SAN DIEGO FWY),VENTURA BLVD,1056,S,N,A,-,Y,LA,NA,405,NA,NA,38.412,H,NA,L,N,4,0,2,3,A,-,03,22350,NA,N,C,C,A,A,H,-,A,D,0,NA,NA,NA,NA,Y,NA,A,08,0,0,2,0,0,0,0,0,0,-,-,34.14585876464844,-118.47100830078124,LOS ANGELES,LOS ANGELES,-118.47088623046876,34.145835876464844
92009405,2023,2023-03-03,9580,2023-03-01,330,023129,NA,3,3,7,1942,0,1,2,NA,2,102,US-101 N/B (VENTURA FREEWAY),WOODMAN AVE,320,S,N,C,-,Y,LA,NA,101,NA,NA,14.838,H,NA,R,Y,4,0,1,1,A,-,03,22350,NA,N,E,I,A,B,H,-,D,D,0,NA,NA,NA,NA,Y,NA,A,07,0,0,1,0,0,0,0,0,0,-,-,34.155670166015625,-118.43020629882813,LOS ANGELES,LOS ANGELES,-118.43020629882813,34.15571975708008
92009423,2023,2023-03-03,9525,2023-02-25,2130,022521,NA,6,2,9,1900,0,1,3,NA,1,024,SR-39 (SAN GABRIEL CANYON RD.),OLD SAN GABRIEL CANYON RD.,2640,N,N,B,C,Y,LA,NA,39,NA,NA,18.257,H,NA,R,Y,3,0,2,1,C,-,18,NA,NA,N,E,J,A,B,B,G,D,D,0,NA,NA,NA,NA,Y,NA,-,-,0,2,0,0,0,0,0,0,0,-,-,34.16804885864258,-117.89234161376952,LOS ANGELES,UNINCORPORATED,-117.892333984375,34.16804885864258
92009439,2023,2023-03-03,9535,2023-02-18,950,022719,NA,6,1,9,1900,0,2,4,NA,2,024,WHITTIER BLVD.,ARIZONA AVE.,0,NA,Y,A,-,N,NA,NA,NA,NA,NA,NA,NA,NA,NA,N,3,0,1,2,A,-,10,21950,A,N,G,B,B,A,H,-,A,A,0,Y,NA,NA,NA,Y,NA,A,01,0,1,0,0,1,0,0,0,0,-,-,34.0224609375,-118.16710662841795,LOS ANGELES,UNINCORPORATED,-118.16709136962892,34.022464752197266
92009444,2023,2023-03-03,9535,2023-02-18,755,021970,NA,6,1,6,1922,0,1,1,NA,2,401,I-10 W/B (SAN BERNARDINO FREEWAY),ROSEMEAD BLVD.,500,W,N,A,-,Y,LA,NA,10,NA,NA,26.838,H,NA,L,Y,3,0,1,2,A,-,08,22107,NA,N,D,C,A,A,H,-,A,D,0,NA,NA,NA,NA,Y,NA,A,01,0,1,0,0,0,0,0,0,0,-,-,34.07238006591797,-118.07338714599608,LOS ANGELES,EL MONTE,-118.07338714599608,34.07240676879883
92009453,2022,2023-03-03,9590,2022-12-09,1745,022984,NA,5,2,7,1942,0,1,1,NA,2,060,I-10 E/B (SANTA MONICA FREEWAY) (SMF),GRAMERCY PLACE,120,E,N,A,-,Y,LA,NA,10,NA,R,12.586,H,NA,R,Y,4,0,1,2,A,-,07,21658,A,N,C,C,A,A,H,-,C,D,0,NA,NA,Y,NA,Y,NA,C,02,0,0,1,0,0,0,0,0,1,-,-,34.036949157714844,-118.31305694580078,LOS ANGELES,LOS ANGELES,-118.31306457519533,34.037017822265625
92009471,2023,2023-03-03,9575,2023-03-01,130,022477,NA,3,3,6,1925,0,1,1,NA,2,062,INTERSTATE 210 W/B (FOOTHILL FWY),NEW YORK AVENUE,350,W,N,B,C,Y,LA,NA,210,NA,R,16.403,H,NA,L,N,4,0,1,2,A,-,07,21658,A,M,B,2,A,B,H,-,C,D,0,NA,NA,NA,NA,Y,NA,-,99,0,0,1,0,0,0,0,0,0,-,-,34.226688385009766,-118.25411987304688,LOS ANGELES,GLENDALE,-118.2541732788086,34.226627349853516
92009483,2023,2023-03-03,9525,2023-02-24,1638,023049,NA,5,2,1,1934,0,1,1,NA,2,651,I-605 S/B (SAN GABRIEL RIVER FWY),ARROW HWY.,200,N,N,C,-,Y,LA,NA,605,NA,NA,24.218,H,NA,L,Y,4,0,1,1,A,-,08,22107,NA,N,E,I,A,B,H,-,A,D,0,NA,NA,NA,NA,Y,NA,D,22,0,0,1,0,0,0,0,0,0,-,-,34.11748123168945,-117.974609375,LOS ANGELES,IRWINDALE,-117.97466278076172,34.11753845214844
92009485,2023,2023-03-03,9525,2023-02-24,1400,022770,NA,5,2,9,1900,0,1,1,NA,2,115,I-10 W/B (SAN BERNARDINO FWY),VIA VERDE,3960,W,N,B,C,Y,LA,NA,10,NA,NA,39.695,H,NA,L,Y,4,0,1,2,A,-,03,22350,NA,N,E,I,A,B,H,-,A,D,0,NA,NA,NA,NA,Y,NA,A,01,0,0,1,0,0,0,0,0,0,-,-,34.06843185424805,-117.85282135009766,LOS ANGELES,UNINCORPORATED,-117.85282135009766,34.068504333496094