CASE_ID,ACCIDENT_YEAR,PROC_DATE,JURIS,COLLISION_DATE,COLLISION_TIME,OFFICER_ID,REPORTING_DISTRICT,DAY_OF_WEEK,CHP_SHIFT,POPULATION,CNTY_CITY_LOC,SPECIAL_COND,BEAT_TYPE,CHP_BEAT_TYPE,CITY_DIVISION_LAPD,CHP_BEAT_CLASS,BEAT_NUMBER,PRIMARY_RD,SECONDARY_RD,DISTANCE,DIRECTION,INTERSECTION,WEATHER_1,WEATHER_2,STATE_HWY_IND,CALTRANS_COUNTY,CALTRANS_DISTRICT,STATE_ROUTE,ROUTE_SUFFIX,POSTMILE_PREFIX,POSTMILE,LOCATION_TYPE,RAMP_INTERSECTION,SIDE_OF_HWY,TOW_AWAY,COLLISION_SEVERITY,NUMBER_KILLED,NUMBER_INJURED,PARTY_COUNT,PRIMARY_COLL_FACTOR,PCF_CODE_OF_VIOL,PCF_VIOL_CATEGORY,PCF_VIOLATION,PCF_VIOL_SUBSECTION,HIT_AND_RUN,TYPE_OF_COLLISION,MVIW,PED_ACTION,ROAD_SURFACE,ROAD_COND_1,ROAD_COND_2,LIGHTING,CONTROL_DEVICE,CHP_ROAD_TYPE,PEDESTRIAN_ACCIDENT,BICYCLE_ACCIDENT,MOTORCYCLE_ACCIDENT,TRUCK_ACCIDENT,NOT_PRIVATE_PROPERTY,ALCOHOL_INVOLVED,STWD_VEHTYPE_AT_FAULT,CHP_VEHTYPE_AT_FAULT,COUNT_SEVERE_INJ,COUNT_VISIBLE_INJ,COUNT_COMPLAINT_PAIN,COUNT_PED_KILLED,COUNT_PED_INJURED,COUNT_BICYCLIST_KILLED,COUNT_BICYCLIST_INJURED,COUNT_MC_KILLED,COUNT_MC_INJURED,PRIMARY_RAMP,SECONDARY_RAMP,LATITUDE,LONGITUDE,COUNTY,CITY,POINT_X,POINT_Y
92020820,2023,2023-03-17,9540,2023-03-15,750,020862,NA,3,1,6,1985,0,1,3,NA,1,143,SR-14 SOUTHBOUND (ANTELOPE VALLEY FWY),SIERRA HWY,1584,N,N,B,C,Y,LA,NA,14,NA,R,25.428,H,NA,L,N,4,0,1,2,A,-,03,22350,NA,N,C,C,A,B,H,-,A,D,0,NA,NA,NA,NA,Y,NA,D,22,0,0,1,0,0,0,0,0,0,-,-,34.34281921386719,-118.50559997558594,LOS ANGELES,SANTA CLARITA,-118.50553131103516,34.34280014038086
92020824,2023,2023-03-17,9540,2023-03-14,1130,018037,NA,2,1,9,1900,0,1,1,NA,2,505,I-5 S/B TRUCK ROUTE (GOLDEN STATE FREEWAY),SIERRA HIGHWAY U/C,995,N,N,B,C,Y,LA,NA,5,S,C,45.713,H,NA,L,Y,4,0,1,1,A,-,03,22350,NA,N,E,8,A,B,H,-,A,D,0,NA,NA,NA,Y,Y,NA,G,25,0,0,1,0,0,0,0,0,0,-,-,34.33576965332031,-118.50756072998048,LOS ANGELES,UNINCORPORATED,-118.50757598876952,34.33574295043945
92020840,2023,2023-03-17,9530,2023-03-05,1250,022951,NA,7,1,9,1900,0,3,5,NA,2,002,ROSECRANS AVE.,SAN PEDRO ST.,0,NA,Y,B,-,N,NA,NA,NA,NA,NA,NA,NA,NA,NA,Y,4,0,2,2,A,-,12,21453,A,N,D,2,A,A,H,-,A,A,0,NA,NA,NA,NA,Y,NA,A,01,0,0,2,0,0,0,0,0,0,-,-,33.90193176269531,-118.26889038085938,LOS ANGELES,UNINCORPORATED,-118.2689971923828,33.901954650878906
92020842,2023,2023-03-17,9530,2023-03-13,1351,017755,NA,1,1,7,1941,0,1,1,NA,2,430,I-405 N/B (SAN DIEGO FREEWAY),CLARK AVE.,325,S,N,A,-,Y,LA,NA,405,NA,NA,2.812,H,NA,R,N,4,0,1,2,A,-,03,22350,NA,N,C,2,A,A,H,-,A,D,0,NA,NA,NA,NA,Y,NA,D,22,0,0,1,0,0,0,0,0,0,-,-,33.80297088623047,-118.1346435546875,LOS ANGELES,LONG BEACH,-118.1346435546875,33.80290222167969
92020846,2023,2023-03-28,9540,2023-03-10,1135,023145,NA,5,1,9,1900,0,1,1,NA,1,502,I-5 N/B (GOLDEN STATE FREEWAY),SR-14 (ANTELOPE VALLEY FREEWAY),1056,N,N,B,C,Y,LA,NA,5,NA,R,45.828,H,NA,R,Y,4,0,1,2,A,-,03,22350,NA,N,E,I,A,B,H,-,A,D,0,NA,NA,NA,NA,Y,NA,D,22,0,0,1,0,0,0,0,0,0,-,-,34.33613967895508,-118.51114654541016,LOS ANGELES,UNINCORPORATED,-118.51121520996094,34.33607482910156
92020879,2023,2023-03-17,9525,2023-03-14,2105,023085,NA,2,2,4,1946,0,1,1,NA,2,201,I-210 W/B (FOOTHILL FWY),MYRTLE AVE,1584,W,N,B,C,Y,LA,NA,210,NA,R,33.619,H,NA,L,Y,4,0,2,4,A,-,03,22350,NA,N,C,C,A,B,H,-,D,D,0,NA,NA,NA,Y,Y,NA,A,01,0,0,2,0,0,0,0,0,0,-,-,34.13555145263672,-118.0060806274414,LOS ANGELES,MONROVIA,-118.0060806274414,34.13556671142578
92020887,2023,2023-03-17,9530,2023-03-16,355,022454,NA,4,3,9,1900,0,1,1,NA,2,120,I-110 S/B (HARBOR FREEWAY),SEPULVEDA BLVD.,1531,N,N,A,-,Y,LA,NA,110,NA,NA,5.747,H,NA,L,Y,2,0,2,2,A,-,03,22350,NA,N,C,C,A,A,H,-,C,D,0,NA,NA,NA,NA,Y,NA,A,07,1,0,1,0,0,0,0,0,0,-,-,33.81330108642578,-118.28742218017578,LOS ANGELES,UNINCORPORATED,-118.28742218017578,33.81330108642578
92020905,2023,2023-03-17,9530,2023-03-13,1918,021380,NA,1,2,9,1900,0,3,5,NA,2,006,VERMONT AVENUE (21500 BLOCK),CARSON AVENUE,300,N,N,B,-,N,NA,NA,NA,NA,NA,NA,NA,NA,NA,N,3,0,1,2,A,-,09,21801,A,N,D,C,A,A,H,-,C,D,0,NA,NA,NA,NA,Y,NA,E,22,0,1,0,0,0,0,0,0,0,-,-,33.83253860473633,-118.29033660888672,LOS ANGELES,UNINCORPORATED,-118.290283203125,33.83242416381836
92020926,2023,2023-03-17,9575,2023-02-17,1000,022781,NA,5,1,9,1900,0,3,5,NA,2,008,GRAYBURN ROAD (3600 BLOCK),LOTUS AVENUE,0,NA,Y,A,-,N,NA,NA,NA,NA,NA,NA,NA,NA,NA,Y,3,0,1,2,A,-,09,21802,A,N,D,C,A,A,H,-,A,A,0,NA,NA,NA,NA,Y,NA,A,07,0,1,0,0,0,0,0,0,0,-,-,34.13962936401367,-118.07637786865234,LOS ANGELES,UNINCORPORATED,-118.0763702392578,34.139610290527344
92020945,2023,2023-06-09,9575,2023-02-25,810,022781,NA,6,1,9,1900,0,1,1,NA,2,062,I-210 W/B (FOOTHILL FREEWAY),ROSEMONT AVENUE,370,E,N,B,C,Y,LA,NA,210,NA,R,17.789,H,NA,L,Y,3,0,1,1,C,-,18,NA,NA,N,E,I,A,B,H,-,A,D,0,NA,NA,NA,NA,Y,NA,-,-,0,1,0,0,0,0,0,0,0,-,-,34.21548080444336,-118.23397064208984,LOS ANGELES,UNINCORPORATED,-118.23406982421876,34.215370178222656
92020953,2023,2023-03-17,9550,2023-03-09,705,023242,NA,4,1,9,1900,0,1,1,NA,2,650,I-605 SOUTHBOUND,PECK ROAD,1500,N,N,A,-,Y,LA,NA,605,NA,R,16.954,H,NA,L,N,3,0,1,4,A,-,03,22350,NA,N,C,C,A,A,H,-,A,D,0,NA,NA,NA,NA,Y,NA,A,08,0,1,0,0,0,0,0,0,0,-,-,34.02981185913086,-118.03325653076172,LOS ANGELES,UNINCORPORATED,-118.0332489013672,34.02980041503906
92020958,2023,2023-03-17,9530,2023-03-14,1145,023143,NA,2,1,7,1942,0,1,1,NA,2,120,I-110 N/B (HARBOR FREEWAY),DEL AMO BLVD.,1150,N,N,B,C,Y,LA,NA,110,NA,NA,8.267,H,NA,R,Y,4,0,1,2,A,-,03,22350,NA,N,D,C,A,B,H,-,C,D,0,NA,NA,NA,NA,Y,NA,A,01,0,0,1,0,0,0,0,0,0,-,-,33.84954071044922,-118.28482818603516,LOS ANGELES,LOS ANGELES,-118.28487396240234,33.84954071044922
92020963,2023,2023-03-17,9540,2023-03-14,1215,018208,NA,2,1,9,1900,0,1,3,NA,1,142,SR-14 N/B (ANTELOPE VALLEY FREEWAY),NEWHALL AVE,1638,S,N,B,C,Y,LA,NA,14,NA,R,26.224,H,NA,R,Y,2,0,1,1,A,-,01,23152,A,N,E,I,A,B,H,-,A,D,0,NA,NA,NA,NA,Y,Y,-,-,1,0,0,0,0,0,0,0,0,-,-,34.35380935668945,-118.5051727294922,LOS ANGELES,UNINCORPORATED,-118.5053482055664,34.353763580322266
92020971,2023,2023-03-17,9575,2023-03-08,1823,023227,NA,3,2,7,1942,0,1,1,NA,2,050,I-5 S/B (GOLDEN STATE FREEWAY),ZOO DRIVE,1415,N,N,A,-,Y,LA,NA,5,NA,NA,26.746,H,NA,L,N,4,0,1,2,A,-,03,22350,NA,M,C,C,A,A,H,-,C,D,0,NA,NA,NA,NA,Y,NA,-,99,0,0,1,0,0,0,0,0,0,-,-,34.152801513671875,-118.28443145751952,LOS ANGELES,LOS ANGELES,-118.28445434570313,34.15275573730469
92020978,2023,2023-03-17,9575,2023-03-10,2120,023126,NA,5,2,6,1953,0,1,1,NA,2,064,I-210 E/B (FOOTHILL FREEWAY),LOS ROBLES AVE.,55,E,N,C,-,Y,LA,NA,210,NA,R,25.824,H,NA,R,N,4,0,2,2,A,-,03,22350,NA,N,C,C,A,B,H,-,C,D,0,NA,NA,NA,NA,Y,NA,A,07,0,0,2,0,0,0,0,0,0,-,-,34.15153884887695,-118.14114379882813,LOS ANGELES,PASADENA,-118.14114379882813,34.151641845703125
92020983,2023,2023-03-17,9530,2023-03-14,600,022427,NA,2,1,7,1941,0,1,1,NA,2,420,I-405 N/B (SAN DIEGO FREEWAY),SANTA FE AVE,650,S,N,A,-,Y,LA,NA,405,NA,NA,7.941,H,NA,R,Y,4,0,1,3,A,-,03,22350,NA,N,C,C,A,A,H,-,C,D,0,NA,NA,NA,NA,Y,NA,A,07,0,0,1,0,0,0,0,0,0,-,-,33.825931549072266,-118.2134017944336,LOS ANGELES,LONG BEACH,-118.21341705322266,33.82598876953125
92020990,2023,2023-03-17,9530,2023-03-14,2230,022702,NA,2,3,5,1943,0,1,1,NA,2,210,I-105 W/B (GLENN ANDERSON FWY),LONG BEACH BLVD.,1800,W,N,C,-,Y,LA,NA,105,NA,R,11.157,H,NA,L,Y,4,0,1,1,A,-,03,22350,NA,N,E,I,A,B,H,-,C,D,0,NA,NA,NA,NA,Y,NA,A,01,0,0,1,0,0,0,0,0,0,-,-,33.927730560302734,-118.21610260009766,LOS ANGELES,LYNWOOD,-118.21607208251952,33.92778015136719
92020991,2023,2023-03-17,9545,2023-03-10,2210,023153,NA,5,3,9,1900,0,1,3,NA,1,012,30TH STREET WEST,SR-138 W/B,416,N,N,A,-,N,NA,NA,NA,NA,NA,NA,NA,NA,NA,Y,2,0,2,1,A,-,08,22107,NA,N,E,I,A,A,H,-,D,A,0,NA,NA,NA,NA,Y,NA,A,01,2,0,0,0,0,0,0,0,0,-,-,34.778419494628906,-118.18460083007813,LOS ANGELES,UNINCORPORATED,-118.18466186523438,34.777992248535156
92021039,2023,2023-03-17,9545,2023-03-13,1111,015826,NA,1,1,9,1900,0,3,5,NA,2,001,SIERRA HWY,AVENUE A,0,NA,Y,A,-,N,NA,NA,NA,NA,NA,NA,NA,NA,NA,Y,4,0,2,2,A,-,05,21752,D,N,C,C,A,A,H,-,A,D,0,NA,NA,NA,NA,Y,NA,A,01,0,0,2,0,0,0,0,0,0,-,-,34.820709228515625,-118.1561279296875,LOS ANGELES,UNINCORPORATED,-118.15608215332033,34.820674896240234
92021046,2023,2023-03-17,9530,2023-03-16,1730,020956,NA,4,2,7,1942,0,1,1,NA,2,400,I-405 N/B TO NORMANDIE AVENUE,182ND STREET,500,S,N,A,-,Y,NA,NA,NA,NA,NA,NA,NA,NA,NA,Y,4,0,1,1,A,-,03,22350,NA,N,E,I,A,A,H,-,A,D,0,NA,NA,NA,NA,Y,NA,A,01,0,0,1,0,0,0,0,0,0,-,-,33.860740661621094,-118.29857635498048,LOS ANGELES,LOS ANGELES,-118.29857635498048,33.860740661621094
92021059,2023,2023-03-17,9530,2023-03-03,800,021004,NA,5,1,9,1900,0,3,5,NA,2,001,HOOPER AVE (8400 BLOCK),84TH PL,45,N,N,A,-,N,NA,NA,NA,NA,NA,NA,NA,NA,NA,N,4,0,2,2,A,-,03,22350,NA,F,C,C,A,A,H,-,A,D,0,NA,NA,NA,NA,Y,NA,-,99,0,0,2,0,0,0,0,0,0,-,-,33.962158203125,-118.25404357910156,LOS ANGELES,UNINCORPORATED,-118.25402069091795,33.96210479736328
92021082,2023,2023-03-17,9545,2023-03-13,2233,021361,NA,1,3,9,1900,0,3,5,NA,2,004,140TH ST  E,AVENUE H,2112,N,N,A,-,N,NA,NA,NA,NA,NA,NA,NA,NA,NA,Y,4,0,1,2,A,-,08,22107,NA,N,B,C,A,A,H,-,D,D,0,NA,NA,NA,Y,Y,NA,G,25,0,0,1,0,0,0,0,0,0,-,-,34.72542953491211,-117.8807373046875,LOS ANGELES,UNINCORPORATED,-117.88075256347656,34.7253303527832
92021118,2023,2023-03-17,9545,2023-03-14,1040,016523,NA,2,1,9,1900,0,3,5,NA,2,001,AVENUE E,SIERRA HIGHWAY,175,E,N,B,-,N,NA,NA,NA,NA,NA,NA,NA,NA,NA,Y,4,0,1,1,A,-,08,22107,NA,N,E,I,A,B,H,-,A,D,0,NA,NA,NA,NA,Y,NA,A,01,0,0,1,0,0,0,0,0,0,-,-,34.762489318847656,-118.14613342285156,LOS ANGELES,UNINCORPORATED,-118.146240234375,34.7624397277832
92021119,2023,2023-03-17,9550,2023-03-11,518,022809,NA,6,3,6,1949,0,1,1,NA,2,500,I-5,IMPERIAL HWY,20,N,N,C,-,Y,LA,NA,5,NA,NA,4.942,H,NA,R,N,2,0,1,2,A,-,11,21954,A,N,G,B,E,B,H,-,B,D,0,Y,NA,NA,NA,Y,NA,N,60,1,0,0,0,1,0,0,0,0,-,-,33.91741180419922,-118.07959747314452,LOS ANGELES,NORWALK,-118.0798797607422,33.917274475097656
92021120,2023,2023-03-17,9590,2023-03-09,1455,023232,NA,4,2,7,1942,0,1,2,NA,2,071,US-101 S/B (HOLLYWOOD FREEWAY),GLENDALE BLVD,395,N,N,A,-,Y,LA,NA,101,NA,NA,2.591,H,NA,L,N,4,0,1,2,A,-,07,21658,A,F,B,C,A,A,H,-,A,A,0,NA,NA,Y,NA,Y,NA,-,99,0,0,1,0,0,0,0,0,1,-,-,34.070159912109375,-118.26260375976564,LOS ANGELES,LOS ANGELES,-118.26261901855467,34.07011413574219
92021136,2023,2023-03-17,9525,2023-03-16,1145,021967,NA,4,1,1,1934,0,1,1,NA,2,203,I-210 W/B (FOOTHILL FWY),I-605 N/B (SAN GABRIEL RIVER FWY),500,E,N,B,-,Y,LA,NA,210,NA,R,36.467,H,NA,L,N,3,0,2,4,A,-,03,22350,NA,N,C,C,A,A,H,-,A,D,0,NA,NA,NA,NA,Y,NA,A,01,0,2,0,0,0,0,0,0,0,-,-,34.134151458740234,-117.95655822753906,LOS ANGELES,IRWINDALE,-117.95655059814452,34.134178161621094
92021235,2023,2023-03-17,9590,2023-03-12,1520,022431,NA,7,2,7,1942,0,1,1,NA,2,083,I-5 S/B (GOLDEN STATE FREEWAY),CESAR CHAVEZ AVENUE,100,N,N,A,-,Y,LA,NA,5,NA,NA,18.094,H,NA,L,N,4,0,2,2,A,-,03,22350,NA,N,C,C,A,A,H,-,A,D,0,NA,NA,NA,NA,Y,NA,A,01,0,0,2,0,0,0,0,0,0,-,-,34.050071716308594,-118.2141571044922,LOS ANGELES,LOS ANGELES,-118.21414184570313,34.05006790161133
92021260,2023,2023-12-05,9535,2023-03-08,1910,022336,NA,3,2,4,1907,0,1,1,NA,2,073,I-710 S/B (LONG BEACH FWY),CLARA ST,105,S,N,A,-,Y,LA,NA,710,NA,NA,19.374,H,NA,L,Y,4,0,1,2,A,-,03,22350,NA,N,C,C,A,A,H,-,C,D,0,NA,NA,NA,NA,Y,NA,A,01,0,0,1,0,0,0,0,0,0,-,-,33.96329879760742,-118.16976165771484,LOS ANGELES,BELL,-118.1696548461914,33.96327590942383
92021287,2023,2023-03-17,9530,2023-03-06,1500,023030,NA,1,2,9,1900,0,1,1,NA,2,210,I-105 E/B (GLENN ANDERSON FWY),SUCCESS AVE.,200,E,N,A,-,Y,LA,NA,105,NA,R,9.236,H,NA,R,N,4,0,1,2,A,-,07,21658,A,N,B,C,A,A,H,-,A,D,0,NA,NA,Y,NA,Y,NA,A,01,0,0,1,0,0,0,0,0,1,-,-,33.92863845825195,-118.2485809326172,LOS ANGELES,UNINCORPORATED,-118.2485809326172,33.928592681884766
92021295,2023,2023-03-17,9545,2023-03-14,1215,016523,NA,2,1,6,1992,0,1,3,NA,2,011,SR-14 S/B,20TH STREET WEST,15,N,N,B,C,Y,LA,NA,14,NA,R,67.493,H,NA,L,Y,4,0,1,2,A,-,03,22350,NA,N,D,C,A,B,H,-,A,D,0,NA,NA,NA,Y,Y,NA,A,01,0,0,1,0,0,0,0,0,0,-,-,34.6833381652832,-118.16577911376952,LOS ANGELES,LANCASTER,-118.1657485961914,34.6833610534668
92021309,2023,2023-03-17,9580,2023-03-11,525,023213,NA,6,3,7,1942,0,1,3,NA,2,116,SR-118 E/B TO I-405 N/B,CHATSWORTH ST,50,N,N,C,-,Y,LA,NA,405,NA,NA,46.765,H,NA,R,N,4,0,1,1,A,-,03,22350,NA,N,B,J,A,B,H,-,C,D,0,NA,NA,NA,NA,Y,NA,D,22,0,0,1,0,0,0,0,0,0,-,-,34.264869689941406,-118.47174072265624,LOS ANGELES,LOS ANGELES,-118.47206115722656,34.26487350463867
92021310,2023,2023-03-17,9580,2023-03-16,1005,021522,NA,4,1,7,1942,0,1,2,NA,2,103,US-101 S/B (VENTURA FREEWAY),WHITE OAK AVE,250,S,N,B,-,Y,LA,NA,101,NA,NA,20.186,H,NA,L,N,4,0,1,3,A,-,03,22350,NA,N,C,C,A,A,H,-,A,D,0,NA,NA,NA,NA,Y,NA,A,01,0,0,1,0,0,0,0,0,0,-,-,34.171180725097656,-118.51770782470705,LOS ANGELES,LOS ANGELES,-118.51770782470705,34.17108917236328
92021332,2023,2023-03-24,9535,2023-03-11,805,023264,NA,6,1,7,1942,0,1,1,NA,2,111,I-10 W/B (EXPRESS LANES),CESAR E CHAVEZ AVE,792,W,N,B,C,Y,LA,NA,10,S,NA,17.658,H,NA,L,Y,4,0,1,1,A,-,08,22107,NA,N,E,I,A,B,H,-,A,D,0,NA,NA,NA,NA,Y,NA,A,01,0,0,1,0,0,0,0,0,0,-,-,34.05295944213867,-118.22592163085938,LOS ANGELES,LOS ANGELES,-118.22590637207033,34.053001403808594
92021342,2023,2023-03-17,9550,2023-02-28,2045,023073,NA,2,2,9,1900,0,2,4,NA,1,022,LEFFINGWELL RD,COTEAU DR.,10,W,N,C,-,Y,NA,NA,NA,NA,NA,NA,NA,NA,NA,N,3,0,1,1,A,-,01,23152,A,N,E,I,A,B,H,-,C,A,0,NA,NA,NA,NA,Y,Y,A,01,0,1,0,0,0,0,0,0,0,-,-,33.92251968383789,-118.0306396484375,LOS ANGELES,UNINCORPORATED,-118.03501129150392,33.92154312133789
92021349,2023,2023-03-17,9550,2023-03-05,1440,022900,NA,7,2,6,1949,0,1,1,NA,2,651,I-605 S/B,IMPERIAL HIGHWAY,1800,S,N,B,-,Y,LA,NA,605,NA,R,7.515,H,NA,L,N,4,0,1,2,A,-,08,22107,NA,N,B,C,A,A,H,-,A,D,0,NA,NA,NA,NA,Y,NA,A,07,0,0,1,0,0,0,0,0,0,-,-,33.91202926635742,-118.10504150390624,LOS ANGELES,NORWALK,-118.10503387451172,33.91202926635742
92021352,2023,2023-03-17,9530,2023-03-02,1950,023030,NA,4,2,9,1900,0,3,5,NA,2,002,EL SEGUNDO BLVD. (2600 BLOCK),ALAMEDA ST.,300,W,N,A,-,N,NA,NA,NA,NA,NA,NA,NA,NA,NA,N,2,0,1,2,A,-,08,22102,NA,N,D,C,A,A,H,-,C,D,0,NA,NA,NA,NA,Y,NA,A,07,1,0,0,0,0,0,0,0,0,-,-,33.91617965698242,-118.22451782226564,LOS ANGELES,UNINCORPORATED,-118.2245635986328,33.916168212890625
92021354,2023,2023-03-17,9580,2023-03-12,1159,023224,NA,7,1,7,1942,0,1,2,NA,2,102,US-101 N/B (VENTURA FREEWAY),KESTER AVE,1320,N,N,A,-,Y,NA,NA,NA,NA,NA,NA,NA,NA,NA,N,4,0,1,2,A,-,03,22350,NA,N,C,C,A,A,H,-,A,D,0,NA,NA,NA,NA,Y,NA,A,01,0,0,1,0,0,0,0,0,0,-,-,34.159950256347656,-118.46066284179688,LOS ANGELES,LOS ANGELES,-118.46072387695313,34.15943908691406
92021359,2023,2023-03-17,9580,2023-03-15,2015,019679,NA,3,2,7,1942,0,1,3,NA,2,116,SR-118 W/B (RONALD REAGAN FWY.),OF THE EAST ROAD EDGE OF ROCKY PEAK RD,528,E,N,A,-,Y,LA,NA,118,NA,R,0.191,H,NA,L,Y,3,0,2,4,A,-,08,22107,NA,F,B,C,A,A,H,-,D,D,0,NA,NA,NA,NA,Y,Y,-,99,0,2,0,0,0,0,0,0,0,-,-,34.27177810668945,-118.63102722167967,LOS ANGELES,LOS ANGELES,-118.63106536865234,34.27180862426758
92021362,2023,2023-03-17,9580,2023-03-15,2014,019679,NA,3,2,7,1942,0,1,3,NA,2,116,SR-118 W/B (RONALD REAGAN FWY.),OF THE EAST ROAD EDGE OF ROCKY PEAK RD,1056,E,N,A,-,Y,LA,NA,118,NA,R,0.221,H,NA,L,Y,3,0,1,1,A,-,08,22107,NA,N,E,I,A,B,H,-,D,D,0,NA,NA,NA,NA,Y,NA,A,01,0,1,0,0,0,0,0,0,0,-,-,34.27206039428711,-118.6306381225586,LOS ANGELES,LOS ANGELES,-118.63070678710938,34.27211380004883
92021372,2023,2023-03-17,9550,2023-03-10,1534,023226,NA,5,2,9,1900,0,1,3,NA,2,600,SR-60 W/B,CROSSROADS PARKWAY,3000,E,N,B,C,Y,LA,NA,60,NA,NA,13.202,H,NA,L,Y,3,0,1,1,A,-,03,22350,NA,N,B,C,A,B,H,-,A,D,0,NA,NA,NA,NA,Y,NA,A,01,0,1,0,0,0,0,0,0,0,-,-,34.02878189086914,-118.0026397705078,LOS ANGELES,UNINCORPORATED,-118.00262451171876,34.02884292602539
92021378,2023,2023-03-17,9575,2023-03-14,2150,022526,NA,2,2,6,1925,0,1,3,NA,2,042,SR-134 E/B (VENTURA FREEWAY),CENTRAL AVENUE,380,E,N,B,C,Y,LA,NA,134,NA,R,7.042,H,NA,R,N,4,0,2,2,A,-,07,21658,A,N,B,C,A,B,H,-,C,D,0,NA,NA,NA,Y,Y,NA,G,25,0,0,2,0,0,0,0,0,0,-,-,34.15623092651367,-118.25656127929688,LOS ANGELES,GLENDALE,-118.25656127929688,34.15626907348633
92021405,2023,2023-03-17,9590,2023-03-04,2220,022984,NA,6,3,7,1942,0,1,1,NA,2,063,I-10 W/B (SMF) TO NORMANDIE AVENUE,NORMANIDE AVENUE,20,E,N,A,-,Y,NA,NA,NA,NA,NA,NA,NA,NA,NA,N,4,0,1,3,A,-,03,22350,NA,M,C,C,A,A,H,-,C,D,0,NA,NA,NA,NA,Y,NA,A,01,0,0,1,0,0,0,0,0,0,-,-,34.03752136230469,-118.29989624023438,LOS ANGELES,LOS ANGELES,-118.29989624023438,34.03752136230469
92021414,2023,2023-03-17,9535,2023-03-08,1600,022808,NA,3,2,9,1900,0,1,1,NA,2,072,I-710 NB (LONG BEACH FREEWAY) TO SR-60 (POMONA FRE,3RD ST,681,S,N,A,-,Y,NA,NA,NA,NA,NA,NA,NA,NA,NA,Y,3,0,1,2,A,-,03,22350,NA,N,C,C,A,A,H,-,A,D,0,NA,NA,Y,NA,Y,NA,C,02,0,1,0,0,0,0,0,0,1,-,-,34.031280517578125,-118.17034149169922,LOS ANGELES,UNINCORPORATED,-118.17034149169922,34.031280517578125
92021427,2023,2023-03-17,9525,2023-03-14,1320,019491,NA,2,1,9,1900,0,1,1,NA,2,106,I-10 E/B (SAN BERNARDINO FWY),HOLT AVENUE,2000,E,N,B,C,Y,LA,NA,10,NA,NA,39.674,H,NA,R,Y,4,0,1,2,A,-,03,22350,NA,N,B,C,A,B,H,-,A,D,0,NA,NA,NA,NA,Y,NA,A,07,0,0,1,0,0,0,0,0,0,-,-,34.06829071044922,-117.85336303710938,LOS ANGELES,UNINCORPORATED,-117.85336303710938,34.06831741333008
92021429,2023,2023-03-17,9535,2023-03-08,1823,022338,NA,3,2,9,1900,0,3,5,NA,2,001,MEDFORD STREET,MILLER AVENUE,0,NA,Y,A,-,N,NA,NA,NA,NA,NA,NA,NA,NA,NA,Y,4,0,3,2,A,-,09,21801,A,N,D,C,A,A,H,-,C,D,0,NA,NA,NA,NA,Y,NA,A,07,0,0,3,0,0,0,0,0,0,-,-,34.06084060668945,-118.1799774169922,LOS ANGELES,UNINCORPORATED,-118.17999267578124,34.0607795715332
92021436,2023,2023-03-17,9535,2023-03-06,1705,022142,NA,1,2,4,1962,0,2,S,NA,2,901,E. LAS TUNAS DR.,MUSCATEL AVE.,0,NA,Y,A,-,N,NA,NA,NA,NA,NA,NA,NA,NA,NA,Y,3,0,1,2,A,-,09,21801,A,N,D,C,A,A,H,-,A,A,0,NA,NA,NA,NA,Y,NA,A,08,0,1,0,0,0,0,0,0,0,-,-,34.10340881347656,-118.07727813720705,LOS ANGELES,SAN GABRIEL,-118.07720947265624,34.103492736816406
92021455,2023,2023-03-20,9535,2023-03-09,1340,023264,NA,4,1,5,1943,0,1,1,NA,2,074,I-710 (LONG BEACH FREEWAY) N/B,IMPERIAL HWY,1056,S,N,A,-,Y,LA,NA,710,NA,NA,16.788,H,NA,R,N,4,0,1,2,A,-,03,22350,NA,N,C,C,A,A,H,-,A,D,0,NA,NA,NA,Y,Y,NA,F,26,0,0,1,0,0,0,0,0,0,-,-,33.92805862426758,-118.17822265625,LOS ANGELES,LYNWOOD,-118.17837524414064,33.92802047729492
92021458,2023,2023-03-20,9535,2023-03-09,920,023264,NA,4,1,5,1915,0,1,1,NA,2,075,I-710 (LONG BEACH FREEWAY) S/B,ATLANTIC AVE,442.91,N,N,A,-,Y,LA,NA,710,NA,NA,13.724,H,NA,L,N,4,0,1,2,A,-,07,21658,A,N,B,C,A,A,H,-,A,D,0,NA,NA,NA,NA,Y,NA,A,07,0,0,1,0,0,0,0,0,0,-,-,33.886138916015625,-118.19032287597656,LOS ANGELES,COMPTON,-118.19022369384766,33.8861083984375
92021464,2023,2023-03-20,9565,2023-03-07,1514,023279,NA,2,2,9,1900,0,3,5,NA,2,004,111TH STREET,HAWTHORNE BOULEVARD,52,W,N,A,-,N,NA,NA,NA,NA,NA,NA,NA,NA,NA,N,3,0,1,2,A,-,09,21804,A,N,D,2,A,A,H,-,A,D,0,NA,NA,NA,NA,Y,NA,A,08,0,1,0,0,0,0,0,0,0,-,-,33.93455123901367,-118.35299682617188,LOS ANGELES,UNINCORPORATED,-118.35288238525392,33.93454360961914
92021468,2023,2023-03-20,9575,2023-03-15,2020,023031,NA,3,2,7,1942,0,1,3,NA,2,070,SR-118 E/B (RONALD REAGAN FREEWAY),TELFAIR AVENUE,140,W,N,B,-,Y,LA,NA,118,NA,R,12.11,H,NA,R,N,2,0,1,1,A,-,08,22107,NA,N,E,I,A,A,H,-,C,D,0,NA,NA,NA,NA,Y,NA,A,07,1,0,0,0,0,0,0,0,0,-,-,34.26966094970703,-118.43267059326172,LOS ANGELES,LOS ANGELES,-118.4325942993164,34.269588470458984