CASE_ID,ACCIDENT_YEAR,PROC_DATE,JURIS,COLLISION_DATE,COLLISION_TIME,OFFICER_ID,REPORTING_DISTRICT,DAY_OF_WEEK,CHP_SHIFT,POPULATION,CNTY_CITY_LOC,SPECIAL_COND,BEAT_TYPE,CHP_BEAT_TYPE,CITY_DIVISION_LAPD,CHP_BEAT_CLASS,BEAT_NUMBER,PRIMARY_RD,SECONDARY_RD,DISTANCE,DIRECTION,INTERSECTION,WEATHER_1,WEATHER_2,STATE_HWY_IND,CALTRANS_COUNTY,CALTRANS_DISTRICT,STATE_ROUTE,ROUTE_SUFFIX,POSTMILE_PREFIX,POSTMILE,LOCATION_TYPE,RAMP_INTERSECTION,SIDE_OF_HWY,TOW_AWAY,COLLISION_SEVERITY,NUMBER_KILLED,NUMBER_INJURED,PARTY_COUNT,PRIMARY_COLL_FACTOR,PCF_CODE_OF_VIOL,PCF_VIOL_CATEGORY,PCF_VIOLATION,PCF_VIOL_SUBSECTION,HIT_AND_RUN,TYPE_OF_COLLISION,MVIW,PED_ACTION,ROAD_SURFACE,ROAD_COND_1,ROAD_COND_2,LIGHTING,CONTROL_DEVICE,CHP_ROAD_TYPE,PEDESTRIAN_ACCIDENT,BICYCLE_ACCIDENT,MOTORCYCLE_ACCIDENT,TRUCK_ACCIDENT,NOT_PRIVATE_PROPERTY,ALCOHOL_INVOLVED,STWD_VEHTYPE_AT_FAULT,CHP_VEHTYPE_AT_FAULT,COUNT_SEVERE_INJ,COUNT_VISIBLE_INJ,COUNT_COMPLAINT_PAIN,COUNT_PED_KILLED,COUNT_PED_INJURED,COUNT_BICYCLIST_KILLED,COUNT_BICYCLIST_INJURED,COUNT_MC_KILLED,COUNT_MC_INJURED,PRIMARY_RAMP,SECONDARY_RAMP,LATITUDE,LONGITUDE,COUNTY,CITY,POINT_X,POINT_Y
92027718,2023,2023-03-24,9575,2023-03-15,1352,021006,NA,3,1,9,1900,0,2,4,NA,2,024,WOODBURY ROAD (600 BLOCK),CASITAS AVENUE,0,NA,Y,B,-,N,NA,NA,NA,NA,NA,NA,NA,NA,NA,Y,4,0,1,2,A,-,12,21453,A,N,D,C,A,A,H,-,A,A,0,NA,NA,NA,NA,Y,NA,A,08,0,0,1,0,0,0,0,0,0,-,-,34.183048248291016,-118.16413879394533,LOS ANGELES,UNINCORPORATED,-118.16411590576172,34.18304443359375
92027728,2023,2023-03-24,9530,2023-03-14,1700,021380,NA,2,2,9,1900,0,3,5,NA,2,007,CRENSHAW BOULEVARD (26000 BLOCK),HIDDEN LANE,1045,S,N,C,-,N,NA,NA,NA,NA,NA,NA,NA,NA,NA,Y,2,0,1,1,A,-,03,22350,NA,N,E,I,A,B,H,-,A,D,0,NA,NA,NA,NA,Y,NA,A,01,1,0,0,0,0,0,0,0,0,-,-,33.784969329833984,-118.34706878662108,LOS ANGELES,UNINCORPORATED,-118.34677886962892,33.78480911254883
92027737,2023,2023-03-24,9580,2023-03-21,840,019451,NA,2,1,7,1942,0,1,2,NA,2,105,US-101 S/B (VENTURA FREEWAY),VALLEY CIRCLE BLVD,2000,S,N,B,C,Y,LA,NA,101,NA,NA,27.007,H,NA,L,Y,4,0,2,3,A,-,03,22350,NA,N,B,C,A,B,H,-,A,D,0,NA,NA,NA,NA,Y,NA,A,01,0,0,2,0,0,0,0,0,0,-,-,34.161251068115234,-118.63233184814452,LOS ANGELES,LOS ANGELES,-118.63232421875,34.16123962402344
92027743,2023,2023-03-24,9580,2023-03-23,1434,019679,NA,4,2,7,1942,0,1,3,NA,2,116,SR-118 E/B (RONALD REAGAN FWY.),OF THE WEST ROAD EDGE OF DE SOTO AVE,1000,W,N,A,-,Y,LA,NA,118,NA,R,2.497,H,NA,R,Y,3,0,1,2,A,-,03,22350,NA,N,C,C,A,A,H,-,A,D,0,NA,NA,NA,NA,Y,NA,A,01,0,1,0,0,0,0,0,0,0,-,-,34.273658752441406,-118.59352111816406,LOS ANGELES,LOS ANGELES,-118.59349822998048,34.27373504638672
92027744,2023,2023-03-24,9580,2023-03-17,2315,023101,NA,5,3,7,1942,0,1,3,NA,2,170,SR-170 N/B (HOLLYWOOD FWY.),VICTORY BLVD,300,N,N,A,-,Y,LA,NA,170,NA,R,17.527,H,NA,R,Y,3,0,1,2,A,-,03,22350,NA,F,C,D,A,A,H,-,C,D,0,NA,NA,NA,NA,Y,NA,A,07,0,1,0,0,0,0,0,0,0,-,-,34.19044876098633,-118.40184020996094,LOS ANGELES,LOS ANGELES,-118.40187072753906,34.19044876098633
92027757,2023,2023-03-24,9550,2023-03-15,603,023242,NA,3,1,9,1900,0,1,1,NA,2,651,I-605 NORTHBOUND,FLORENCE AVE,2000,S,N,B,C,Y,LA,NA,605,NA,R,8.907,H,NA,R,N,4,0,1,3,A,-,03,22350,NA,F,C,C,A,B,H,-,B,D,0,NA,NA,NA,NA,Y,NA,-,99,0,0,1,0,0,0,0,0,0,-,-,33.93185043334961,-118.10140228271484,LOS ANGELES,UNINCORPORATED,-118.101318359375,33.931819915771484
92027834,2023,2023-03-24,9545,2023-03-20,2114,021361,NA,1,2,6,1950,0,1,3,NA,2,021,SR-14 N/B,AVENUE O,1056,N,N,A,-,Y,LA,NA,14,NA,R,62.902,H,NA,R,Y,3,0,1,3,A,-,08,22107,NA,N,B,C,A,A,H,-,D,D,0,NA,NA,NA,NA,Y,NA,A,01,0,1,0,0,0,0,0,0,0,-,-,34.619991302490234,-118.15316009521484,LOS ANGELES,PALMDALE,-118.1531219482422,34.619991302490234
92027896,2023,2023-03-24,9590,2023-03-10,443,023035,NA,5,3,7,1942,0,1,1,NA,2,011,SR-110 S/B (ARROYO SECO PARKWAY),YALE PEDESTRIAN CROSSING,80,N,N,C,-,Y,LA,NA,110,NA,NA,24.552,H,NA,L,Y,4,0,1,1,A,-,08,22107,NA,N,E,I,A,B,H,-,D,D,0,NA,NA,NA,Y,Y,NA,G,25,0,0,1,0,0,0,0,0,0,-,-,34.06895065307617,-118.23692321777344,LOS ANGELES,LOS ANGELES,-118.23682403564452,34.06888961791992
92027916,2023,2023-03-24,9590,2023-03-13,830,015575,NA,1,1,7,1942,0,1,1,NA,2,081,I-5 S/B (GOLDEN STATE FREEWAY),4TH STREET,214,S,N,B,-,Y,LA,NA,5,NA,NA,17.552,H,NA,L,N,4,0,1,3,A,-,03,22350,NA,N,C,C,A,A,H,-,A,D,0,NA,NA,NA,Y,Y,NA,F,25,0,0,1,0,0,0,0,0,0,-,-,34.04281997680664,-118.2174072265625,LOS ANGELES,LOS ANGELES,-118.21739196777344,34.04281234741211
92027948,2023,2023-03-24,9550,2023-03-22,1555,022587,NA,3,2,6,1920,0,1,1,NA,2,151,I-105 W/B,COLUMBIA WAY,200,E,N,B,-,Y,LA,NA,105,NA,R,16.181,H,NA,L,N,4,0,2,3,A,-,07,21658,A,N,B,C,A,A,H,-,A,D,0,NA,NA,NA,NA,Y,NA,A,01,0,0,2,0,0,0,0,0,0,-,-,33.91331100463867,-118.13333892822266,LOS ANGELES,DOWNEY,-118.13333892822266,33.91324996948242
92027949,2023,2023-03-24,9575,2023-03-14,1045,022203,NA,2,1,7,1942,0,1,1,NA,2,061,I-210 W/B (FOOTHILL FREEWAY),WHEATLAND AVE,1650,E,N,B,C,Y,LA,NA,210,NA,R,9.827,H,NA,L,N,4,0,5,2,A,-,03,22350,NA,N,E,8,A,B,H,-,A,D,0,NA,NA,NA,NA,Y,NA,A,01,0,0,5,0,0,0,0,0,0,-,-,34.271358489990234,-118.34615325927734,LOS ANGELES,LOS ANGELES,-118.3461456298828,34.271400451660156
92027969,2023,2023-03-24,9565,2023-03-14,100,023177,NA,2,3,9,1900,0,1,1,NA,2,060,I-405 S/B,LENNOX BLVD,645,S,N,A,-,Y,LA,NA,405,NA,NA,21.624,H,NA,L,Y,3,0,1,1,A,-,08,22107,NA,N,E,I,A,A,H,-,D,D,0,NA,NA,NA,NA,Y,NA,A,07,0,1,0,0,0,0,0,0,0,-,-,33.93655014038086,-118.36842346191406,LOS ANGELES,UNINCORPORATED,-118.36849975585938,33.93655014038086
92027977,2023,2023-03-24,9550,2023-03-08,1940,020037,NA,3,2,5,1919,0,1,1,NA,2,652,INTERSTATE 605 NORTHBOUND,SOUTH STREET,1000,N,N,A,-,Y,LA,NA,605,NA,R,3.964,H,NA,R,N,4,0,1,2,A,-,03,22350,NA,M,C,C,A,A,H,-,C,D,0,NA,NA,NA,NA,Y,NA,A,08,0,0,1,0,0,0,0,0,0,-,-,33.8614501953125,-118.0969696044922,LOS ANGELES,CERRITOS,-118.09690856933594,33.8614616394043
92027988,2023,2023-03-24,9565,2023-03-14,1600,021706,NA,2,2,6,1933,0,1,1,NA,2,060,I-405 S/B (SAN DIEGO FREEWAY),MANCHESTER BLVD,550,S,N,C,-,Y,LA,NA,405,NA,NA,23.243,H,NA,L,N,4,0,1,2,A,-,08,22107,NA,N,C,C,A,B,H,-,A,D,0,NA,NA,NA,NA,Y,NA,A,01,0,0,1,0,0,0,0,0,0,-,-,33.959991455078125,-118.36953735351564,LOS ANGELES,INGLEWOOD,-118.36945343017578,33.959991455078125
92027997,2023,2023-03-24,9550,2023-03-15,1340,023193,NA,3,1,7,1941,0,1,1,NA,2,653,I-605 N/B,WARDLOW RD.,900,S,N,B,-,Y,LA,NA,605,NA,R,0.615,H,NA,R,Y,4,0,1,2,A,-,07,21658,A,N,B,C,A,B,H,-,A,D,0,NA,NA,NA,NA,Y,NA,A,01,0,0,1,0,0,0,0,0,0,-,-,33.815189361572266,-118.08141326904295,LOS ANGELES,LONG BEACH,-118.0813217163086,33.815189361572266
92027999,2023,2023-03-24,9565,2023-03-14,2330,021951,NA,2,3,7,1942,0,1,1,NA,2,064,I-405 S/B (SAN DIEGO FWY),GETTY CENTER DRIVE,1985,N,N,B,C,Y,LA,NA,405,NA,NA,34.6,H,NA,L,Y,4,0,1,1,A,-,03,22350,NA,N,E,I,A,B,H,-,D,D,0,NA,NA,NA,NA,Y,Y,A,01,0,0,1,0,0,0,0,0,0,-,-,34.09408187866211,-118.47621154785156,LOS ANGELES,LOS ANGELES,-118.47620391845705,34.09408187866211
92028001,2023,2023-03-24,9535,2023-03-14,745,022011,NA,2,1,4,1907,0,1,1,NA,2,072,I-710 (LONG BEACH FREEWAY) N/B,GAGE AVE.,605,N,N,B,-,Y,LA,NA,710,NA,NA,20.381,H,NA,R,N,4,0,1,2,D,-,00,NA,NA,N,C,C,A,A,H,-,A,D,0,NA,NA,NA,NA,Y,NA,-,-,0,0,1,0,0,0,0,0,0,-,-,33.97758102416992,-118.16735076904295,LOS ANGELES,BELL,-118.16732025146484,33.97758102416992
92028005,2023,2023-03-24,9535,2023-03-13,1424,022298,NA,1,2,5,1943,0,1,1,NA,2,105,I-105 WESTBOUND (CENTURY FREEWAY),I-710 (LONG BEACH FREEWAY),145,W,N,A,-,Y,LA,NA,105,NA,R,13.419,H,NA,L,Y,3,0,2,2,A,-,03,22350,NA,N,C,C,A,A,H,-,A,D,0,NA,NA,NA,NA,Y,NA,A,01,0,1,1,0,0,0,0,0,0,-,-,33.913230895996094,-118.18073272705078,LOS ANGELES,LYNWOOD,-118.18070220947266,33.91328048706055
92028024,2023,2023-03-24,9590,2023-03-14,1414,022417,NA,2,2,7,1942,0,1,3,NA,2,095,SR-2 W/B (GLENDALE FREEWAY),COLORADO BLVD,10,W,N,C,-,Y,LA,NA,2,NA,R,18.514,H,NA,L,N,4,0,1,1,A,-,08,22107,NA,N,E,I,A,B,H,-,A,D,0,NA,NA,NA,NA,Y,NA,A,01,0,0,1,0,0,0,0,0,0,-,-,34.14250183105469,-118.22776794433594,LOS ANGELES,LOS ANGELES,-118.2276611328125,34.142478942871094
92028038,2023,2023-03-24,9535,2023-03-15,2125,023022,NA,3,2,9,1900,0,2,4,NA,2,022,OLYMPIC BLVD,EASTERN AVE,0,NA,Y,A,-,N,NA,NA,NA,NA,NA,NA,NA,NA,NA,Y,3,0,2,2,A,-,09,21801,A,N,A,C,A,A,H,-,C,A,0,NA,NA,NA,NA,Y,NA,D,22,0,1,1,0,0,0,0,0,0,-,-,34.01887893676758,-118.1738510131836,LOS ANGELES,UNINCORPORATED,-118.17390441894533,34.0189094543457
92028053,2023,2023-03-24,9550,2023-03-18,1340,022895,NA,6,1,3,1903,0,1,3,NA,2,092,SR-91 W/B,PIONEER BOULEVARD,600,E,N,A,-,Y,LA,NA,91,NA,R,18.222,H,NA,L,Y,4,0,1,3,A,-,03,22350,NA,N,C,C,A,A,H,-,A,D,0,NA,NA,NA,NA,Y,NA,A,07,0,0,1,0,0,0,0,0,0,-,-,33.87662124633789,-118.08020782470705,LOS ANGELES,ARTESIA,-118.08020782470705,33.87651824951172
92028060,2023,2023-03-24,9590,2023-03-14,2150,023151,NA,2,2,7,1942,0,1,1,NA,2,013,SR-110 S/B (ARROYO SECO PARKWAY),YORK BOULEVARD,2550,N,N,B,C,Y,LA,NA,110,NA,NA,29.99,H,NA,L,N,4,0,1,1,A,-,08,22107,NA,N,E,I,A,B,H,-,D,D,0,NA,NA,NA,NA,Y,NA,A,01,0,0,1,0,0,0,0,0,0,-,-,34.116920471191406,-118.17027282714844,LOS ANGELES,LOS ANGELES,-118.17030334472656,34.116947174072266
92028096,2023,2023-03-24,9535,2023-03-15,1220,022017,NA,3,1,3,1914,0,1,1,NA,2,500,INTERSTATE 5 N/B (SANTA ANA FREEWAY),WASHINGTON BOULEVARD,1000,S,N,B,-,Y,LA,NA,5,NA,NA,11.466,H,NA,R,Y,4,0,1,2,A,-,03,22350,NA,N,C,C,A,B,H,-,A,D,0,NA,NA,NA,NA,Y,NA,A,01,0,0,1,0,0,0,0,0,0,-,-,33.99406814575195,-118.14373016357422,LOS ANGELES,COMMERCE,-118.14369964599608,33.99408721923828
92028099,2023,2023-03-24,9530,2023-03-21,1420,017860,NA,2,2,7,1941,0,1,1,NA,2,420,I-405 S/B (SAN DIEGO FREEWAY),SPRING ST.,490,S,N,B,-,Y,LA,NA,405,NA,NA,4.495,H,NA,L,N,3,0,1,1,C,-,18,NA,NA,N,H,A,A,A,H,-,A,D,0,NA,NA,NA,NA,Y,NA,-,-,0,1,0,0,0,0,0,0,0,-,-,33.81150817871094,-118.16158294677734,LOS ANGELES,LONG BEACH,-118.1615982055664,33.811485290527344
92028108,2023,2023-03-24,9550,2023-03-14,1115,018187,NA,2,1,9,1900,0,3,5,NA,2,002,MEYER RD,LELAND AVE,0,NA,Y,B,C,N,NA,NA,NA,NA,NA,NA,NA,NA,NA,N,4,0,1,2,A,-,03,22350,NA,N,D,C,A,B,H,-,A,A,0,NA,NA,NA,NA,Y,NA,A,07,0,0,1,0,0,0,0,0,0,-,-,33.922508239746094,-118.04208374023438,LOS ANGELES,UNINCORPORATED,-118.04200744628906,33.922420501708984
92028110,2023,2023-04-03,9575,2023-03-16,1710,021006,NA,4,2,6,1953,0,1,1,NA,2,063,I-210 E/B (FOOTHILL FREEWAY),HAMMOND STREET UNDERCROSSING,750,W,N,A,-,Y,LA,NA,210,NA,R,23.728,H,NA,R,Y,4,0,3,2,A,-,03,22350,NA,N,C,C,A,A,A,-,A,D,0,NA,NA,NA,NA,Y,NA,A,01,0,0,3,0,0,0,0,0,0,-,-,34.16714096069336,-118.15817260742188,LOS ANGELES,PASADENA,-118.15814208984376,34.167137145996094
92028117,2023,2023-03-24,9535,2023-03-11,320,022214,NA,6,3,5,1947,0,1,3,NA,2,600,SR-60 E/B (POMONA FREEWAY),WILCOX AVE.,200,E,N,B,C,Y,LA,NA,60,NA,R,5.948,H,NA,R,Y,4,0,3,2,A,-,03,22350,NA,N,C,2,A,B,H,-,D,D,0,NA,NA,NA,NA,Y,NA,A,01,0,0,3,0,0,0,0,0,0,-,-,34.033111572265625,-118.12435913085938,LOS ANGELES,MONTEBELLO,-118.12435913085938,34.03311538696289
92028128,2023,2023-03-24,9590,2023-03-14,2300,023151,NA,2,3,7,1942,0,1,1,NA,2,084,I-5 N/B (GOLDEN STATE FREEWAY),COLORADO STREET,360,S,N,C,-,Y,LA,NA,5,NA,NA,25.748,H,NA,R,N,3,0,2,3,A,-,03,22350,NA,N,C,C,A,B,H,-,D,D,0,NA,NA,NA,NA,Y,NA,A,07,0,2,0,0,0,0,0,0,0,-,-,34.14038848876953,-118.2773666381836,LOS ANGELES,LOS ANGELES,-118.2773666381836,34.1403923034668
92028129,2023,2023-03-24,9535,2023-03-08,930,023264,NA,3,1,9,1900,0,2,4,NA,2,022,OLYMPIC BLVD (4000 BLOCK),FERRIS AVE,0,NA,Y,A,-,N,NA,NA,NA,NA,NA,NA,NA,NA,NA,N,4,0,1,2,A,-,12,21453,A,N,D,2,A,A,H,-,A,A,0,NA,NA,NA,NA,Y,NA,A,01,0,0,1,0,0,0,0,0,0,-,-,34.0175895690918,-118.1647491455078,LOS ANGELES,UNINCORPORATED,-118.16486358642578,34.01762390136719
92028139,2022,2023-03-24,9575,2022-11-05,0847,021394,NA,6,1,9,1900,0,2,4,NA,2,320,ANGELES FOREST HIGHWAY,COUNTY FIRE MARKER 22.82,82,N,N,A,-,N,NA,NA,NA,NA,NA,NA,NA,NA,NA,Y,1,1,0,2,A,-,03,22350,NA,N,E,J,A,A,B,-,A,D,0,NA,NA,Y,NA,Y,NA,C,02,0,0,0,0,0,0,0,1,0,-,-,34.28697967529297,-118.18076324462892,LOS ANGELES,UNINCORPORATED,NA,NA
92028145,2023,2023-03-24,9535,2023-03-14,1800,021809,NA,2,2,5,1906,0,1,1,NA,2,650,I-605 N/B (SAN GABRIEL RIVER FREEWAY),I-10 E/B,1000,S,N,B,C,Y,LA,NA,605,NA,R,19.697,H,NA,R,Y,4,0,2,5,A,-,03,22350,NA,N,C,C,A,B,H,-,A,D,0,NA,NA,NA,NA,Y,NA,D,22,0,0,2,0,0,0,0,0,0,-,-,34.058170318603516,-118.00198364257813,LOS ANGELES,BALDWIN PARK,-118.00199127197266,34.05817413330078
92028184,2023,2023-03-24,9550,2023-03-16,1355,022909,NA,4,1,5,1969,0,1,1,NA,2,151,I-105 EB,PARAMOUNT BLVD,400,W,N,A,-,Y,LA,NA,105,NA,R,14.558,H,NA,R,N,4,0,1,2,A,-,08,22107,NA,N,C,C,A,A,H,-,A,D,0,NA,NA,NA,Y,Y,NA,A,01,0,0,1,0,0,0,0,0,0,-,-,33.911529541015625,-118.16152191162108,LOS ANGELES,SOUTH GATE,-118.16153717041016,33.911651611328125
92028194,2023,2023-03-24,9575,2023-03-14,2010,023204,NA,2,2,7,1942,0,1,3,NA,2,041,SR-134 W/B (VENTURA FREEWAY),HARVEY DRIVE,345,E,N,C,-,Y,LA,NA,134,NA,R,8.91,H,NA,L,Y,3,0,1,1,A,-,03,22350,NA,N,E,8,A,B,H,-,D,D,0,NA,NA,NA,NA,Y,NA,A,01,0,1,0,0,0,0,0,0,0,-,-,34.14727020263672,-118.22724151611328,LOS ANGELES,LOS ANGELES,-118.227294921875,34.147186279296875
92028197,2023,2023-03-24,9535,2023-03-10,1255,023264,NA,5,1,9,1900,0,2,4,NA,2,016,1ST STREET (3000 BLOCK),HERBERT AVE,0,NA,Y,B,C,N,NA,NA,NA,NA,NA,NA,NA,NA,NA,Y,4,0,3,3,A,-,09,21804,A,N,D,C,A,B,H,-,A,A,0,NA,NA,NA,NA,Y,NA,A,01,0,0,3,0,0,0,0,0,0,-,-,34.036041259765625,-118.18344879150392,LOS ANGELES,UNINCORPORATED,-118.18345642089844,34.03603744506836
92028266,2023,2023-03-24,9590,2023-03-23,708,019008,NA,4,1,7,1942,0,1,3,NA,2,095,SR-2 WESTBOUND (GLENDALE FREEWAY),SAN FERNANDO ROAD,300,W,N,B,-,Y,LA,NA,2,NA,NA,15.952,H,NA,L,N,4,0,1,2,A,-,03,22350,NA,N,C,C,A,A,H,-,A,D,0,NA,NA,NA,NA,Y,NA,A,01,0,0,1,0,0,0,0,0,0,-,-,34.11281967163086,-118.24526214599608,LOS ANGELES,LOS ANGELES,-118.24520874023438,34.11275863647461
92028291,2023,2023-03-24,9575,2023-03-12,1825,023071,NA,7,2,7,1942,0,1,1,NA,2,061,I-210 E/B (FOOTHILL FREEWAY),SUNLAND BLVD.,7920,E,N,A,-,Y,LA,NA,210,NA,R,12.585,H,NA,R,Y,3,0,3,1,A,-,08,22107,NA,N,E,I,A,A,H,-,A,D,0,NA,NA,NA,NA,Y,NA,D,22,0,3,0,0,0,0,0,0,0,-,-,34.242488861083984,-118.31617736816406,LOS ANGELES,LOS ANGELES,-118.31613159179688,34.242584228515625
92028329,2023,2023-03-27,9565,2023-03-14,956,022764,NA,2,1,9,1900,0,2,4,NA,2,021,VERMONT AVE S/B,92ND ST,15,N,N,C,-,N,NA,NA,NA,NA,NA,NA,NA,NA,NA,Y,4,0,1,3,A,-,03,22350,NA,N,C,C,A,B,H,-,A,A,0,NA,NA,NA,NA,Y,NA,A,01,0,0,1,0,0,0,0,0,0,-,-,33.95294952392578,-118.29187774658205,LOS ANGELES,UNINCORPORATED,-118.29190063476564,33.95283126831055
92028330,2023,2023-03-27,9565,2023-03-14,2300,022576,NA,2,3,5,1965,0,1,1,NA,2,081,I-10 W/B,11TH ST,375,W,N,C,-,Y,LA,NA,10,NA,R,2.304,H,NA,L,N,4,0,2,2,A,-,08,22107,NA,F,B,2,A,B,H,-,D,D,0,NA,NA,NA,NA,Y,NA,A,01,0,0,2,0,0,0,0,0,0,-,-,34.016178131103516,-118.48390197753906,LOS ANGELES,SANTA MONICA,-118.48388671875,34.01616287231445
92028517,2023,2023-03-27,9575,2023-03-16,1715,023204,NA,4,2,6,1953,0,1,1,NA,2,064,I-210 E/B (FOOTHILL FREEWAY),HILL AVENUE,634,E,N,A,-,Y,LA,NA,210,NA,R,27.089,H,NA,R,N,4,0,1,2,A,-,03,22350,NA,N,C,C,A,A,H,-,A,D,0,NA,NA,NA,NA,Y,NA,A,01,0,0,1,0,0,0,0,0,0,-,-,34.152198791503906,-118.11907958984376,LOS ANGELES,PASADENA,-118.11907958984376,34.15218734741211
92028518,2023,2023-03-27,9575,2023-03-07,2057,023204,NA,2,2,6,1953,0,1,1,NA,2,063,I-210 E/B TO ARROYO BOULEVARD,ARROYO BLVD,30,W,N,A,-,Y,NA,NA,NA,NA,NA,NA,NA,NA,NA,N,4,0,1,2,A,-,03,22350,NA,M,C,C,A,A,H,-,C,A,0,NA,NA,NA,NA,Y,NA,A,01,0,0,1,0,0,0,0,0,0,-,-,34.18088150024414,-118.16934967041016,LOS ANGELES,PASADENA,-118.16934967041016,34.18088150024414
92028523,2023,2023-03-27,9575,2023-03-15,1518,023031,NA,3,2,7,1942,0,1,1,NA,2,052,I-5 N/B (GOLDEN STATE FREEWAY),TUXFORD STREET,300,N,N,B,-,Y,LA,NA,5,NA,NA,34.73,H,NA,R,Y,3,0,1,1,A,-,08,22107,NA,N,E,I,A,A,H,-,A,D,0,NA,NA,NA,NA,Y,NA,A,01,0,1,0,0,0,0,0,0,0,-,-,34.22673034667969,-118.38323211669922,LOS ANGELES,LOS ANGELES,-118.38322448730467,34.226646423339844
92028564,2023,2023-03-27,9525,2023-03-20,1020,021838,NA,1,1,6,1955,0,1,1,NA,2,107,I-10 W/B (SAN BERNARDINO FWY),FAIRPLEX DR.,300,E,N,C,-,Y,LA,NA,10,NA,NA,43.854,H,NA,L,Y,4,0,1,2,A,-,03,22350,NA,N,C,C,A,B,H,-,A,D,0,NA,NA,NA,Y,Y,NA,A,01,0,0,1,0,0,0,0,0,0,-,-,34.07304000854492,-117.78410339355467,LOS ANGELES,POMONA,-117.78410339355467,34.07297134399414
92028566,2023,2023-03-27,9525,2023-03-20,958,020552,NA,1,1,9,1900,0,3,5,NA,2,004,TEMPLE AVE,SUNSET AVE,0,NA,Y,B,-,N,NA,NA,NA,NA,NA,NA,NA,NA,NA,N,3,0,1,2,D,-,00,NA,NA,N,D,C,A,B,H,-,A,A,0,NA,NA,NA,NA,Y,NA,-,-,0,1,0,0,0,0,0,0,0,-,-,34.04072189331055,-117.96800231933594,LOS ANGELES,UNINCORPORATED,-117.96805572509766,34.04068374633789
92028568,2023,2023-03-27,9525,2023-03-20,1255,020552,NA,1,1,9,1900,0,3,5,NA,2,003,VALLEY BLVD,LA SEDA RD,0,NA,Y,B,-,N,NA,NA,NA,NA,NA,NA,NA,NA,NA,Y,4,0,1,2,A,-,12,21453,A,N,D,C,A,B,H,-,A,A,0,NA,NA,NA,NA,Y,NA,A,01,0,0,1,0,0,0,0,0,0,-,-,34.00481033325195,-117.89836883544922,LOS ANGELES,UNINCORPORATED,-117.89836120605467,34.00467300415039
92028571,2023,2023-03-27,9525,2023-03-25,925,020216,NA,6,1,9,1900,0,1,3,NA,1,024,ARROW HWY. FRONTAGE RD. (17100 BLOCK),BANEWELL AVE.,3,E,N,A,-,N,NA,NA,NA,NA,NA,NA,NA,NA,NA,N,4,0,2,2,A,-,21,22106,NA,N,B,C,A,A,H,-,A,D,0,NA,NA,NA,NA,Y,NA,D,22,0,0,2,0,0,0,0,0,0,-,-,34.1071891784668,-117.91333770751952,LOS ANGELES,UNINCORPORATED,NA,NA
92028572,2023,2023-03-27,9525,2023-03-20,1435,022194,NA,1,2,4,1905,0,1,1,NA,2,204,I-210 W/B (FOOTHILL FREEWAY),AZUSA AVE,1000,W,N,B,-,Y,LA,NA,210,NA,R,39.379,H,NA,L,Y,4,0,1,3,A,-,03,22350,NA,M,C,C,A,A,H,-,A,D,0,NA,NA,NA,NA,Y,NA,A,01,0,0,1,0,0,0,0,0,0,-,-,34.121578216552734,-117.91114807128906,LOS ANGELES,AZUSA,-117.91105651855467,34.121700286865234
92028573,2023,2023-03-27,9525,2023-03-19,1955,022194,NA,7,2,4,1960,0,1,1,NA,2,207,SR-210 W/B (FOOTHILL FREEWAY),SAN DIMAS AVE,1500,E,N,C,-,Y,LA,NA,210,NA,R,44.985,H,NA,L,Y,4,0,2,2,A,-,07,21658,A,N,C,C,A,B,H,-,C,D,0,NA,NA,NA,Y,Y,NA,G,27,0,0,2,0,0,0,0,0,0,-,-,34.119930267333984,-117.81564331054688,LOS ANGELES,SAN DIMAS,-117.81564331054688,34.11992645263672
92028575,2023,2023-03-27,9525,2023-03-24,1350,021779,NA,5,1,4,1913,0,1,1,NA,2,210,SR-210 E/B (FOOTHILL FWY),MONTE VISTA AVE.,150,W,N,A,-,Y,LA,NA,210,NA,R,51.687,H,NA,R,Y,4,0,1,3,A,-,07,21658,A,N,B,C,A,A,H,-,A,D,0,NA,NA,NA,NA,Y,NA,A,08,0,0,1,0,0,0,0,0,0,-,-,34.12028884887695,-117.69901275634766,LOS ANGELES,CLAREMONT,-117.69904327392578,34.120391845703125
92028579,2023,2023-03-27,9525,2023-03-25,10,022772,NA,6,3,9,1900,0,3,5,NA,2,002,IRWINDALE AVE,SAN BERNARDINO RD.,0,NA,Y,A,-,N,NA,NA,NA,NA,NA,NA,NA,NA,NA,Y,4,0,1,2,A,-,09,21801,A,N,A,C,A,A,H,-,C,A,0,NA,NA,NA,NA,Y,NA,A,01,0,0,1,0,0,0,0,0,0,-,-,34.08980941772461,-117.93409729003906,LOS ANGELES,UNINCORPORATED,-117.93423461914064,34.089778900146484
92028775,2023,2023-03-27,9575,2023-03-18,2000,022940,NA,6,2,6,1912,0,1,3,NA,2,044,SR-134 E/B (VENTURA FREEWAY),PASS AVE.,1792,W,N,A,-,Y,LA,NA,134,NA,NA,1.471,H,NA,R,N,4,0,1,2,A,-,03,22350,NA,N,C,C,A,A,H,-,C,D,0,NA,NA,NA,NA,Y,NA,A,01,0,0,1,0,0,0,0,0,0,-,-,34.15324020385742,-118.35099029541016,LOS ANGELES,BURBANK,-118.35099029541016,34.15322494506836