CASE_ID,ACCIDENT_YEAR,PROC_DATE,JURIS,COLLISION_DATE,COLLISION_TIME,OFFICER_ID,REPORTING_DISTRICT,DAY_OF_WEEK,CHP_SHIFT,POPULATION,CNTY_CITY_LOC,SPECIAL_COND,BEAT_TYPE,CHP_BEAT_TYPE,CITY_DIVISION_LAPD,CHP_BEAT_CLASS,BEAT_NUMBER,PRIMARY_RD,SECONDARY_RD,DISTANCE,DIRECTION,INTERSECTION,WEATHER_1,WEATHER_2,STATE_HWY_IND,CALTRANS_COUNTY,CALTRANS_DISTRICT,STATE_ROUTE,ROUTE_SUFFIX,POSTMILE_PREFIX,POSTMILE,LOCATION_TYPE,RAMP_INTERSECTION,SIDE_OF_HWY,TOW_AWAY,COLLISION_SEVERITY,NUMBER_KILLED,NUMBER_INJURED,PARTY_COUNT,PRIMARY_COLL_FACTOR,PCF_CODE_OF_VIOL,PCF_VIOL_CATEGORY,PCF_VIOLATION,PCF_VIOL_SUBSECTION,HIT_AND_RUN,TYPE_OF_COLLISION,MVIW,PED_ACTION,ROAD_SURFACE,ROAD_COND_1,ROAD_COND_2,LIGHTING,CONTROL_DEVICE,CHP_ROAD_TYPE,PEDESTRIAN_ACCIDENT,BICYCLE_ACCIDENT,MOTORCYCLE_ACCIDENT,TRUCK_ACCIDENT,NOT_PRIVATE_PROPERTY,ALCOHOL_INVOLVED,STWD_VEHTYPE_AT_FAULT,CHP_VEHTYPE_AT_FAULT,COUNT_SEVERE_INJ,COUNT_VISIBLE_INJ,COUNT_COMPLAINT_PAIN,COUNT_PED_KILLED,COUNT_PED_INJURED,COUNT_BICYCLIST_KILLED,COUNT_BICYCLIST_INJURED,COUNT_MC_KILLED,COUNT_MC_INJURED,PRIMARY_RAMP,SECONDARY_RAMP,LATITUDE,LONGITUDE,COUNTY,CITY,POINT_X,POINT_Y
92029525,2023,2023-03-27,9550,2023-03-23,1631,023226,NA,4,2,5,1908,0,1,3,NA,2,091,SR-91 E/B,BELLFLOWER BOULEVARD,400,E,N,A,-,Y,LA,NA,91,NA,R,15.879,H,NA,R,N,4,0,1,3,A,-,03,22350,NA,N,C,C,A,A,H,-,A,D,0,NA,NA,NA,NA,Y,NA,A,07,0,0,1,0,0,0,0,0,0,-,-,33.87602996826172,-118.1208724975586,LOS ANGELES,BELLFLOWER,-118.12086486816406,33.87611389160156
92029579,2023,2023-03-27,9535,2023-03-16,735,022017,NA,4,1,6,1922,0,1,1,NA,2,401,INTERSTATE 10 W/B (SAN BERNARDINO FREEWAY),PECK ROAD,1000,E,N,B,-,Y,LA,NA,10,NA,NA,30.156,H,NA,L,N,4,0,1,2,A,-,07,21658,A,M,B,C,A,A,H,-,A,D,0,NA,NA,NA,NA,Y,NA,-,99,0,0,1,0,0,0,0,0,0,-,-,34.065948486328125,-118.01709747314452,LOS ANGELES,EL MONTE,-118.01707458496094,34.06599807739258
92029580,2023,2023-03-27,9590,2023-03-16,1905,022369,NA,4,2,7,1942,0,1,1,NA,2,053,I-110 S/B,1ST STREET,200,N,N,A,-,Y,LA,NA,110,NA,NA,23.367,H,NA,L,N,4,0,2,2,A,-,03,22350,NA,N,C,C,A,A,H,-,C,D,0,NA,NA,NA,NA,Y,NA,D,22,0,0,2,0,0,0,0,0,0,-,-,34.0589485168457,-118.25332641601564,LOS ANGELES,LOS ANGELES,-118.25327301025392,34.05890655517578
92029587,2023,2023-03-27,9530,2023-03-18,1230,022930,NA,6,1,9,1900,0,1,1,NA,2,120,I-110 N/B (HARBOR FREEWAY),SEPULVEDA BLVD.,1000,S,N,A,-,Y,LA,NA,110,NA,NA,5.217,H,NA,R,N,2,0,1,2,A,-,03,22350,NA,N,C,C,A,A,H,-,A,D,0,NA,NA,Y,Y,Y,NA,C,02,1,0,0,0,0,0,0,0,1,-,-,33.80556106567383,-118.28832244873048,LOS ANGELES,UNINCORPORATED,-118.2882843017578,33.8055534362793
92029596,2023,2023-03-27,9535,2023-03-16,1720,021931,NA,4,2,5,1959,0,1,1,NA,2,400,I-10 E/B,SAN GABRIEL BLVD,1056,W,N,A,-,Y,LA,NA,10,NA,NA,25.478,H,NA,R,Y,4,0,1,3,A,-,03,22350,NA,N,C,C,A,D,H,-,A,D,0,NA,NA,NA,Y,Y,NA,G,25,0,0,1,0,0,0,0,0,0,-,-,34.07175064086914,-118.09706115722656,LOS ANGELES,ROSEMEAD,-118.09706115722656,34.07176971435547
92029597,2023,2023-03-27,9590,2023-03-15,1245,017733,NA,3,1,7,1942,0,1,1,NA,2,012,SR-110 N/B (ARROYO SECO PARKWAY),AVENUE 52,180,N,N,B,C,Y,LA,NA,110,NA,NA,28.085,H,NA,R,N,4,0,1,1,A,-,03,22350,NA,N,E,I,A,B,H,-,A,D,0,NA,NA,NA,NA,Y,NA,A,07,0,0,1,0,0,0,0,0,0,-,-,34.10292053222656,-118.19566345214844,LOS ANGELES,LOS ANGELES,-118.19566345214844,34.10285949707031
92029606,2023,2023-03-27,9530,2023-03-19,1925,023030,NA,7,2,9,1900,0,3,5,NA,2,001,FIRESTONE BLVD. (1600 BLOCK),GRAHAM AVE.,45,W,N,B,C,N,NA,NA,NA,NA,NA,NA,NA,NA,NA,N,4,0,1,2,A,-,03,22350,NA,F,C,C,A,B,H,-,C,A,0,NA,NA,NA,NA,Y,NA,-,99,0,0,1,0,0,0,0,0,0,-,-,33.96010971069336,-118.24329376220705,LOS ANGELES,UNINCORPORATED,-118.24324798583984,33.96015167236328
92029623,2022,2023-03-27,9530,2022-10-05,2500,022676,NA,3,4,7,1941,0,1,3,NA,1,470,SR-103 N/B TO PACIFIC COAST HWY E/B,SR-103,405,E,N,A,-,Y,LA,NA,1,NA,NA,8.242,H,NA,L,N,1,1,0,2,A,-,00,21960,A,F,G,B,E,A,H,-,C,D,0,Y,NA,NA,NA,Y,NA,N,60,0,0,0,1,0,0,0,0,0,-,-,33.789710998535156,-118.22354125976564,LOS ANGELES,LONG BEACH,-118.22354125976564,33.78982162475586
92029643,2023,2023-03-27,9530,2023-03-19,910,023048,NA,7,1,9,1900,0,3,5,NA,2,002,92ND ST.,ALAMEDA ST.,0,NA,Y,B,-,N,NA,NA,NA,NA,NA,NA,NA,NA,NA,Y,2,0,2,2,A,-,12,21453,A,N,D,C,A,A,H,-,A,A,0,NA,NA,NA,NA,Y,NA,-,-,1,0,1,0,0,0,0,0,0,-,-,33.9532585144043,-118.23021697998048,LOS ANGELES,UNINCORPORATED,-118.22963714599608,33.95330810546875
92029647,2023,2023-03-27,9575,2023-03-18,1159,023009,NA,6,1,7,1942,0,1,1,NA,2,053,I-5 N/B (GOLDEN STATE FREEWAY),VAN NUYS BLVD.,662,N,N,A,-,Y,LA,NA,5,NA,NA,38.652,H,NA,R,N,4,0,1,2,A,-,03,22350,NA,N,C,C,A,A,H,-,A,D,0,NA,NA,NA,NA,Y,NA,A,01,0,0,1,0,0,0,0,0,0,-,-,34.25825119018555,-118.43643951416016,LOS ANGELES,LOS ANGELES,-118.43651580810548,34.25819396972656
92029657,2023,2023-03-27,9540,2023-03-24,1440,019232,NA,5,2,9,1900,0,1,3,NA,1,144,SR-14 N/B,GOLDEN VALLEY RD,500,S,N,A,-,Y,LA,NA,14,NA,R,29.229,H,NA,R,Y,4,0,1,2,A,-,03,22350,NA,N,C,C,A,A,H,-,A,D,0,NA,NA,NA,NA,Y,NA,A,01,0,0,1,0,0,0,0,0,0,-,-,34.38853073120117,-118.47885131835938,LOS ANGELES,UNINCORPORATED,-118.47897338867188,34.388633728027344
92029709,2022,2023-07-13,9530,2022-11-24,2325,022531,NA,4,3,9,1900,0,3,5,NA,2,002,154TH ST. (700 BLOCK),TARRANT AVE.,259,E,N,A,-,N,NA,NA,NA,NA,NA,NA,NA,NA,NA,Y,1,1,2,4,A,-,01,23152,A,N,E,I,A,A,H,-,C,D,0,NA,NA,NA,NA,Y,Y,A,01,1,1,0,0,0,0,0,0,0,-,-,33.892208099365234,-118.2626495361328,LOS ANGELES,UNINCORPORATED,-118.26271057128906,33.8922004699707
92029724,2023,2023-03-27,9540,2023-03-19,1103,022385,NA,7,1,9,1900,0,2,4,NA,2,010,THE OLD ROAD,PICO CANYON ROAD,0,NA,Y,B,-,N,NA,NA,NA,NA,NA,NA,NA,NA,NA,Y,4,0,2,2,A,-,09,21453,C,N,D,C,A,A,H,-,A,A,0,NA,NA,NA,NA,Y,NA,A,01,0,0,2,0,0,0,0,0,0,-,-,34.38103103637695,-118.57083129882813,LOS ANGELES,UNINCORPORATED,-118.57086944580078,34.38106918334961
92029731,2023,2023-03-27,9535,2023-03-17,1240,023264,NA,5,1,3,1914,0,1,1,NA,2,500,I-5 N/B (SANTA ANA FREEWAY),WASHINGTON BLVD,223,S,N,A,-,Y,NA,NA,NA,NA,NA,NA,NA,NA,NA,N,4,0,2,2,A,-,03,22350,NA,N,C,C,A,A,H,-,A,D,0,NA,NA,NA,NA,Y,NA,A,01,0,0,2,0,0,0,0,0,0,-,-,33.994659423828125,-118.14589691162108,LOS ANGELES,COMMERCE,-118.14425659179688,33.994693756103516
92029869,2023,2023-03-27,9550,2023-03-16,1950,023226,NA,4,2,9,1900,0,3,5,NA,2,005,BATSON AVENUE,COLIMA ROAD,797,S,N,A,-,N,NA,NA,NA,NA,NA,NA,NA,NA,NA,N,4,0,1,2,A,-,09,21804,A,N,C,C,A,A,H,-,C,D,0,NA,NA,NA,NA,Y,NA,A,01,0,0,1,0,0,0,0,0,0,-,-,33.98579025268555,-117.90389251708984,LOS ANGELES,UNINCORPORATED,-117.9039306640625,33.986087799072266
92029876,2023,2023-03-27,9535,2023-03-16,1115,022017,NA,4,1,6,1922,0,1,1,NA,2,401,INTERSTATE 10 W/B (SAN BERNARDINO FREEWAY),SANTA ANITA AVENUE,1000,W,N,B,-,Y,LA,NA,10,NA,NA,28.372,H,NA,L,Y,4,0,1,4,A,-,03,22350,NA,N,C,C,A,A,H,-,A,D,0,NA,NA,NA,NA,Y,NA,A,01,0,0,1,0,0,0,0,0,0,-,-,34.07025146484375,-118.04714965820313,LOS ANGELES,EL MONTE,-118.04710388183594,34.07032012939453
92029894,2023,2023-03-27,9550,2023-03-16,2040,021100,NA,4,2,9,1900,0,1,3,NA,2,601,SR-60 EB FROM AZUSA AVE. SB,AZUSA AVE.,200,W,N,A,-,Y,LA,NA,60,NA,NA,17.928,H,NA,R,Y,3,0,1,1,A,-,08,22107,NA,N,E,I,A,A,H,-,C,D,0,NA,NA,NA,Y,Y,NA,G,25,0,1,0,0,0,0,0,0,0,-,-,33.99687957763672,-117.93196105957033,LOS ANGELES,UNINCORPORATED,-117.9319305419922,33.997013092041016
92029910,2023,2023-03-27,9535,2023-03-15,2115,022269,NA,3,2,5,1969,0,1,1,NA,2,074,I-710 N/B (LONG BEACH FREEWAY),IMPERIAL HWY,400,N,N,A,-,Y,LA,NA,710,NA,NA,17.094,H,NA,R,Y,3,0,2,3,A,-,08,22107,NA,N,B,C,A,A,H,-,C,D,0,NA,NA,NA,Y,Y,NA,A,01,0,1,1,0,0,0,0,0,0,-,-,33.93233871459961,-118.17828369140624,LOS ANGELES,SOUTH GATE,-118.17826080322266,33.932334899902344
92029912,2023,2023-03-27,9550,2023-03-18,1645,022900,NA,6,2,6,1920,0,1,1,NA,2,150,I-105 E/B,BELLFLOWER BOULEVARD,1785,E,N,A,-,Y,LA,NA,105,NA,R,16.984,H,NA,R,Y,3,0,2,3,A,-,03,22350,NA,N,C,C,A,A,H,-,A,D,0,NA,NA,NA,NA,Y,NA,J,41,0,1,1,0,0,0,0,0,0,-,-,33.91345977783203,-118.1194305419922,LOS ANGELES,DOWNEY,-118.1194305419922,33.9134521484375
92029933,2023,2023-03-27,9575,2023-03-21,454,021879,NA,2,3,6,1912,0,1,3,NA,2,044,SR-134 W/B (VENTURA FREEWAY),OLIVE AVE.,50,E,N,C,-,Y,LA,NA,134,NA,NA,2.258,H,NA,L,Y,4,0,1,1,A,-,03,22350,NA,N,E,I,A,B,H,-,C,D,0,NA,NA,NA,NA,Y,NA,A,01,0,0,1,0,0,0,0,0,0,-,-,34.15338134765625,-118.33738708496094,LOS ANGELES,BURBANK,-118.3374252319336,34.15327453613281
92029941,2023,2023-03-27,9550,2023-03-10,2120,022952,NA,5,2,5,1908,0,1,3,NA,2,090,SR-91 EASTBOUND,DOWNEY AVE,600,W,N,C,-,Y,NA,NA,NA,NA,NA,NA,NA,NA,NA,Y,4,0,1,3,A,-,03,22350,NA,M,C,C,A,B,H,-,D,D,0,NA,NA,NA,NA,Y,NA,-,99,0,0,1,0,0,0,0,0,0,-,-,33.076908111572266,-118.15119934082033,LOS ANGELES,BELLFLOWER,-118.15328216552734,33.87691116333008
92029952,2023,2023-03-28,9580,2023-03-24,1617,022468,NA,5,2,3,1989,0,1,2,NA,2,107,US-101 S/B (VENTURA FREEWAY),LAS VIRGENES RD,220,N,N,A,-,Y,LA,NA,101,NA,NA,31.108,H,NA,L,N,4,0,1,2,A,-,03,22350,NA,N,C,C,A,A,H,-,A,D,0,NA,NA,NA,NA,Y,NA,A,01,0,0,1,0,0,0,0,0,0,-,-,34.14775085449219,-118.69844818115234,LOS ANGELES,CALABASAS,-118.69840240478516,34.14772033691406
92029961,2023,2023-03-28,9565,2023-03-20,1550,021706,NA,1,2,6,1933,0,1,1,NA,2,060,I-405 N/B TO MANCHESTER BLVD,HILLCREST BLVD,50,N,N,B,-,Y,LA,NA,405,NA,NA,23.015,H,NA,R,N,4,0,2,2,A,-,03,22350,NA,N,C,C,A,A,H,-,A,D,0,NA,NA,NA,Y,Y,NA,A,01,0,0,2,0,0,0,0,0,0,-,-,33.95669174194336,-118.36903381347656,LOS ANGELES,INGLEWOOD,-118.3692626953125,33.956687927246094
92029964,2023,2023-03-28,9565,2023-03-16,1535,021889,NA,4,2,7,1942,0,1,1,NA,2,063,I-405 N/B,SANTA MONICA BLVD,500,S,N,B,-,Y,LA,NA,405,NA,NA,30.501,H,NA,R,N,4,0,2,2,A,-,03,22350,NA,N,C,C,A,A,H,-,A,D,0,NA,NA,NA,NA,Y,NA,A,01,0,0,2,0,0,0,0,0,0,-,-,34.04267883300781,-118.44290924072266,LOS ANGELES,LOS ANGELES,-118.44286346435548,34.04270935058594
92029965,2023,2023-03-28,9565,2023-03-16,1245,022902,NA,4,1,9,1900,0,2,4,NA,2,022,NORMANDIE AVE,99TH ST,0,NA,Y,A,-,N,NA,NA,NA,NA,NA,NA,NA,NA,NA,N,4,0,1,2,A,-,09,21802,A,N,D,C,A,A,H,-,A,A,0,NA,NA,NA,NA,Y,NA,A,01,0,0,1,0,0,0,0,0,0,-,-,33.94593811035156,-118.30026245117188,LOS ANGELES,UNINCORPORATED,-118.3002700805664,33.94594955444336
92029974,2023,2023-03-28,9565,2023-01-02,1405,022780,NA,1,2,4,1918,0,2,S,NA,2,901,WASHINGTON PLACE,SAWTELLE BOULEVARD,5,W,N,B,-,N,NA,NA,NA,NA,NA,NA,NA,NA,NA,N,3,0,1,2,A,-,08,22100,A,N,B,G,A,A,H,-,A,A,0,NA,Y,NA,NA,Y,NA,J,48,0,1,0,0,0,0,1,0,0,-,-,34.00714874267578,-118.4164810180664,LOS ANGELES,CULVER CITY,-118.41649627685548,34.00728225708008
92029975,2023,2023-03-28,9565,2023-03-16,1540,023268,NA,4,2,6,1933,0,1,1,NA,2,060,I-405 N/B TO MANCHESTER BLVD (COLLECTOR),MANCHESTER BLVD,2640,S,N,A,-,Y,LA,NA,405,NA,NA,23.035,H,NA,R,N,3,0,1,2,A,-,03,22350,NA,N,C,C,A,A,H,-,A,D,0,NA,NA,NA,NA,Y,NA,A,01,0,1,0,0,0,0,0,0,0,-,-,33.95698165893555,-118.3690185546875,LOS ANGELES,INGLEWOOD,-118.36925506591795,33.95698547363281
92029976,2023,2023-03-28,9565,2023-03-16,925,022810,NA,4,1,9,1900,0,3,5,NA,2,003,STOCKER ST,LA CIENEGA BLVD,300,E,N,B,-,N,NA,NA,NA,NA,NA,NA,NA,NA,NA,N,3,0,3,2,A,-,07,21658,A,N,D,C,A,A,H,-,A,D,0,NA,NA,NA,NA,Y,NA,A,01,0,3,0,0,0,0,0,0,0,-,-,33.998390197753906,-118.3681869506836,LOS ANGELES,UNINCORPORATED,-118.36865234375,33.99830627441406
92030280,2023,2023-03-28,9590,2023-03-16,1240,021762,NA,4,1,7,1942,0,1,2,NA,2,073,US-101 S/B (HOLLYWOOD FREEWAY),BARHAM BOULEVARD,200,N,N,A,-,Y,LA,NA,101,NA,NA,9.265,H,NA,L,N,4,0,1,2,A,-,03,22350,NA,N,C,C,A,A,H,-,A,D,0,NA,NA,NA,NA,Y,NA,A,07,0,0,1,0,0,0,0,0,0,-,-,34.129150390625,-118.34760284423828,LOS ANGELES,LOS ANGELES,-118.34758758544922,34.1291618347168
92030289,2023,2023-03-28,9580,2023-03-24,1955,019679,NA,5,2,7,1942,0,1,3,NA,2,116,SR-118 W/B (RONALD REAGAN FWY.),OF THE EAST ROAD EDGE OF TAMPA AVE,528,E,N,A,-,Y,LA,NA,118,NA,R,4.974,H,NA,L,Y,3,0,2,2,A,-,03,22350,NA,N,C,C,A,A,H,-,D,D,0,NA,NA,NA,NA,Y,NA,A,01,0,2,0,0,0,0,0,0,0,-,-,34.27317810058594,-118.550537109375,LOS ANGELES,LOS ANGELES,-118.55055236816406,34.27320861816406
92030293,2023,2023-03-28,9580,2023-03-21,1955,021291,NA,2,2,7,1942,0,1,2,NA,2,101,US-101 S/B (HOLLYWOOD FREEWAY),LANKERSHIM BLVD,500,N,N,B,C,Y,LA,NA,101,NA,NA,10.45,H,NA,L,N,3,0,1,1,A,-,03,22350,NA,N,E,I,A,B,H,-,C,D,0,NA,NA,NA,NA,Y,NA,A,01,0,1,0,0,0,0,0,0,0,-,-,34.13877868652344,-118.36431121826172,LOS ANGELES,LOS ANGELES,-118.36440277099608,34.13868713378906
92030301,2023,2023-03-28,9580,2023-03-23,2200,022746,NA,4,3,7,1942,0,1,2,NA,2,106,US-101 N/B (VENTURA FREEWAY),LOST HILLS RD.,2429,S,N,A,-,Y,LA,NA,101,NA,NA,31.51,H,NA,R,Y,4,0,2,2,A,-,03,22350,NA,M,C,C,A,A,H,-,D,D,0,NA,NA,NA,NA,Y,NA,A,01,0,0,2,0,0,0,0,0,0,-,-,34.14393997192383,-118.70375823974608,LOS ANGELES,LOS ANGELES,-118.70375061035156,34.1439323425293
92030304,2023,2023-03-28,9540,2023-03-21,1150,021869,NA,2,1,6,1985,0,1,3,NA,1,143,SR-14 N/B,NEWHALL AVE.,2640,S,N,B,C,Y,LA,NA,14,NA,R,26.009,H,NA,R,N,3,0,1,1,A,-,03,22350,NA,N,E,I,A,B,H,-,A,A,0,NA,NA,NA,NA,Y,NA,D,22,0,1,0,0,0,0,0,0,0,-,-,34.35081100463867,-118.50414276123048,LOS ANGELES,SANTA CLARITA,-118.50428009033205,34.35078048706055
92030319,2023,2023-03-28,9540,2023-03-18,2235,022404,NA,6,3,9,1900,0,1,1,NA,2,511,I-5 S/B (GOLDEN STATE FREEWAY),TEMPLIN HWY,1105,N,N,A,-,Y,LA,NA,5,NA,R,66.198,H,NA,L,Y,3,0,1,1,A,-,01,23152,A,N,F,I,A,A,H,-,C,D,0,NA,NA,NA,NA,Y,Y,A,07,0,1,0,0,0,0,0,0,0,-,-,34.57189178466797,-118.69055938720705,LOS ANGELES,UNINCORPORATED,-118.69056701660156,34.57188415527344
92030325,2023,2023-03-28,9525,2023-03-18,1235,019146,NA,6,1,6,1955,0,1,3,NA,2,071,SR-71 S/B (CHINO VALLEY FWY),POMONA BLVD,500,S,N,A,-,Y,LA,NA,71,NA,NA,1.347,H,NA,L,N,4,0,1,2,A,-,03,22350,NA,N,C,C,A,A,H,-,A,D,0,NA,NA,NA,NA,Y,NA,A,01,0,0,1,0,0,0,0,0,0,-,-,34.056671142578125,-117.7844009399414,LOS ANGELES,POMONA,-117.78432464599608,34.05672073364258
92030329,2023,2023-03-28,9525,2023-03-19,655,019146,NA,7,1,5,1990,0,1,3,NA,2,574,SR-57 N/B (ORANGE FWY),COLD SPRING LANE,100,N,N,B,-,Y,LA,NA,57,NA,R,2.538,H,NA,R,Y,4,0,1,1,A,-,08,22107,NA,N,E,I,A,A,H,-,A,D,0,NA,NA,NA,NA,Y,NA,A,01,0,0,1,0,0,0,0,0,0,-,-,33.97557067871094,-117.8432388305664,LOS ANGELES,DIAMOND BAR,-117.84311676025392,33.975502014160156
92030343,2023,2023-03-28,9550,2023-03-19,1010,021656,NA,7,1,5,1919,0,1,3,NA,2,091,STATE ROUTE 91 E/B,INTERSTATE 605,100,W,N,C,-,Y,LA,NA,91,NA,R,16.914,H,NA,R,Y,4,0,2,2,A,-,03,22350,NA,N,H,0,A,B,H,-,A,D,0,NA,NA,Y,NA,Y,NA,C,02,0,0,2,0,0,0,0,0,0,-,-,33.87620162963867,-118.10295867919922,LOS ANGELES,CERRITOS,-118.10295867919922,33.876346588134766
92030356,2023,2023-03-28,9580,2023-03-22,2110,019679,NA,3,2,7,1942,0,1,2,NA,2,102,US-101 N/B (VENTURA FREEWAY),OF THE SOUTH ROAD EDGE OF VAN NUYS BLVD,500,S,N,C,-,Y,LA,NA,101,NA,NA,15.694,H,NA,R,Y,3,0,5,3,A,-,03,22350,NA,N,C,C,A,B,H,-,D,D,0,NA,NA,NA,NA,Y,NA,A,01,0,5,0,0,0,0,0,0,0,-,-,34.1556510925293,-118.44503784179688,LOS ANGELES,LOS ANGELES,-118.445068359375,34.15558624267578
92030400,2023,2023-03-28,9530,2023-03-21,2210,023188,NA,2,3,9,1900,0,3,5,NA,2,002,SAN PEDRO STREET,COMPTON BLVD.,240,N,N,C,-,N,NA,NA,NA,NA,NA,NA,NA,NA,NA,Y,3,0,2,3,A,-,01,23152,A,N,C,C,A,B,H,-,C,D,0,NA,NA,NA,NA,Y,Y,A,01,0,2,0,0,0,0,0,0,0,-,-,33.89582824707031,-118.26754760742188,LOS ANGELES,UNINCORPORATED,-118.2676010131836,33.895755767822266
92030420,2023,2023-03-28,9535,2023-03-16,814,020902,NA,4,1,9,1900,0,1,1,NA,2,650,I-605 N/B (SAN GABRIEL RIVER FWY),VALLEY BLVD,2600,S,N,A,-,Y,LA,NA,605,NA,R,18.898,H,NA,R,N,4,0,1,2,A,-,03,22350,NA,N,C,C,A,A,H,-,A,D,0,NA,NA,NA,NA,Y,NA,A,01,0,0,1,0,0,0,0,0,0,-,-,34.04750061035156,-118.00791168212892,LOS ANGELES,UNINCORPORATED,-118.00794219970705,34.04751205444336
92030425,2023,2023-03-28,9550,2023-03-20,855,021656,NA,1,1,5,1919,0,1,3,NA,2,092,STATE ROUTE 91 E/B,NORWALK BOULEVARD,1000,W,N,C,-,Y,LA,NA,91,NA,R,18.484,H,NA,R,Y,4,0,2,3,A,-,03,22350,NA,N,C,C,A,B,H,-,A,D,0,NA,NA,NA,Y,Y,NA,G,25,0,0,2,0,0,0,0,0,0,-,-,33.87636947631836,-118.07563018798828,LOS ANGELES,CERRITOS,-118.07563018798828,33.87639617919922
92030428,2023,2023-03-28,9530,2023-03-20,1445,022716,NA,1,2,9,1900,0,3,5,NA,2,001,SEVILLE AVE (7800 BLOCK),HILL ST,80,N,N,B,-,N,NA,NA,NA,NA,NA,NA,NA,NA,NA,N,4,0,1,2,A,-,08,22107,NA,N,A,C,A,A,H,-,A,D,0,NA,NA,NA,NA,Y,NA,D,22,0,0,1,0,0,0,0,0,0,-,-,33.967491149902344,-118.22239685058594,LOS ANGELES,UNINCORPORATED,-118.22244262695313,33.967430114746094
92030430,2023,2023-03-28,9535,2023-03-17,1340,022342,NA,5,1,9,1900,0,3,5,NA,2,007,DOWNEY ROAD,FRUITLAND AVE,0,NA,Y,A,-,N,NA,NA,NA,NA,NA,NA,NA,NA,NA,Y,3,0,2,3,A,-,09,21801,A,N,A,C,A,A,H,-,A,A,0,NA,NA,NA,NA,Y,NA,A,01,0,2,0,0,0,0,0,0,0,-,-,33.99671173095703,-118.20474243164064,LOS ANGELES,UNINCORPORATED,-118.20468139648438,33.99666213989258
92030453,2023,2023-03-28,9575,2023-03-12,327,023134,NA,7,3,9,1900,0,3,5,NA,2,001,BRIGGS AVE. (4500 BLOCK),FOOTHILL BLVD.,300,N,N,B,-,N,NA,NA,NA,NA,NA,NA,NA,NA,NA,Y,3,0,1,1,A,-,01,23152,A,N,E,I,A,B,H,-,C,D,0,NA,NA,NA,NA,Y,Y,A,01,0,1,0,0,0,0,0,0,0,-,-,34.21977996826172,-118.23072052001952,LOS ANGELES,UNINCORPORATED,-118.23082733154295,34.219703674316406
92030457,2023,2023-03-28,9535,2023-03-15,2330,022822,NA,3,3,9,1900,0,1,1,NA,2,651,I-605 S/B (SAN GABRIEL FREEWAY),I-10 E/B(SAN BERNARDINO FREEWAY),486,S,N,A,-,Y,LA,NA,605,NA,R,20.077,H,NA,L,Y,3,0,1,2,A,-,08,22107,NA,N,C,C,A,A,H,-,D,D,0,NA,NA,NA,NA,Y,NA,D,22,0,1,0,0,0,0,0,0,0,-,-,34.06351089477539,-118.00039672851564,LOS ANGELES,UNINCORPORATED,-118.00031280517578,34.063507080078125
92030492,2023,2023-03-28,9550,2023-03-23,1155,023193,NA,4,1,5,1919,0,1,3,NA,2,092,SR-91 WESTBOUND,NORWALK BLVD.,1300,E,N,B,-,Y,LA,NA,91,NA,R,18.915,H,NA,L,Y,4,0,1,2,A,-,03,22350,NA,N,C,C,A,A,H,-,A,D,0,NA,NA,NA,NA,Y,NA,A,01,0,0,1,0,0,0,0,0,0,-,-,33.876609802246094,-118.06810760498048,LOS ANGELES,CERRITOS,-118.06812286376952,33.876495361328125
92030507,2023,2023-03-28,9530,2023-03-21,130,023188,NA,2,3,9,1900,0,1,1,NA,2,210,I-105 W/B (GLENN ANDERSON FWY),COMPTON AVENUE,420,W,N,C,-,Y,LA,NA,105,NA,R,9.296,H,NA,L,Y,4,0,1,1,A,-,03,22350,NA,N,E,I,A,B,H,-,D,D,0,NA,NA,NA,NA,Y,NA,A,01,0,0,1,0,0,0,0,0,0,-,-,33.92906188964844,-118.2477569580078,LOS ANGELES,UNINCORPORATED,-118.2477569580078,33.92893981933594
92030597,2023,2023-03-28,9590,2023-03-17,215,022750,NA,5,3,7,1942,0,1,2,NA,2,070,US-101 N/B (SAF),ALAMEDA STREET,300,S,N,A,-,Y,LA,NA,101,NA,NA,0.683,H,NA,R,N,4,0,1,1,A,-,08,22107,NA,N,A,I,A,A,H,-,C,D,0,NA,NA,NA,NA,Y,NA,A,01,0,0,1,0,0,0,0,0,0,-,-,34.05384826660156,-118.23681640625,LOS ANGELES,LOS ANGELES,-118.23680877685548,34.05391311645508
92030614,2023,2023-03-28,9550,2023-03-27,1400,020974,NA,1,2,3,1964,0,1,1,NA,2,650,I-605 N/B TO TELEGRAPH RD E/B,TELEGRAPH RD E/B,10,S,N,A,-,Y,NA,NA,NA,NA,NA,NA,NA,NA,NA,N,4,0,1,2,A,-,03,22350,NA,N,C,C,A,A,H,-,A,D,0,NA,NA,NA,NA,Y,NA,A,01,0,0,1,0,0,0,0,0,0,-,-,33.94935989379883,-118.09140777587892,LOS ANGELES,SANTA FE SPRINGS,-118.09140777587892,33.94935989379883
92030636,2023,2023-03-28,9575,2023-03-19,1040,023016,NA,7,1,7,1942,0,1,1,NA,2,052,I-5 S/B (GOLDEN STATE FREEWAY),ROSCOE BLVD,135,N,N,B,-,Y,LA,NA,5,NA,NA,33.314,H,NA,L,Y,4,0,3,3,A,-,08,22107,NA,N,B,C,A,A,H,-,A,D,0,NA,NA,NA,NA,Y,NA,A,01,0,0,3,0,0,0,0,0,0,-,-,34.2215690612793,-118.36033630371094,LOS ANGELES,LOS ANGELES,-118.36035919189452,34.22150421142578