CASE_ID,ACCIDENT_YEAR,PROC_DATE,JURIS,COLLISION_DATE,COLLISION_TIME,OFFICER_ID,REPORTING_DISTRICT,DAY_OF_WEEK,CHP_SHIFT,POPULATION,CNTY_CITY_LOC,SPECIAL_COND,BEAT_TYPE,CHP_BEAT_TYPE,CITY_DIVISION_LAPD,CHP_BEAT_CLASS,BEAT_NUMBER,PRIMARY_RD,SECONDARY_RD,DISTANCE,DIRECTION,INTERSECTION,WEATHER_1,WEATHER_2,STATE_HWY_IND,CALTRANS_COUNTY,CALTRANS_DISTRICT,STATE_ROUTE,ROUTE_SUFFIX,POSTMILE_PREFIX,POSTMILE,LOCATION_TYPE,RAMP_INTERSECTION,SIDE_OF_HWY,TOW_AWAY,COLLISION_SEVERITY,NUMBER_KILLED,NUMBER_INJURED,PARTY_COUNT,PRIMARY_COLL_FACTOR,PCF_CODE_OF_VIOL,PCF_VIOL_CATEGORY,PCF_VIOLATION,PCF_VIOL_SUBSECTION,HIT_AND_RUN,TYPE_OF_COLLISION,MVIW,PED_ACTION,ROAD_SURFACE,ROAD_COND_1,ROAD_COND_2,LIGHTING,CONTROL_DEVICE,CHP_ROAD_TYPE,PEDESTRIAN_ACCIDENT,BICYCLE_ACCIDENT,MOTORCYCLE_ACCIDENT,TRUCK_ACCIDENT,NOT_PRIVATE_PROPERTY,ALCOHOL_INVOLVED,STWD_VEHTYPE_AT_FAULT,CHP_VEHTYPE_AT_FAULT,COUNT_SEVERE_INJ,COUNT_VISIBLE_INJ,COUNT_COMPLAINT_PAIN,COUNT_PED_KILLED,COUNT_PED_INJURED,COUNT_BICYCLIST_KILLED,COUNT_BICYCLIST_INJURED,COUNT_MC_KILLED,COUNT_MC_INJURED,PRIMARY_RAMP,SECONDARY_RAMP,LATITUDE,LONGITUDE,COUNTY,CITY,POINT_X,POINT_Y
92036780,2023,2023-04-04,9590,2023-03-11,1930,022710,NA,6,2,7,1942,0,1,1,NA,2,011,SR-110 S/B (ARROYO SECO PARKWAY),STADIUM WAY,700,S,N,B,-,Y,LA,NA,110,NA,NA,24.595,H,NA,L,N,4,0,4,2,A,-,07,21658,A,N,B,2,A,A,H,-,D,D,0,NA,NA,NA,NA,Y,NA,A,01,0,0,4,0,0,0,0,0,0,-,-,34.069400787353516,-118.23639678955078,LOS ANGELES,LOS ANGELES,-118.23640441894533,34.069400787353516
92036799,2023,2023-04-04,9590,2023-03-07,1400,022710,NA,2,2,7,1942,0,1,1,NA,2,052,INTERSTATE 110 N/B (HARBOR FREEWAY),ADAMS BLVD.,100,S,N,A,-,Y,LA,NA,110,NA,NA,20.683,H,NA,R,N,4,0,2,2,A,-,03,22350,NA,N,C,C,A,A,H,-,A,D,0,NA,NA,NA,NA,Y,NA,A,01,0,0,2,0,0,0,0,0,0,-,-,34.02714157104492,-118.27467346191406,LOS ANGELES,LOS ANGELES,-118.2746124267578,34.027122497558594
92036815,2023,2023-04-04,9590,2023-03-22,1235,018345,NA,3,1,7,1942,0,1,1,NA,2,061,I-10 WESTBOUND (SANTA MONICA FREEWAY),VENICE BLVD,200,E,N,B,-,Y,LA,NA,10,NA,R,9.042,H,NA,L,N,4,0,1,4,A,-,03,22350,NA,N,C,C,A,B,H,-,A,D,0,NA,NA,NA,NA,Y,NA,A,01,0,0,1,0,0,0,0,0,0,-,-,34.03649139404297,-118.37425231933594,LOS ANGELES,LOS ANGELES,-118.37428283691406,34.036373138427734
92036849,2023,2023-04-04,9530,2023-03-27,1610,022999,NA,1,2,7,1942,0,1,1,NA,2,200,I-105 E/B (GLENN ANDERSON FWY),BROADWAY,400,W,N,A,-,Y,LA,NA,105,NA,R,7.469,H,NA,R,N,4,0,1,2,A,-,03,22350,NA,N,C,C,A,A,H,-,A,D,0,NA,NA,NA,NA,Y,NA,D,22,0,0,1,0,0,0,0,0,0,-,-,33.92858123779297,-118.27954864501952,LOS ANGELES,LOS ANGELES,-118.27954864501952,33.92851257324219
92036857,2023,2023-04-04,9530,2023-03-25,1035,023048,NA,6,1,9,1900,0,3,5,NA,2,001,ALAMEDA ST.,76TH ST.,0,NA,Y,A,-,N,NA,NA,NA,NA,NA,NA,NA,NA,NA,N,4,0,1,2,A,-,07,21658,A,N,B,C,A,A,H,-,A,D,0,NA,NA,NA,NA,Y,NA,A,01,0,0,1,0,0,0,0,0,0,-,-,33.971920013427734,-118.23419952392578,LOS ANGELES,UNINCORPORATED,-118.23423004150392,33.971923828125
92036871,2023,2023-04-04,9550,2023-03-23,1740,022900,NA,4,2,5,1952,0,1,1,NA,2,151,I-105 EASTBOUND,DOWNEY AVENUE,120,E,N,A,-,Y,LA,NA,105,NA,R,15.116,H,NA,R,N,3,0,2,2,A,-,03,22350,NA,N,C,C,A,A,H,-,A,D,0,NA,NA,NA,NA,Y,NA,A,01,0,1,1,0,0,0,0,0,0,-,-,33.91244125366211,-118.15181732177734,LOS ANGELES,PARAMOUNT,-118.15182495117188,33.912498474121094
92036884,2023,2023-04-04,9530,2023-03-27,2300,021582,NA,1,3,7,1941,0,1,1,NA,2,430,I-405 S/B (SAN DIEGO FREEWAY),ATHERTON ST.,1056,S,N,A,-,Y,LA,NA,405,NA,NA,0.046,H,NA,L,Y,3,0,4,4,A,-,03,22350,NA,N,C,C,A,A,D,-,D,A,0,NA,NA,NA,NA,Y,NA,A,07,0,1,3,0,0,0,0,0,0,-,-,33.78630828857422,-118.09378051757813,LOS ANGELES,LONG BEACH,-118.09381103515624,33.78628158569336
92036893,2023,2023-06-12,9550,2023-03-26,1600,022631,NA,7,2,9,1900,0,1,3,NA,2,600,SR-60 WB,CROSSROADS PARKWAY,1000,E,N,A,-,Y,LA,NA,60,NA,NA,13.207,H,NA,L,N,4,0,2,3,A,-,08,22107,NA,N,B,2,A,A,H,-,A,D,0,NA,NA,NA,NA,Y,NA,A,01,0,0,2,0,0,0,0,0,0,-,-,34.02878189086914,-118.00254058837892,LOS ANGELES,UNINCORPORATED,-118.00252532958984,34.02882385253906
92036923,2023,2023-04-04,9580,2023-03-27,1620,021966,NA,1,2,7,1942,0,1,2,NA,2,104,US-101 S/B (VENTURA FREEWAY),RESEDA BLVD,1480,N,N,A,-,Y,LA,NA,101,NA,NA,21.559,H,NA,L,Y,4,0,2,4,A,-,07,21658,A,N,B,C,A,B,H,-,A,D,0,NA,NA,NA,NA,Y,NA,A,07,0,0,2,0,0,0,0,0,0,-,-,34.17332077026367,-118.54115295410156,LOS ANGELES,LOS ANGELES,-118.54115295410156,34.17326354980469
92036927,2023,2023-04-04,9525,2023-04-03,558,023144,NA,1,3,4,1905,0,1,1,NA,2,203,I-210 W/B (FOOTHILL FWY),CITRUS AVE,370,W,N,B,-,Y,LA,NA,210,NA,R,40.527,H,NA,L,Y,4,0,1,2,A,-,03,22350,NA,N,C,C,A,A,H,-,B,D,0,NA,NA,NA,NA,Y,NA,A,01,0,0,1,0,0,0,0,0,0,-,-,34.12102127075195,-117.89150238037108,LOS ANGELES,AZUSA,-117.89150238037108,34.1209716796875
92036932,2023,2023-04-04,9550,2023-03-31,2200,022769,NA,5,3,9,1900,0,2,4,NA,1,031,HACIENDA BLVD.,GALE AVE.,150,N,N,A,-,N,NA,NA,NA,NA,NA,NA,NA,NA,NA,Y,4,0,2,2,A,-,01,23152,A,N,C,C,A,A,H,-,C,A,0,NA,NA,NA,NA,Y,Y,A,01,0,0,2,0,0,0,0,0,0,-,-,34.01124954223633,-117.96282196044922,LOS ANGELES,UNINCORPORATED,-117.96286010742188,34.01123046875
92036951,2023,2023-04-04,9550,2023-03-27,1355,021100,NA,1,1,9,1900,0,1,3,NA,2,600,SR-60 WESTBOUND TO I-605,WORKMAN MILL RD.,715,W,N,A,-,Y,NA,NA,NA,NA,NA,NA,NA,NA,NA,Y,3,0,1,2,A,-,07,21658,A,F,E,I,A,A,H,-,A,D,0,NA,NA,Y,NA,Y,NA,-,99,0,1,0,0,0,0,0,0,1,-,-,34.03321838378906,-118.02436065673828,LOS ANGELES,UNINCORPORATED,-118.02436065673828,34.03321838378906
92036965,2023,2023-04-04,9545,2023-03-29,1645,023153,NA,3,2,9,1900,0,3,5,NA,2,003,GILLESPIE AVE,SOLEDAD CANYON RD,0,NA,Y,A,-,N,NA,NA,NA,NA,NA,NA,NA,NA,NA,Y,3,0,2,2,A,-,09,21802,A,N,D,C,A,A,H,-,A,A,0,NA,NA,NA,NA,Y,NA,A,07,0,1,1,0,0,0,0,0,0,-,-,34.46979904174805,-118.1926727294922,LOS ANGELES,UNINCORPORATED,-118.19261932373048,34.469791412353516
92036970,2023,2023-04-04,9535,2023-03-24,1650,023247,NA,5,2,6,1922,0,1,1,NA,2,400,I-10 E/B (SAN BERNARDINO FREEWAY),SANTA ANITA AVE,528,E,N,A,-,Y,LA,NA,10,NA,NA,28.787,H,NA,R,N,4,0,1,2,A,-,03,22350,NA,N,C,C,A,A,H,-,A,D,0,NA,NA,NA,NA,Y,NA,A,01,0,0,1,0,0,0,0,0,0,-,-,34.06843185424805,-118.04039764404295,LOS ANGELES,EL MONTE,-118.04039764404295,34.068443298339844
92036986,2023,2023-04-04,9525,2023-03-30,1940,022770,NA,4,2,4,1905,0,1,1,NA,2,204,I-210 E/B (FOOTHILL FWY),AZUSA AVE,91,E,N,B,-,Y,LA,NA,210,NA,R,39.63,H,NA,R,Y,4,0,1,2,A,-,03,22350,NA,N,C,C,A,A,H,-,D,D,0,NA,NA,NA,NA,Y,NA,A,08,0,0,1,0,0,0,0,0,0,-,-,34.12046813964844,-117.90714263916016,LOS ANGELES,AZUSA,-117.90714263916016,34.12052536010742
92036997,2023,2023-04-04,9550,2023-03-27,1535,021100,NA,1,2,9,1900,0,1,3,NA,2,600,SR-60 WB E OF 7TH AVE.,7TH AVENUE,1305,E,N,A,-,Y,LA,NA,60,NA,NA,14.538,H,NA,L,N,4,0,1,2,A,-,03,22350,NA,N,C,C,A,A,H,-,A,D,0,NA,NA,NA,NA,Y,NA,A,01,0,0,1,0,0,0,0,0,0,-,-,34.01668930053711,-117.98529815673828,LOS ANGELES,UNINCORPORATED,-117.98532104492188,34.01667404174805
92037009,2023,2023-04-04,9590,2023-03-18,55,023052,NA,6,3,7,1942,0,1,1,NA,2,085,I-5 S/B (GOLDEN STATE FREEWAY),COLORADO BLVD,100,S,N,A,-,Y,LA,NA,5,NA,NA,25.765,H,NA,L,N,3,0,1,2,A,-,01,23152,A,N,C,C,A,A,H,-,C,D,0,NA,NA,NA,NA,Y,Y,A,01,0,1,0,0,0,0,0,0,0,-,-,34.14057922363281,-118.27774047851564,LOS ANGELES,LOS ANGELES,-118.27769470214844,34.140594482421875
92037049,2023,2023-04-04,9590,2023-03-14,1345,022136,NA,2,1,7,1942,0,1,2,NA,2,070,US-101 N/B (HOF) TO I-110 S/B (HAF),TEMPLE ST.,260,N,N,C,-,Y,LA,NA,110,NA,NA,23.675,H,NA,L,N,4,0,1,1,A,-,08,22107,NA,N,F,A,A,B,H,-,A,D,0,NA,NA,Y,NA,Y,NA,C,02,0,0,1,0,0,0,0,0,1,-,-,34.062320709228516,-118.24967193603516,LOS ANGELES,LOS ANGELES,-118.24945831298828,34.062156677246094
92037081,2023,2023-04-04,9525,2023-04-02,1140,020341,NA,7,1,9,1900,0,3,5,NA,2,002,E. CIENEGA AVE.,N. LYMAN AVE.,32,W,N,A,-,N,NA,NA,NA,NA,NA,NA,NA,NA,NA,Y,4,0,2,2,A,-,08,22107,NA,N,D,C,A,A,H,-,A,D,0,NA,NA,NA,NA,Y,NA,A,01,0,0,2,0,0,0,0,0,0,-,-,34.103031158447266,-117.85032653808594,LOS ANGELES,UNINCORPORATED,-117.85028839111328,34.10306930541992
92037082,2023,2023-04-05,9525,2023-03-23,1758,022770,NA,4,2,4,1946,0,1,1,NA,2,201,I-210 W/B (FOOTHILL FWY),MOUNTAIN AVE,121,W,N,B,-,Y,LA,NA,210,NA,R,34.718,H,NA,L,N,4,0,1,2,A,-,03,22350,NA,N,C,C,A,A,H,-,A,D,0,NA,NA,NA,NA,Y,NA,A,01,0,0,1,0,0,0,0,0,0,-,-,34.135528564453125,-117.98690795898438,LOS ANGELES,MONROVIA,-117.98690795898438,34.135536193847656
92037090,2023,2023-04-05,9575,2023-03-22,2122,023204,NA,3,2,9,1900,0,1,1,NA,2,062,I-210 W/B (FOOTHILL FREEWAY),LA CRESCENTA AVENUE,32,W,N,B,-,Y,LA,NA,210,NA,R,17.365,H,NA,L,Y,4,0,2,3,A,-,08,22107,NA,M,B,C,A,B,H,-,D,D,0,NA,NA,NA,NA,Y,NA,A,01,0,0,2,0,0,0,0,0,0,-,-,34.21895980834961,-118.24017333984376,LOS ANGELES,UNINCORPORATED,-118.24019622802734,34.21892166137695
92037091,2023,2023-04-05,9525,2023-03-30,925,020216,NA,4,1,3,1921,0,1,1,NA,2,202,I-210 E/B (FOOTHILL FWY),I-605,1056,W,N,B,-,Y,LA,NA,210,NA,R,36.124,H,NA,R,N,4,0,1,2,A,-,21,22106,NA,N,C,C,A,A,H,-,A,D,0,NA,NA,NA,NA,Y,NA,D,22,0,0,1,0,0,0,0,0,0,-,-,34.13529968261719,-117.96224975585938,LOS ANGELES,DUARTE,-117.96224975585938,34.13531494140625
92037099,2023,2023-04-05,9565,2023-03-22,810,022902,NA,3,1,9,1900,0,2,4,NA,2,024,IMPERIAL HIGHWAY,NEW HAMPSHIRE AVENUE,150,W,N,A,-,N,NA,NA,NA,NA,NA,NA,NA,NA,NA,Y,4,0,2,3,A,-,09,21804,A,F,D,C,A,B,H,-,A,D,0,NA,NA,NA,Y,Y,NA,-,99,0,0,2,0,0,0,0,0,0,-,-,33.930938720703125,-118.293701171875,LOS ANGELES,UNINCORPORATED,-118.29369354248048,33.93096923828125
92037101,2023,2023-04-05,9430,2023-03-24,805,018631,NA,5,1,9,1900,0,1,1,NA,2,051,I-5 S/B,GORMAN SCHOOL ROAD,1710,S,N,C,D,Y,LA,NA,5,NA,R,85.418,H,NA,L,Y,3,0,2,2,A,-,03,22350,NA,N,B,C,A,B,H,-,A,D,0,NA,NA,NA,Y,Y,NA,A,01,0,2,0,0,0,0,0,0,0,-,-,34.794010162353516,-118.8457489013672,LOS ANGELES,UNINCORPORATED,-118.84573364257813,34.79409408569336
92037213,2023,2023-04-05,9565,2023-03-23,715,022810,NA,4,1,7,1942,0,1,1,NA,2,060,I-405 N/B (SAN DIEGO FREEWAY),LA TIJERA BLVD,400,S,N,A,-,Y,LA,NA,405,NA,NA,24.186,H,NA,R,N,3,0,1,2,A,-,03,22350,NA,N,C,C,A,A,H,-,A,D,0,NA,NA,NA,NA,Y,NA,A,01,0,1,0,0,0,0,0,0,0,-,-,33.97124099731445,-118.37661743164064,LOS ANGELES,LOS ANGELES,-118.37661743164064,33.97124099731445
92037288,2023,2023-04-05,9580,2023-03-27,1735,023201,NA,1,2,7,1942,0,1,1,NA,2,407,I-405 S/B (SAN DIEGO FWY),SHERMAN WAY,2640,N,N,A,-,Y,LA,NA,405,NA,NA,42.92,H,NA,L,N,4,0,2,2,A,-,03,22350,NA,N,C,C,A,A,H,-,A,D,0,NA,NA,NA,NA,Y,NA,A,07,0,0,2,0,0,0,0,0,0,-,-,34.20901107788086,-118.47354125976564,LOS ANGELES,LOS ANGELES,-118.47344207763672,34.20901107788086
92037289,2023,2023-04-05,9580,2023-03-28,1625,023201,NA,2,2,7,1942,0,1,1,NA,2,404,I-405 N/B (SAN DIEGO FWY),VICTORY BLVD,1056,N,N,A,-,Y,LA,NA,405,NA,NA,41.683,H,NA,R,Y,4,0,1,2,A,-,03,22350,NA,N,C,C,A,A,H,-,A,D,0,NA,NA,NA,NA,Y,NA,A,01,0,0,1,0,0,0,0,0,0,-,-,34.19110870361328,-118.4741668701172,LOS ANGELES,LOS ANGELES,-118.47413635253906,34.19110870361328
92037292,2023,2023-04-05,9580,2023-04-01,1745,023201,NA,6,2,7,1942,0,1,3,NA,2,116,SR-118 E/B (RONALD REAGAN FWY.),WOODLEY AVE,1056,W,N,A,-,Y,LA,NA,118,NA,R,8.755,H,NA,R,N,4,0,5,2,A,-,03,22350,NA,N,C,C,A,A,H,-,A,D,0,NA,NA,NA,NA,Y,NA,D,22,0,0,5,0,0,0,0,0,0,-,-,34.2705192565918,-118.48844146728516,LOS ANGELES,LOS ANGELES,-118.48839569091795,34.27055740356445
92037306,2023,2023-06-26,9530,2023-03-20,2015,022716,NA,1,2,9,1900,0,3,5,NA,2,002,ALAMEDA ST (2600 BLOCK),EL SEGUNDO BLVD,40,S,N,B,-,N,NA,NA,NA,NA,NA,NA,NA,NA,NA,N,4,0,1,2,A,-,03,22350,NA,N,C,C,A,A,H,-,C,A,0,NA,NA,NA,NA,Y,NA,A,07,0,0,1,0,0,0,0,0,0,-,-,33.915931701660156,-118.22344970703124,LOS ANGELES,UNINCORPORATED,-118.22356414794922,33.916072845458984
92037307,2023,2023-04-05,9540,2023-03-15,2230,020678,NA,3,3,6,1985,0,1,3,NA,1,142,SR-14 N/B (ANTELOPE VALLEY FWY),SIERRA HIGHWAY,2500,N,N,A,-,Y,LA,NA,14,NA,R,25.608,H,NA,R,Y,3,0,2,4,A,-,03,22350,NA,N,C,4,E,B,F,-,D,D,0,Y,NA,NA,NA,Y,NA,A,01,0,2,0,0,1,0,0,0,0,-,-,34.34513854980469,-118.50418853759766,LOS ANGELES,SANTA CLARITA,-118.50433349609376,34.345176696777344
92037319,2023,2023-04-05,9590,2023-03-23,731,021346,NA,4,1,7,1942,0,1,1,NA,2,013,SR-110 S/B (ASP) TO I-5 S/B (GSF),HUMBOLDT STREET,1000,S,N,B,-,Y,LA,NA,5,NA,NA,20.321,H,NA,L,N,4,0,1,2,A,-,03,22350,NA,N,C,C,A,B,H,-,A,D,0,NA,NA,NA,NA,Y,NA,A,01,0,0,1,0,0,0,0,0,0,-,-,34.080631256103516,-118.22241973876952,LOS ANGELES,LOS ANGELES,-118.22222137451172,34.08082962036133
92037321,2023,2023-04-05,9525,2023-03-29,2145,022655,NA,3,2,3,1921,0,1,1,NA,2,201,I-210 W/B (FOOTHILL FWY),I-605 S/B (SAN GABRIEL RIVER FWY),1500,W,N,C,-,Y,LA,NA,210,NA,R,36.136,H,NA,L,Y,3,0,1,1,A,-,03,22350,NA,N,E,I,A,B,H,-,D,D,0,NA,NA,NA,NA,Y,NA,A,01,0,1,0,0,0,0,0,0,0,-,-,34.135589599609375,-117.96224975585938,LOS ANGELES,DUARTE,-117.96227264404295,34.1354866027832
92037334,2023,2023-04-05,9530,2023-03-23,1705,022636,NA,4,2,9,1900,0,3,5,NA,2,001,FLORENCE AVE. (2800 BLOCK),MILES AVENUE,150,W,N,B,-,N,NA,NA,NA,NA,NA,NA,NA,NA,NA,N,2,0,1,1,A,-,08,22107,NA,N,F,I,A,A,H,-,A,D,0,NA,NA,Y,NA,Y,NA,C,02,1,0,0,0,0,0,0,0,1,-,-,33.97356033325195,-118.21959686279295,LOS ANGELES,UNINCORPORATED,-118.219482421875,33.9736213684082
92037346,2023,2023-04-05,9550,2023-03-31,1340,019808,NA,5,1,9,1900,0,1,1,NA,2,650,I-605 NORTHBOUND,ROSE HILLS ROAD,650,N,N,A,-,Y,LA,NA,605,NA,R,15.696,H,NA,R,N,4,0,1,3,A,-,03,22350,NA,N,C,C,A,A,H,-,A,D,0,NA,NA,NA,NA,Y,NA,A,01,0,0,1,0,0,0,0,0,0,-,-,34.01898956298828,-118.05084991455078,LOS ANGELES,UNINCORPORATED,-118.05088043212892,34.01902389526367
92037351,2023,2023-04-05,9530,2023-03-24,1205,022866,NA,5,1,7,1942,0,1,1,NA,2,110,I-110 S/B (HARBOR FREEWAY),120TH ST,185,N,N,A,-,Y,LA,NA,110,NA,NA,13.514,H,NA,L,N,4,0,1,2,A,-,08,22107,NA,N,B,E,A,A,H,-,A,D,0,NA,NA,NA,Y,Y,NA,A,01,0,0,1,0,0,0,0,0,0,-,-,33.92435836791992,-118.28159332275392,LOS ANGELES,LOS ANGELES,-118.28141784667967,33.92435073852539
92037355,2023,2023-04-05,9580,2023-04-04,740,017961,NA,2,1,7,1942,0,1,3,NA,2,116,SR-118 E/B (RONALD REAGAN FWY.),BALBOA BLVD,500,W,N,A,-,Y,LA,NA,118,NA,R,7.739,H,NA,R,N,4,0,1,3,A,-,03,22350,NA,N,C,C,A,A,H,-,A,D,0,NA,NA,NA,NA,Y,NA,A,01,0,0,1,0,0,0,0,0,0,-,-,34.27799987792969,-118.50322723388672,LOS ANGELES,LOS ANGELES,-118.50322723388672,34.27797317504883
92037359,2023,2023-04-05,9590,2023-04-02,1705,022431,NA,7,2,7,1942,0,1,3,NA,2,031,SR-60 W/B (POMONA FREEWAY),LORENA STREET,700,W,N,A,-,Y,LA,NA,60,NA,R,1.335,H,NA,L,Y,4,0,1,2,A,-,03,22350,NA,N,B,C,A,A,H,-,A,D,0,NA,NA,NA,NA,Y,NA,A,01,0,0,1,0,0,0,0,0,0,-,-,34.02920150756836,-118.2023468017578,LOS ANGELES,LOS ANGELES,-118.20233154296876,34.02912902832031
92037361,2023,2023-04-05,9530,2023-03-26,2025,022708,NA,7,2,9,1900,0,3,5,NA,2,001,COMPTON AVE (7600 BLOCK),76TH PL,10,N,N,A,-,N,NA,NA,NA,NA,NA,NA,NA,NA,NA,N,3,0,1,2,A,-,10,21950,A,F,G,B,C,A,H,-,C,D,0,Y,NA,NA,NA,Y,NA,-,99,0,1,0,0,1,0,0,0,0,-,-,33.97087097167969,-118.24771881103516,LOS ANGELES,UNINCORPORATED,-118.24769592285156,33.97079849243164
92037368,2023,2023-04-05,9530,2023-03-27,1330,022995,NA,1,1,7,1941,0,1,1,NA,2,430,I-405 S/B (SAN DIEGO FREEWAY),BELLFLOWER BLVD.,1400,N,N,A,-,Y,LA,NA,405,NA,NA,2.549,H,NA,L,N,4,0,1,2,A,-,03,22350,NA,N,C,C,A,A,H,-,A,D,0,NA,NA,NA,NA,Y,NA,A,08,0,0,1,0,0,0,0,0,0,-,-,33.802669525146484,-118.13011169433594,LOS ANGELES,LONG BEACH,-118.13011169433594,33.80269241333008
92037371,2023,2023-04-05,9580,2023-04-04,1653,022632,NA,2,2,7,1942,0,1,3,NA,2,170,SR-170 N/B (HOLLYWOOD FREEWAY) TO I-5 N/B (GOLDEN,BRANFORD ST,300,S,N,A,-,Y,LA,NA,5,NA,NA,36.811,H,NA,R,Y,4,0,4,3,A,-,08,22107,NA,N,C,C,A,A,H,-,A,D,0,NA,NA,NA,NA,Y,NA,A,01,0,0,4,0,0,0,0,0,0,-,-,34.2382698059082,-118.41506958007813,LOS ANGELES,LOS ANGELES,-118.41527557373048,34.238121032714844
92037399,2023,2023-04-05,9550,2023-04-03,1530,022376,NA,1,2,9,1900,0,1,3,NA,2,600,SR-60 WB TO HACIENDA BLVD,HACIENDA BLVD,900,E,N,A,-,Y,LA,NA,60,NA,NA,16.124,H,NA,L,Y,4,0,2,3,A,-,03,22350,NA,N,C,C,A,A,H,-,A,D,0,NA,NA,NA,NA,Y,NA,A,01,0,0,2,0,0,0,0,0,0,-,-,34.00624084472656,-117.9613800048828,LOS ANGELES,UNINCORPORATED,-117.9614486694336,34.00608825683594
92037404,2023,2023-04-05,9550,2023-04-04,1450,020974,NA,2,2,3,1964,0,1,1,NA,2,650,I-605 N/B,TELEGRAPH RD,3200,N,N,A,-,Y,LA,NA,605,NA,R,10.879,H,NA,R,Y,4,0,2,3,A,-,03,22350,NA,N,C,C,A,A,H,-,A,D,0,NA,NA,NA,Y,Y,NA,G,25,0,0,2,0,0,0,0,0,0,-,-,33.95787048339844,-118.08708953857422,LOS ANGELES,SANTA FE SPRINGS,-118.08715057373048,33.957889556884766
92037412,2023,2023-04-05,9550,2023-04-04,1140,015449,NA,2,1,6,1920,0,1,1,NA,2,500,I-5 S/B (SANTA ANA FREEWAY),LAKEWOOD BLVD.,200,N,N,A,-,Y,LA,NA,5,NA,NA,8.353,H,NA,L,N,4,0,1,2,A,-,03,22350,NA,N,C,C,A,A,H,-,A,D,0,NA,NA,NA,NA,Y,NA,A,01,0,0,1,0,0,0,0,0,0,-,-,33.958221435546875,-118.11248779296876,LOS ANGELES,DOWNEY,-118.11243438720705,33.95827102661133
92037418,2023,2023-04-05,9550,2023-03-30,2045,020974,NA,4,2,5,1976,0,1,1,NA,2,650,I-605 N/B,OBREGON ST,200,N,N,A,-,Y,LA,NA,605,NA,R,14.022,H,NA,R,Y,4,0,1,2,A,-,08,22107,NA,F,B,C,A,A,H,-,C,D,0,NA,NA,NA,NA,Y,NA,-,99,0,0,1,0,0,0,0,0,0,-,-,33.99980163574219,-118.06751251220705,LOS ANGELES,WHITTIER,-118.06753540039064,33.99980545043945
92037425,2023,2023-04-05,9540,2023-03-23,1242,016617,NA,4,1,9,1900,0,1,3,NA,2,126,SR-126 W/B,CHIQUITO CANYON RD,0,NA,Y,B,-,Y,LA,NA,126,NA,R,2.367,H,NA,L,Y,4,0,1,2,A,-,09,21801,A,N,A,C,A,A,H,-,A,A,0,NA,NA,NA,NA,Y,NA,D,22,0,0,1,0,0,0,0,0,0,-,-,34.41986846923828,-118.65688323974608,LOS ANGELES,UNINCORPORATED,-118.65684509277344,34.41985321044922
92037440,2023,2023-04-05,9525,2023-03-25,340,023085,NA,6,3,6,1975,0,1,1,NA,2,104,I-10 E/B (SAN BERNARDINO FWY),SUNSET AVE,1598,W,N,A,-,Y,LA,NA,10,NA,NA,34.549,H,NA,R,Y,2,0,1,1,A,-,08,22107,NA,N,E,I,A,A,H,-,D,D,0,NA,NA,NA,NA,Y,NA,D,22,1,0,0,0,0,0,0,0,0,-,-,34.07210922241211,-117.94146728515624,LOS ANGELES,WEST COVINA,-117.94149017333984,34.07223892211914
92037459,2023,2023-04-05,9530,2023-03-28,740,023237,NA,2,1,5,1943,0,1,1,NA,2,210,I-105 W/B (GLENN ANDERSON FWY),LONG BEACH BLVD.,1584,E,N,A,-,Y,LA,NA,105,NA,R,11.878,H,NA,L,N,3,0,1,3,A,-,07,21658,A,N,B,C,A,A,H,-,A,D,0,NA,NA,Y,NA,Y,NA,A,01,0,1,0,0,0,0,0,0,1,-,-,33.922821044921875,-118.20497894287108,LOS ANGELES,LYNWOOD,-118.20494079589844,33.922889709472656
92037497,2023,2023-04-05,9535,2023-03-23,2310,023022,NA,4,3,5,1901,0,1,1,NA,2,421,I-10 W/B (SAN BERNARDINO FREEWAY),FREMONT AVE,2112,E,N,A,-,Y,LA,NA,10,NA,NA,22.711,H,NA,L,Y,3,0,1,1,A,-,08,22107,NA,N,E,I,A,A,H,-,D,D,0,NA,NA,Y,NA,Y,NA,C,02,0,1,0,0,0,0,0,0,1,-,-,34.071739196777344,-118.14537811279295,LOS ANGELES,ALHAMBRA,-118.14533233642578,34.07163619995117
92037507,2023,2023-04-05,9535,2023-03-23,2200,022234,NA,4,3,5,1901,0,1,1,NA,2,421,I-10 (SAN BERNARDINO FREEWAY) W/B,FREMONT AVE.,1581,E,N,A,-,Y,LA,NA,10,NA,NA,22.692,H,NA,L,Y,4,0,1,2,A,-,08,22107,NA,N,B,C,A,A,A,-,C,D,0,NA,NA,NA,NA,Y,NA,A,07,0,0,1,0,0,0,0,0,0,-,-,34.071529388427734,-118.14563751220705,LOS ANGELES,ALHAMBRA,-118.14563751220705,34.0715217590332