CASE_ID,ACCIDENT_YEAR,PROC_DATE,JURIS,COLLISION_DATE,COLLISION_TIME,OFFICER_ID,REPORTING_DISTRICT,DAY_OF_WEEK,CHP_SHIFT,POPULATION,CNTY_CITY_LOC,SPECIAL_COND,BEAT_TYPE,CHP_BEAT_TYPE,CITY_DIVISION_LAPD,CHP_BEAT_CLASS,BEAT_NUMBER,PRIMARY_RD,SECONDARY_RD,DISTANCE,DIRECTION,INTERSECTION,WEATHER_1,WEATHER_2,STATE_HWY_IND,CALTRANS_COUNTY,CALTRANS_DISTRICT,STATE_ROUTE,ROUTE_SUFFIX,POSTMILE_PREFIX,POSTMILE,LOCATION_TYPE,RAMP_INTERSECTION,SIDE_OF_HWY,TOW_AWAY,COLLISION_SEVERITY,NUMBER_KILLED,NUMBER_INJURED,PARTY_COUNT,PRIMARY_COLL_FACTOR,PCF_CODE_OF_VIOL,PCF_VIOL_CATEGORY,PCF_VIOLATION,PCF_VIOL_SUBSECTION,HIT_AND_RUN,TYPE_OF_COLLISION,MVIW,PED_ACTION,ROAD_SURFACE,ROAD_COND_1,ROAD_COND_2,LIGHTING,CONTROL_DEVICE,CHP_ROAD_TYPE,PEDESTRIAN_ACCIDENT,BICYCLE_ACCIDENT,MOTORCYCLE_ACCIDENT,TRUCK_ACCIDENT,NOT_PRIVATE_PROPERTY,ALCOHOL_INVOLVED,STWD_VEHTYPE_AT_FAULT,CHP_VEHTYPE_AT_FAULT,COUNT_SEVERE_INJ,COUNT_VISIBLE_INJ,COUNT_COMPLAINT_PAIN,COUNT_PED_KILLED,COUNT_PED_INJURED,COUNT_BICYCLIST_KILLED,COUNT_BICYCLIST_INJURED,COUNT_MC_KILLED,COUNT_MC_INJURED,PRIMARY_RAMP,SECONDARY_RAMP,LATITUDE,LONGITUDE,COUNTY,CITY,POINT_X,POINT_Y
92037531,2023,2023-04-05,9530,2023-03-28,1715,022022,NA,2,2,9,1900,0,1,1,NA,2,120,S/B I-110 TO S/B I-405,190TH ST,1331,S,N,A,-,Y,LA,NA,405,NA,NA,13.03,H,NA,L,Y,3,0,1,3,A,-,03,22350,NA,N,C,C,A,A,H,-,A,D,0,NA,NA,NA,NA,Y,NA,A,07,0,1,0,0,0,0,0,0,0,-,-,33.85717010498047,-118.28569793701172,LOS ANGELES,UNINCORPORATED,-118.28556823730467,33.85732650756836
92037534,2023,2023-04-05,9530,2023-04-03,2220,021906,NA,1,3,9,1900,0,3,5,NA,2,001,MAKEE AVE,GAGE AVE,0,NA,Y,A,-,N,NA,NA,NA,NA,NA,NA,NA,NA,NA,Y,3,0,1,2,A,-,01,23152,A,N,D,C,A,A,H,-,C,A,0,NA,NA,NA,NA,Y,Y,A,01,0,1,0,0,0,0,0,0,0,-,-,33.98210906982422,-118.24659729003906,LOS ANGELES,UNINCORPORATED,-118.24652862548828,33.98203659057617
92037548,2023,2023-04-05,9530,2023-03-28,835,018745,NA,2,1,5,1977,0,1,1,NA,2,410,I-405 N/B (SAN DIEGO FREEWAY),WILMINGTON AVE.,528,N,N,A,-,Y,LA,NA,405,NA,NA,9.682,H,NA,R,Y,4,0,1,2,A,-,07,21658,A,N,B,C,A,A,H,-,A,D,0,NA,NA,NA,Y,Y,NA,F,27,0,0,1,0,0,0,0,0,0,-,-,33.82598876953125,-118.24368286132813,LOS ANGELES,CARSON,-118.24368286132813,33.82592010498047
92037553,2023,2023-04-05,9530,2023-03-24,2125,022674,NA,5,2,9,1900,0,3,5,NA,2,001,SANTA FE AVE (8500 BLOCK),INDEPENDENCE AVE,100,S,N,A,-,N,NA,NA,NA,NA,NA,NA,NA,NA,NA,N,4,0,1,3,A,-,01,23152,A,N,B,D,A,A,H,-,C,D,0,NA,NA,NA,NA,Y,Y,A,07,0,0,1,0,0,0,0,0,0,-,-,33.9598503112793,-118.2257080078125,LOS ANGELES,UNINCORPORATED,-118.22605895996094,33.96023941040039
92037555,2023,2023-04-05,9550,2023-03-31,2210,022778,NA,5,3,3,1964,0,1,1,NA,2,650,INTERSTATE 605 NORTHBOUND,TELEGRAPH ROAD,300,N,N,A,-,Y,LA,NA,605,NA,R,10.319,H,NA,R,Y,4,0,1,3,A,-,03,22350,NA,N,C,C,A,A,H,-,C,D,0,NA,NA,NA,NA,Y,NA,A,01,0,0,1,0,0,0,0,0,0,-,-,33.9505615234375,-118.09136962890624,LOS ANGELES,SANTA FE SPRINGS,-118.0913314819336,33.95054244995117
92037570,2023,2023-04-05,9575,2023-03-24,1345,023072,NA,5,1,7,1942,0,1,1,NA,2,053,I-5 S/B (GOLDEN STATE FREEWAY),OSBORNE ST.,2364,S,N,A,-,Y,LA,NA,5,NA,NA,36.968,H,NA,L,Y,4,0,2,2,A,-,07,21658,A,N,B,C,A,A,H,-,A,D,0,NA,NA,NA,NA,Y,NA,A,07,0,0,2,0,0,0,0,0,0,-,-,34.23960876464844,-118.41737365722656,LOS ANGELES,LOS ANGELES,-118.41725158691406,34.23969268798828
92037612,2023,2023-04-05,9590,2023-03-22,720,023266,NA,3,1,7,1942,0,1,1,NA,2,082,I-5 N/B,SR-110 (ASP),171,N,N,B,C,Y,LA,NA,5,NA,NA,20.502,H,NA,R,N,3,0,2,2,A,-,03,22350,NA,N,C,C,A,B,H,-,A,D,0,NA,NA,NA,NA,Y,NA,D,22,0,2,0,0,0,0,0,0,0,-,-,34.082210540771484,-118.22469329833984,LOS ANGELES,LOS ANGELES,-118.22468566894533,34.08222198486328
92037631,2023,2023-04-05,9590,2023-03-22,220,023083,NA,3,3,7,1942,0,1,2,NA,2,071,US-101 S/B (SAF) TO ALAMEDA STREET,EASTSIDE OVERCROSSING,400,S,N,C,-,Y,NA,NA,NA,NA,NA,NA,NA,NA,NA,Y,3,0,1,1,A,-,08,22107,NA,N,E,8,A,B,H,-,C,D,0,NA,NA,NA,NA,Y,NA,D,22,0,1,0,0,0,0,0,0,0,-,-,34.053279876708984,-118.23409271240234,LOS ANGELES,LOS ANGELES,-118.23409271240234,34.053279876708984
92037636,2023,2023-04-05,9540,2023-03-23,1325,018037,NA,4,1,9,1900,0,1,1,NA,2,509,I-5 S/B (GOLDEN STATE FREEWAY),LAKE HUGHES RD. U/C,2420,N,N,B,C,Y,LA,NA,5,NA,R,59.978,H,NA,L,Y,3,0,3,2,A,-,03,22350,NA,N,E,8,A,B,H,-,A,D,0,NA,NA,NA,NA,Y,NA,A,01,0,2,1,0,0,0,0,0,0,-,-,34.50204849243164,-118.62734222412108,LOS ANGELES,UNINCORPORATED,-118.6274185180664,34.50204086303711
92037714,2023,2023-04-05,9525,2023-02-16,2351,020719,NA,4,3,6,1975,0,1,1,NA,2,106,I-10 E/B (SAN BERNARDINO FWY),CITRUS ST.,791,W,N,B,-,Y,LA,NA,10,NA,NA,37.34,H,NA,R,Y,2,0,2,3,A,-,01,23152,F,N,G,B,E,A,H,-,C,D,0,Y,NA,NA,Y,Y,NA,A,01,2,0,0,0,1,0,0,0,0,-,-,34.071781158447266,-117.89293670654295,LOS ANGELES,WEST COVINA,-117.89293670654295,34.07191848754883
92037717,2023,2023-04-05,9530,2023-03-29,630,021004,NA,3,1,9,1900,0,3,5,NA,2,001,COMPTON AVE.,GAGE AVE.,0,NA,Y,B,C,N,NA,NA,NA,NA,NA,NA,NA,NA,NA,N,4,0,1,2,A,-,09,21801,A,N,D,C,A,B,H,-,B,A,0,NA,NA,NA,Y,Y,NA,F,26,0,0,1,0,0,0,0,0,0,-,-,33.98208999633789,-118.24772644042967,LOS ANGELES,UNINCORPORATED,-118.24774169921876,33.9820556640625
92037722,2023,2023-04-05,9530,2023-03-29,605,022377,NA,3,1,9,1900,0,3,5,NA,2,001,HOLMES AVENUE,GAGE AVENUE,0,NA,Y,B,C,N,NA,NA,NA,NA,NA,NA,NA,NA,NA,Y,3,0,2,2,A,-,09,21801,A,N,A,C,A,B,H,-,B,A,0,NA,NA,NA,NA,Y,NA,A,01,0,1,1,0,0,0,0,0,0,-,-,33.98202133178711,-118.24124908447266,LOS ANGELES,UNINCORPORATED,-118.2412109375,33.98200225830078
92037724,2023,2023-04-05,9535,2023-03-25,1015,023258,NA,6,1,4,1907,0,1,1,NA,2,072,I-710 N/B (LONG BEACH FREEWAY),ATLANTIC BLVD,2154,S,N,A,-,Y,LA,NA,710,NA,NA,21.491,H,NA,R,Y,3,0,2,2,A,-,03,22350,NA,N,C,C,A,A,H,-,A,D,0,NA,NA,NA,NA,Y,NA,A,07,0,1,1,0,0,0,0,0,0,-,-,33.99203109741211,-118.17452239990234,LOS ANGELES,BELL,-118.1745834350586,33.991973876953125
92037742,2023,2023-04-05,9525,2023-03-26,1935,023049,NA,7,2,9,1900,0,2,4,NA,2,045,VALLEY BLVD.,SANTA MARIANA AVE.,60,W,N,A,-,N,NA,NA,NA,NA,NA,NA,NA,NA,NA,N,4,0,1,2,A,-,03,22350,NA,N,C,C,A,A,A,-,C,D,0,NA,NA,NA,NA,Y,NA,A,08,0,0,1,0,0,0,0,0,0,-,-,34.05121994018555,-117.99932861328124,LOS ANGELES,UNINCORPORATED,-117.99919891357422,34.051246643066406
92037825,2023,2023-04-05,9590,2023-03-23,1430,023252,NA,4,2,7,1942,0,1,1,NA,2,082,I-5 N/B,NEWELL ST,194,S,N,A,-,Y,LA,NA,5,NA,NA,22.23,H,NA,R,N,3,0,1,2,A,-,03,22350,NA,M,C,C,A,A,H,-,A,D,0,NA,NA,NA,NA,Y,NA,-,99,0,1,0,0,0,0,0,0,0,-,-,34.09872817993164,-118.2469482421875,LOS ANGELES,LOS ANGELES,-118.24688720703124,34.09877014160156
92037865,2023,2023-04-05,9550,2023-03-28,725,022895,NA,2,1,5,1908,0,1,3,NA,2,091,SR-91 E/B,CLARK AVENUE,60,E,N,A,-,Y,LA,NA,91,NA,R,15.137,H,NA,R,N,4,0,1,2,A,-,03,22350,NA,N,C,C,A,A,H,-,A,D,0,NA,NA,NA,NA,Y,NA,A,07,0,0,1,0,0,0,0,0,0,-,-,33.876991271972656,-118.13359832763672,LOS ANGELES,BELLFLOWER,-118.13361358642578,33.87694549560547
92037882,2023,2023-04-05,9575,2023-03-20,1416,023204,NA,1,2,7,1942,0,1,1,NA,2,050,I-5 N/B (GOLDEN STATE FREEWAY),ZOO DRIVE,130,S,N,B,-,Y,LA,NA,5,NA,NA,26.44,H,NA,R,N,3,0,1,2,A,-,08,22107,NA,F,B,C,A,A,H,-,A,D,0,NA,NA,NA,NA,Y,NA,-,99,0,1,0,0,0,0,0,0,0,-,-,34.15011978149414,-118.28032684326172,LOS ANGELES,LOS ANGELES,-118.28028106689452,34.150146484375
92037891,2023,2023-04-05,9590,2023-03-23,1953,023252,NA,4,2,7,1942,0,1,1,NA,2,013,SR-110 S/B,AVENUE 60,212,N,N,C,-,Y,LA,NA,110,NA,NA,29.323,H,NA,L,Y,3,0,1,1,A,-,01,23152,A,N,E,8,A,B,H,-,D,D,0,NA,NA,NA,NA,Y,Y,A,01,0,1,0,0,0,0,0,0,0,-,-,34.11149978637695,-118.17978668212892,LOS ANGELES,LOS ANGELES,-118.17975616455078,34.11144256591797
92037910,2023,2023-04-05,9535,2023-03-23,1625,021976,NA,4,2,5,1948,0,1,3,NA,2,620,SR-60 E/B (POMONA FREEWAY),PARAMOUNT BLVD,1795,W,N,A,-,Y,LA,NA,60,NA,R,7.419,H,NA,R,N,4,0,1,2,A,-,03,22350,NA,M,C,C,A,A,H,-,A,D,0,NA,NA,NA,NA,Y,NA,A,01,0,0,1,0,0,0,0,0,0,-,-,34.035770416259766,-118.09902191162108,LOS ANGELES,MONTEREY PARK,-118.09902191162108,34.035682678222656
92037926,2023,2023-04-05,9550,2023-03-23,1529,022900,NA,4,2,6,1949,0,1,1,NA,2,651,I-605 N/B,ROSECRANS AVENUE,400,S,N,A,-,Y,LA,NA,605,NA,R,6.744,H,NA,R,N,3,0,1,2,C,-,18,NA,NA,N,H,A,A,A,H,-,A,D,0,NA,NA,NA,NA,Y,NA,-,-,0,1,0,0,0,0,0,0,0,-,-,33.900821685791016,-118.10505676269533,LOS ANGELES,NORWALK,-118.10498809814452,33.90082550048828
92037927,2023,2023-04-05,9580,2023-03-28,1450,023201,NA,2,2,7,1942,0,1,3,NA,2,116,SR-118 E/B (RONALD REAGAN FWY.),I-405 S/B (SAN DIEGO FWY),100,W,N,A,-,Y,LA,NA,118,NA,R,9.774,H,NA,R,Y,4,0,5,5,A,-,03,22350,NA,N,C,C,A,A,H,-,A,D,0,NA,NA,NA,NA,Y,NA,A,07,0,0,5,0,0,0,0,0,0,-,-,34.265968322753906,-118.47268676757813,LOS ANGELES,LOS ANGELES,-118.47269439697266,34.2658805847168
92037934,2023,2023-04-06,9590,2023-04-03,743,021762,NA,1,1,7,1942,0,1,2,NA,2,070,US-101 N/B (HOLLYWOOD FREEWAY),SILVER LAKE BOULEVARD,400,N,N,B,-,Y,LA,NA,101,NA,NA,3.871,H,NA,R,N,4,0,2,3,A,-,03,22350,NA,N,C,2,A,A,H,-,A,D,0,NA,NA,NA,NA,Y,NA,A,01,0,0,2,0,0,0,0,0,0,-,-,34.07759094238281,-118.28294372558594,LOS ANGELES,LOS ANGELES,-118.28295135498048,34.07756423950195
92037939,2023,2023-04-06,9525,2023-04-05,1655,020216,NA,3,2,3,1921,0,1,1,NA,2,212,I-210 E/B (FOOTHILL FWY),I-605,1584,W,N,A,-,Y,LA,NA,210,NA,R,36.054,H,NA,R,N,4,0,2,2,A,-,03,22350,NA,N,C,C,A,A,H,-,A,D,0,NA,NA,NA,NA,Y,NA,A,07,0,0,2,0,0,0,0,0,0,-,-,34.13549041748047,-117.9635009765625,LOS ANGELES,DUARTE,-117.96350860595705,34.13544845581055
92037954,2023,2023-04-06,9565,2023-03-23,720,022902,NA,4,1,9,1900,0,3,5,NA,2,003,OVERHILL DR,61ST ST,0,NA,Y,A,-,N,NA,NA,NA,NA,NA,NA,NA,NA,NA,N,4,0,1,2,A,-,09,21802,A,N,D,C,A,A,H,-,A,A,0,NA,NA,NA,NA,Y,NA,A,01,0,0,1,0,0,0,0,0,0,-,-,33.98447036743164,-118.35491943359376,LOS ANGELES,UNINCORPORATED,-118.35499572753906,33.984458923339844
92037955,2023,2024-01-01,9565,2023-03-23,930,022857,NA,4,1,7,1942,0,1,1,NA,2,012,I-105 W/B,NORMANDIE AVENUE,100,E,N,A,-,Y,LA,NA,105,NA,R,6.324,H,NA,L,N,4,0,1,2,A,-,03,22350,NA,F,C,C,A,A,H,-,A,D,0,NA,NA,NA,NA,Y,NA,A,01,0,0,1,0,0,0,0,0,0,-,-,33.92789840698242,-118.29913330078124,LOS ANGELES,LOS ANGELES,-118.29914093017578,33.927940368652344
92038261,2023,2023-04-06,9575,2023-03-19,910,023016,NA,7,1,7,1942,0,1,1,NA,2,052,I-5 S/B (GOLDEN STATE FREEWAY),LANKERSHIM BLVD,10,S,N,B,-,Y,LA,NA,5,NA,NA,34.982,H,NA,L,Y,4,0,1,2,A,-,08,22107,NA,N,B,C,A,A,H,-,A,D,0,NA,NA,NA,NA,Y,NA,-,-,0,0,1,0,0,0,0,0,0,-,-,34.22658157348633,-118.38761138916016,LOS ANGELES,LOS ANGELES,-118.38762664794922,34.22651672363281
92038265,2023,2023-04-06,9575,2023-03-25,1220,019538,NA,6,1,7,1942,0,1,3,NA,2,044,SR-134 W/B (VENTURA FREEWAY),THE WEST EDGE OF CAHUENGA BLVD.,20,W,N,A,-,Y,LA,NA,134,NA,NA,0.854,H,NA,L,N,3,0,1,1,A,-,03,22350,NA,N,F,A,A,A,H,-,A,D,0,NA,NA,Y,NA,Y,NA,C,02,0,1,0,0,0,0,0,0,1,-,-,34.1533317565918,-118.36174774169922,LOS ANGELES,LOS ANGELES,-118.36174774169922,34.15332794189453
92038271,2023,2023-04-06,9575,2023-03-26,930,019538,NA,7,1,7,1942,0,1,3,NA,2,044,SR-134 W/B (VENTURA FREEWAY),THE WEST EDGE OF LANKERSHIM BLVD.,50,E,N,A,-,Y,LA,NA,134,NA,NA,0.533,H,NA,L,N,4,0,1,1,A,-,08,22107,NA,N,E,I,A,A,H,-,A,D,0,NA,NA,NA,NA,Y,NA,A,01,0,0,1,0,0,0,0,0,0,-,-,34.15317153930664,-118.36710357666016,LOS ANGELES,LOS ANGELES,-118.36710357666016,34.15324783325195
92038279,2023,2023-04-06,9535,2023-04-01,1412,021976,NA,6,2,4,1907,0,1,1,NA,2,073,I-710 S/B (LONG BEACH FREEWAY),FLORENCE AVE,955,N,N,A,-,Y,LA,NA,710,NA,NA,19.532,H,NA,L,N,4,0,1,2,A,-,03,22350,NA,M,C,C,A,A,H,-,A,D,0,NA,NA,NA,NA,Y,NA,-,99,0,0,1,0,0,0,0,0,0,-,-,33.965450286865234,-118.16880035400392,LOS ANGELES,BELL,-118.1687240600586,33.965423583984375
92038286,2023,2023-04-06,9535,2023-04-01,1815,021976,NA,6,2,9,1900,0,1,1,NA,2,070,I-710 N/B TO I-10 W/B,RAMONA BLVD.,105,N,N,A,-,Y,LA,NA,710,NA,NA,26.421,H,NA,R,Y,3,0,3,3,A,-,03,22350,NA,N,C,C,A,A,H,-,A,D,0,NA,NA,NA,NA,Y,NA,A,08,0,2,1,0,0,0,0,0,0,-,-,34.06003952026367,-118.16493225097656,LOS ANGELES,UNINCORPORATED,-118.16519927978516,34.0600700378418
92038308,2023,2023-04-06,9545,2023-03-26,135,021640,NA,7,3,9,1900,0,1,3,NA,2,011,SR-14 S/B,AVENUE L,1300,S,N,A,-,Y,LA,NA,14,NA,R,65.431,H,NA,L,Y,3,0,1,2,A,-,01,23152,A,N,C,C,A,A,H,-,C,D,0,NA,NA,NA,NA,Y,Y,A,01,0,1,0,0,0,0,0,0,0,-,-,34.65668869018555,-118.1535186767578,LOS ANGELES,UNINCORPORATED,-118.15351104736328,34.65668869018555
92038320,2023,2023-04-06,9545,2023-03-31,1225,015826,NA,5,1,9,1900,0,2,4,NA,1,025,SAN FRANCISQUITO CANYON RD,LEONA DIVIDE FIRE ROAD,0,NA,Y,A,-,N,NA,NA,NA,NA,NA,NA,NA,NA,NA,Y,3,0,1,2,A,-,09,21801,A,N,D,C,A,A,H,-,A,D,0,NA,NA,NA,NA,Y,NA,D,22,0,1,0,0,0,0,0,0,0,-,-,34.63948059082031,-118.38096618652344,LOS ANGELES,UNINCORPORATED,-118.38099670410156,34.63948059082031
92038329,2023,2023-04-06,9535,2023-03-29,1640,021976,NA,3,2,9,1900,0,1,1,NA,2,071,I-710 S/B (LONG BEACH FREEWAY) TO 3RD ST.,3RD ST.,135,N,N,A,-,Y,LA,NA,710,NA,NA,24.27,H,NA,L,N,4,0,1,1,A,-,03,22350,NA,N,E,I,A,A,H,-,A,D,0,NA,NA,NA,NA,Y,NA,A,01,0,0,1,0,0,0,0,0,0,-,-,34.03076934814453,-118.17146301269533,LOS ANGELES,UNINCORPORATED,-118.17127990722656,34.03071212768555
92038344,2023,2023-04-06,9550,2023-03-27,1730,021648,NA,1,2,9,1900,0,1,3,NA,2,600,SR-60 W/B,CROSSROADS PARKWAY SOUTH,300,E,N,A,-,Y,LA,NA,60,NA,NA,12.723,H,NA,L,Y,4,0,1,2,A,-,03,22350,NA,N,C,C,A,A,H,-,A,D,0,NA,NA,NA,Y,Y,NA,A,07,0,0,1,0,0,0,0,0,0,-,-,34.02927017211914,-118.01091003417967,LOS ANGELES,UNINCORPORATED,-118.01091003417967,34.02920913696289
92038345,2023,2023-04-06,9580,2023-04-05,1820,019679,NA,3,2,7,1942,0,1,3,NA,2,116,SR-118 E/B (RONALD REAGAN FWY.),OF THE EAST ROAD EDGE OF TAMPA AVE,528,E,N,A,-,Y,LA,NA,118,NA,R,4.948,H,NA,R,Y,3,0,2,4,A,-,03,22350,NA,N,C,C,A,A,H,-,A,D,0,NA,NA,NA,NA,Y,NA,A,01,0,2,0,0,0,0,0,0,0,-,-,34.27293014526367,-118.55091094970705,LOS ANGELES,LOS ANGELES,-118.55088806152344,34.27288055419922
92038347,2023,2023-04-06,9550,2023-03-24,1326,023242,NA,5,1,9,1900,0,1,1,NA,2,650,I-605 SOUTHBOUND,PECK RD,2300,S,N,A,-,Y,LA,NA,605,NA,R,16.199,H,NA,L,N,4,0,1,2,A,-,03,22350,NA,N,C,C,A,A,H,-,A,D,0,NA,NA,NA,NA,Y,NA,A,01,0,0,1,0,0,0,0,0,0,-,-,34.02354049682617,-118.04398345947266,LOS ANGELES,UNINCORPORATED,-118.04398345947266,34.02354431152344
92038348,2023,2023-04-06,9535,2023-03-22,1432,021976,NA,3,2,9,1900,0,1,1,NA,2,071,I-710 S/B (LONG BEACH FREEWAY),FLORAL DR.,720,N,N,B,C,Y,LA,NA,710,NA,NA,25.343,H,NA,L,Y,3,0,1,1,A,-,03,22350,NA,N,E,I,A,B,H,-,A,D,0,NA,NA,NA,NA,Y,NA,A,01,0,1,0,0,0,0,0,0,0,-,-,34.04610824584961,-118.16918182373048,LOS ANGELES,UNINCORPORATED,-118.16930389404295,34.046165466308594
92038351,2023,2023-04-06,9550,2023-03-28,745,019293,NA,2,1,9,1900,0,3,5,NA,2,005,BATSON AVE,COLIMA ROAD,150,N,N,A,-,N,NA,NA,NA,NA,NA,NA,NA,NA,NA,N,4,0,1,2,A,-,17,21228,A,N,D,C,A,A,H,-,A,D,0,NA,NA,NA,NA,Y,NA,M,94,0,0,1,0,0,0,0,0,0,-,-,33.98788070678711,-117.9040298461914,LOS ANGELES,UNINCORPORATED,-117.90388488769533,33.98868179321289
92038353,2023,2023-04-06,9580,2023-04-02,30,023129,NA,7,3,7,1942,0,1,3,NA,1,270,OLD TOPANGA CANYON RD,HONDO CANYON RD,25,E,N,A,-,N,NA,NA,NA,NA,NA,NA,NA,NA,NA,Y,2,0,1,1,A,-,03,22350,NA,N,E,8,A,A,H,-,D,D,0,NA,NA,NA,NA,Y,NA,A,01,1,0,0,0,0,0,0,0,0,-,-,34.093971252441406,-118.6106414794922,LOS ANGELES,LOS ANGELES,-118.61561584472656,34.09708023071289
92038376,2023,2023-04-06,9540,2023-04-04,1700,020790,NA,2,2,9,1900,0,2,4,NA,2,010,THE OLD ROAD S/B,VALENCIA BLVD,40,S,N,A,G,N,NA,NA,NA,NA,NA,NA,NA,NA,NA,N,4,0,1,2,A,-,07,21658,A,N,B,C,A,A,H,-,A,D,0,NA,NA,NA,NA,Y,NA,A,01,0,0,1,0,0,0,0,0,0,-,-,34.40713882446289,-118.57977294921876,LOS ANGELES,UNINCORPORATED,-118.579833984375,34.407440185546875
92038390,2023,2023-04-06,9545,2023-04-04,1430,023153,NA,2,2,9,1900,0,3,5,NA,2,004,106TH STREET EAST,AVENUE T,70,S,N,A,-,N,NA,NA,NA,NA,NA,NA,NA,NA,NA,N,4,0,1,2,A,-,03,22350,NA,N,C,C,A,A,H,-,A,A,0,NA,NA,NA,Y,Y,NA,A,01,0,0,1,0,0,0,0,0,0,-,-,34.54267120361328,-117.94046020507813,LOS ANGELES,UNINCORPORATED,-117.9404754638672,34.54270935058594
92038400,2023,2023-04-06,9575,2023-03-26,1313,019538,NA,7,1,7,1942,0,1,3,NA,2,043,SR-134 E/B (VENTURA FREEWAY),RIVERSIDE DRIVE OVERCROSSING,20,E,N,A,-,Y,LA,NA,134,NA,NA,4.823,H,NA,R,N,2,0,1,4,A,-,07,21658,A,N,B,C,A,A,H,-,A,D,0,NA,NA,Y,NA,Y,NA,A,01,1,0,0,0,0,0,0,0,1,-,-,34.155208587646484,-118.29373168945313,LOS ANGELES,LOS ANGELES,-118.29373168945313,34.155242919921875
92038446,2023,2023-04-06,9575,2023-03-28,1735,021932,NA,2,2,6,1953,0,1,1,NA,2,064,I-210 E/B (FOOTHILL FREEWAY),FAIR OAKS AVENUE,700,W,N,A,-,Y,LA,NA,210,NA,R,25.14,H,NA,R,Y,4,0,1,3,A,-,07,21658,A,F,C,A,A,A,H,-,A,D,0,NA,NA,Y,NA,Y,NA,-,99,0,0,1,0,0,0,0,0,1,-,-,34.151031494140625,-118.15300750732422,LOS ANGELES,PASADENA,-118.15293884277344,34.15091323852539
92038447,2023,2023-04-06,9550,2023-03-24,200,022947,NA,5,3,9,1900,0,3,5,NA,2,002,IMPERIAL HIGHWAY WESTBOUND,SUNNYBROOK LANE,50,E,N,A,-,N,NA,NA,NA,NA,NA,NA,NA,NA,NA,Y,3,0,2,1,A,-,08,22107,NA,N,E,I,A,A,H,-,C,D,0,NA,NA,NA,NA,Y,NA,A,08,0,1,1,0,0,0,0,0,0,-,-,33.91720962524414,-118.0322265625,LOS ANGELES,UNINCORPORATED,-118.03240203857422,33.91714096069336
92038448,2023,2023-04-06,9535,2023-03-23,1420,022719,NA,4,2,9,1900,0,3,5,NA,2,001,DOZIER ST (3800 BLOCK),GAGE AVE.,125,E,N,A,-,N,NA,NA,NA,NA,NA,NA,NA,NA,NA,N,4,0,1,3,A,-,08,22107,NA,N,D,C,A,A,H,-,A,D,0,NA,NA,NA,NA,Y,NA,A,07,0,0,1,0,0,0,0,0,0,-,-,34.04148864746094,-118.18431091308594,LOS ANGELES,UNINCORPORATED,-118.18424987792967,34.04144287109375
92038459,2023,2023-04-06,9575,2023-03-31,1500,021932,NA,5,2,6,1953,0,1,1,NA,2,080,SR-710 S/B TO MAPLE STREET (COLORADO BLVD),MAPLE STREET,600,N,N,A,-,Y,LA,NA,210,NA,R,24.753,H,NA,R,N,4,0,1,2,A,-,03,22350,NA,N,C,C,A,A,H,-,A,D,0,NA,NA,NA,NA,Y,NA,A,01,0,0,1,0,0,0,0,0,0,-,-,34.152400970458984,-118.15670013427734,LOS ANGELES,PASADENA,-118.15655517578124,34.152442932128906
92038463,2023,2023-04-06,9530,2023-02-19,2018,021709,NA,7,2,9,1900,0,3,5,NA,2,002,AVALON BOULEVARD (13300 BLOCK),135TH STREET,620,N,N,A,-,N,NA,NA,NA,NA,NA,NA,NA,NA,NA,Y,1,1,2,4,A,-,10,21954,B,F,G,B,D,A,H,-,C,D,0,Y,NA,NA,NA,Y,NA,A,01,1,0,1,1,1,0,0,0,0,-,-,33.910728454589844,-118.26529693603516,LOS ANGELES,UNINCORPORATED,-118.26530456542967,33.91088104248047
92038467,2023,2025-05-27,9590,2023-03-23,640,023266,NA,4,1,7,1942,0,1,1,NA,2,052,I-110 N/B (HARBOR FREEWAY),ADAMS BLVD,305,S,N,A,-,Y,LA,NA,110,NA,NA,20.643,H,NA,R,N,3,0,2,4,A,-,03,22350,NA,M,C,C,A,B,H,-,B,D,0,NA,NA,NA,NA,Y,NA,-,-,0,2,0,0,0,0,0,0,0,-,-,34.026611328125,-118.27490234375,LOS ANGELES,LOS ANGELES,-118.2748565673828,34.02659225463867
92038469,2023,2023-04-06,9535,2023-03-27,730,020340,NA,1,1,6,1922,0,1,1,NA,2,401,INTERSTATE 10 WESTBOUND (SAN BERNARDINO FREEWAY),BALDWIN AVE,1000,E,N,A,-,Y,NA,NA,NA,NA,NA,NA,NA,NA,NA,N,4,0,1,2,A,-,03,22350,NA,N,C,C,A,A,H,-,A,D,0,NA,NA,NA,NA,Y,NA,D,22,0,0,1,0,0,0,0,0,0,-,-,34.01708984375,-118.05034637451172,LOS ANGELES,EL MONTE,-118.05303955078124,34.07265090942383
92038479,2023,2024-07-09,9575,2023-03-29,1715,021932,NA,3,2,6,1953,0,1,1,NA,2,064,I-210 W/B (FOOTHILL FREEWAY),LAKE AVENUE,2000,E,N,A,-,Y,LA,NA,210,NA,R,26.721,H,NA,L,N,4,0,1,2,A,-,07,21658,A,N,B,C,A,A,H,-,A,D,0,NA,NA,NA,Y,Y,NA,A,01,0,0,1,0,0,0,0,0,0,-,-,34.152259826660156,-118.12551879882813,LOS ANGELES,PASADENA,-118.1255111694336,34.15218734741211