CASE_ID,ACCIDENT_YEAR,PROC_DATE,JURIS,COLLISION_DATE,COLLISION_TIME,OFFICER_ID,REPORTING_DISTRICT,DAY_OF_WEEK,CHP_SHIFT,POPULATION,CNTY_CITY_LOC,SPECIAL_COND,BEAT_TYPE,CHP_BEAT_TYPE,CITY_DIVISION_LAPD,CHP_BEAT_CLASS,BEAT_NUMBER,PRIMARY_RD,SECONDARY_RD,DISTANCE,DIRECTION,INTERSECTION,WEATHER_1,WEATHER_2,STATE_HWY_IND,CALTRANS_COUNTY,CALTRANS_DISTRICT,STATE_ROUTE,ROUTE_SUFFIX,POSTMILE_PREFIX,POSTMILE,LOCATION_TYPE,RAMP_INTERSECTION,SIDE_OF_HWY,TOW_AWAY,COLLISION_SEVERITY,NUMBER_KILLED,NUMBER_INJURED,PARTY_COUNT,PRIMARY_COLL_FACTOR,PCF_CODE_OF_VIOL,PCF_VIOL_CATEGORY,PCF_VIOLATION,PCF_VIOL_SUBSECTION,HIT_AND_RUN,TYPE_OF_COLLISION,MVIW,PED_ACTION,ROAD_SURFACE,ROAD_COND_1,ROAD_COND_2,LIGHTING,CONTROL_DEVICE,CHP_ROAD_TYPE,PEDESTRIAN_ACCIDENT,BICYCLE_ACCIDENT,MOTORCYCLE_ACCIDENT,TRUCK_ACCIDENT,NOT_PRIVATE_PROPERTY,ALCOHOL_INVOLVED,STWD_VEHTYPE_AT_FAULT,CHP_VEHTYPE_AT_FAULT,COUNT_SEVERE_INJ,COUNT_VISIBLE_INJ,COUNT_COMPLAINT_PAIN,COUNT_PED_KILLED,COUNT_PED_INJURED,COUNT_BICYCLIST_KILLED,COUNT_BICYCLIST_INJURED,COUNT_MC_KILLED,COUNT_MC_INJURED,PRIMARY_RAMP,SECONDARY_RAMP,LATITUDE,LONGITUDE,COUNTY,CITY,POINT_X,POINT_Y
92038497,2023,2023-04-06,9535,2023-03-25,1345,022142,NA,6,1,3,1914,0,1,1,NA,2,501,I-5 S/B (SANTA ANA FREEWAY),SLAUSON AVE,1010,N,N,A,-,Y,LA,NA,5,NA,NA,9.97,H,NA,L,Y,3,0,1,2,A,-,03,22350,NA,N,C,C,A,A,H,-,A,D,0,NA,NA,NA,NA,Y,NA,A,01,0,1,0,0,0,0,0,0,0,-,-,33.977638244628906,-118.1269302368164,LOS ANGELES,COMMERCE,-118.12685394287108,33.97768783569336
92038504,2023,2023-04-06,9550,2023-03-25,1730,022900,NA,6,2,9,1900,0,1,3,NA,2,600,SR-60 E/B,HACIENDA BOULEVARD,225,E,N,A,-,Y,LA,NA,60,NA,NA,15.997,H,NA,R,Y,4,0,3,3,A,-,03,22350,NA,N,C,C,A,A,H,-,A,D,0,NA,NA,NA,NA,Y,NA,A,01,0,0,3,0,0,0,0,0,0,-,-,34.00651168823242,-117.9636001586914,LOS ANGELES,UNINCORPORATED,-117.9635772705078,34.006553649902344
92038538,2023,2023-04-06,9525,2023-03-31,706,020552,NA,5,1,4,1946,0,1,1,NA,2,201,I-210 W/B (FOOTHILL FWY),HUNTINGTON DR,1056,E,N,A,-,Y,LA,NA,210,NA,R,33.178,H,NA,L,N,4,0,2,2,A,-,03,22350,NA,F,C,C,A,A,H,-,A,D,0,NA,NA,NA,Y,Y,NA,G,25,0,0,2,0,0,0,0,0,0,-,-,34.13774871826172,-118.01331329345705,LOS ANGELES,MONROVIA,-118.01335144042967,34.13768768310547
92038557,2023,2023-04-06,9530,2023-03-29,1740,022079,NA,3,2,9,1900,0,3,5,NA,2,003,COMPTON BLVD (4300 BLOCK),WHITE AVE.,50,E,N,B,-,N,NA,NA,NA,NA,NA,NA,NA,NA,NA,N,4,0,2,2,A,-,03,22350,NA,F,C,C,A,A,H,-,A,D,0,NA,NA,NA,NA,Y,NA,-,99,0,0,2,0,0,0,0,0,0,-,-,33.89609146118164,-118.19541168212892,LOS ANGELES,UNINCORPORATED,-118.19545745849608,33.896141052246094
92038559,2023,2023-04-06,9540,2023-04-04,750,023145,NA,2,1,6,1985,0,2,4,NA,2,010,THE OLD ROAD,SR14 SB TRUCK ROUTE TO THE OLD ROAD,0,NA,Y,A,-,N,NA,NA,NA,NA,NA,NA,NA,NA,NA,Y,4,0,1,2,A,-,09,21802,A,N,D,C,A,A,H,-,A,A,0,NA,NA,NA,NA,Y,NA,A,07,0,0,1,0,0,0,0,0,0,-,-,34.33692169189453,-118.5110092163086,LOS ANGELES,SANTA CLARITA,NA,NA
92038562,2023,2023-04-06,9565,2023-03-24,1730,023238,NA,5,2,4,1918,0,1,1,NA,2,061,INTERSTATE 405 S/B (SAN DIEGO FWY),BRADDOCK DRIVE,100,N,N,A,-,Y,LA,NA,405,NA,NA,26.998,H,NA,L,N,4,0,1,3,A,-,03,22350,NA,N,C,C,A,A,H,-,A,D,0,NA,NA,NA,NA,Y,NA,A,07,0,0,1,0,0,0,0,0,0,-,-,34.00033950805664,-118.40940856933594,LOS ANGELES,CULVER CITY,-118.40927886962892,34.00041198730469
92038587,2023,2023-04-06,9525,2023-03-25,1038,018992,NA,6,1,9,1900,0,1,3,NA,2,601,BREA CANYON ROAD,TONNER CANYON RD.,3100,N,N,A,-,N,NA,NA,NA,NA,NA,NA,NA,NA,NA,N,3,0,1,1,A,-,08,22107,NA,N,F,A,A,A,H,-,A,D,0,NA,NA,Y,NA,Y,NA,C,02,0,1,0,0,0,0,0,0,1,-,-,33.94607925415039,-117.869873046875,LOS ANGELES,UNINCORPORATED,NA,NA
92038597,2023,2023-04-06,9535,2023-03-22,1407,021976,NA,3,2,9,1900,0,1,1,NA,2,071,I-710 S/B (LONG BEACH FREEWAY),WHITTIER BLVD.,40,S,N,C,-,Y,LA,NA,710,NA,NA,23.769,H,NA,L,N,3,0,1,2,A,-,07,21658,A,N,B,C,A,B,H,-,A,D,0,NA,NA,NA,Y,Y,NA,A,07,0,1,0,0,0,0,0,0,0,-,-,34.02354049682617,-118.17278289794922,LOS ANGELES,UNINCORPORATED,-118.17279052734376,34.02354049682617
92038677,2023,2023-04-06,9525,2023-03-30,740,021838,NA,4,1,4,1913,0,1,1,NA,2,209,SR-210 W/B (FOOTHILL FWY),BASELINE RD,200,E,N,C,-,Y,LA,NA,210,NA,R,51.927,H,NA,L,Y,4,0,2,2,A,-,03,22350,NA,N,A,C,A,B,H,-,A,D,0,NA,NA,NA,NA,Y,NA,A,01,0,0,2,0,0,0,0,0,0,-,-,34.12234115600586,-117.69554901123048,LOS ANGELES,CLAREMONT,-117.69556427001952,34.122352600097656
92038678,2023,2023-04-06,9565,2023-03-24,730,022902,NA,5,1,9,1900,0,1,1,NA,2,012,I-105 W/B (CENTURY FREEWAY),VAN NESS AVE,100,E,N,A,-,Y,LA,NA,105,NA,R,5.285,H,NA,L,N,3,0,1,2,A,-,07,21658,A,N,B,C,A,A,H,-,A,D,0,NA,NA,Y,NA,Y,NA,A,07,0,1,0,0,0,0,0,0,1,-,-,33.925559997558594,-118.31690216064452,LOS ANGELES,UNINCORPORATED,-118.31690216064452,33.92563247680664
92038699,2023,2023-04-06,9525,2023-04-03,1405,021978,NA,1,2,9,1900,0,3,5,NA,2,002,COVINA BLVD,BONNIE COVE AVE,0,NA,Y,A,-,N,NA,NA,NA,NA,NA,NA,NA,NA,NA,Y,4,0,2,2,A,-,12,21453,A,N,D,C,A,A,H,-,A,A,0,NA,NA,NA,NA,Y,NA,A,01,0,0,2,0,0,0,0,0,0,-,-,34.09944152832031,-117.85513305664064,LOS ANGELES,UNINCORPORATED,-117.85507965087892,34.09945297241211
92038714,2023,2023-04-06,9545,2023-03-25,945,019951,NA,6,1,9,1900,0,3,5,NA,2,003,ANGELES FOREST HIGHWAY,MPM 13.30,1584,S,N,A,-,N,NA,NA,NA,NA,NA,NA,NA,NA,NA,N,2,0,1,1,A,-,08,22107,NA,N,F,A,A,A,H,-,A,D,0,NA,NA,Y,NA,Y,NA,C,02,1,0,0,0,0,0,0,0,1,-,-,34.3366584777832,-118.10887145996094,LOS ANGELES,UNINCORPORATED,NA,NA
92038717,2023,2023-04-06,9530,2023-03-29,804,022427,NA,3,1,7,1941,0,1,1,NA,2,420,I-405 S/B TO ATLANTIC AVE,ATLANTIC AVE,30,N,N,B,C,Y,NA,NA,NA,NA,NA,NA,NA,NA,NA,N,4,0,1,2,A,-,03,22350,NA,M,C,C,A,B,H,-,A,A,0,NA,NA,NA,NA,Y,NA,-,99,0,0,1,0,0,0,0,0,0,-,-,33.81427001953125,-118.1852798461914,LOS ANGELES,LONG BEACH,-118.1852798461914,33.81427001953125
92038723,2023,2023-04-06,9590,2023-03-24,1240,021346,NA,5,1,7,1942,0,1,1,NA,2,061,I-10 W/B (SANTA MONICA FREEWAY),HARCOURT AVENUE,600,E,N,A,-,Y,LA,NA,10,NA,R,10.863,H,NA,L,N,4,0,1,3,A,-,03,22350,NA,F,C,C,A,A,H,-,A,D,0,NA,NA,NA,NA,Y,NA,-,99,0,0,1,0,0,0,0,0,0,-,-,34.034759521484375,-118.34287261962892,LOS ANGELES,LOS ANGELES,-118.34287261962892,34.034759521484375
92038736,2023,2023-04-06,9575,2023-03-28,2330,022084,NA,2,3,6,1925,0,1,3,NA,2,090,SR-2 W/B (GLENDALE FREEWAY),FERN LN,2681,W,N,B,-,Y,LA,NA,2,NA,R,21.084,H,NA,L,Y,4,0,1,2,A,-,07,21658,A,M,B,2,A,B,H,-,C,D,0,NA,NA,NA,NA,Y,NA,-,99,0,0,1,0,0,0,0,0,0,-,-,34.178810119628906,-118.22052764892578,LOS ANGELES,GLENDALE,-118.22047424316406,34.178794860839844
92038744,2023,2023-04-06,9590,2023-03-26,805,022173,NA,7,1,7,1942,0,1,1,NA,2,013,SR-110 SOUTHBOUND (ARROYO SECO PARKWAY),AVENUE 60,300,N,N,A,-,Y,LA,NA,110,NA,NA,28.797,H,NA,L,N,3,0,1,2,A,-,01,23152,A,N,C,C,A,A,H,-,A,D,0,NA,NA,NA,NA,Y,NA,A,01,0,1,0,0,0,0,0,0,0,-,-,34.10811996459961,-118.1858367919922,LOS ANGELES,LOS ANGELES,-118.1858139038086,34.10810089111328
92038790,2023,2023-04-06,9535,2023-03-27,735,021772,NA,1,1,9,1900,0,1,1,NA,2,651,I-605 S/B (SAN GABRIEL RIVER FREEWAY),SR-60 (POMONA FREEWAY) W/B,1056,N,N,A,-,Y,LA,NA,605,NA,R,17.65,H,NA,L,N,4,0,1,2,A,-,03,22350,NA,N,C,C,A,A,H,-,A,D,0,NA,NA,NA,NA,Y,NA,A,01,0,0,1,0,0,0,0,0,0,-,-,34.03664016723633,-118.02391815185548,LOS ANGELES,UNINCORPORATED,-118.02391052246094,34.0366325378418
92038794,2023,2023-04-06,9525,2023-04-02,1201,018357,NA,7,1,5,1990,0,1,3,NA,2,601,SR-60 W/B (POMONA FWY),GRAND AVE,200,W,N,A,-,Y,LA,NA,60,NA,R,24.367,H,NA,L,N,4,0,1,3,A,-,03,22350,NA,N,C,C,A,A,H,-,A,D,0,NA,NA,NA,NA,Y,NA,A,01,0,0,1,0,0,0,0,0,0,-,-,34.00944900512695,-117.82444763183594,LOS ANGELES,DIAMOND BAR,-117.82438659667967,34.009403228759766
92038817,2023,2023-04-06,9565,2023-03-24,1505,023033,NA,5,2,9,1900,0,3,5,NA,2,004,FELTON AVENUE,104TH STREET,0,NA,Y,A,-,N,NA,NA,NA,NA,NA,NA,NA,NA,NA,N,3,0,1,2,A,-,10,21950,A,N,G,B,B,A,H,-,A,A,0,Y,NA,NA,NA,Y,NA,A,08,0,1,0,0,1,0,0,0,0,-,-,33.94179153442383,-118.36562347412108,LOS ANGELES,UNINCORPORATED,-118.36573028564452,33.94179916381836
92038819,2023,2023-04-06,9550,2023-03-29,835,019293,NA,3,1,9,1900,0,3,5,NA,2,005,HARBOR BLVD SOUTHBOUND,VANTAGE POINTE DRIVE,1000,N,N,B,C,N,NA,NA,NA,NA,NA,NA,NA,NA,NA,Y,3,0,2,2,A,-,03,22350,NA,N,E,I,A,B,H,-,A,D,0,NA,NA,NA,NA,Y,NA,A,01,0,1,1,0,0,0,0,0,0,-,-,33.9581413269043,-117.92079162597656,LOS ANGELES,UNINCORPORATED,-117.91485595703124,33.96152877807617
92038824,2023,2023-04-06,9535,2023-03-25,1235,022085,NA,6,1,5,1943,0,1,1,NA,2,075,I-710 TO I-105,MARTIN LUTHER KING JR BLVD,335,S,N,B,-,Y,LA,NA,710,NA,R,16.186,H,NA,L,N,4,0,1,2,A,-,03,22350,NA,N,C,C,A,A,H,-,A,D,0,NA,NA,NA,NA,Y,NA,A,01,0,0,1,0,0,0,0,0,0,-,-,33.91997146606445,-118.1789779663086,LOS ANGELES,LYNWOOD,-118.17871856689452,33.91992950439453
92038826,2023,2023-04-06,9550,2023-03-26,133,023127,NA,7,3,9,1900,0,1,3,NA,2,600,STATE ROUTE 60 WESTBOUND,CROSSROADS PARKWAY,290,W,N,A,-,Y,LA,NA,60,NA,NA,12.57,H,NA,L,N,3,0,1,2,A,-,03,22350,NA,N,C,D,A,A,H,-,C,D,0,NA,NA,NA,NA,Y,NA,A,01,0,1,0,0,0,0,0,0,0,-,-,34.029388427734375,-118.01352691650392,LOS ANGELES,UNINCORPORATED,-118.01353454589844,34.029197692871094
92038839,2023,2023-04-06,9550,2023-03-25,2320,023172,NA,6,3,5,1919,0,1,1,NA,2,652,INTERSTATE 605 NORTHBOUND,STATE ROUTE 91 (ARTESIA FREEWAY),100,N,N,A,-,Y,NA,NA,NA,NA,NA,NA,NA,NA,NA,Y,3,0,1,1,A,-,03,22350,NA,N,F,I,A,A,H,-,D,D,0,NA,NA,NA,NA,Y,NA,A,01,0,1,0,0,0,0,0,0,0,-,-,33.87744140625,-118.10231018066406,LOS ANGELES,CERRITOS,-118.10269165039064,33.87731170654297
92038855,2023,2023-04-06,9550,2023-03-07,1630,023053,NA,2,2,9,1900,0,2,4,NA,1,021,CARMENITA ROAD,MEYER ROAD,20,S,N,A,-,N,NA,NA,NA,NA,NA,NA,NA,NA,NA,Y,3,0,2,3,A,-,07,21658,A,N,B,C,A,A,H,-,A,A,0,NA,NA,NA,NA,Y,NA,A,01,0,1,1,0,0,0,0,0,0,-,-,33.92533874511719,-118.04650115966795,LOS ANGELES,UNINCORPORATED,-118.0465850830078,33.92554473876953
92038865,2023,2023-04-06,9545,2023-03-28,2020,022679,NA,2,2,9,1900,0,1,3,NA,1,042,SR-138 W/B,263RD STREET EAST,2856,W,N,A,-,Y,LA,NA,138,NA,NA,74.394,H,NA,L,Y,3,0,4,2,A,-,09,21801,A,N,A,D,A,A,H,-,D,D,0,NA,NA,NA,Y,Y,NA,F,55,0,1,3,0,0,0,0,0,0,-,-,34.45650863647461,-117.66793823242188,LOS ANGELES,UNINCORPORATED,-117.66791534423828,34.456539154052734
92038867,2023,2023-05-12,9525,2023-03-30,1430,021545,NA,4,2,5,1906,0,1,1,NA,2,103,I-10 W/B (SAN BERNARDINO FWY),PUENTE AVE,200,W,N,A,-,Y,LA,NA,10,NA,NA,33.253,H,NA,L,Y,4,0,1,4,A,-,07,21658,A,F,B,C,A,A,H,-,A,D,0,NA,NA,NA,NA,Y,NA,A,01,0,0,1,0,0,0,0,0,0,-,-,34.07001876831055,-117.96385955810548,LOS ANGELES,BALDWIN PARK,-117.96385192871094,34.069969177246094
92038875,2023,2023-07-25,9535,2023-03-24,1950,022298,NA,5,2,5,1969,0,1,1,NA,2,074,I-710 NORTHBOUND (LONG BEACH FREEWAY),FIRESTONE BOULEVARD,920,S,N,A,-,Y,LA,NA,710,NA,NA,18.256,H,NA,R,N,4,0,1,2,A,-,07,21658,A,M,B,C,A,A,H,-,C,D,0,NA,NA,NA,NA,Y,NA,A,07,0,0,1,0,0,0,0,0,0,-,-,33.947078704833984,-118.17034912109376,LOS ANGELES,SOUTH GATE,-118.17034912109376,33.947078704833984
92038898,2023,2023-04-06,9545,2023-04-02,1725,022679,NA,7,2,9,1900,0,3,5,NA,2,003,ANGELES FOREST HIGHWAY,MT GLEASON ROAD,4852,N,N,A,-,N,NA,NA,NA,NA,NA,NA,NA,NA,NA,Y,3,0,3,1,A,-,08,22107,NA,N,E,I,A,A,H,-,A,D,0,NA,NA,NA,NA,Y,NA,A,01,0,3,0,0,0,0,0,0,0,-,-,34.39799880981445,-118.07283782958984,LOS ANGELES,UNINCORPORATED,NA,NA
92038920,2023,2023-04-06,9550,2023-03-23,1435,022587,NA,4,2,9,1900,0,1,1,NA,2,650,I-605 SOUTHBOUND,ROSE HILLS ROAD,1300,N,N,A,-,Y,LA,NA,605,NA,R,15.817,H,NA,L,N,4,0,1,2,A,-,03,22350,NA,F,C,C,A,A,H,-,A,D,0,NA,NA,NA,NA,Y,NA,A,01,0,0,1,0,0,0,0,0,0,-,-,34.02019119262695,-118.04931640625,LOS ANGELES,UNINCORPORATED,-118.04933166503906,34.02020263671875
92038924,2023,2023-04-06,9575,2023-03-31,1350,021932,NA,5,1,6,1953,0,1,1,NA,2,064,I-210 W/B (FOOTHILL FREEWAY),EAST ROAD EDGE OF SIERRA BONITA AVENUE NORTHBOUND,30,W,N,A,-,Y,LA,NA,210,NA,R,27.193,H,NA,L,N,4,0,1,2,A,-,03,22350,NA,N,C,C,A,A,H,-,A,D,0,NA,NA,NA,Y,Y,NA,A,01,0,0,1,0,0,0,0,0,0,-,-,34.152618408203125,-118.11727905273438,LOS ANGELES,PASADENA,-118.11727905273438,34.152530670166016
92038930,2022,2023-04-19,9550,2022-09-27,0840,021656,NA,2,1,5,1919,0,1,1,NA,2,652,INTERSTATE 605 SOUTHBOUND,195TH STREET,1462,S,N,A,-,Y,LA,NA,605,NA,R,3.115,H,NA,L,Y,1,1,4,5,A,-,08,22107,NA,N,B,C,A,A,H,-,A,D,0,NA,NA,NA,Y,Y,NA,A,01,0,0,4,0,0,0,0,0,0,-,-,33.84933853149414,-118.09404754638672,LOS ANGELES,CERRITOS,-118.09416198730467,33.84931182861328
92038990,2023,2023-04-06,9575,2023-03-29,655,023009,NA,3,1,7,1942,0,1,1,NA,2,061,I-210 W/B (FOOTHILL FREEWAY),WHEATLAND AVE.,1617,E,N,B,C,Y,LA,NA,210,NA,R,9.743,H,NA,L,N,4,0,1,1,A,-,03,22350,NA,N,E,8,A,B,H,-,A,D,0,NA,NA,NA,NA,Y,NA,A,01,0,0,1,0,0,0,0,0,0,-,-,34.271568298339844,-118.34764862060548,LOS ANGELES,LOS ANGELES,-118.34764099121094,34.271602630615234
92038997,2023,2023-04-06,9575,2023-03-29,655,023236,NA,3,1,6,1953,0,1,1,NA,2,063,I-210 E/B (FOOTHILL FREEWAY),ARROYO BLVD,1016,W,N,B,C,Y,LA,NA,210,NA,R,22.287,H,NA,R,Y,4,0,1,1,A,-,03,22350,NA,N,E,8,A,B,H,-,A,D,0,NA,NA,NA,NA,Y,NA,A,07,0,0,1,0,0,0,0,0,0,-,-,34.18244934082031,-118.17221069335938,LOS ANGELES,PASADENA,-118.17212677001952,34.18257522583008
92039020,2023,2023-04-07,9565,2023-03-25,935,022902,NA,6,1,7,1942,0,1,1,NA,2,061,I-405 N/B (SAN DIEGO FREEWAY),CENTINELA AVE,100,S,N,A,-,Y,LA,NA,405,NA,NA,25.263,H,NA,R,Y,4,0,1,1,A,-,03,22350,NA,N,F,A,A,A,H,-,A,D,0,NA,NA,Y,NA,Y,NA,C,02,0,0,1,0,0,0,0,0,1,-,-,33.97957992553711,-118.39250183105467,LOS ANGELES,LOS ANGELES,-118.39248657226564,33.979591369628906
92039027,2023,2023-04-07,9565,2023-03-26,1040,022878,NA,7,1,9,1900,0,3,5,NA,2,002,106TH STREET,NORMANDIE AVENUE,300,W,N,A,-,N,NA,NA,NA,NA,NA,NA,NA,NA,NA,N,4,0,2,2,A,-,03,22350,NA,N,D,C,A,A,H,-,A,D,0,NA,NA,NA,NA,Y,NA,A,01,0,0,2,0,0,0,0,0,0,-,-,33.94004821777344,-118.30149841308594,LOS ANGELES,UNINCORPORATED,-118.30128479003906,33.94002151489258
92039035,2023,2023-04-07,9565,2023-03-24,1405,023033,NA,5,2,9,1900,0,2,4,NA,1,041,HAWTHORNE BOULEVARD,LENNOX BOULEVARD,200,N,N,A,-,N,NA,NA,NA,NA,NA,NA,NA,NA,NA,N,3,0,1,2,A,-,11,21954,A,N,G,B,D,A,H,-,A,D,0,Y,NA,NA,NA,Y,NA,N,60,0,1,0,0,1,0,0,0,0,-,-,33.9388313293457,-118.35279083251952,LOS ANGELES,UNINCORPORATED,-118.35272216796876,33.93872833251953
92039045,2023,2023-04-07,9565,2023-03-26,1430,022832,NA,7,2,9,1900,0,3,5,NA,2,002,EL SEGUNDO BOULEVARD,HALLDALE AVENUE,120,E,N,A,-,N,NA,NA,NA,NA,NA,NA,NA,NA,NA,N,4,0,1,2,A,-,08,22107,NA,N,B,C,A,A,H,-,A,D,0,NA,NA,NA,NA,Y,NA,A,07,0,0,1,0,0,0,0,0,0,-,-,33.91648864746094,-118.30184173583984,LOS ANGELES,UNINCORPORATED,-118.30198669433594,33.91643524169922
92039054,2023,2023-04-07,9565,2023-03-25,1115,022902,NA,6,1,9,1900,0,2,4,NA,1,032,SLAUSON AVENUE,DEANE AVENUE,75,W,N,A,-,N,NA,NA,NA,NA,NA,NA,NA,NA,NA,N,4,0,2,2,A,-,09,21804,NA,N,D,C,A,A,H,-,A,D,0,NA,NA,NA,NA,Y,NA,A,01,0,0,2,0,0,0,0,0,0,-,-,33.98897933959961,-118.33811950683594,LOS ANGELES,UNINCORPORATED,-118.33806610107422,33.98897933959961
92039284,2023,2023-04-07,9575,2023-03-27,1639,022839,NA,1,2,6,1925,0,1,3,NA,2,042,SR-134 E/B (VENTURA FREEWAY),CENTRAL AVENUE,644,W,N,A,-,Y,LA,NA,134,NA,R,6.832,H,NA,R,N,4,0,1,2,A,-,03,22350,NA,N,C,C,A,A,H,-,A,D,0,NA,NA,NA,NA,Y,NA,A,01,0,0,1,0,0,0,0,0,0,-,-,34.156211853027344,-118.26023864746094,LOS ANGELES,GLENDALE,-118.26023864746094,34.15626907348633
92039289,2023,2023-04-07,9575,2023-03-25,345,022629,NA,6,3,9,1900,0,1,3,NA,2,300,SR-2 (ANGELES CREST HIGHWAY),MOUNT LUKENS TRUCK TRAIL,2200,W,N,A,-,Y,LA,NA,2,NA,NA,27.056,H,NA,R,Y,3,0,1,1,A,-,08,22107,NA,N,B,I,A,A,H,-,D,D,0,NA,NA,NA,NA,Y,NA,A,01,0,1,0,0,0,0,0,0,0,-,-,34.228271484375,-118.1856689453125,LOS ANGELES,UNINCORPORATED,-118.18558502197266,34.22820281982422
92039293,2023,2023-04-07,9575,2023-03-27,1841,022839,NA,1,2,7,1942,0,1,3,NA,2,044,US-101 N/B FROM SR-134 W/B,SR-170,5,E,N,A,-,Y,LA,NA,101,NA,NA,11.752,H,NA,R,Y,4,0,1,3,A,-,03,22350,NA,N,C,C,A,A,H,-,B,D,0,NA,NA,NA,NA,Y,NA,A,07,0,0,1,0,0,0,0,0,0,-,-,34.154388427734375,-118.37735748291016,LOS ANGELES,LOS ANGELES,-118.37738037109376,34.15435791015625
92039299,2023,2023-04-07,9575,2023-03-28,830,023236,NA,2,1,6,1925,0,1,3,NA,2,042,SR-134 W/B (VENTURA FREEWAY),SAN FERNANDO ROAD,518,E,N,A,-,Y,LA,NA,134,NA,R,6.041,H,NA,L,Y,3,0,2,2,A,-,03,22350,NA,N,C,2,A,A,H,-,A,D,0,NA,NA,NA,NA,Y,NA,A,01,0,1,1,0,0,0,0,0,0,-,-,34.15427017211914,-118.273681640625,LOS ANGELES,GLENDALE,-118.2737045288086,34.15434646606445
92039303,2023,2023-04-07,9535,2023-03-26,1413,022298,NA,7,2,5,1943,0,1,1,NA,2,075,I-710 SOUTHBOUND (LONG BEACH FREEWAY),I-105 (CENTURY FREEWAY),3180,N,N,A,-,Y,LA,NA,710,NA,R,16.316,H,NA,L,Y,4,0,1,2,A,-,03,22350,NA,N,C,2,A,A,H,-,A,D,0,NA,NA,NA,NA,Y,NA,A,01,0,0,1,0,0,0,0,0,0,-,-,33.92182159423828,-118.178466796875,LOS ANGELES,LYNWOOD,-118.17833709716795,33.92180252075195
92039304,2023,2023-04-07,9565,2023-03-27,1845,023279,NA,1,2,9,1900,0,3,5,NA,2,004,W. 111TH PL,REDFERN AVE.,470,E,N,A,-,N,NA,NA,NA,NA,NA,NA,NA,NA,NA,Y,3,0,1,2,A,-,08,22107,NA,N,A,C,A,A,H,-,B,D,0,NA,NA,NA,NA,Y,NA,A,07,0,1,0,0,0,0,0,0,0,-,-,33.933650970458984,-118.36517333984376,LOS ANGELES,UNINCORPORATED,-118.36524963378906,33.93367004394531
92039306,2023,2023-04-07,9565,2023-03-27,1050,018193,NA,1,1,9,1900,0,3,5,NA,2,003,STOCKER ST,FAIRFAX AVE,36,W,N,A,-,N,NA,NA,NA,NA,NA,NA,NA,NA,NA,Y,3,0,1,1,A,-,08,22107,NA,N,E,I,A,A,H,-,A,D,0,NA,NA,NA,NA,Y,NA,A,01,0,1,0,0,0,0,0,0,0,-,-,33.99855041503906,-118.36557769775392,LOS ANGELES,UNINCORPORATED,-118.36556243896484,33.998390197753906
92039331,2023,2023-04-07,9575,2023-03-27,1700,023072,NA,1,2,6,1953,0,3,5,NA,2,008,SIERRA MADRE BLVD. (500 BLOCK),CALIFORNIA BLVD.,213,N,N,A,-,N,NA,NA,NA,NA,NA,NA,NA,NA,NA,Y,4,0,1,2,A,-,03,22350,NA,N,B,C,A,A,H,-,A,A,0,NA,NA,Y,NA,Y,NA,C,02,0,0,1,0,0,0,0,0,1,-,-,34.136531829833984,-118.10148620605467,LOS ANGELES,PASADENA,-118.10165405273438,34.136474609375
92039348,2023,2023-04-07,9550,2023-03-26,810,020025,NA,7,1,9,1900,0,2,4,NA,1,031,HACIENDA BLVD,TETLEY ST,0,NA,Y,A,-,N,NA,NA,NA,NA,NA,NA,NA,NA,NA,Y,3,0,1,1,A,-,03,22350,NA,N,E,I,A,A,H,-,A,A,0,NA,NA,NA,NA,Y,NA,A,01,0,1,0,0,0,0,0,0,0,-,-,33.99290084838867,-117.9685516357422,LOS ANGELES,UNINCORPORATED,-117.96875,33.99297332763672
92039366,2023,2023-04-07,9565,2023-03-25,1734,023014,NA,6,2,9,1900,0,3,5,NA,2,003,STOCKER ST,LA BREA AVE,0,NA,Y,A,-,N,NA,NA,NA,NA,NA,NA,NA,NA,NA,Y,4,0,2,2,A,-,01,23152,A,N,D,C,A,A,H,-,A,A,0,NA,NA,NA,NA,Y,Y,A,01,0,0,2,0,0,0,0,0,0,-,-,33.99700927734375,-118.35807800292967,LOS ANGELES,UNINCORPORATED,-118.35792541503906,33.997032165527344
92039374,2023,2023-04-07,9550,2023-03-25,850,021656,NA,6,1,6,1920,0,1,1,NA,2,151,INTERSTATE 105 E/B,LAKEWOOD BOULEVARD,2000,W,N,A,-,Y,LA,NA,105,NA,R,15.333,H,NA,R,Y,4,0,1,3,A,-,03,22350,NA,N,C,C,A,A,H,-,A,D,0,NA,NA,NA,NA,Y,NA,A,08,0,0,1,0,0,0,0,0,0,-,-,33.912818908691406,-118.14778137207033,LOS ANGELES,DOWNEY,-118.14778137207033,33.91279602050781
92039418,2023,2023-04-07,9530,2023-03-24,1815,022636,NA,5,2,9,1900,0,3,5,NA,2,005,CRENSHAW BLVD. (14900 BLOCK),MARINE AVE.,600,N,N,A,-,N,NA,NA,NA,NA,NA,NA,NA,NA,NA,Y,4,0,3,2,A,-,09,21804,A,N,D,C,A,A,H,-,A,D,0,NA,NA,NA,NA,Y,NA,A,01,0,0,3,0,0,0,0,0,0,-,-,33.89641189575195,-118.32656860351564,LOS ANGELES,UNINCORPORATED,-118.3265380859375,33.896305084228516