CASE_ID,ACCIDENT_YEAR,PROC_DATE,JURIS,COLLISION_DATE,COLLISION_TIME,OFFICER_ID,REPORTING_DISTRICT,DAY_OF_WEEK,CHP_SHIFT,POPULATION,CNTY_CITY_LOC,SPECIAL_COND,BEAT_TYPE,CHP_BEAT_TYPE,CITY_DIVISION_LAPD,CHP_BEAT_CLASS,BEAT_NUMBER,PRIMARY_RD,SECONDARY_RD,DISTANCE,DIRECTION,INTERSECTION,WEATHER_1,WEATHER_2,STATE_HWY_IND,CALTRANS_COUNTY,CALTRANS_DISTRICT,STATE_ROUTE,ROUTE_SUFFIX,POSTMILE_PREFIX,POSTMILE,LOCATION_TYPE,RAMP_INTERSECTION,SIDE_OF_HWY,TOW_AWAY,COLLISION_SEVERITY,NUMBER_KILLED,NUMBER_INJURED,PARTY_COUNT,PRIMARY_COLL_FACTOR,PCF_CODE_OF_VIOL,PCF_VIOL_CATEGORY,PCF_VIOLATION,PCF_VIOL_SUBSECTION,HIT_AND_RUN,TYPE_OF_COLLISION,MVIW,PED_ACTION,ROAD_SURFACE,ROAD_COND_1,ROAD_COND_2,LIGHTING,CONTROL_DEVICE,CHP_ROAD_TYPE,PEDESTRIAN_ACCIDENT,BICYCLE_ACCIDENT,MOTORCYCLE_ACCIDENT,TRUCK_ACCIDENT,NOT_PRIVATE_PROPERTY,ALCOHOL_INVOLVED,STWD_VEHTYPE_AT_FAULT,CHP_VEHTYPE_AT_FAULT,COUNT_SEVERE_INJ,COUNT_VISIBLE_INJ,COUNT_COMPLAINT_PAIN,COUNT_PED_KILLED,COUNT_PED_INJURED,COUNT_BICYCLIST_KILLED,COUNT_BICYCLIST_INJURED,COUNT_MC_KILLED,COUNT_MC_INJURED,PRIMARY_RAMP,SECONDARY_RAMP,LATITUDE,LONGITUDE,COUNTY,CITY,POINT_X,POINT_Y
92039420,2023,2023-04-07,9550,2023-03-25,1245,021656,NA,6,1,5,1952,0,1,1,NA,2,151,INTERSTATE 105 E/B,GARFIELD AVENUE,300,E,N,A,-,Y,LA,NA,105,NA,R,14.196,H,NA,R,Y,4,0,2,4,A,-,03,22350,NA,N,C,C,A,A,H,-,A,D,0,NA,NA,NA,NA,Y,NA,A,01,0,0,2,0,0,0,0,0,0,-,-,33.91094970703125,-118.16773223876952,LOS ANGELES,PARAMOUNT,-118.16773986816406,33.91102981567383
92039428,2023,2023-04-07,9550,2023-03-27,1525,020037,NA,1,2,3,1903,0,1,3,NA,2,091,STATE ROUTE 91 EASTBOUND,GRIDLEY ROAD,1000,E,N,A,-,Y,LA,NA,91,NA,R,17.76,H,NA,R,N,4,0,1,2,A,-,03,22350,NA,F,C,C,A,A,H,-,A,D,0,NA,NA,NA,NA,Y,NA,-,99,0,0,1,0,0,0,0,0,0,-,-,33.87638854980469,-118.08824157714844,LOS ANGELES,ARTESIA,-118.08824157714844,33.87636184692383
92039430,2023,2023-04-07,9530,2023-03-25,1940,023030,NA,6,2,5,1943,0,1,1,NA,2,210,I-105 E/B (GLENN ANDERSON FWY),LONG BEACH BLVD.,1375,W,N,A,-,Y,LA,NA,105,NA,R,11.276,H,NA,R,Y,4,0,3,3,A,-,03,22350,NA,N,C,C,A,A,H,-,C,D,0,NA,NA,NA,NA,Y,NA,A,07,0,0,3,0,0,0,0,0,0,-,-,33.92662048339844,-118.21421813964844,LOS ANGELES,LYNWOOD,-118.21422576904295,33.92660903930664
92039448,2023,2023-04-07,9525,2023-04-04,1205,016677,NA,2,1,5,1990,0,1,3,NA,2,603,SR-60 WB (POMONA FREEWAY),GRAND AVE,1000,E,N,A,-,Y,LA,NA,60,NA,R,24.659,H,NA,L,Y,4,0,1,6,A,-,03,22350,NA,N,C,C,A,A,H,-,A,D,0,NA,NA,NA,NA,Y,NA,A,07,0,0,1,0,0,0,0,0,0,-,-,34.01264953613281,-117.82112884521484,LOS ANGELES,DIAMOND BAR,-117.82106018066406,34.012603759765625
92039482,2023,2023-04-07,9535,2023-03-25,2230,022783,NA,6,3,6,1922,0,1,1,NA,2,400,I-10 E/B (SAN BERNARDINO FREEWAY),PECK ROAD,970,E,N,A,-,Y,LA,NA,10,NA,NA,29.642,H,NA,R,Y,4,0,1,3,A,-,08,22107,NA,N,C,E,A,A,H,-,D,D,0,NA,NA,NA,NA,Y,NA,A,01,0,0,1,0,0,0,0,0,0,-,-,34.06789016723633,-118.02538299560548,LOS ANGELES,EL MONTE,-118.02538299560548,34.06800842285156
92039503,2023,2023-04-07,9530,2023-04-04,1015,022377,NA,2,1,6,1972,0,1,1,NA,2,400,I-405 N/B (SAN DIEGO FREEWAY),182ND STREET,50,N,N,A,-,Y,LA,NA,405,NA,NA,15.782,H,NA,R,Y,4,0,1,3,A,-,03,22350,NA,N,C,C,A,A,H,-,A,D,0,NA,NA,NA,NA,Y,NA,A,01,0,0,1,0,0,0,0,0,0,-,-,33.866249084472656,-118.33154296875,LOS ANGELES,TORRANCE,-118.33155059814452,33.86623001098633
92039504,2023,2023-04-07,9580,2023-03-30,1600,022663,NA,4,2,7,1942,0,1,2,NA,2,100,US-101 N/B (VENTURA FREEWAY) FROM COLDWATER CANYON,COLDWATER CANYON AVE,200,N,N,B,C,Y,LA,NA,101,NA,NA,13.926,H,NA,R,Y,4,0,1,2,A,-,03,22350,NA,N,C,C,A,B,H,-,A,D,0,NA,NA,NA,NA,Y,NA,A,01,0,0,1,0,0,0,0,0,0,-,-,34.157039642333984,-118.41451263427734,LOS ANGELES,LOS ANGELES,-118.41451263427734,34.15683364868164
92039539,2023,2023-04-07,9580,2023-03-30,1950,022663,NA,4,2,7,1942,0,1,3,NA,2,171,SR-170 S/B (HOLLYWOOD FWY.),VANOWEN ST,528,N,N,B,-,Y,LA,NA,170,NA,R,17.879,H,NA,L,Y,3,0,3,3,A,-,03,22350,NA,N,C,C,A,A,H,-,D,D,0,NA,NA,NA,NA,Y,NA,A,01,0,1,2,0,0,0,0,0,0,-,-,34.19554138183594,-118.40281677246094,LOS ANGELES,LOS ANGELES,-118.4027862548828,34.19554138183594
92039540,2023,2023-04-07,9535,2023-03-26,1452,022298,NA,7,2,5,1969,0,1,1,NA,2,074,I-710 NORTHBOUND TO FIRESTONE BLVD,FIRESTONE BOULEVARD,980,S,N,A,-,Y,LA,NA,710,NA,NA,18.245,H,NA,R,N,3,0,2,2,A,-,03,22350,NA,N,C,2,A,A,H,-,A,D,0,NA,NA,Y,NA,Y,NA,C,02,0,2,0,0,0,0,0,0,2,-,-,33.9469108581543,-118.17024993896484,LOS ANGELES,SOUTH GATE,-118.17037200927734,33.946922302246094
92039544,2023,2023-04-07,9535,2023-03-25,1310,021772,NA,6,1,6,1922,0,1,1,NA,2,401,I-10 (SAN BERNARDINO FREEWAY) W/B,DURFEE AVENUE,528,W,N,A,-,Y,LA,NA,10,NA,NA,30.385,H,NA,L,N,4,0,1,2,A,-,03,22350,NA,N,C,C,A,A,H,-,A,D,0,NA,NA,NA,NA,Y,NA,A,01,0,0,1,0,0,0,0,0,0,-,-,34.06496810913086,-118.01329803466795,LOS ANGELES,EL MONTE,-118.01329803466795,34.064979553222656
92039554,2023,2023-04-07,9535,2023-03-25,1555,022176,NA,6,2,9,1900,0,3,5,NA,2,001,HERBERT AVENUE,WHITESIDE STREET,0,NA,Y,A,-,N,NA,NA,NA,NA,NA,NA,NA,NA,NA,N,3,0,1,2,A,-,09,21802,A,N,D,C,A,A,H,-,A,A,0,NA,NA,NA,NA,Y,NA,A,01,0,1,0,0,0,0,0,0,0,-,-,34.0572509765625,-118.18347930908205,LOS ANGELES,UNINCORPORATED,-118.18344116210938,34.05725860595703
92039561,2023,2023-04-07,9565,2023-03-27,750,018193,NA,1,1,7,1942,0,1,1,NA,2,061,I-405 N/B (SAN DIEGO FWY),HOWARD HUGHES PARKWAY,100,N,N,A,-,Y,LA,NA,405,NA,NA,24.663,H,NA,R,Y,3,0,1,2,A,-,07,21658,A,N,B,C,A,A,H,-,A,D,0,NA,NA,Y,NA,Y,NA,D,22,0,1,0,0,0,0,0,0,1,-,-,33.974979400634766,-118.38365936279295,LOS ANGELES,LOS ANGELES,-118.38362884521484,33.97502899169922
92039564,2023,2023-04-07,9580,2023-04-02,1600,023201,NA,7,2,7,1942,0,1,3,NA,2,171,SR-170 S/B (HOLLYWOOD FWY.),ROSCOE BLVD,1912,N,N,A,-,Y,LA,NA,170,NA,R,20.099,H,NA,L,N,4,0,1,1,A,-,01,23152,A,N,E,I,A,A,H,-,A,D,0,NA,NA,NA,NA,Y,Y,A,01,0,0,1,0,0,0,0,0,0,-,-,34.22690963745117,-118.41089630126952,LOS ANGELES,LOS ANGELES,-118.41097259521484,34.22692108154297
92039568,2023,2023-04-07,9580,2023-04-03,940,023213,NA,1,1,7,1942,0,1,2,NA,2,101,US-101 S/B (VENTURA FREEWAY),LAUREL CANYON BLVD,1320,N,N,B,-,Y,LA,NA,101,NA,NA,13.128,H,NA,L,N,4,0,1,2,A,-,03,22350,NA,N,C,C,A,A,H,-,A,D,0,NA,NA,NA,NA,Y,NA,A,01,0,0,1,0,0,0,0,0,0,-,-,34.155311584472656,-118.40067291259766,LOS ANGELES,LOS ANGELES,-118.40066528320313,34.15531921386719
92039577,2023,2023-04-07,9550,2023-04-04,1140,019857,NA,2,1,6,1920,0,1,1,NA,2,651,I-605 N/B,FLORENCE AVE.,300,N,N,A,-,Y,LA,NA,605,NA,R,9.427,H,NA,R,N,4,0,1,2,A,-,03,22350,NA,N,C,C,A,D,H,-,A,D,0,NA,NA,NA,NA,Y,NA,A,07,0,0,1,0,0,0,0,0,0,-,-,33.93873977661133,-118.09774017333984,LOS ANGELES,DOWNEY,-118.09778594970705,33.938758850097656
92039580,2023,2023-04-07,9580,2023-04-03,2130,022746,NA,1,2,7,1942,0,1,2,NA,2,105,US-101 S/B (VENTURA FREEWAY),RESEDA BLVD.,2059,S,N,A,-,Y,LA,NA,101,NA,NA,20.871,H,NA,L,Y,4,0,1,3,A,-,01,23152,A,N,B,C,A,A,H,-,D,D,0,NA,NA,NA,NA,Y,Y,A,01,0,0,1,0,0,0,0,0,0,-,-,34.1711311340332,-118.52960968017578,LOS ANGELES,LOS ANGELES,-118.52959442138672,34.17119216918945
92039592,2023,2023-04-07,9580,2023-04-04,920,017961,NA,2,1,7,1942,0,1,3,NA,2,114,SR-118 E/B (RONALD REAGAN FWY.),FOX ST,100,E,N,A,-,Y,LA,NA,118,NA,R,10.872,H,NA,R,N,4,0,3,3,A,-,03,22350,NA,F,C,C,A,A,H,-,A,D,0,NA,NA,NA,NA,Y,NA,-,99,0,0,3,0,0,0,0,0,0,-,-,34.26573181152344,-118.45368194580078,LOS ANGELES,LOS ANGELES,-118.45368194580078,34.265724182128906
92039598,2023,2023-04-07,9550,2023-04-04,545,019808,NA,2,3,9,1900,0,1,1,NA,2,650,I-605 SOUTHBOUND,SARAGOSA STREET,950,N,N,A,-,Y,NA,NA,NA,NA,NA,NA,NA,NA,NA,N,4,0,1,4,A,-,03,22350,NA,N,C,C,A,A,H,-,A,D,0,NA,NA,NA,NA,Y,NA,A,01,0,0,1,0,0,0,0,0,0,-,-,33.90895080566406,-118.0757293701172,LOS ANGELES,UNINCORPORATED,-118.07602691650392,33.98067092895508
92039600,2023,2023-04-07,9540,2023-03-05,110,021447,NA,7,3,9,1900,0,1,3,NA,2,146,SR-14 NORTHBOUND,AGUA DULCE CYN RD,320,N,N,A,-,Y,LA,NA,14,NA,NA,39.932,H,NA,R,N,1,1,1,2,A,-,11,21954,A,N,G,B,E,A,H,-,D,D,0,Y,NA,NA,NA,Y,NA,N,60,0,1,0,1,0,0,0,0,0,-,-,34.46659851074219,-118.32858276367188,LOS ANGELES,UNINCORPORATED,-118.32857513427734,34.46657943725586
92039609,2023,2023-04-07,9540,2023-04-03,820,023145,NA,1,1,7,1942,0,1,1,NA,1,405,I-405 S/B (SAN DIEGO FREEWAY) FROM RINALDI STREET,RINALDI STREET,179.3,S,N,B,-,Y,LA,NA,405,NA,NA,47.721,H,NA,L,N,4,0,1,2,A,-,03,22350,NA,N,C,C,A,A,H,-,A,A,0,NA,NA,NA,NA,Y,NA,A,01,0,0,1,0,0,0,0,0,0,-,-,34.27846908569336,-118.47038269042967,LOS ANGELES,LOS ANGELES,-118.47006988525392,34.27840042114258
92039618,2023,2023-04-07,9540,2023-04-02,1945,021124,NA,7,2,9,1900,0,1,1,NA,2,511,I-5 S/B (GOLDEN STATE FREEWAY),SMOKEY BEAR RD,5280,N,N,A,-,Y,LA,NA,5,NA,R,79.017,H,NA,L,Y,4,0,2,3,A,-,03,22350,NA,N,C,C,A,A,H,-,D,D,0,NA,NA,NA,NA,Y,NA,A,01,0,0,2,0,0,0,0,0,0,-,-,34.722740173339844,-118.79923248291016,LOS ANGELES,UNINCORPORATED,-118.79924774169922,34.722740173339844
92039620,2023,2023-06-05,9540,2023-03-31,505,022701,NA,5,3,7,1942,0,1,1,NA,1,502,I-5 N/B (GOLDEN STATE FREEWAY),SR-14,2218,S,N,A,-,Y,LA,NA,5,NA,R,45.333,H,NA,R,Y,3,0,1,2,A,-,07,21658,A,F,B,2,A,A,H,-,C,D,0,NA,NA,NA,NA,Y,NA,-,99,0,1,0,0,0,0,0,0,0,-,-,34.33066177368164,-118.50611114501952,LOS ANGELES,LOS ANGELES,-118.50621032714844,34.33062744140625
92039624,2023,2023-05-12,9540,2023-03-30,2248,022533,NA,4,3,6,1985,0,1,1,NA,1,503,I-5 S/B,WELDON CANYON RD,1172,S,N,A,-,Y,LA,NA,5,NA,R,46.345,H,NA,L,Y,3,0,2,6,A,-,03,22350,NA,N,C,C,A,A,D,-,B,D,0,NA,NA,NA,NA,Y,NA,A,07,0,1,1,0,0,0,0,0,0,-,-,34.339969635009766,-118.51907348632813,LOS ANGELES,SANTA CLARITA,-118.51908111572266,34.33995056152344
92039647,2023,2023-04-07,9535,2023-03-26,2108,022176,NA,7,2,9,1900,0,1,1,NA,2,071,I-710 S/B (LONG BEACH FREEWAY),1ST STREET,200,N,N,A,-,Y,LA,NA,710,NA,NA,24.742,H,NA,L,N,4,0,1,3,A,-,03,22350,NA,M,C,C,A,A,H,-,D,D,0,NA,NA,NA,NA,Y,NA,A,01,0,0,1,0,0,0,0,0,0,-,-,34.03731155395508,-118.17015075683594,LOS ANGELES,UNINCORPORATED,-118.17010498046876,34.03731155395508
92039661,2023,2023-04-07,9550,2023-03-31,210,023127,NA,5,3,6,1949,0,1,1,NA,2,652,INTERSTATE 605 SOUTHBOUND,STATE ROUTE 91,1700,N,N,A,-,Y,LA,NA,605,NA,R,5.38,H,NA,L,Y,4,0,2,1,A,-,08,22107,NA,N,F,I,A,A,H,-,D,D,0,NA,NA,NA,NA,Y,Y,D,22,0,0,2,0,0,0,0,0,0,-,-,33.881099700927734,-118.10389709472656,LOS ANGELES,NORWALK,-118.10401153564452,33.88108444213867
92039679,2023,2023-04-07,9535,2023-03-27,948,022025,NA,1,1,9,1900,0,2,4,NA,2,025,ATLANTIC BLVD (1200 BLOCK),UNION PACIFIC AVE,122,N,N,A,-,N,NA,NA,NA,NA,NA,NA,NA,NA,NA,N,4,0,1,2,A,-,17,22517,NA,N,B,C,A,A,H,-,A,D,0,NA,NA,NA,NA,Y,NA,D,22,0,0,1,0,0,0,0,0,0,-,-,34.01449966430664,-118.15901947021484,LOS ANGELES,UNINCORPORATED,-118.15910339355467,34.01444625854492
92039682,2023,2023-04-07,9550,2023-02-21,1325,018187,NA,2,1,9,1900,0,3,5,NA,2,002,MILLS AVE,DICKY ST,200,N,N,A,-,N,NA,NA,NA,NA,NA,NA,NA,NA,NA,N,4,0,1,2,A,-,09,21804,A,M,D,C,A,A,H,-,A,D,0,NA,NA,NA,NA,Y,NA,-,99,0,0,1,0,0,0,0,0,0,-,-,33.942569732666016,-118.02848815917967,LOS ANGELES,UNINCORPORATED,-118.02857208251952,33.94245147705078
92039712,2023,2023-04-07,9525,2023-04-02,205,020230,NA,7,3,6,1955,0,1,3,NA,2,606,SR-60 E/B (POMONA FWY),GAREY AVE.,1500,W,N,A,-,Y,LA,NA,60,NA,R,28.67,H,NA,R,Y,3,0,1,2,A,-,07,21658,A,F,B,C,A,A,H,-,C,D,0,NA,NA,NA,NA,Y,NA,-,99,0,1,0,0,0,0,0,0,0,-,-,34.02473831176758,-117.76007843017578,LOS ANGELES,POMONA,-117.76007843017578,34.024749755859375
92039722,2023,2023-04-07,9590,2023-03-25,605,022173,NA,6,1,7,1942,0,1,1,NA,2,060,I-10 WESTBOUND (SANTA MONICA FREEWAY),ARLINGTON AVENUE,500,W,N,A,-,Y,LA,NA,10,NA,R,12.04,H,NA,L,N,2,0,4,3,A,-,01,23152,A,N,A,C,A,A,H,-,B,D,0,NA,NA,NA,NA,Y,Y,A,01,1,3,0,0,0,0,0,0,0,-,-,34.03609085083008,-118.3224868774414,LOS ANGELES,LOS ANGELES,-118.32249450683594,34.03611755371094
92039754,2023,2023-07-03,9575,2023-03-28,2340,022839,NA,2,3,6,1925,0,1,3,NA,2,090,SR-2 W/B (GLENDALE FREEWAY),FERN LANE,2674,E,N,A,-,Y,LA,NA,2,NA,R,21.079,H,NA,L,Y,3,0,2,2,A,-,03,22350,NA,N,C,C,A,A,H,-,D,D,0,NA,NA,NA,NA,Y,NA,A,01,0,1,1,0,0,0,0,0,0,-,-,34.17873001098633,-118.22054290771484,LOS ANGELES,GLENDALE,-118.22049713134766,34.17871856689453
92039756,2023,2023-04-07,9550,2023-03-26,130,023127,NA,7,3,9,1900,0,1,3,NA,2,600,STATE ROUTE 60 WESTBOUND,CROSSROADS PARKWAY,225,W,N,A,-,Y,LA,NA,60,NA,NA,12.583,H,NA,L,Y,2,0,1,1,A,-,08,22107,NA,N,E,I,A,A,H,-,D,D,0,NA,NA,NA,NA,Y,NA,A,01,1,0,0,0,0,0,0,0,0,-,-,34.02936935424805,-118.01332092285156,LOS ANGELES,UNINCORPORATED,-118.01332092285156,34.029197692871094
92039785,2023,2023-04-07,9550,2023-04-04,1635,021100,NA,2,2,9,1900,0,2,4,NA,1,042,COLIMA RD.,POWDER CANYON MTWY.,0,NA,Y,A,-,N,NA,NA,NA,NA,NA,NA,NA,NA,NA,N,3,0,2,2,A,-,09,21801,A,N,D,C,A,A,H,-,A,D,0,NA,NA,NA,NA,Y,NA,A,01,0,1,1,0,0,0,0,0,0,-,-,33.99087905883789,-117.9289779663086,LOS ANGELES,UNINCORPORATED,NA,NA
92039788,2023,2023-04-07,9550,2023-04-05,1525,021100,NA,3,2,9,1900,0,1,3,NA,2,602,SR-60 EASTBOUND,FAIRWAY DR.,2340,W,N,A,-,Y,LA,NA,60,NA,NA,21.003,H,NA,R,Y,4,0,1,2,A,-,03,22350,NA,N,C,C,A,A,H,-,A,D,0,NA,NA,NA,NA,Y,NA,A,01,0,0,1,0,0,0,0,0,0,-,-,33.99497985839844,-117.8787078857422,LOS ANGELES,UNINCORPORATED,-117.87869262695313,33.99491500854492
92039797,2023,2023-04-07,9525,2023-04-03,1800,021545,NA,1,2,6,1955,0,1,1,NA,2,110,I-10 E/B (SAN BERNARDINO FWY),GAREY AVE,300,W,N,A,-,Y,LA,NA,10,NA,NA,45.416,H,NA,R,Y,4,0,5,3,A,-,08,22107,NA,N,C,C,A,A,H,-,A,D,0,NA,NA,NA,NA,Y,NA,D,22,0,0,5,0,0,0,0,0,0,-,-,34.0717887878418,-117.7573013305664,LOS ANGELES,POMONA,-117.75729370117188,34.071781158447266
92039799,2023,2023-04-07,9550,2023-04-05,1720,021100,NA,3,2,9,1900,0,2,4,NA,1,051,NOGALES ST.,COLIMA RD.,413,N,N,A,-,N,NA,NA,NA,NA,NA,NA,NA,NA,NA,N,4,0,2,2,A,-,09,21801,A,N,D,C,A,A,H,-,A,D,0,NA,NA,NA,NA,Y,NA,A,08,0,0,2,0,0,0,0,0,0,-,-,33.9887809753418,-117.88934326171876,LOS ANGELES,UNINCORPORATED,-117.88931274414064,33.98863983154297
92039801,2023,2023-04-07,9525,2023-03-26,206,023085,NA,7,3,6,1955,0,1,1,NA,2,108,I-10 E/B (SAN BERNARDINO FWY),SR-57 S/B (ORANGE FWY),1848,W,N,A,-,Y,LA,NA,10,NA,NA,42.087,H,NA,R,Y,4,0,1,1,A,-,01,23152,A,N,E,I,A,A,H,-,C,D,0,NA,NA,NA,NA,Y,Y,A,01,0,0,1,0,0,0,0,0,0,-,-,34.06364822387695,-117.81242370605467,LOS ANGELES,POMONA,-117.81242370605467,34.06375503540039
92039805,2023,2023-04-07,9550,2023-03-25,315,022952,NA,6,3,9,1900,0,2,4,NA,1,022,TELEGRAPH RD,COLIMA RD,0,NA,Y,A,-,N,NA,NA,NA,NA,NA,NA,NA,NA,NA,Y,4,0,1,2,A,-,12,21453,A,N,D,C,A,A,H,-,C,A,0,NA,NA,NA,NA,Y,NA,A,01,0,0,1,0,0,0,0,0,0,-,-,33.925079345703125,-118.02451324462892,LOS ANGELES,UNINCORPORATED,-118.02449798583984,33.92502212524414
92039828,2023,2023-04-07,9550,2023-04-04,1945,021100,NA,2,2,9,1900,0,2,4,NA,1,042,COLIMA RD. E/B,AZUSA AVE.,91,W,N,A,-,N,NA,NA,NA,NA,NA,NA,NA,NA,NA,N,4,0,3,3,A,-,21,22106,NA,N,C,C,A,A,H,-,A,D,0,NA,NA,NA,NA,Y,NA,I,11,0,0,3,0,0,0,0,0,0,-,-,33.99081039428711,-117.9323501586914,LOS ANGELES,UNINCORPORATED,-117.93222045898438,33.99079132080078
92039862,2023,2023-04-07,9590,2023-03-25,2114,022088,NA,6,2,7,1942,0,1,1,NA,2,085,I-5 SOUTHBOUND (GOLDEN STATE FREEWAY),GLENDALE BLVD. O/C,200,S,N,A,-,Y,LA,NA,5,NA,NA,23.61,H,NA,L,N,4,0,1,2,A,-,03,22350,NA,N,C,C,A,A,H,-,C,D,0,NA,NA,NA,NA,Y,NA,A,01,0,0,1,0,0,0,0,0,0,-,-,34.11149978637695,-118.264892578125,LOS ANGELES,LOS ANGELES,-118.2648696899414,34.11151885986328
92039864,2023,2023-04-07,9590,2023-03-25,1210,022091,NA,6,1,7,1942,0,1,1,NA,2,500,I-110 N/B (HARBOR FREEWAY) EXPRESS LANES,28TH STREET,52,N,N,A,-,Y,LA,NA,110,NA,NA,20.597,H,NA,R,N,3,0,2,3,A,-,03,22350,NA,N,C,C,A,A,H,-,A,D,0,NA,NA,NA,NA,Y,NA,D,22,0,2,0,0,0,0,0,0,0,-,-,34.02593994140625,-118.2751007080078,LOS ANGELES,LOS ANGELES,-118.27522277832033,34.02599334716797
92039879,2023,2023-04-07,9580,2023-04-06,1435,019679,NA,4,2,7,1942,0,1,1,NA,2,406,I-405 N/B (SAN DIEGO FWY),OF THE SOUTH ROAD EDGE OF SR-118 (RONALD REAGAN FR,528,S,N,A,-,Y,LA,NA,405,NA,NA,46.517,H,NA,R,Y,2,0,9,4,A,-,03,22350,NA,N,C,C,A,A,H,-,A,D,0,NA,NA,NA,NA,Y,NA,A,01,1,8,0,0,0,0,0,0,0,-,-,34.26123809814453,-118.47215270996094,LOS ANGELES,LOS ANGELES,-118.47209930419922,34.26123809814453
92039883,2023,2023-04-07,9590,2023-03-25,2350,023084,NA,6,3,7,1942,0,1,1,NA,2,065,I-10 W/B (SANTA MONICA FREEWAY),OLYMPIC BOULEVARD,100,E,N,A,-,Y,LA,NA,10,NA,NA,17.421,H,NA,L,N,4,0,1,2,A,-,07,21658,A,N,B,C,A,A,H,-,C,D,0,NA,NA,NA,NA,Y,NA,A,07,0,0,1,0,0,0,0,0,0,-,-,34.02669143676758,-118.23454284667967,LOS ANGELES,LOS ANGELES,-118.23455047607422,34.02670669555664
92039916,2023,2023-04-10,9525,2023-04-01,1108,018357,NA,6,1,5,1990,0,1,3,NA,2,601,SR-60 W/B (POMONA FWY),GRAND AVE.,425,W,N,A,-,Y,LA,NA,60,NA,R,24.276,H,NA,L,Y,2,0,3,6,A,-,07,21658,A,F,B,C,A,A,H,-,A,D,0,NA,NA,NA,Y,Y,NA,A,07,1,1,1,0,0,0,0,0,0,-,-,34.00846862792969,-117.82550048828124,LOS ANGELES,DIAMOND BAR,-117.82542419433594,34.008419036865234
92039940,2023,2023-04-10,9550,2023-04-06,2030,021100,NA,4,2,9,1900,0,1,1,NA,2,650,I-605 NORTHBOUND,BEVERLY BLVD.,429,N,N,A,-,Y,LA,NA,605,NA,R,14.471,H,NA,R,Y,3,0,1,2,A,-,07,21658,A,N,B,C,A,A,H,-,C,D,0,NA,NA,NA,Y,Y,NA,-,-,0,1,0,0,0,0,0,0,0,-,-,34.00526809692383,-118.0626220703125,LOS ANGELES,UNINCORPORATED,-118.06259918212892,34.005252838134766
92039957,2023,2023-04-10,9590,2023-03-25,117,023117,NA,6,3,7,1942,0,1,1,NA,2,051,I-110 S/B (HARBOR FREEWAY),CENTURY BLVD.,800,N,N,A,-,Y,LA,NA,110,NA,NA,15.136,H,NA,L,Y,3,0,3,3,A,-,07,21658,A,F,B,D,A,A,H,-,C,D,0,NA,NA,NA,NA,Y,NA,A,01,0,1,2,0,0,0,0,0,0,-,-,33.94778060913086,-118.27989959716795,LOS ANGELES,LOS ANGELES,-118.27968597412108,33.947784423828125
92039966,2023,2023-04-10,9565,2023-03-26,2130,022786,NA,7,2,9,1900,0,3,5,NA,2,002,BUDLONG AVENUE,120TH STREET,0,NA,Y,A,-,N,NA,NA,NA,NA,NA,NA,NA,NA,NA,N,4,0,1,2,A,-,12,22450,A,F,D,C,A,A,H,-,C,A,0,NA,NA,NA,NA,Y,NA,-,99,0,0,1,0,0,0,0,0,0,-,-,33.92372131347656,-118.29606628417967,LOS ANGELES,UNINCORPORATED,-118.29600524902344,33.923736572265625
92040124,2023,2023-04-10,9575,2023-03-29,2347,021879,NA,3,3,6,1925,0,1,3,NA,2,042,SR-134 E/B (VENTURA FREEWAY),VERDUGO RD.,130,W,N,B,C,Y,LA,NA,134,NA,R,8.213,H,NA,R,Y,4,0,1,2,A,-,03,22350,NA,N,B,2,A,B,H,-,C,D,0,NA,NA,NA,NA,Y,NA,A,01,0,0,1,0,0,0,0,0,0,-,-,34.15277099609375,-118.2373504638672,LOS ANGELES,GLENDALE,-118.2373275756836,34.152793884277344
92040129,2023,2023-04-10,9530,2023-04-06,221,021325,NA,4,3,5,1977,0,1,1,NA,2,410,I-405 N/B (SAN DIEGO FREEWAY),I-110 S/B (HARBOR FREEWAY),151,S,N,A,-,Y,LA,NA,405,NA,NA,12.927,H,NA,R,Y,2,0,2,4,A,-,01,23152,A,N,C,C,E,A,H,-,C,D,0,Y,NA,NA,Y,Y,Y,A,01,1,0,1,0,1,0,0,0,0,-,-,33.856658935546875,-118.28408813476564,LOS ANGELES,CARSON,-118.28411865234376,33.856632232666016
92040131,2023,2023-04-10,9575,2023-03-29,740,022998,NA,3,1,9,1900,0,1,1,NA,2,062,I-210 W/B (FOOTHILL FREEWAY),SR-2 W/B (GLENDALE FREEWAY),370,W,N,B,C,Y,LA,NA,210,NA,R,18.864,H,NA,L,N,4,0,1,1,A,-,03,22350,NA,N,E,8,A,A,H,-,A,D,0,NA,NA,NA,NA,Y,NA,A,01,0,0,1,0,0,0,0,0,0,-,-,34.20783996582031,-118.2177276611328,LOS ANGELES,UNINCORPORATED,-118.21776580810548,34.20777130126953