CASE_ID,ACCIDENT_YEAR,PROC_DATE,JURIS,COLLISION_DATE,COLLISION_TIME,OFFICER_ID,REPORTING_DISTRICT,DAY_OF_WEEK,CHP_SHIFT,POPULATION,CNTY_CITY_LOC,SPECIAL_COND,BEAT_TYPE,CHP_BEAT_TYPE,CITY_DIVISION_LAPD,CHP_BEAT_CLASS,BEAT_NUMBER,PRIMARY_RD,SECONDARY_RD,DISTANCE,DIRECTION,INTERSECTION,WEATHER_1,WEATHER_2,STATE_HWY_IND,CALTRANS_COUNTY,CALTRANS_DISTRICT,STATE_ROUTE,ROUTE_SUFFIX,POSTMILE_PREFIX,POSTMILE,LOCATION_TYPE,RAMP_INTERSECTION,SIDE_OF_HWY,TOW_AWAY,COLLISION_SEVERITY,NUMBER_KILLED,NUMBER_INJURED,PARTY_COUNT,PRIMARY_COLL_FACTOR,PCF_CODE_OF_VIOL,PCF_VIOL_CATEGORY,PCF_VIOLATION,PCF_VIOL_SUBSECTION,HIT_AND_RUN,TYPE_OF_COLLISION,MVIW,PED_ACTION,ROAD_SURFACE,ROAD_COND_1,ROAD_COND_2,LIGHTING,CONTROL_DEVICE,CHP_ROAD_TYPE,PEDESTRIAN_ACCIDENT,BICYCLE_ACCIDENT,MOTORCYCLE_ACCIDENT,TRUCK_ACCIDENT,NOT_PRIVATE_PROPERTY,ALCOHOL_INVOLVED,STWD_VEHTYPE_AT_FAULT,CHP_VEHTYPE_AT_FAULT,COUNT_SEVERE_INJ,COUNT_VISIBLE_INJ,COUNT_COMPLAINT_PAIN,COUNT_PED_KILLED,COUNT_PED_INJURED,COUNT_BICYCLIST_KILLED,COUNT_BICYCLIST_INJURED,COUNT_MC_KILLED,COUNT_MC_INJURED,PRIMARY_RAMP,SECONDARY_RAMP,LATITUDE,LONGITUDE,COUNTY,CITY,POINT_X,POINT_Y
92054188,2023,2023-04-26,9550,2023-04-18,1635,022924,NA,2,2,9,1900,0,2,4,NA,1,023,LA MIRADA BOULEVARD,LASHBURN ST,15,N,N,A,-,N,NA,NA,NA,NA,NA,NA,NA,NA,NA,N,4,0,1,2,A,-,11,21954,A,N,G,B,E,A,H,-,A,D,0,Y,NA,NA,NA,Y,NA,N,60,0,0,1,0,1,0,0,0,0,-,-,33.93330001831055,-118.01183319091795,LOS ANGELES,UNINCORPORATED,-118.01171112060548,33.933441162109375
92054192,2023,2023-04-26,9550,2023-04-20,2040,020861,NA,4,2,9,1900,0,2,4,NA,1,012,SLAUSON AVENUE,NORWALK BOULEVARD,115,E,N,A,-,Y,NA,NA,NA,NA,NA,NA,NA,NA,NA,N,4,0,1,2,A,-,03,22350,NA,F,C,C,A,A,H,-,C,D,0,NA,NA,NA,NA,Y,NA,D,22,0,0,1,0,0,0,0,0,0,-,-,33.964759826660156,-118.07010650634766,LOS ANGELES,UNINCORPORATED,-118.07022094726564,33.964778900146484
92054207,2023,2023-04-27,9550,2023-04-18,1610,022924,NA,2,2,9,1900,0,3,5,NA,2,001,SORENSEN AVE,GREYFORD ST,200,N,N,A,-,N,NA,NA,NA,NA,NA,NA,NA,NA,NA,N,4,0,1,3,A,-,03,22350,NA,N,C,C,A,A,H,-,A,A,0,NA,NA,NA,NA,Y,NA,A,01,0,0,1,0,0,0,0,0,0,-,-,33.97119140625,-118.05941772460938,LOS ANGELES,UNINCORPORATED,-118.05947113037108,33.971099853515625
92054418,2023,2023-04-27,9580,2023-04-26,840,017961,NA,3,1,7,1942,0,1,1,NA,2,407,I-405 S/B (SAN DIEGO FWY),PARTHENIA ST,200,S,N,A,-,Y,LA,NA,405,NA,NA,44.159,H,NA,L,N,4,0,1,2,A,-,03,22350,NA,N,C,C,A,A,H,-,A,D,0,NA,NA,NA,NA,Y,NA,A,01,0,0,1,0,0,0,0,0,0,-,-,34.22698974609375,-118.47322845458984,LOS ANGELES,LOS ANGELES,-118.4732666015625,34.22698974609375
92054419,2023,2023-04-27,9580,2023-04-24,2345,022746,NA,1,3,7,1942,0,1,2,NA,2,104,US-101 N/B (VENTURA FREEWAY),CANOGA AVE,380,S,N,A,-,Y,LA,NA,101,NA,NA,24.781,H,NA,R,Y,4,0,1,2,A,-,03,22350,NA,N,C,C,A,A,H,-,D,D,0,NA,NA,NA,NA,Y,NA,A,01,0,0,1,0,0,0,0,0,0,-,-,34.16939163208008,-118.59607696533205,LOS ANGELES,LOS ANGELES,-118.59609222412108,34.169342041015625
92054421,2023,2023-04-27,9590,2023-04-18,1430,023269,NA,2,2,7,1942,0,1,1,NA,2,052,I-110 NB (HARBOR FREEWAY),3RD ST,200,S,N,A,-,Y,LA,NA,110,NA,NA,23.096,H,NA,R,N,3,0,1,4,A,-,03,22350,NA,N,C,C,A,A,H,-,A,D,0,NA,NA,NA,NA,Y,NA,D,22,0,1,0,0,0,0,0,0,0,-,-,34.055728912353516,-118.25614166259766,LOS ANGELES,LOS ANGELES,-118.2562255859375,34.055789947509766
92054434,2023,2023-04-27,9540,2023-04-24,1205,018037,NA,1,1,9,1900,0,1,1,NA,2,507,I-5 S/B FROM MCBEAN PARKWAY,MCBEAN PARKWAY,480,S,N,A,-,Y,LA,NA,5,NA,R,51.339,H,NA,L,Y,4,0,2,2,A,-,03,22350,NA,N,C,C,A,A,H,-,A,A,0,NA,NA,NA,NA,Y,NA,A,07,0,0,2,0,0,0,0,0,0,-,-,34.39263916015625,-118.57137298583984,LOS ANGELES,UNINCORPORATED,-118.5710906982422,34.39268493652344
92054466,2023,2023-04-27,9565,2023-04-16,25,023173,NA,7,3,9,1900,0,3,5,NA,2,003,ANGELES VISTA BLVD,MULLEN AVE,0,NA,Y,A,-,N,NA,NA,NA,NA,NA,NA,NA,NA,NA,Y,2,0,1,1,A,-,01,23152,A,N,E,8,A,A,H,-,C,D,0,NA,NA,NA,NA,Y,Y,A,01,1,0,0,0,0,0,0,0,0,-,-,33.99626159667969,-118.33827209472656,LOS ANGELES,UNINCORPORATED,-118.33889770507813,33.99589920043945
92054492,2023,2023-04-27,9530,2023-04-15,1255,022986,NA,6,1,9,1900,0,3,5,NA,2,001,ALAMEDA ST.,85TH ST,0,NA,Y,A,-,N,NA,NA,NA,NA,NA,NA,NA,NA,NA,Y,4,0,4,3,A,-,09,21802,A,N,D,C,A,A,H,-,A,D,0,NA,NA,NA,NA,Y,NA,D,22,0,0,4,0,0,0,0,0,0,-,-,33.961151123046875,-118.23182678222656,LOS ANGELES,UNINCORPORATED,-118.23179626464844,33.96107864379883
92054553,2023,2023-04-27,9550,2023-04-15,309,022639,NA,6,3,5,1976,0,1,1,NA,2,650,INTERSTATE 605 NORTHBOUND,SARAGOSA STREET,1000,N,N,A,-,Y,LA,NA,605,NA,R,12.594,H,NA,R,Y,3,0,2,1,A,-,08,22107,NA,N,F,A,A,A,H,-,C,D,0,NA,NA,NA,NA,Y,NA,A,07,0,2,0,0,0,0,0,0,0,-,-,33.980560302734375,-118.07569122314452,LOS ANGELES,WHITTIER,-118.07578277587892,33.98062515258789
92054556,2023,2023-04-27,9545,2023-04-26,1650,023153,NA,3,2,9,1900,0,1,3,NA,1,042,SR-138,263RD ST  E,1584,W,N,A,-,Y,LA,NA,138,NA,NA,74.588,H,NA,R,Y,4,0,1,2,A,-,03,22350,NA,N,C,C,A,A,H,-,A,D,0,NA,NA,NA,NA,Y,NA,D,22,0,0,1,0,0,0,0,0,0,-,-,34.45487976074219,-117.66520690917967,LOS ANGELES,UNINCORPORATED,-117.66518402099608,34.45490646362305
92054565,2023,2023-04-27,9545,2023-04-26,1840,022732,NA,3,2,9,1900,0,3,5,NA,2,001,AVENUE H,50TH ST E,2220,E,N,A,-,N,NA,NA,NA,NA,NA,NA,NA,NA,NA,N,4,0,1,2,A,-,03,22350,NA,M,C,C,A,A,H,-,A,D,0,NA,NA,NA,NA,Y,NA,-,99,0,0,1,0,0,0,0,0,0,-,-,34.71915817260742,-118.03376770019533,LOS ANGELES,UNINCORPORATED,-118.03380584716795,34.71914291381836
92054569,2023,2023-04-27,9575,2023-04-25,730,023205,NA,2,1,6,1912,0,1,3,NA,2,044,SR-134 W/B (VENTURA FREEWAY),CALIFORNIA ST.,124,E,N,A,-,Y,LA,NA,134,NA,NA,2.416,H,NA,L,Y,3,0,1,2,A,-,08,22107,NA,N,B,C,A,A,H,-,A,D,0,NA,NA,NA,NA,Y,NA,A,01,0,1,0,0,0,0,0,0,0,-,-,34.152610778808594,-118.3348388671875,LOS ANGELES,BURBANK,-118.33483123779295,34.152645111083984
92054572,2023,2023-04-27,9550,2023-04-16,1310,021656,NA,7,1,6,1949,0,1,1,NA,2,651,INTERSTATE 605 S/B,FIRESTONE BOULEVARD,1500,N,N,A,-,Y,LA,NA,605,NA,R,8.611,H,NA,L,Y,4,0,1,2,A,-,07,21658,A,N,B,C,A,A,H,-,A,D,0,NA,NA,Y,NA,Y,NA,A,01,0,0,1,0,0,0,0,0,1,-,-,33.92787170410156,-118.10350036621094,LOS ANGELES,NORWALK,-118.10340881347656,33.9278450012207
92054618,2023,2023-04-27,9590,2023-04-19,625,021823,NA,3,1,7,1942,0,1,1,NA,2,063,I-10 W/B (SANTA MONICA FREEWAY),HOOVER ST,650,W,N,A,-,Y,LA,NA,10,NA,NA,14.118,H,NA,L,N,4,0,1,2,A,-,07,21658,A,N,B,C,A,A,H,-,A,D,0,NA,NA,Y,NA,Y,NA,D,22,0,0,1,0,0,0,0,0,1,-,-,34.03696060180664,-118.28639221191406,LOS ANGELES,LOS ANGELES,-118.28639221191406,34.0369987487793
92054621,2023,2023-04-27,9530,2023-04-17,530,022986,NA,1,3,7,1942,0,1,1,NA,2,110,I-110 S/B (HARBOR FREEWAY),CENTURY BLVD.,350,S,N,A,-,Y,LA,NA,110,NA,NA,14.904,H,NA,L,Y,3,0,1,2,A,-,01,23152,A,M,C,C,A,A,H,-,B,D,0,NA,NA,NA,NA,Y,Y,A,01,0,1,0,0,0,0,0,0,0,-,-,33.944480895996094,-118.28002166748048,LOS ANGELES,LOS ANGELES,-118.28002166748048,33.944480895996094
92054635,2023,2023-04-27,9535,2023-04-17,700,020340,NA,1,1,5,1901,0,1,1,NA,2,421,INTERSTATE 10 W/B (SAN BERNARDINO FREEWAY),ATLANTIC BOULEVARD,10,W,N,A,-,Y,LA,NA,10,NA,NA,23.208,H,NA,L,Y,4,0,1,2,A,-,08,22107,NA,N,B,C,A,A,H,-,A,D,0,NA,NA,NA,NA,Y,NA,A,01,0,0,1,0,0,0,0,0,0,-,-,34.071678161621094,-118.13661956787108,LOS ANGELES,ALHAMBRA,-118.13661956787108,34.0716438293457
92054643,2023,2023-04-27,9535,2023-04-17,920,020551,NA,1,1,3,1914,0,1,1,NA,2,500,I-5 NORTHBOUND (SANTA ANA FREEWAY),GARFIELD AVE.,500,S,N,A,-,Y,LA,NA,5,NA,NA,10.543,H,NA,R,Y,4,0,1,2,A,-,03,22350,NA,N,C,C,A,A,H,-,A,D,0,NA,NA,NA,Y,Y,NA,G,25,0,0,1,0,0,0,0,0,0,-,-,33.98419952392578,-118.1330795288086,LOS ANGELES,COMMERCE,-118.13307189941406,33.98420333862305
92054659,2023,2023-04-27,9545,2023-04-27,500,018058,NA,4,3,9,1900,0,1,3,NA,2,031,SR-14 N/B ANTELOPE VALLEY FREEWAY,MOUNTAIN SPRINGS RD,712,N,N,A,-,Y,LA,NA,14,NA,R,53.941,H,NA,R,Y,4,0,1,2,A,-,07,21658,A,N,B,C,A,A,H,-,B,D,0,NA,NA,NA,Y,Y,NA,G,27,0,0,1,0,0,0,0,0,0,-,-,34.5035514831543,-118.11683654785156,LOS ANGELES,UNINCORPORATED,-118.11683654785156,34.50354766845703
92054674,2023,2023-04-27,9525,2023-04-15,1630,022770,NA,6,2,9,1900,0,2,4,NA,2,045,SAN ANGELO AVE,VALLEY BLVD,112,S,N,A,-,N,NA,NA,NA,NA,NA,NA,NA,NA,NA,N,4,0,1,2,A,-,09,21801,A,M,A,C,A,A,H,-,A,D,0,NA,NA,NA,NA,Y,NA,A,01,0,0,1,0,0,0,0,0,0,-,-,34.05147933959961,-118.00038909912108,LOS ANGELES,UNINCORPORATED,-118.00032043457033,34.05155563354492
92054698,2023,2023-04-27,9530,2023-04-21,2325,022669,NA,5,3,9,1900,0,3,5,NA,2,002,118TH ST. (1800 BLOCK),WILMINGTON AVE.,75,W,N,A,-,N,NA,NA,NA,NA,NA,NA,NA,NA,NA,Y,4,0,1,2,A,-,01,23152,A,N,B,E,A,A,H,-,C,D,0,NA,NA,NA,NA,Y,Y,A,07,0,0,1,0,0,0,0,0,0,-,-,33.92601013183594,-118.23946380615234,LOS ANGELES,UNINCORPORATED,-118.23932647705078,33.925968170166016
92054705,2023,2023-04-27,9525,2023-04-21,358,020636,NA,5,3,4,1938,0,1,1,NA,2,207,SR-210 W/B (FOOTHILL FWY),FRUIT ST,850,W,N,A,-,Y,LA,NA,210,NA,R,47.729,H,NA,L,Y,4,0,1,2,A,-,07,21658,A,F,B,C,A,A,H,-,D,D,0,NA,NA,NA,NA,Y,NA,A,01,0,0,1,0,0,0,0,0,0,-,-,34.11973190307617,-117.7677993774414,LOS ANGELES,LA VERNE,-117.7677993774414,34.11978530883789
92054706,2023,2023-04-27,9535,2023-04-15,1725,022298,NA,6,2,5,1947,0,1,3,NA,2,600,SR-60 EASTBOUND (POMONA FREEWAY),GARFIELD AVENUE,600,E,N,A,-,Y,LA,NA,60,NA,R,5.741,H,NA,R,Y,3,0,6,2,A,-,03,22350,NA,N,C,C,A,A,H,-,A,D,0,NA,NA,NA,NA,Y,NA,A,01,0,3,3,0,0,0,0,0,0,-,-,34.03313064575195,-118.12796020507813,LOS ANGELES,MONTEBELLO,-118.12796020507813,34.03305435180664
92054716,2023,2023-04-27,9535,2023-04-15,1625,022176,NA,6,2,5,1901,0,1,1,NA,2,420,I-10 E/B (SAN BERNARDINO FREEWAY),NEW AVE.,1200,W,N,A,-,Y,LA,NA,10,NA,NA,24.61,H,NA,R,N,4,0,2,2,A,-,03,22350,NA,N,C,C,A,A,H,-,A,D,0,NA,NA,NA,NA,Y,NA,D,22,0,0,2,0,0,0,0,0,0,-,-,34.071659088134766,-118.11219787597656,LOS ANGELES,ALHAMBRA,-118.11219787597656,34.071632385253906
92054744,2023,2023-04-27,9590,2023-04-19,627,023252,NA,3,1,7,1942,0,1,1,NA,2,083,I-5 S/B (GOLDEN STATE FREEWAY),NEWELL STREET,576,S,N,A,-,Y,LA,NA,5,NA,NA,22.153,H,NA,L,N,4,0,1,3,A,-,03,22350,NA,N,B,C,A,A,H,-,A,D,0,NA,NA,NA,NA,Y,NA,B,08,0,0,1,0,0,0,0,0,0,-,-,34.097660064697266,-118.24640655517578,LOS ANGELES,LOS ANGELES,-118.24623107910156,34.097782135009766
92054758,2023,2023-04-27,9590,2023-04-20,58,021122,NA,4,3,7,1942,0,1,2,NA,2,070,US-101 N/B (HOF) TO VERMONT AVENUE,VERMONT AVENUE,25,S,N,A,-,Y,NA,NA,NA,NA,NA,NA,NA,NA,NA,N,4,0,1,2,A,-,03,22350,NA,N,C,2,A,A,H,-,C,A,0,NA,NA,NA,NA,Y,NA,A,01,0,0,1,0,0,0,0,0,0,-,-,34.08055877685547,-118.29151916503906,LOS ANGELES,LOS ANGELES,-118.29151916503906,34.08055877685547
92054792,2023,2023-04-27,9565,2023-04-17,245,023171,NA,1,3,7,1942,0,1,1,NA,2,083,I-10 E/B (SANTA MONICA FWY),LA CIENEGA BLVD.,800,W,N,A,-,Y,LA,NA,10,NA,R,8.702,H,NA,R,N,3,0,1,3,A,-,08,22107,NA,F,C,C,A,A,H,-,A,D,0,NA,NA,NA,NA,Y,NA,A,01,0,1,0,0,0,0,0,0,0,-,-,34.036781311035156,-118.38009643554688,LOS ANGELES,LOS ANGELES,-118.3800811767578,34.03672790527344
92054803,2023,2023-04-27,9550,2023-04-19,1855,020974,NA,3,2,6,1920,0,1,1,NA,2,500,I-5 N/B TO I-605 S/B,I-605,150,N,N,A,-,Y,NA,NA,NA,NA,NA,NA,NA,NA,NA,Y,3,0,1,1,A,-,03,22350,NA,N,E,I,A,A,H,-,A,D,0,NA,NA,Y,NA,Y,NA,C,02,0,1,0,0,0,0,0,0,1,-,-,33.942848205566406,-118.09654235839844,LOS ANGELES,DOWNEY,-118.09654235839844,33.942848205566406
92054812,2023,2023-04-27,9535,2023-04-15,1440,022808,NA,6,2,9,1900,0,2,4,NA,2,022,OLYMPIC BLVD (4400 BLOCK),EASTERN AVE.,121,W,N,A,-,N,NA,NA,NA,NA,NA,NA,NA,NA,NA,N,4,0,1,2,A,-,09,21804,A,N,D,C,A,A,H,-,A,D,0,NA,NA,NA,NA,Y,NA,A,01,0,0,1,0,0,0,0,0,0,-,-,34.0189094543457,-118.1744384765625,LOS ANGELES,UNINCORPORATED,-118.17430114746094,34.0189094543457
92054825,2023,2023-04-27,9590,2023-04-21,1450,022252,NA,5,2,7,1942,0,1,1,NA,2,020,I-10 E/B (SAN BERNARDINO FREEWAY),STATE STREET,1500,W,N,A,-,Y,LA,NA,10,NA,S,0.483,H,NA,R,N,4,0,1,2,A,-,03,22350,NA,N,C,C,A,A,H,-,A,D,0,NA,NA,NA,NA,Y,NA,A,01,0,0,1,0,0,0,0,0,0,-,-,34.05513000488281,-118.21710968017578,LOS ANGELES,LOS ANGELES,-118.21710968017578,34.05515670776367
92054830,2023,2023-04-27,9590,2023-04-20,620,021823,NA,4,1,7,1942,0,1,1,NA,2,064,I-10 E/B (SANTA MONICA FREEWAY),SANTA FE AVE,1100,E,N,A,-,Y,LA,NA,10,NA,NA,17.922,H,NA,R,Y,4,0,2,1,A,-,08,22107,NA,N,E,I,A,A,H,-,A,D,0,NA,NA,NA,NA,Y,NA,A,07,0,0,2,0,0,0,0,0,0,-,-,34.029029846191406,-118.22638702392578,LOS ANGELES,LOS ANGELES,-118.22640228271484,34.02906036376953
92054833,2023,2023-04-27,9525,2023-04-22,945,020341,NA,6,1,9,1900,0,3,5,NA,2,003,HOLTON ST.,AVINGTON AVE.,0,NA,Y,A,-,N,NA,NA,NA,NA,NA,NA,NA,NA,NA,N,4,0,3,2,A,-,09,21802,A,N,D,C,A,A,H,-,A,A,0,NA,NA,NA,NA,Y,NA,A,01,0,0,3,0,0,0,0,0,0,-,-,34.049560546875,-117.91841888427734,LOS ANGELES,UNINCORPORATED,-117.91841888427734,34.04951858520508
92054864,2023,2023-04-27,9535,2023-04-15,840,022172,NA,6,1,9,1900,0,1,1,NA,2,421,I-10 W/B (SAN BERNARDINO FREEWAY),INDIANA ST.,500,E,N,A,-,Y,LA,NA,10,NA,NA,19.66,H,NA,L,Y,3,0,1,2,A,-,07,21658,A,N,C,C,A,A,H,-,A,D,0,NA,NA,NA,NA,Y,NA,D,22,0,1,0,0,0,0,0,0,0,-,-,34.05577087402344,-118.1926727294922,LOS ANGELES,UNINCORPORATED,-118.19268035888672,34.05556869506836
92054865,2023,2023-04-27,9590,2023-04-26,1540,022431,NA,3,2,7,1942,0,1,1,NA,2,052,I-110 N/B (HARBOR FREEWAY),ADAMS BOULEAVARD,500,S,N,A,-,Y,LA,NA,110,NA,NA,20.411,H,NA,R,N,4,0,1,2,A,-,03,22350,NA,N,C,C,A,A,H,-,A,D,0,NA,NA,NA,NA,Y,NA,A,07,0,0,1,0,0,0,0,0,0,-,-,34.0235595703125,-118.27646636962892,LOS ANGELES,LOS ANGELES,-118.27662658691406,34.02361297607422
92054873,2023,2023-04-27,9525,2023-04-24,935,020341,NA,1,1,6,1955,0,1,1,NA,2,109,I-10 W/B (SAN BERNARDINO FWY),TOWNE AVE,1003,E,N,A,-,Y,LA,NA,10,NA,NA,46.643,H,NA,L,N,4,0,1,2,A,-,07,21658,A,N,B,C,A,A,H,-,A,D,0,NA,NA,NA,NA,Y,NA,A,01,0,0,1,0,0,0,0,0,0,-,-,34.079891204833984,-117.73809814453124,LOS ANGELES,POMONA,-117.738037109375,34.07978439331055
92054884,2023,2023-04-27,9590,2023-04-15,1400,023117,NA,6,2,7,1942,0,1,1,NA,2,060,I-10 E/B SANTA MONICA FREEWAY,HOUSER BLVD.,530,E,N,A,-,Y,LA,NA,10,NA,R,9.871,H,NA,R,Y,4,0,1,3,A,-,07,21658,A,N,B,2,A,A,H,-,A,D,0,NA,NA,Y,NA,Y,NA,A,01,0,0,1,0,0,0,0,0,1,-,-,34.033748626708984,-118.3602294921875,LOS ANGELES,LOS ANGELES,-118.3602294921875,34.03374481201172
92054889,2023,2023-04-27,9550,2023-04-11,715,016237,NA,2,1,9,1900,0,1,3,NA,2,600,SR-60 WESTBOUND,WORKMAN MILL RD.,25,W,N,A,-,Y,LA,NA,60,NA,NA,11.992,H,NA,L,N,3,0,1,2,A,-,07,21658,A,N,C,C,A,A,H,-,A,D,0,NA,NA,Y,NA,Y,NA,A,01,0,1,0,0,0,0,0,0,1,-,-,34.03205871582031,-118.02285003662108,LOS ANGELES,UNINCORPORATED,-118.02284240722656,34.032066345214844
92054894,2023,2023-04-27,9530,2023-04-18,740,022427,NA,2,1,7,1941,0,1,1,NA,2,430,I-405 N/B (SAN DIEGO FREEWAY),STUDEBAKER RD,500,N,N,A,-,Y,LA,NA,405,NA,NA,0.573,H,NA,R,Y,4,0,1,3,A,-,03,22350,NA,N,C,C,A,A,H,-,A,D,0,NA,NA,NA,NA,Y,NA,A,01,0,0,1,0,0,0,0,0,0,-,-,33.791648864746094,-118.10067749023438,LOS ANGELES,LONG BEACH,-118.10068511962892,33.79164123535156
92054931,2023,2023-04-27,9580,2023-04-14,1552,022036,NA,5,2,7,1942,1,4,S,NA,2,901,BRAHMA DR (PVT),PIERCE LN,400,W,N,B,-,N,NA,NA,NA,NA,NA,NA,NA,NA,NA,N,4,0,1,2,B,-,22,NA,NA,N,B,C,A,A,H,-,A,D,0,NA,NA,NA,NA,Y,NA,-,-,0,0,1,0,0,0,0,0,0,-,-,34.18231964111328,-118.57723999023438,LOS ANGELES,LOS ANGELES,-118.576904296875,34.18232727050781
92054942,2023,2023-04-27,9565,2023-04-16,1805,022615,NA,7,2,9,1900,0,2,4,NA,2,024,IMPERIAL HWY,VERMONT AVE,30,W,N,A,-,N,NA,NA,NA,NA,NA,NA,NA,NA,NA,N,2,0,1,2,A,-,11,21954,A,F,G,B,D,A,H,-,A,D,0,Y,NA,NA,NA,Y,NA,N,60,1,0,0,0,1,0,0,0,0,-,-,33.93096160888672,-118.29238891601564,LOS ANGELES,UNINCORPORATED,-118.29200744628906,33.93098068237305
92054977,2023,2023-04-27,9590,2023-04-16,2315,022966,NA,7,3,7,1942,0,1,1,NA,2,050,I-110 N/B (HARBOR FREEWAY),51ST STREET,130,N,N,A,-,Y,LA,NA,110,NA,NA,18.54,H,NA,R,N,4,0,1,2,A,-,08,22107,NA,F,B,C,A,B,H,-,D,D,0,NA,NA,NA,NA,Y,NA,A,01,0,0,1,0,0,0,0,0,0,-,-,33.9969596862793,-118.2804718017578,LOS ANGELES,LOS ANGELES,-118.28057098388672,33.996952056884766
92054978,2023,2023-04-27,9550,2023-04-20,805,016237,NA,4,1,9,1900,0,3,5,NA,2,003,VALLECITO DR.,EL GAVILAN DR.,100,N,N,A,-,N,NA,NA,NA,NA,NA,NA,NA,NA,NA,Y,4,0,2,3,A,-,03,22350,NA,N,C,C,A,A,H,-,A,D,0,NA,NA,NA,NA,Y,NA,A,01,0,0,2,0,0,0,0,0,0,-,-,33.992828369140625,-117.98487091064452,LOS ANGELES,UNINCORPORATED,-117.98484802246094,33.992801666259766
92054982,2023,2023-04-27,9590,2023-04-24,1230,017733,NA,1,1,7,1942,0,1,1,NA,2,015,SR-110 S/B (ASP) FROM ORANGE GROVE AVE,ORANGE GROVE AVE,585,S,N,A,-,Y,LA,NA,110,NA,NA,30.471,H,NA,L,N,3,0,1,2,A,-,03,22350,NA,N,C,C,A,A,H,-,A,A,0,NA,NA,NA,NA,Y,NA,A,07,0,1,0,0,0,0,0,0,0,-,-,34.11920166015625,-118.16253662109376,LOS ANGELES,LOS ANGELES,-118.16252136230467,34.11912536621094
92055009,2023,2023-04-27,9535,2023-04-16,1608,022298,NA,7,2,9,1900,0,1,3,NA,2,600,SR-60 EASTBOUND TO I-710,MARIANNA AVENUE PEDESTRIAN OVERCROSSING,400,W,N,A,-,Y,LA,NA,60,NA,R,2.863,H,NA,R,Y,3,0,5,2,A,-,03,22350,NA,N,C,C,A,A,H,-,A,D,0,NA,NA,NA,NA,Y,NA,A,01,0,2,3,0,0,0,0,0,0,-,-,34.03438949584961,-118.17697143554688,LOS ANGELES,UNINCORPORATED,-118.17699432373048,34.034515380859375
92055012,2023,2023-04-27,9550,2023-04-16,45,022909,NA,7,3,6,1949,0,1,1,NA,2,651,I-605 N/B TO I-105 WB,ROSECRANS AVE,250,S,N,A,-,Y,LA,NA,605,NA,R,6.774,H,NA,R,Y,4,0,1,1,A,-,01,23152,A,M,E,I,A,A,H,-,C,D,0,NA,NA,NA,NA,Y,Y,A,01,0,0,1,0,0,0,0,0,0,-,-,33.90127944946289,-118.10494232177734,LOS ANGELES,NORWALK,-118.10501861572266,33.901275634765625
92055015,2023,2023-04-27,9590,2023-04-20,700,021823,NA,4,1,7,1942,0,1,1,NA,2,060,I-10 E/B (SMF) FROM LA BREA AVE,LA BREA AVE,800,E,N,A,-,Y,LA,NA,10,NA,R,10.609,H,NA,R,Y,4,0,2,3,A,-,03,22350,NA,N,C,C,A,A,H,-,A,D,0,NA,NA,NA,NA,Y,NA,A,01,0,0,2,0,0,0,0,0,0,-,-,34.034149169921875,-118.34738159179688,LOS ANGELES,LOS ANGELES,-118.34739685058594,34.03434371948242
92055051,2023,2023-04-27,9545,2023-04-26,1838,023153,NA,3,2,9,1900,0,3,5,NA,2,003,ANGELES FOREST HWY,ALISO CANYON RD,1162,N,N,A,-,N,NA,NA,NA,NA,NA,NA,NA,NA,NA,Y,4,0,1,1,A,-,08,22107,NA,N,E,I,A,A,H,-,A,D,0,NA,NA,NA,NA,Y,NA,A,01,0,0,1,0,0,0,0,0,0,-,-,34.42068862915039,-118.08724212646484,LOS ANGELES,UNINCORPORATED,-118.08695220947266,34.420589447021484
92055056,2023,2023-04-27,9580,2023-04-25,1935,021236,NA,2,2,9,1900,0,3,5,NA,1,020,STUNT ROAD,MILE POST MARKER 2.28,350,S,N,A,-,N,NA,NA,NA,NA,NA,NA,NA,NA,NA,Y,4,0,1,1,A,-,03,22350,NA,N,F,I,A,A,H,-,C,D,0,NA,NA,Y,NA,Y,NA,C,02,0,0,1,0,0,0,0,0,1,-,-,34.088409423828125,-118.6618423461914,LOS ANGELES,UNINCORPORATED,NA,NA
92056101,2023,2023-04-27,9525,2023-04-22,1754,022569,NA,6,2,7,1942,0,1,3,NA,2,601,SR-60 W/B (POMONA FREEWAY),GRAND AVE.,100,W,N,A,-,Y,LA,NA,60,NA,R,24.391,H,NA,L,N,4,0,1,2,A,-,03,22350,NA,N,C,C,A,A,H,-,A,D,0,NA,NA,NA,NA,Y,NA,A,01,0,0,1,0,0,0,0,0,0,-,-,34.00967025756836,-117.82411956787108,LOS ANGELES,LOS ANGELES,-117.8240966796875,34.0096549987793
92056104,2023,2023-04-28,9525,2023-04-27,1509,022569,NA,4,2,5,1990,0,1,3,NA,2,603,SR-60 W/B (POMONA FREEWAY),GRAND AVE.,100,E,N,A,-,Y,LA,NA,60,NA,R,24.515,H,NA,L,N,4,0,1,2,A,-,03,22350,NA,M,C,C,A,A,H,-,A,D,0,NA,NA,NA,NA,Y,NA,A,01,0,0,1,0,0,0,0,0,0,-,-,34.010990142822266,-117.82266998291016,LOS ANGELES,DIAMOND BAR,-117.82268524169922,34.0109977722168